ISO-10303-21;
HEADER;
FILE_DESCRIPTION (( 'STEP AP203' ),
    '1' );
FILE_NAME ('5mmFlangeCoupler_Default_sldprt.STEP',
    '2026-04-21T20:26:51',
    ( '' ),
    ( '' ),
    'SwSTEP 2.0',
    'SolidWorks 2025',
    '' );
FILE_SCHEMA (( 'CONFIG_CONTROL_DESIGN' ));
ENDSEC;

DATA;
#1 = CARTESIAN_POINT ( 'NONE',  ( 1.955407563357941081, 7.664278375839856494, -2.164278375839855162 ) ) ;
#2 = EDGE_CURVE ( 'NONE', #298, #148, #882, .T. ) ;
#3 = ORIENTED_EDGE ( 'NONE', *, *, #995, .T. ) ;
#4 = DIRECTION ( 'NONE',  ( 0.000000000000000000, 0.000000000000000000, 1.000000000000000000 ) ) ;
#5 = FACE_BOUND ( 'NONE', #455, .T. ) ;
#6 = AXIS2_PLACEMENT_3D ( 'NONE', #59, #244, #1176 ) ;
#7 = ADVANCED_FACE ( 'NONE', ( #808 ), #1179, .T. ) ;
#8 = VERTEX_POINT ( 'NONE', #612 ) ;
#9 = CARTESIAN_POINT ( 'NONE',  ( -8.000000000000000000, 2.000000000000000000, 0.000000000000000000 ) ) ;
#10 = CARTESIAN_POINT ( 'NONE',  ( 4.998879780867659939, 3.939913064153239830, 0.1227737381900510377 ) ) ;
#11 = COORDINATED_UNIVERSAL_TIME_OFFSET ( 6, 0, .BEHIND. ) ;
#12 = LOCAL_TIME ( 14, 26, 51.00000000000000000, #11 ) ;
#13 = ORIENTED_EDGE ( 'NONE', *, *, #1135, .F. ) ;
#14 = AXIS2_PLACEMENT_3D ( 'NONE', #1008, #805, #1177 ) ;
#15 = DIRECTION ( 'NONE',  ( 0.9888392857142864756, -1.363457310218830926E-14, -0.1489861303211141852 ) ) ;
#16 = CARTESIAN_POINT ( 'NONE',  ( -4.944196428571428825, 4.000000000000000000, 0.7449306516055913541 ) ) ;
#17 = AXIS2_PLACEMENT_3D ( 'NONE', #451, #229, #62 ) ;
#18 = AXIS2_PLACEMENT_3D ( 'NONE', #234, #402, #871 ) ;
#19 = PERSON_AND_ORGANIZATION_ROLE ( 'creator' ) ;
#20 = CARTESIAN_POINT ( 'NONE',  ( -4.944196428571428825, 1.999999999999999334, -0.7449306516055875793 ) ) ;
#21 = ORIENTED_EDGE ( 'NONE', *, *, #97, .F. ) ;
#22 = ADVANCED_FACE ( 'NONE', ( #467, #985, #1024, #835, #5, #157 ), #366, .F. ) ;
#23 = CARTESIAN_POINT ( 'NONE',  ( 0.6213179602940346324, 3.999999978273704127, -4.962820867146180426 ) ) ;
#24 = CARTESIAN_POINT ( 'NONE',  ( 4.976886857276500820, 3.984555151912848370, 0.4961786190634305260 ) ) ;
#25 = COORDINATED_UNIVERSAL_TIME_OFFSET ( 6, 0, .BEHIND. ) ;
#26 = ORIENTED_EDGE ( 'NONE', *, *, #454, .F. ) ;
#27 = AXIS2_PLACEMENT_3D ( 'NONE', #1055, #271, #124 ) ;
#28 = CIRCLE ( 'NONE', #18, 2.250000000000000000 ) ;
#29 = CARTESIAN_POINT ( 'NONE',  ( -4.997117839954305474, 2.374473283398009560, 0.2064756114419478705 ) ) ;
#30 = CARTESIAN_POINT ( 'NONE',  ( -6.921875000000000888, 2.000000000000000000, -1.042902912247827718 ) ) ;
#31 = ORIENTED_EDGE ( 'NONE', *, *, #689, .F. ) ;
#32 = CARTESIAN_POINT ( 'NONE',  ( 0.3851395612243868616, 2.330345932622204685, -4.987813216122000348 ) ) ;
#33 = CARTESIAN_POINT ( 'NONE',  ( 1.677050983124841910, 8.000000000000000000, -2.499999999999999556 ) ) ;
#34 = CALENDAR_DATE ( 2026, 21, 4 ) ;
#35 = ORIENTED_EDGE ( 'NONE', *, *, #47, .T. ) ;
#36 = CARTESIAN_POINT ( 'NONE',  ( -5.000018296113629468, 3.936438764462818263, -0.06062463467310834353 ) ) ;
#37 = EDGE_LOOP ( 'NONE', ( #312, #783, #787, #826 ) ) ;
#38 = DIRECTION ( 'NONE',  ( 0.9888392857142858094, 0.000000000000000000, 0.1489861303211183763 ) ) ;
#39 = FACE_OUTER_BOUND ( 'NONE', #296, .T. ) ;
#40 = AXIS2_PLACEMENT_3D ( 'NONE', #1180, #341, #722 ) ;
#41 = ADVANCED_FACE ( 'NONE', ( #430 ), #963, .F. ) ;
#42 = ORIENTED_EDGE ( 'NONE', *, *, #247, .T. ) ;
#43 = APPLICATION_CONTEXT ( 'configuration controlled 3d designs of mechanical parts and assemblies' ) ;
#44 = CARTESIAN_POINT ( 'NONE',  ( -4.946295038502082519, 2.081963535593565950, 0.7310020993820449675 ) ) ;
#45 = ORIENTED_EDGE ( 'NONE', *, *, #1051, .F. ) ;
#46 = ORIENTED_EDGE ( 'NONE', *, *, #634, .T. ) ;
#47 = EDGE_CURVE ( 'NONE', #138, #364, #710, .T. ) ;
#48 = CARTESIAN_POINT ( 'NONE',  ( -4.980822490135104808, 2.296075106574150038, 0.4693524715865708408 ) ) ;
#49 = EDGE_LOOP ( 'NONE', ( #699, #3, #414, #559 ) ) ;
#50 = CARTESIAN_POINT ( 'NONE',  ( 0.06062463467310805904, 3.936438764462818263, -5.000018296113629468 ) ) ;
#51 = DIRECTION ( 'NONE',  ( 0.000000000000000000, 1.000000000000000000, 0.000000000000000000 ) ) ;
#52 = EDGE_LOOP ( 'NONE', ( #734, #706, #650 ) ) ;
#53 = DIRECTION ( 'NONE',  ( -0.000000000000000000, -1.000000000000000000, -0.000000000000000000 ) ) ;
#54 = DIRECTION ( 'NONE',  ( 0.1489861303211183763, 1.072101701810442948E-16, -0.9888392857142856984 ) ) ;
#55 = CARTESIAN_POINT ( 'NONE',  ( -0.4912263065911657289, 2.000000007268608826, 6.577583681419818085 ) ) ;
#56 = EDGE_CURVE ( 'NONE', #221, #298, #1098, .T. ) ;
#57 = LOCAL_TIME ( 14, 26, 51.00000000000000000, #591 ) ;
#58 = CIRCLE ( 'NONE', #504, 1.500000000000000444 ) ;
#59 = CARTESIAN_POINT ( 'NONE',  ( 0.000000000000000000, 0.000000000000000000, 0.000000000000000000 ) ) ;
#60 = AXIS2_PLACEMENT_3D ( 'NONE', #1114, #1077, #1194 ) ;
#61 = CARTESIAN_POINT ( 'NONE',  ( 4.981681282041843239, 3.999999999999999112, 0.4961390650941715497 ) ) ;
#62 = DIRECTION ( 'NONE',  ( -0.1489861303211180155, 0.000000000000000000, 0.9888392857142858094 ) ) ;
#63 = CARTESIAN_POINT ( 'NONE',  ( 3.673940397442057403E-16, 2.000000000000000000, -8.000000000000000000 ) ) ;
#64 = CARTESIAN_POINT ( 'NONE',  ( 0.4976688784583179759, 3.984749171719970118, 4.976722736432984462 ) ) ;
#65 = EDGE_CURVE ( 'NONE', #199, #724, #514, .T. ) ;
#66 = EDGE_LOOP ( 'NONE', ( #315, #815 ) ) ;
#67 = CARTESIAN_POINT ( 'NONE',  ( 0.000000000000000000, 7.000000000000002665, 0.000000000000000000 ) ) ;
#68 = CARTESIAN_POINT ( 'NONE',  ( -0.2574409306648647866, 1.999999992731391174, 6.517335017160303501 ) ) ;
#69 = CARTESIAN_POINT ( 'NONE',  ( 6.123233995736766282E-16, 8.000000000000000000, 5.000000000000000000 ) ) ;
#70 = AXIS2_PLACEMENT_3D ( 'NONE', #445, #1016, #553 ) ;
#71 = EDGE_LOOP ( 'NONE', ( #773, #1112, #952, #394, #897, #873 ) ) ;
#72 = CARTESIAN_POINT ( 'NONE',  ( 8.000000000000000000, 2.000000000000000000, -1.500000000000000444 ) ) ;
#73 = APPROVAL_PERSON_ORGANIZATION ( #1041, #577, #196 ) ;
#74 = CARTESIAN_POINT ( 'NONE',  ( 0.000000000000000000, 4.000000000000000000, 0.000000000000000000 ) ) ;
#75 = EDGE_CURVE ( 'NONE', #886, #550, #671, .T. ) ;
#76 = AXIS2_PLACEMENT_3D ( 'NONE', #713, #895, #153 ) ;
#77 = DIRECTION ( 'NONE',  ( 0.000000000000000000, 0.7071067811865467956, 0.7071067811865483499 ) ) ;
#78 = CARTESIAN_POINT ( 'NONE',  ( -0.4965534638442076765, 4.000000000000000000, 4.981618845539702356 ) ) ;
#79 = DIRECTION ( 'NONE',  ( 0.000000000000000000, 0.000000000000000000, -1.000000000000000000 ) ) ;
#80 = ADVANCED_FACE ( 'NONE', ( #1035 ), #373, .F. ) ;
#81 = DIRECTION ( 'NONE',  ( -0.000000000000000000, -1.000000000000000000, -0.000000000000000000 ) ) ;
#82 = CARTESIAN_POINT ( 'NONE',  ( 4.944196428571428825, 4.000000000000000000, 0.7449306516055919092 ) ) ;
#83 = VERTEX_POINT ( 'NONE', #497 ) ;
#84 = VECTOR ( 'NONE', #473, 1000.000000000000000 ) ;
#85 = AXIS2_PLACEMENT_3D ( 'NONE', #346, #728, #258 ) ;
#86 = DIRECTION ( 'NONE',  ( -0.000000000000000000, -1.000000000000000000, -0.000000000000000000 ) ) ;
#87 = CARTESIAN_POINT ( 'NONE',  ( 1.042902912247827940, 4.000000000000000000, -6.921875000000000000 ) ) ;
#88 = CARTESIAN_POINT ( 'NONE',  ( 0.7449306516055936855, 4.000000000000000000, 4.944196428571427937 ) ) ;
#89 = ORIENTED_EDGE ( 'NONE', *, *, #216, .F. ) ;
#90 = EDGE_CURVE ( 'NONE', #411, #298, #709, .T. ) ;
#91 = CARTESIAN_POINT ( 'NONE',  ( -4.944196428571428825, 4.000000000000000000, -0.7449306516055913541 ) ) ;
#92 = CIRCLE ( 'NONE', #338, 1.500000000000000444 ) ;
#93 = VECTOR ( 'NONE', #1150, 1000.000000000000000 ) ;
#94 = ORIENTED_EDGE ( 'NONE', *, *, #483, .F. ) ;
#95 = DIRECTION ( 'NONE',  ( 0.000000000000000000, 0.000000000000000000, 1.000000000000000000 ) ) ;
#96 = ORIENTED_EDGE ( 'NONE', *, *, #913, .F. ) ;
#97 = EDGE_CURVE ( 'NONE', #1050, #199, #846, .T. ) ;
#98 = FACE_OUTER_BOUND ( 'NONE', #404, .T. ) ;
#99 = EDGE_LOOP ( 'NONE', ( #418, #46 ) ) ;
#100 = CARTESIAN_POINT ( 'NONE',  ( 4.962820867146176873, 3.999999978273704127, 0.6213179602940579471 ) ) ;
#101 = DATE_AND_TIME ( #286, #273 ) ;
#102 = DIRECTION ( 'NONE',  ( -0.000000000000000000, -1.000000000000000000, -0.000000000000000000 ) ) ;
#103 = VERTEX_POINT ( 'NONE', #16 ) ;
#104 = CARTESIAN_POINT ( 'NONE',  ( 0.000000000000000000, 4.000000000000000000, 0.000000000000000000 ) ) ;
#105 = CARTESIAN_POINT ( 'NONE',  ( 4.994143265844473767, 3.952039756514647895, -0.2497758229930532592 ) ) ;
#106 = CALENDAR_DATE ( 2026, 21, 4 ) ;
#107 = ADVANCED_FACE ( 'NONE', ( #39 ), #926, .F. ) ;
#108 = LINE ( 'NONE', #1117, #870 ) ;
#109 = ORIENTED_EDGE ( 'NONE', *, *, #47, .F. ) ;
#110 = AXIS2_PLACEMENT_3D ( 'NONE', #270, #658, #1029 ) ;
#111 = CARTESIAN_POINT ( 'NONE',  ( 0.7449306516055910210, 4.000000000000000000, -4.944196428571427937 ) ) ;
#112 = AXIS2_PLACEMENT_3D ( 'NONE', #1025, #987, #737 ) ;
#113 = DATE_AND_TIME ( #575, #57 ) ;
#114 = EDGE_LOOP ( 'NONE', ( #513, #282, #802, #557 ) ) ;
#115 = VERTEX_POINT ( 'NONE', #413 ) ;
#116 = CARTESIAN_POINT ( 'NONE',  ( -0.2487359244665758029, 3.936491673103709399, -5.000000000000000000 ) ) ;
#117 = CARTESIAN_POINT ( 'NONE',  ( 4.944196428571427049, 2.000000000000000888, 0.7449306516055905769 ) ) ;
#118 = PERSON_AND_ORGANIZATION_ROLE ( 'creator' ) ;
#119 = EDGE_LOOP ( 'NONE', ( #459, #688, #929, #174, #716, #143 ) ) ;
#120 = TOROIDAL_SURFACE ( 'NONE', #438, 7.000000000000000000, 2.000000000000000000 ) ;
#121 = CARTESIAN_POINT ( 'NONE',  ( -4.960093419179758101, 2.181002983837560194, -0.6663298976559404174 ) ) ;
#122 = ORIENTED_EDGE ( 'NONE', *, *, #759, .F. ) ;
#123 = CARTESIAN_POINT ( 'NONE',  ( -0.1256873521569848440, 3.940124438579148514, -4.998805618449204680 ) ) ;
#124 = DIRECTION ( 'NONE',  ( -1.000000000000000000, 0.000000000000000000, -0.000000000000000000 ) ) ;
#125 = EDGE_CURVE ( 'NONE', #572, #228, #766, .T. ) ;
#126 = APPROVAL_ROLE ( '' ) ;
#127 = ORIENTED_EDGE ( 'NONE', *, *, #483, .T. ) ;
#128 = CARTESIAN_POINT ( 'NONE',  ( -8.000000000000000000, 0.000000000000000000, 0.000000000000000000 ) ) ;
#129 = VERTEX_POINT ( 'NONE', #420 ) ;
#130 = CARTESIAN_POINT ( 'NONE',  ( 0.000000000000000000, 0.000000000000000000, 0.000000000000000000 ) ) ;
#131 = AXIS2_PLACEMENT_3D ( 'NONE', #9, #741, #4 ) ;
#132 = EDGE_CURVE ( 'NONE', #1050, #83, #817, .T. ) ;
#133 = ORIENTED_EDGE ( 'NONE', *, *, #906, .T. ) ;
#134 = DIRECTION ( 'NONE',  ( 0.000000000000000000, 1.000000000000000000, 0.000000000000000000 ) ) ;
#135 = ORIENTED_EDGE ( 'NONE', *, *, #689, .T. ) ;
#136 = CARTESIAN_POINT ( 'NONE',  ( -0.9676392853672712846, 2.000000000000000000, -6.849070145151366695 ) ) ;
#137 = CARTESIAN_POINT ( 'NONE',  ( 0.2632846855644829787, 1.999999992589286846, 6.518406433499681185 ) ) ;
#138 = VERTEX_POINT ( 'NONE', #973 ) ;
#139 = ADVANCED_FACE ( 'NONE', ( #426 ), #368, .F. ) ;
#140 = CARTESIAN_POINT ( 'NONE',  ( -4.997285690584701179, 2.375237794932349100, -0.2018909420119870401 ) ) ;
#141 = CARTESIAN_POINT ( 'NONE',  ( 0.1273106922015740938, 1.999999999852990040, -6.499731049970945307 ) ) ;
#142 = CARTESIAN_POINT ( 'NONE',  ( -0.2018909420119693321, 2.375237794932333557, 4.997285690584664763 ) ) ;
#143 = ORIENTED_EDGE ( 'NONE', *, *, #867, .F. ) ;
#144 = PRODUCT_DEFINITION ( 'UNKNOWN', '', #576, #529 ) ;
#145 = FACE_OUTER_BOUND ( 'NONE', #608, .T. ) ;
#146 = CARTESIAN_POINT ( 'NONE',  ( 0.3887137883057679710, 2.329089666823950466, 4.987555068390367552 ) ) ;
#147 = CIRCLE ( 'NONE', #110, 3.249999999999999556 ) ;
#148 = VERTEX_POINT ( 'NONE', #342 ) ;
#149 = TOROIDAL_SURFACE ( 'NONE', #931, 7.000000000000000000, 2.000000000000000000 ) ;
#150 = VECTOR ( 'NONE', #1003, 1000.000000000000000 ) ;
#151 = CARTESIAN_POINT ( 'NONE',  ( 3.673940397442057403E-16, 0.000000000000000000, -9.500000000000000000 ) ) ;
#152 = EDGE_LOOP ( 'NONE', ( #310, #499, #971, #618 ) ) ;
#153 = DIRECTION ( 'NONE',  ( -0.9888392857142858094, 0.000000000000000000, 0.1489861303211181542 ) ) ;
#154 = DIRECTION ( 'NONE',  ( 0.000000000000000000, 1.000000000000000000, 0.000000000000000000 ) ) ;
#155 = DIRECTION ( 'NONE',  ( -0.000000000000000000, 1.000000000000000000, -0.000000000000000000 ) ) ;
#156 = EDGE_CURVE ( 'NONE', #1136, #409, #919, .T. ) ;
#157 = FACE_BOUND ( 'NONE', #625, .T. ) ;
#158 = CARTESIAN_POINT ( 'NONE',  ( 0.000000000000000000, 0.000000000000000000, 2.250000000000000000 ) ) ;
#159 = LINE ( 'NONE', #807, #150 ) ;
#160 = CARTESIAN_POINT ( 'NONE',  ( 1.347111479062088405E-15, 2.000000000000000000, 11.00000000000000000 ) ) ;
#161 = APPROVAL ( #367, 'UNSPECIFIED' ) ;
#162 = CIRCLE ( 'NONE', #847, 1.500000000000000444 ) ;
#163 = CARTESIAN_POINT ( 'NONE',  ( 0.000000000000000000, 0.000000000000000000, -11.00000000000000000 ) ) ;
#164 = FACE_OUTER_BOUND ( 'NONE', #114, .T. ) ;
#165 = DIRECTION ( 'NONE',  ( 0.000000000000000000, 1.000000000000000000, 0.000000000000000000 ) ) ;
#166 = LINE ( 'NONE', #836, #526 ) ;
#167 = EDGE_CURVE ( 'NONE', #587, #695, #259, .T. ) ;
#168 = CARTESIAN_POINT ( 'NONE',  ( 0.000000000000000000, 2.000000000000000000, -11.00000000000000000 ) ) ;
#169 = ORIENTED_EDGE ( 'NONE', *, *, #705, .T. ) ;
#170 = CARTESIAN_POINT ( 'NONE',  ( 8.000000000000000000, 2.000000000000000000, 1.500000000000000444 ) ) ;
#171 = CIRCLE ( 'NONE', #231, 1.499999999999999556 ) ;
#172 = CARTESIAN_POINT ( 'NONE',  ( 2.326828918379970576E-15, 2.000000000000000000, 8.000000000000000000 ) ) ;
#173 = EDGE_CURVE ( 'NONE', #757, #221, #389, .T. ) ;
#174 = ORIENTED_EDGE ( 'NONE', *, *, #558, .F. ) ;
#175 = CARTESIAN_POINT ( 'NONE',  ( 2.326828918379970576E-15, 0.000000000000000000, 8.000000000000000000 ) ) ;
#176 = VERTEX_POINT ( 'NONE', #246 ) ;
#177 = DIRECTION ( 'NONE',  ( 0.000000000000000000, 1.000000000000000000, 0.000000000000000000 ) ) ;
#178 = CC_DESIGN_APPROVAL ( #424, ( #576 ) ) ;
#179 = CIRCLE ( 'NONE', #358, 1.499999999999999556 ) ;
#180 = CARTESIAN_POINT ( 'NONE',  ( -4.944196428571428825, 4.000000000000000000, 0.7449306516055913541 ) ) ;
#181 = CARTESIAN_POINT ( 'NONE',  ( 6.123233995736766282E-16, 8.000000000000000000, 5.000000000000000000 ) ) ;
#182 = VERTEX_POINT ( 'NONE', #1106 ) ;
#183 = CARTESIAN_POINT ( 'NONE',  ( 5.000041712000976801, 2.387487282521798093, 0.09941700338731339348 ) ) ;
#184 = PERSON_AND_ORGANIZATION_ROLE ( 'design_supplier' ) ;
#185 = B_SPLINE_CURVE_WITH_KNOTS ( 'NONE', 3,
 ( #903, #818, #548, #1189 ),
 .UNSPECIFIED., .F., .F.,
 ( 4, 4 ),
 ( 0.000000000000000000, 0.0007526588889294276961 ),
 .UNSPECIFIED. ) ;
#186 = DIRECTION ( 'NONE',  ( -0.000000000000000000, -1.000000000000000000, -0.000000000000000000 ) ) ;
#187 = ORIENTED_EDGE ( 'NONE', *, *, #1151, .T. ) ;
#188 = CYLINDRICAL_SURFACE ( 'NONE', #1125, 11.00000000000000000 ) ;
#189 = CARTESIAN_POINT ( 'NONE',  ( 6.499731049970944419, 1.999999999852989596, 0.1273106922015556086 ) ) ;
#190 = CARTESIAN_POINT ( 'NONE',  ( 0.000000000000000000, 0.000000000000000000, 0.000000000000000000 ) ) ;
#191 = EDGE_CURVE ( 'NONE', #228, #572, #859, .T. ) ;
#192 = CARTESIAN_POINT ( 'NONE',  ( 4.944196428571428825, 4.000000000000000000, 0.7449306516055919092 ) ) ;
#193 = VERTEX_POINT ( 'NONE', #82 ) ;
#194 = CARTESIAN_POINT ( 'NONE',  ( -0.7449306516055909100, 4.000000000000000000, -4.944196428571428825 ) ) ;
#195 = CARTESIAN_POINT ( 'NONE',  ( 6.577583681419818085, 2.000000007268608826, 0.4912263065911650073 ) ) ;
#196 = APPROVAL_ROLE ( '' ) ;
#197 = CC_DESIGN_PERSON_AND_ORGANIZATION_ASSIGNMENT ( #661, #118, ( #576 ) ) ;
#198 = CARTESIAN_POINT ( 'NONE',  ( -6.849070145151326727, 2.000000000000000000, 0.9676392853673778660 ) ) ;
#199 = VERTEX_POINT ( 'NONE', #353 ) ;
#200 = AXIS2_PLACEMENT_3D ( 'NONE', #104, #569, #466 ) ;
#201 = CARTESIAN_POINT ( 'NONE',  ( 0.4961786190634653315, 3.984555151912848370, -4.976886857276498155 ) ) ;
#202 = CARTESIAN_POINT ( 'NONE',  ( 6.621127588227495586, 1.999999993802081155, -0.5984523099233811649 ) ) ;
#203 = CIRCLE ( 'NONE', #1141, 1.499999999999999556 ) ;
#204 = PERSON_AND_ORGANIZATION ( #948, #1068 ) ;
#205 = ORIENTED_EDGE ( 'NONE', *, *, #125, .F. ) ;
#206 = CARTESIAN_POINT ( 'NONE',  ( -6.500275482713765207, 2.000000000147008183, 0.1335713683275347174 ) ) ;
#207 = ADVANCED_FACE ( 'NONE', ( #649, #336 ), #360, .T. ) ;
#208 = EDGE_LOOP ( 'NONE', ( #748, #595 ) ) ;
#209 = CARTESIAN_POINT ( 'NONE',  ( -0.7310020993819955626, 2.081963535593561510, -4.946295038501800967 ) ) ;
#210 = CARTESIAN_POINT ( 'NONE',  ( 4.990656524354411872, 3.960259946088116489, -0.3117825089665680061 ) ) ;
#211 = PERSON_AND_ORGANIZATION ( #948, #1068 ) ;
#212 = ORIENTED_EDGE ( 'NONE', *, *, #340, .F. ) ;
#213 = VECTOR ( 'NONE', #685, 1000.000000000000000 ) ;
#214 = CARTESIAN_POINT ( 'NONE',  ( -4.987813216122000348, 2.330345932622224225, -0.3851395612243991295 ) ) ;
#215 = ORIENTED_EDGE ( 'NONE', *, *, #784, .T. ) ;
#216 = EDGE_CURVE ( 'NONE', #115, #260, #651, .T. ) ;
#217 = CARTESIAN_POINT ( 'NONE',  ( 6.921875000000000000, 4.000000000000000000, 1.042902912247828606 ) ) ;
#218 = ORIENTED_EDGE ( 'NONE', *, *, #524, .F. ) ;
#219 = CIRCLE ( 'NONE', #316, 1.500000000000000444 ) ;
#220 = CARTESIAN_POINT ( 'NONE',  ( -6.921874999999989342, 2.000000000000000000, 1.042902912247816172 ) ) ;
#221 = VERTEX_POINT ( 'NONE', #631 ) ;
#222 = CARTESIAN_POINT ( 'NONE',  ( 0.1227737381900992353, 3.939913064153240718, -4.998879780867657274 ) ) ;
#223 = CARTESIAN_POINT ( 'NONE',  ( -0.4961786190636114924, 3.984555151912772875, 4.976886857276486609 ) ) ;
#224 = CIRCLE ( 'NONE', #200, 5.000000000000000000 ) ;
#225 = EDGE_LOOP ( 'NONE', ( #187, #35, #45, #657, #1154 ) ) ;
#226 = CARTESIAN_POINT ( 'NONE',  ( -4.962806451395159968, 3.999999976070981678, 0.6214136394079990966 ) ) ;
#227 = ADVANCED_FACE ( 'NONE', ( #1101 ), #1006, .F. ) ;
#228 = VERTEX_POINT ( 'NONE', #168 ) ;
#229 = DIRECTION ( 'NONE',  ( -0.9888392857142859205, -4.259773571529849113E-17, -0.1489861303211179600 ) ) ;
#230 = AXIS2_PLACEMENT_3D ( 'NONE', #512, #51, #698 ) ;
#231 = AXIS2_PLACEMENT_3D ( 'NONE', #172, #154, #537 ) ;
#232 = DIRECTION ( 'NONE',  ( 0.000000000000000000, 0.000000000000000000, 1.000000000000000000 ) ) ;
#233 = ORIENTED_EDGE ( 'NONE', *, *, #434, .T. ) ;
#234 = CARTESIAN_POINT ( 'NONE',  ( 0.000000000000000000, 7.000000000000002665, 0.000000000000000000 ) ) ;
#235 = CARTESIAN_POINT ( 'NONE',  ( -8.000000000000000000, 0.000000000000000000, 0.000000000000000000 ) ) ;
#236 = DIRECTION ( 'NONE',  ( 0.000000000000000000, 0.000000000000000000, -1.000000000000000000 ) ) ;
#237 = CARTESIAN_POINT ( 'NONE',  ( -0.9677213301883723640, 2.000000000000000000, 6.849149507280444915 ) ) ;
#238 = CC_DESIGN_SECURITY_CLASSIFICATION ( #660, ( #576 ) ) ;
#239 = CIRCLE ( 'NONE', #828, 1.500000000000000444 ) ;
#240 = LINE ( 'NONE', #1044, #920 ) ;
#241 = VECTOR ( 'NONE', #976, 1000.000000000000000 ) ;
#242 = DIRECTION ( 'NONE',  ( 0.000000000000000000, 0.000000000000000000, 1.000000000000000000 ) ) ;
#243 = EDGE_CURVE ( 'NONE', #8, #385, #592, .T. ) ;
#244 = DIRECTION ( 'NONE',  ( 0.000000000000000000, 1.000000000000000000, 0.000000000000000000 ) ) ;
#245 = DIRECTION ( 'NONE',  ( 0.000000000000000000, 0.000000000000000000, 1.000000000000000000 ) ) ;
#246 = CARTESIAN_POINT ( 'NONE',  ( 0.7449306516055929084, 4.000000000000000000, 4.944196428571427937 ) ) ;
#247 = EDGE_CURVE ( 'NONE', #385, #998, #171, .T. ) ;
#248 = DIRECTION ( 'NONE',  ( -0.000000000000000000, 1.000000000000000000, -0.000000000000000000 ) ) ;
#249 = CARTESIAN_POINT ( 'NONE',  ( 8.000000000000000000, 2.000000000000000000, 0.000000000000000000 ) ) ;
#250 = DIRECTION ( 'NONE',  ( -0.000000000000000000, -1.000000000000000000, -0.000000000000000000 ) ) ;
#251 = CARTESIAN_POINT ( 'NONE',  ( 1.042902912247830161, 2.000000000000000000, 6.921875000000000000 ) ) ;
#252 = DIRECTION ( 'NONE',  ( -0.1489861303211184873, 0.000000000000000000, -0.9888392857142858094 ) ) ;
#253 = ADVANCED_FACE ( 'NONE', ( #164 ), #120, .F. ) ;
#254 = AXIS2_PLACEMENT_3D ( 'NONE', #538, #905, #447 ) ;
#255 = UNCERTAINTY_MEASURE_WITH_UNIT (LENGTH_MEASURE( 1.000000000000000082E-05 ), #1019, 'distance_accuracy_value', 'NONE');
#256 = CIRCLE ( 'NONE', #778, 1.499999999999999556 ) ;
#257 = DIRECTION ( 'NONE',  ( 0.000000000000000000, 1.000000000000000000, 0.000000000000000000 ) ) ;
#258 = DIRECTION ( 'NONE',  ( 0.000000000000000000, -0.000000000000000000, 1.000000000000000000 ) ) ;
#259 = B_SPLINE_CURVE_WITH_KNOTS ( 'NONE', 3,
 ( #909, #78, #806, #549 ),
 .UNSPECIFIED., .F., .F.,
 ( 4, 4 ),
 ( 0.000000000000000000, 0.0007526588889294263951 ),
 .UNSPECIFIED. ) ;
#260 = VERTEX_POINT ( 'NONE', #733 ) ;
#261 = EDGE_CURVE ( 'NONE', #1065, #955, #1115, .T. ) ;
#262 = DIRECTION ( 'NONE',  ( 0.000000000000000000, 0.000000000000000000, 1.000000000000000000 ) ) ;
#263 = DIRECTION ( 'NONE',  ( -0.000000000000000000, -1.000000000000000000, -0.000000000000000000 ) ) ;
#264 = EDGE_LOOP ( 'NONE', ( #869, #844, #428, #1132 ) ) ;
#265 = DIRECTION ( 'NONE',  ( -0.000000000000000000, -1.000000000000000000, -0.000000000000000000 ) ) ;
#266 = DIRECTION ( 'NONE',  ( 0.000000000000000000, 1.000000000000000000, 0.000000000000000000 ) ) ;
#267 = CARTESIAN_POINT ( 'NONE',  ( 0.000000000000000000, 0.000000000000000000, 0.000000000000000000 ) ) ;
#268 = CARTESIAN_POINT ( 'NONE',  ( -4.944196428571428825, 4.000000000000000000, -0.7449306516055913541 ) ) ;
#269 = ORIENTED_EDGE ( 'NONE', *, *, #334, .T. ) ;
#270 = CARTESIAN_POINT ( 'NONE',  ( 0.000000000000000000, 8.000000000000000000, 0.000000000000000000 ) ) ;
#271 = DIRECTION ( 'NONE',  ( 0.000000000000000000, 0.000000000000000000, -1.000000000000000000 ) ) ;
#272 = MECHANICAL_CONTEXT ( 'NONE', #43, 'mechanical' ) ;
#273 = LOCAL_TIME ( 14, 26, 51.00000000000000000, #25 ) ;
#274 = CIRCLE ( 'NONE', #1069, 7.000000000000000000 ) ;
#275 = CIRCLE ( 'NONE', #448, 1.499999999999999556 ) ;
#276 = CARTESIAN_POINT ( 'NONE',  ( 0.000000000000000000, 7.000000000000002665, 0.000000000000000000 ) ) ;
#277 = ORIENTED_EDGE ( 'NONE', *, *, #173, .F. ) ;
#278 = EDGE_CURVE ( 'NONE', #690, #115, #240, .T. ) ;
#279 = LINE ( 'NONE', #372, #662 ) ;
#280 = CARTESIAN_POINT ( 'NONE',  ( 0.000000000000000000, 8.000000000000000000, 0.000000000000000000 ) ) ;
#281 = DATE_AND_TIME ( #34, #12 ) ;
#282 = ORIENTED_EDGE ( 'NONE', *, *, #469, .F. ) ;
#283 = FACE_OUTER_BOUND ( 'NONE', #1200, .T. ) ;
#284 = DIRECTION ( 'NONE',  ( -0.9888392857142856984, 0.000000000000000000, -0.1489861303211183208 ) ) ;
#285 = EDGE_CURVE ( 'NONE', #409, #695, #477, .T. ) ;
#286 = CALENDAR_DATE ( 2026, 21, 4 ) ;
#287 = AXIS2_PLACEMENT_3D ( 'NONE', #1128, #486, #947 ) ;
#288 = B_SPLINE_CURVE_WITH_KNOTS ( 'NONE', 3,
 ( #652, #116, #677, #194 ),
 .UNSPECIFIED., .F., .F.,
 ( 4, 4 ),
 ( 0.0007526588889294276961, 0.001507829287918116025 ),
 .UNSPECIFIED. ) ;
#289 = CARTESIAN_POINT ( 'NONE',  ( -4.946295036815054225, 2.081963532243054082, -0.7310021070113712494 ) ) ;
#290 = ORIENTED_EDGE ( 'NONE', *, *, #1175, .T. ) ;
#291 = DIRECTION ( 'NONE',  ( 0.000000000000000000, 1.000000000000000000, 0.000000000000000000 ) ) ;
#292 = CARTESIAN_POINT ( 'NONE',  ( 4.998805618449201127, 3.940124438579149402, -0.1256873521570841812 ) ) ;
#293 = DIRECTION ( 'NONE',  ( 1.000000000000000000, 0.000000000000000000, 0.000000000000000000 ) ) ;
#294 = AXIS2_PLACEMENT_3D ( 'NONE', #1018, #165, #332 ) ;
#295 = EDGE_CURVE ( 'NONE', #864, #83, #567, .T. ) ;
#296 = EDGE_LOOP ( 'NONE', ( #215, #715, #1057, #764 ) ) ;
#297 = DIRECTION ( 'NONE',  ( 0.000000000000000000, 1.000000000000000000, 0.000000000000000000 ) ) ;
#298 = VERTEX_POINT ( 'NONE', #30 ) ;
#299 = CONICAL_SURFACE ( 'NONE', #1160, 2.250000000000000000, 0.7853981633974492782 ) ;
#300 = CARTESIAN_POINT ( 'NONE',  ( 0.4912263065911868787, 2.000000007268609714, -6.577583681419821637 ) ) ;
#301 = CARTESIAN_POINT ( 'NONE',  ( 4.946295038501788532, 2.081963535593377657, -0.7310020993807742062 ) ) ;
#302 = CIRCLE ( 'NONE', #545, 2.000000000000000444 ) ;
#303 = CARTESIAN_POINT ( 'NONE',  ( 3.673940397442057403E-16, 2.000000000000000000, -8.000000000000000000 ) ) ;
#304 = VERTEX_POINT ( 'NONE', #580 ) ;
#305 = ADVANCED_FACE ( 'NONE', ( #961 ), #940, .F. ) ;
#306 = CARTESIAN_POINT ( 'NONE',  ( 0.000000000000000000, 7.000000000000002665, 2.250000000000000000 ) ) ;
#307 = ORIENTED_EDGE ( 'NONE', *, *, #132, .F. ) ;
#308 = DIRECTION ( 'NONE',  ( -0.000000000000000000, -1.000000000000000000, -0.000000000000000000 ) ) ;
#309 = CARTESIAN_POINT ( 'NONE',  ( -1.042902912247825498, 2.000000000000000000, 6.921875000000000000 ) ) ;
#310 = ORIENTED_EDGE ( 'NONE', *, *, #705, .F. ) ;
#311 = CARTESIAN_POINT ( 'NONE',  ( -4.999981259484314045, 3.936545866873709443, 0.06360591643817399554 ) ) ;
#312 = ORIENTED_EDGE ( 'NONE', *, *, #90, .T. ) ;
#313 = CARTESIAN_POINT ( 'NONE',  ( 0.09941700338736303433, 2.387487282521798093, -5.000041712000976801 ) ) ;
#314 = CARTESIAN_POINT ( 'NONE',  ( -0.7449306516055880234, 4.000000000000000000, 4.944196428571428825 ) ) ;
#315 = ORIENTED_EDGE ( 'NONE', *, *, #75, .F. ) ;
#316 = AXIS2_PLACEMENT_3D ( 'NONE', #1173, #555, #1011 ) ;
#317 = CARTESIAN_POINT ( 'NONE',  ( -4.998805618449204680, 3.940124438579149402, 0.1256873521569809582 ) ) ;
#318 = ORIENTED_EDGE ( 'NONE', *, *, #849, .T. ) ;
#319 = DIRECTION ( 'NONE',  ( 0.000000000000000000, 1.000000000000000000, 0.000000000000000000 ) ) ;
#320 = CARTESIAN_POINT ( 'NONE',  ( -0.7310021070103288610, 2.081963532242904424, 4.946295036816228397 ) ) ;
#321 = AXIS2_PLACEMENT_3D ( 'NONE', #1123, #15, #485 ) ;
#322 = EDGE_CURVE ( 'NONE', #193, #182, #982, .T. ) ;
#323 = CIRCLE ( 'NONE', #429, 2.250000000000000000 ) ;
#324 = EDGE_LOOP ( 'NONE', ( #122, #487, #307, #354 ) ) ;
#325 = CARTESIAN_POINT ( 'NONE',  ( 3.673940397442057403E-16, 2.000000000000000000, -8.000000000000000000 ) ) ;
#326 = CARTESIAN_POINT ( 'NONE',  ( -0.1043195744795069185, 2.387104772030168132, -4.999957269261394721 ) ) ;
#327 = CARTESIAN_POINT ( 'NONE',  ( -2.076655965729518272, 8.000000000000000000, -2.499999999999999556 ) ) ;
#328 = ORIENTED_EDGE ( 'NONE', *, *, #596, .T. ) ;
#329 = CARTESIAN_POINT ( 'NONE',  ( 0.000000000000000000, 8.000000000000000000, -5.000000000000000000 ) ) ;
#330 = DIRECTION ( 'NONE',  ( -0.1489861303211144350, -1.312496687838196319E-14, -0.9888392857142863646 ) ) ;
#331 = CARTESIAN_POINT ( 'NONE',  ( 0.2064756114420307487, 2.374473283398005119, 4.997117839954265506 ) ) ;
#332 = DIRECTION ( 'NONE',  ( 0.000000000000000000, 0.000000000000000000, 1.000000000000000000 ) ) ;
#333 = ORIENTED_EDGE ( 'NONE', *, *, #867, .T. ) ;
#334 = EDGE_CURVE ( 'NONE', #83, #1065, #28, .T. ) ;
#335 = CARTESIAN_POINT ( 'NONE',  ( -1.677050983124841910, 0.000000000000000000, -1.500000000000000000 ) ) ;
#336 = FACE_BOUND ( 'NONE', #1023, .T. ) ;
#337 = DIRECTION ( 'NONE',  ( 0.000000000000000000, 1.000000000000000000, 0.000000000000000000 ) ) ;
#338 = AXIS2_PLACEMENT_3D ( 'NONE', #834, #386, #827 ) ;
#339 = EDGE_LOOP ( 'NONE', ( #771, #127, #42, #534, #89 ) ) ;
#340 = EDGE_CURVE ( 'NONE', #1118, #129, #663, .T. ) ;
#341 = DIRECTION ( 'NONE',  ( 0.000000000000000000, 1.000000000000000000, 0.000000000000000000 ) ) ;
#342 = CARTESIAN_POINT ( 'NONE',  ( -8.000000000000000000, 2.000000000000000000, -1.499999999999999556 ) ) ;
#343 = FACE_OUTER_BOUND ( 'NONE', #883, .T. ) ;
#344 = VERTEX_POINT ( 'NONE', #743 ) ;
#345 = CYLINDRICAL_SURFACE ( 'NONE', #623, 1.499999999999999556 ) ;
#346 = CARTESIAN_POINT ( 'NONE',  ( 0.000000000000000000, 2.000000000000000000, 0.000000000000000000 ) ) ;
#347 = AXIS2_PLACEMENT_3D ( 'NONE', #966, #752, #382 ) ;
#348 = EDGE_LOOP ( 'NONE', ( #902, #13, #539, #269 ) ) ;
#349 = PRODUCT_RELATED_PRODUCT_CATEGORY ( 'detail', '', ( #1109 ) ) ;
#350 = CARTESIAN_POINT ( 'NONE',  ( 0.000000000000000000, 4.000000000000000000, 0.000000000000000000 ) ) ;
#351 = CYLINDRICAL_SURFACE ( 'NONE', #60, 2.250000000000000000 ) ;
#352 = DIRECTION ( 'NONE',  ( 0.000000000000000000, 0.000000000000000000, 1.000000000000000000 ) ) ;
#353 = CARTESIAN_POINT ( 'NONE',  ( 2.076655965729518272, 8.000000000000000000, -2.499999999999999556 ) ) ;
#354 = ORIENTED_EDGE ( 'NONE', *, *, #647, .F. ) ;
#355 = DIRECTION ( 'NONE',  ( 0.000000000000000000, 0.000000000000000000, 1.000000000000000000 ) ) ;
#356 = EDGE_CURVE ( 'NONE', #572, #550, #997, .T. ) ;
#357 = PLANE ( 'NONE',  #112 ) ;
#358 = AXIS2_PLACEMENT_3D ( 'NONE', #175, #291, #95 ) ;
#359 = CIRCLE ( 'NONE', #1049, 1.499999999999999556 ) ;
#360 = PLANE ( 'NONE',  #85 ) ;
#361 = EDGE_LOOP ( 'NONE', ( #1027, #585, #1053, #999 ) ) ;
#362 = CARTESIAN_POINT ( 'NONE',  ( -1.677050983124841910, 0.000000000000000000, -1.500000000000000000 ) ) ;
#363 = DIRECTION ( 'NONE',  ( 0.000000000000000000, 1.000000000000000000, 0.000000000000000000 ) ) ;
#364 = VERTEX_POINT ( 'NONE', #519 ) ;
#365 = CARTESIAN_POINT ( 'NONE',  ( 0.000000000000000000, 8.000000000000000000, 0.000000000000000000 ) ) ;
#366 = PLANE ( 'NONE',  #6 ) ;
#367 = APPROVAL_STATUS ( 'not_yet_approved' ) ;
#368 =( BOUNDED_SURFACE ( )  B_SPLINE_SURFACE ( 3, 2, ( 
 ( #314, #881, #309 ),
 ( #617, #320, #237 ),
 ( #223, #1061, #1074 ),
 ( #888, #984, #606 ),
 ( #988, #896, #55 ),
 ( #795, #142, #68 ),
 ( #994, #518, #1165 ),
 ( #708, #1078, #979 ),
 ( #1171, #331, #137 ),
 ( #598, #146, #523 ),
 ( #692, #440, #1148 ),
 ( #64, #1087, #899 ),
 ( #506, #875, #1111 ),
 ( #88, #922, #1181 ) ),
 .UNSPECIFIED., .F., .F., .F. ) 
 B_SPLINE_SURFACE_WITH_KNOTS ( ( 4, 2, 2, 2, 2, 2, 4 ),
 ( 3, 3 ),
 ( 0.003239555005371087988, 0.003763418412354714322, 0.004025350115846527271, 0.004287281819338340655, 0.004549213522830154038, 0.004811145226321966555, 0.005335008633305592454 ),
 ( 0.000000000000000000, 1.000000000000000000 ),
 .UNSPECIFIED. ) 
 GEOMETRIC_REPRESENTATION_ITEM ( )  RATIONAL_B_SPLINE_SURFACE ( (
 ( 1.000000000000000000, 0.7071067811865475727, 1.000000000000000000),
 ( 1.000000000000000000, 0.7216946905875233353, 1.000000000000000000),
 ( 1.000000000000000000, 0.7413944954724553948, 1.000000000000000000),
 ( 1.000000000000000000, 0.7676676426419500876, 1.000000000000000000),
 ( 1.000000000000000000, 0.7757639251967340943, 1.000000000000000000),
 ( 1.000000000000000000, 0.7873018533491247251, 1.000000000000000000),
 ( 1.000000000000000000, 0.7906203290518125648, 1.000000000000000000),
 ( 1.000000000000000000, 0.7905172643527438314, 1.000000000000000000),
 ( 1.000000000000000000, 0.7870985303248462239, 1.000000000000000000),
 ( 1.000000000000000000, 0.7754499845770103095, 1.000000000000000000),
 ( 1.000000000000000000, 0.7673432092286116557, 1.000000000000000000),
 ( 1.000000000000000000, 0.7411546210474543317, 1.000000000000000000),
 ( 1.000000000000000000, 0.7217010112496247132, 1.000000000000000000),
 ( 1.000000000000000000, 0.7071067811865476838, 1.000000000000000000) ) ) 
 REPRESENTATION_ITEM ( '' )  SURFACE ( )  );
#369 = EDGE_CURVE ( 'NONE', #138, #1118, #275, .T. ) ;
#370 = FACE_OUTER_BOUND ( 'NONE', #879, .T. ) ;
#371 = VERTEX_POINT ( 'NONE', #646 ) ;
#372 = CARTESIAN_POINT ( 'NONE',  ( 2.326828918379970576E-15, 2.000000000000000000, 6.500000000000000000 ) ) ;
#373 = PLANE ( 'NONE',  #27 ) ;
#374 = LOCAL_TIME ( 14, 26, 51.00000000000000000, #762 ) ;
#375 = CIRCLE ( 'NONE', #254, 11.00000000000000000 ) ;
#376 = AXIS2_PLACEMENT_3D ( 'NONE', #1193, #248, #924 ) ;
#377 = CARTESIAN_POINT ( 'NONE',  ( -4.981518042195849816, 4.000000000000000000, 0.4972225080452882251 ) ) ;
#378 = CARTESIAN_POINT ( 'NONE',  ( 8.000000000000000000, 2.000000000000000000, 0.000000000000000000 ) ) ;
#379 = CC_DESIGN_PERSON_AND_ORGANIZATION_ASSIGNMENT ( #958, #687, ( #1109 ) ) ;
#380 = ORIENTED_EDGE ( 'NONE', *, *, #784, .F. ) ;
#381 = DIRECTION ( 'NONE',  ( 0.000000000000000000, 0.000000000000000000, 1.000000000000000000 ) ) ;
#382 = DIRECTION ( 'NONE',  ( 0.000000000000000000, 0.000000000000000000, 1.000000000000000000 ) ) ;
#383 = SECURITY_CLASSIFICATION_LEVEL ( 'unclassified' ) ;
#384 = DIRECTION ( 'NONE',  ( -0.000000000000000000, -1.000000000000000000, -0.000000000000000000 ) ) ;
#385 = VERTEX_POINT ( 'NONE', #251 ) ;
#386 = DIRECTION ( 'NONE',  ( 0.000000000000000000, 1.000000000000000000, 0.000000000000000000 ) ) ;
#387 = CARTESIAN_POINT ( 'NONE',  ( 4.994275822193817937, 3.951721871707333023, 0.2471466491921830988 ) ) ;
#388 = EDGE_CURVE ( 'NONE', #182, #962, #408, .T. ) ;
#389 = CIRCLE ( 'NONE', #1079, 7.000000000000000000 ) ;
#390 = APPROVAL_DATE_TIME ( #113, #577 ) ;
#391 = APPLICATION_CONTEXT ( 'configuration controlled 3d designs of mechanical parts and assemblies' ) ;
#392 = VECTOR ( 'NONE', #934, 1000.000000000000000 ) ;
#393 = ADVANCED_BREP_SHAPE_REPRESENTATION ( '5mmFlangeCoupler_Default_sldprt', ( #803, #868 ), #502 ) ;
#394 = ORIENTED_EDGE ( 'NONE', *, *, #2, .T. ) ;
#395 = CARTESIAN_POINT ( 'NONE',  ( -4.990656524354427859, 3.960259946088115601, 0.3117825089663587845 ) ) ;
#396 = ORIENTED_EDGE ( 'NONE', *, *, #1121, .T. ) ;
#397 = CARTESIAN_POINT ( 'NONE',  ( -0.2497758229931368867, 3.952039756514647006, -4.994143265844470214 ) ) ;
#398 = CARTESIAN_POINT ( 'NONE',  ( 6.752981604214454592, 2.000000012403146510, 0.8563180701007093720 ) ) ;
#399 = CALENDAR_DATE ( 2026, 21, 4 ) ;
#400 = EDGE_CURVE ( 'NONE', #304, #726, #159, .T. ) ;
#401 = ORIENTED_EDGE ( 'NONE', *, *, #75, .T. ) ;
#402 = DIRECTION ( 'NONE',  ( 0.000000000000000000, 1.000000000000000000, 0.000000000000000000 ) ) ;
#403 = CARTESIAN_POINT ( 'NONE',  ( -4.999957269261396497, 2.387104772030148592, 0.1043195744794710444 ) ) ;
#404 = EDGE_LOOP ( 'NONE', ( #1161, #277, #941, #968 ) ) ;
#405 = AXIS2_PLACEMENT_3D ( 'NONE', #630, #1005, #242 ) ;
#406 = CARTESIAN_POINT ( 'NONE',  ( 8.000000000000000000, 2.000000000000000000, 0.000000000000000000 ) ) ;
#407 = CARTESIAN_POINT ( 'NONE',  ( 6.849149507280506199, 2.000000000000000000, 0.9677213301882343632 ) ) ;
#408 = CIRCLE ( 'NONE', #1201, 5.000000000000000000 ) ;
#409 = VERTEX_POINT ( 'NONE', #69 ) ;
#410 = CARTESIAN_POINT ( 'NONE',  ( -4.981085642859650164, 2.297435792445716274, -0.4664813082957798285 ) ) ;
#411 = VERTEX_POINT ( 'NONE', #91 ) ;
#412 = DIRECTION ( 'NONE',  ( 0.000000000000000000, 1.000000000000000000, 0.000000000000000000 ) ) ;
#413 = CARTESIAN_POINT ( 'NONE',  ( 2.510525938252073693E-15, 0.000000000000000000, 9.500000000000000000 ) ) ;
#414 = ORIENTED_EDGE ( 'NONE', *, *, #295, .F. ) ;
#415 = AXIS2_PLACEMENT_3D ( 'NONE', #74, #449, #1183 ) ;
#416 = CARTESIAN_POINT ( 'NONE',  ( -4.994143265844470214, 3.952039756514647895, 0.2497758229931401619 ) ) ;
#417 = EDGE_CURVE ( 'NONE', #304, #221, #754, .T. ) ;
#418 = ORIENTED_EDGE ( 'NONE', *, *, #156, .T. ) ;
#419 = CARTESIAN_POINT ( 'NONE',  ( -0.4693524715867031794, 2.296075106574167357, -4.980822490135142999 ) ) ;
#420 = CARTESIAN_POINT ( 'NONE',  ( 3.673940397442057403E-16, 2.000000000000000000, -9.500000000000000000 ) ) ;
#421 = ORIENTED_EDGE ( 'NONE', *, *, #400, .T. ) ;
#422 = AXIS2_PLACEMENT_3D ( 'NONE', #911, #1178, #79 ) ;
#423 = DIRECTION ( 'NONE',  ( 0.000000000000000000, 0.000000000000000000, -1.000000000000000000 ) ) ;
#424 = APPROVAL ( #753, 'UNSPECIFIED' ) ;
#425 = CARTESIAN_POINT ( 'NONE',  ( -0.06360591643817432861, 3.936545866873709443, -4.999981259484314045 ) ) ;
#426 = FACE_OUTER_BOUND ( 'NONE', #854, .T. ) ;
#427 = AXIS2_PLACEMENT_3D ( 'NONE', #130, #412, #697 ) ;
#428 = ORIENTED_EDGE ( 'NONE', *, *, #885, .T. ) ;
#429 = AXIS2_PLACEMENT_3D ( 'NONE', #267, #925, #1169 ) ;
#430 = FACE_OUTER_BOUND ( 'NONE', #780, .T. ) ;
#431 = CARTESIAN_POINT ( 'NONE',  ( 5.000061471490777620, 3.936313909113926091, 0.2470794401460307266 ) ) ;
#432 = FACE_OUTER_BOUND ( 'NONE', #324, .T. ) ;
#433 = DIRECTION ( 'NONE',  ( -0.000000000000000000, -1.000000000000000000, -0.000000000000000000 ) ) ;
#434 = EDGE_CURVE ( 'NONE', #129, #833, #441, .T. ) ;
#435 = ADVANCED_FACE ( 'NONE', ( #343 ), #456, .T. ) ;
#436 = ORIENTED_EDGE ( 'NONE', *, *, #1135, .T. ) ;
#437 = CLOSED_SHELL ( 'NONE', ( #945, #1129, #435, #696, #860, #809, #829, #7, #207, #22, #640, #227, #842, #305, #980, #1036, #1167, #507, #80, #776, #532, #656, #964, #41, #1002, #107, #1102, #253, #139 ) ) ;
#438 = AXIS2_PLACEMENT_3D ( 'NONE', #819, #644, #811 ) ;
#439 = CYLINDRICAL_SURFACE ( 'NONE', #1142, 1.499999999999999556 ) ;
#440 = CARTESIAN_POINT ( 'NONE',  ( 0.4693524715867699593, 2.296075106574160252, 4.980822490135141223 ) ) ;
#441 = LINE ( 'NONE', #637, #992 ) ;
#442 = EDGE_CURVE ( 'NONE', #889, #1065, #551, .T. ) ;
#443 = ORIENTED_EDGE ( 'NONE', *, *, #995, .F. ) ;
#444 = CARTESIAN_POINT ( 'NONE',  ( 0.000000000000000000, 7.000000000000002665, 2.250000000000000000 ) ) ;
#445 = CARTESIAN_POINT ( 'NONE',  ( 0.000000000000000000, 7.000000000000002665, 0.000000000000000000 ) ) ;
#446 = CC_DESIGN_APPROVAL ( #161, ( #144 ) ) ;
#447 = DIRECTION ( 'NONE',  ( 0.000000000000000000, 0.000000000000000000, 1.000000000000000000 ) ) ;
#448 = AXIS2_PLACEMENT_3D ( 'NONE', #303, #686, #600 ) ;
#449 = DIRECTION ( 'NONE',  ( 0.000000000000000000, 1.000000000000000000, 0.000000000000000000 ) ) ;
#450 = CYLINDRICAL_SURFACE ( 'NONE', #462, 1.499999999999999556 ) ;
#451 = CARTESIAN_POINT ( 'NONE',  ( -1.042902912247825942, 4.000000000000000000, 6.921875000000000888 ) ) ;
#452 = CARTESIAN_POINT ( 'NONE',  ( -8.000000000000000000, 2.000000000000000000, 0.000000000000000000 ) ) ;
#453 = CARTESIAN_POINT ( 'NONE',  ( 2.326828918379970576E-15, 0.000000000000000000, 8.000000000000000000 ) ) ;
#454 = EDGE_CURVE ( 'NONE', #757, #690, #1103, .T. ) ;
#455 = EDGE_LOOP ( 'NONE', ( #396, #935 ) ) ;
#456 = CYLINDRICAL_SURFACE ( 'NONE', #422, 5.000000000000000000 ) ;
#457 = CARTESIAN_POINT ( 'NONE',  ( 1.677050983124841910, 0.000000000000000000, -1.500000000000000000 ) ) ;
#458 = DIRECTION ( 'NONE',  ( 0.000000000000000000, 0.000000000000000000, 1.000000000000000000 ) ) ;
#459 = ORIENTED_EDGE ( 'NONE', *, *, #954, .F. ) ;
#460 = APPROVAL_PERSON_ORGANIZATION ( #204, #161, #126 ) ;
#461 = CARTESIAN_POINT ( 'NONE',  ( 8.000000000000000000, 0.000000000000000000, 1.500000000000000444 ) ) ;
#462 = AXIS2_PLACEMENT_3D ( 'NONE', #522, #814, #236 ) ;
#463 = AXIS2_PLACEMENT_3D ( 'NONE', #552, #566, #262 ) ;
#464 = DIRECTION ( 'NONE',  ( 0.000000000000000000, 0.000000000000000000, 1.000000000000000000 ) ) ;
#465 = ORIENTED_EDGE ( 'NONE', *, *, #2, .F. ) ;
#466 = DIRECTION ( 'NONE',  ( 0.000000000000000000, 0.000000000000000000, 1.000000000000000000 ) ) ;
#467 = FACE_BOUND ( 'NONE', #1168, .T. ) ;
#468 = FACE_OUTER_BOUND ( 'NONE', #99, .T. ) ;
#469 = EDGE_CURVE ( 'NONE', #176, #193, #749, .T. ) ;
#470 = FACE_OUTER_BOUND ( 'NONE', #339, .T. ) ;
#471 = ORIENTED_EDGE ( 'NONE', *, *, #1067, .T. ) ;
#472 = CARTESIAN_POINT ( 'NONE',  ( -0.7449306516055900218, 4.000000000000000000, 4.944196428571428825 ) ) ;
#473 = DIRECTION ( 'NONE',  ( 1.000000000000000000, 0.000000000000000000, 0.000000000000000000 ) ) ;
#474 = APPROVAL_STATUS ( 'not_yet_approved' ) ;
#475 = EDGE_CURVE ( 'NONE', #554, #907, #219, .T. ) ;
#476 = FACE_OUTER_BOUND ( 'NONE', #37, .T. ) ;
#477 = LINE ( 'NONE', #181, #392 ) ;
#478 = ORIENTED_EDGE ( 'NONE', *, *, #388, .T. ) ;
#479 = CARTESIAN_POINT ( 'NONE',  ( 4.980822490135103031, 2.296075106574197555, -0.4693524715867219976 ) ) ;
#480 = VECTOR ( 'NONE', #1105, 1000.000000000000000 ) ;
#481 = CIRCLE ( 'NONE', #17, 1.999999999999999556 ) ;
#482 = LINE ( 'NONE', #1197, #703 ) ;
#483 = EDGE_CURVE ( 'NONE', #690, #385, #1195, .T. ) ;
#484 = ORIENTED_EDGE ( 'NONE', *, *, #614, .F. ) ;
#485 = DIRECTION ( 'NONE',  ( -0.1489861303211141574, 0.000000000000000000, -0.9888392857142862535 ) ) ;
#486 = DIRECTION ( 'NONE',  ( 0.000000000000000000, 1.000000000000000000, 0.000000000000000000 ) ) ;
#487 = ORIENTED_EDGE ( 'NONE', *, *, #334, .F. ) ;
#488 = CARTESIAN_POINT ( 'NONE',  ( -4.976886857276500820, 3.984555151912771986, -0.4961786190634212002 ) ) ;
#489 = ORIENTED_EDGE ( 'NONE', *, *, #156, .F. ) ;
#490 = EDGE_CURVE ( 'NONE', #550, #886, #375, .T. ) ;
#491 = CARTESIAN_POINT ( 'NONE',  ( -0.3887137883058062182, 2.329089666823992211, -4.987555068390292945 ) ) ;
#492 = CARTESIAN_POINT ( 'NONE',  ( 6.754171090331293037, 2.000000012395839466, -0.8576993231848857313 ) ) ;
#493 = ORIENTED_EDGE ( 'NONE', *, *, #1075, .F. ) ;
#494 = CARTESIAN_POINT ( 'NONE',  ( -6.752981604214394196, 2.000000012403151395, -0.8563180701006596340 ) ) ;
#495 = ORIENTED_EDGE ( 'NONE', *, *, #1042, .F. ) ;
#496 = CARTESIAN_POINT ( 'NONE',  ( -1.042902912247815506, 2.000000000000000000, -6.921874999999988454 ) ) ;
#497 = CARTESIAN_POINT ( 'NONE',  ( -1.677050983124841910, 7.000000000000002665, -1.500000000000000000 ) ) ;
#498 = APPLICATION_PROTOCOL_DEFINITION ( 'international standard', 'config_control_design', 1994, #43 ) ;
#499 = ORIENTED_EDGE ( 'NONE', *, *, #442, .T. ) ;
#500 = CARTESIAN_POINT ( 'NONE',  ( 4.999938220569339009, 3.936670327600128250, -0.2495611326294989996 ) ) ;
#501 = CARTESIAN_POINT ( 'NONE',  ( 0.7449306516055929084, 4.000000000000000000, 4.944196428571427937 ) ) ;
#502 =( GEOMETRIC_REPRESENTATION_CONTEXT ( 3 ) GLOBAL_UNCERTAINTY_ASSIGNED_CONTEXT ( ( #255 ) ) GLOBAL_UNIT_ASSIGNED_CONTEXT ( ( #1019, #641, #932 ) ) REPRESENTATION_CONTEXT ( 'NONE', 'WORKASPACE' ) );
#503 = VERTEX_POINT ( 'NONE', #170 ) ;
#504 = AXIS2_PLACEMENT_3D ( 'NONE', #249, #257, #732 ) ;
#505 = CARTESIAN_POINT ( 'NONE',  ( 0.2574409306648748896, 1.999999992731390286, -6.517335017160307054 ) ) ;
#506 = CARTESIAN_POINT ( 'NONE',  ( 0.6214136394083014103, 3.999999976070981678, 4.962806451395114671 ) ) ;
#507 = ADVANCED_FACE ( 'NONE', ( #725 ), #1097, .F. ) ;
#508 = ORIENTED_EDGE ( 'NONE', *, *, #490, .T. ) ;
#509 = CARTESIAN_POINT ( 'NONE',  ( 0.000000000000000000, 2.000000000000000000, 0.000000000000000000 ) ) ;
#510 = ORIENTED_EDGE ( 'NONE', *, *, #607, .T. ) ;
#511 = DIRECTION ( 'NONE',  ( 0.000000000000000000, 0.000000000000000000, 1.000000000000000000 ) ) ;
#512 = CARTESIAN_POINT ( 'NONE',  ( 0.000000000000000000, 2.000000000000000000, 0.000000000000000000 ) ) ;
#513 = ORIENTED_EDGE ( 'NONE', *, *, #674, .T. ) ;
#514 = CIRCLE ( 'NONE', #1188, 3.249999999999999556 ) ;
#515 = CC_DESIGN_DATE_AND_TIME_ASSIGNMENT ( #281, #853, ( #144 ) ) ;
#516 = FACE_OUTER_BOUND ( 'NONE', #1149, .T. ) ;
#517 = CARTESIAN_POINT ( 'NONE',  ( -0.1335713683275794039, 2.000000000147009960, -6.500275482713758990 ) ) ;
#518 = CARTESIAN_POINT ( 'NONE',  ( -0.09941700338722561647, 2.387487282521798093, 5.000041712000976801 ) ) ;
#519 = CARTESIAN_POINT ( 'NONE',  ( 5.510910596163086597E-16, 0.000000000000000000, -6.500000000000000888 ) ) ;
#520 = ORIENTED_EDGE ( 'NONE', *, *, #729, .T. ) ;
#521 = AXIS2_PLACEMENT_3D ( 'NONE', #633, #337, #1187 ) ;
#522 = CARTESIAN_POINT ( 'NONE',  ( -8.000000000000000000, 2.000000000000000000, 0.000000000000000000 ) ) ;
#523 = CARTESIAN_POINT ( 'NONE',  ( 0.4957846652233219298, 2.000000007410713820, 6.579212867712753265 ) ) ;
#524 = EDGE_CURVE ( 'NONE', #260, #115, #179, .T. ) ;
#525 = AXIS2_PLACEMENT_3D ( 'NONE', #1113, #942, #563 ) ;
#526 = VECTOR ( 'NONE', #86, 1000.000000000000000 ) ;
#527 = VECTOR ( 'NONE', #433, 1000.000000000000000 ) ;
#528 = EDGE_LOOP ( 'NONE', ( #109, #959, #792, #233, #789 ) ) ;
#529 = DESIGN_CONTEXT ( 'detailed design', #391, 'design' ) ;
#530 = DIRECTION ( 'NONE',  ( 0.000000000000000000, 0.000000000000000000, -1.000000000000000000 ) ) ;
#531 = CARTESIAN_POINT ( 'NONE',  ( 6.849070145151185507, 2.000000000000000000, -0.9676392853674236072 ) ) ;
#532 = ADVANCED_FACE ( 'NONE', ( #928 ), #747, .T. ) ;
#533 = CARTESIAN_POINT ( 'NONE',  ( 0.000000000000000000, 4.000000000000000000, 0.000000000000000000 ) ) ;
#534 = ORIENTED_EDGE ( 'NONE', *, *, #614, .T. ) ;
#535 = ORIENTED_EDGE ( 'NONE', *, *, #1090, .F. ) ;
#536 = LINE ( 'NONE', #444, #1031 ) ;
#537 = DIRECTION ( 'NONE',  ( 0.000000000000000000, 0.000000000000000000, 1.000000000000000000 ) ) ;
#538 = CARTESIAN_POINT ( 'NONE',  ( 0.000000000000000000, 0.000000000000000000, 0.000000000000000000 ) ) ;
#539 = ORIENTED_EDGE ( 'NONE', *, *, #295, .T. ) ;
#540 = CARTESIAN_POINT ( 'NONE',  ( 8.000000000000000000, 2.000000000000000000, 0.000000000000000000 ) ) ;
#541 = DIRECTION ( 'NONE',  ( 0.000000000000000000, 1.000000000000000000, 0.000000000000000000 ) ) ;
#542 = CC_DESIGN_APPROVAL ( #577, ( #660 ) ) ;
#543 = DIRECTION ( 'NONE',  ( -0.000000000000000000, -1.000000000000000000, -0.000000000000000000 ) ) ;
#544 = CIRCLE ( 'NONE', #405, 1.499999999999999556 ) ;
#545 = AXIS2_PLACEMENT_3D ( 'NONE', #87, #745, #1033 ) ;
#546 = CARTESIAN_POINT ( 'NONE',  ( 0.000000000000000000, 4.000000000000000000, 0.000000000000000000 ) ) ;
#547 = EDGE_CURVE ( 'NONE', #632, #411, #224, .T. ) ;
#548 = CARTESIAN_POINT ( 'NONE',  ( 0.2479086902724833563, 3.936491673103707623, -5.000000000000000000 ) ) ;
#549 = CARTESIAN_POINT ( 'NONE',  ( 8.754573389217777324E-15, 3.936491673103708511, 5.000000000000000000 ) ) ;
#550 = VERTEX_POINT ( 'NONE', #760 ) ;
#551 = LINE ( 'NONE', #822, #970 ) ;
#552 = CARTESIAN_POINT ( 'NONE',  ( 0.000000000000000000, 4.000000000000000000, 0.000000000000000000 ) ) ;
#553 = DIRECTION ( 'NONE',  ( 0.000000000000000000, 0.000000000000000000, 1.000000000000000000 ) ) ;
#554 = VERTEX_POINT ( 'NONE', #666 ) ;
#555 = DIRECTION ( 'NONE',  ( 0.000000000000000000, 1.000000000000000000, 0.000000000000000000 ) ) ;
#556 = DIRECTION ( 'NONE',  ( 0.000000000000000000, 0.000000000000000000, 1.000000000000000000 ) ) ;
#557 = ORIENTED_EDGE ( 'NONE', *, *, #243, .F. ) ;
#558 = EDGE_CURVE ( 'NONE', #632, #974, #1048, .T. ) ;
#559 = ORIENTED_EDGE ( 'NONE', *, *, #620, .F. ) ;
#560 = CIRCLE ( 'NONE', #40, 1.499999999999999556 ) ;
#561 = CARTESIAN_POINT ( 'NONE',  ( 0.7449306516055914651, 4.000000000000000000, -4.944196428571428825 ) ) ;
#562 = VERTEX_POINT ( 'NONE', #956 ) ;
#563 = DIRECTION ( 'NONE',  ( 1.000000000000000000, -0.000000000000000000, 0.000000000000000000 ) ) ;
#564 = DIRECTION ( 'NONE',  ( -0.000000000000000000, -1.000000000000000000, -0.000000000000000000 ) ) ;
#565 = APPROVAL_DATE_TIME ( #584, #424 ) ;
#566 = DIRECTION ( 'NONE',  ( 0.000000000000000000, 1.000000000000000000, 0.000000000000000000 ) ) ;
#567 = LINE ( 'NONE', #848, #1080 ) ;
#568 = ORIENTED_EDGE ( 'NONE', *, *, #547, .T. ) ;
#569 = DIRECTION ( 'NONE',  ( 0.000000000000000000, 1.000000000000000000, 0.000000000000000000 ) ) ;
#570 = CARTESIAN_POINT ( 'NONE',  ( 4.997117839954267282, 2.374473283398005119, -0.2064756114420012167 ) ) ;
#571 = COORDINATED_UNIVERSAL_TIME_OFFSET ( 6, 0, .BEHIND. ) ;
#572 = VERTEX_POINT ( 'NONE', #839 ) ;
#573 = CARTESIAN_POINT ( 'NONE',  ( -0.7449306516055909100, 4.000000000000000000, -4.944196428571428825 ) ) ;
#574 = CARTESIAN_POINT ( 'NONE',  ( 4.999981259484314045, 3.936545866873709443, -0.06360591643813372220 ) ) ;
#575 = CALENDAR_DATE ( 2026, 21, 4 ) ;
#576 = PRODUCT_DEFINITION_FORMATION_WITH_SPECIFIED_SOURCE ( 'ANY', '', #1109, .NOT_KNOWN. ) ;
#577 = APPROVAL ( #474, 'UNSPECIFIED' ) ;
#578 = AXIS2_PLACEMENT_3D ( 'NONE', #799, #823, #556 ) ;
#579 = CARTESIAN_POINT ( 'NONE',  ( 3.673940397442057403E-16, 0.000000000000000000, -8.000000000000000000 ) ) ;
#580 = CARTESIAN_POINT ( 'NONE',  ( -8.000000000000000000, 2.000000000000000000, 1.499999999999999556 ) ) ;
#581 = ORIENTED_EDGE ( 'NONE', *, *, #759, .T. ) ;
#582 = CARTESIAN_POINT ( 'NONE',  ( 1.042902912247827940, 2.000000000000000000, -6.921875000000000000 ) ) ;
#583 = CARTESIAN_POINT ( 'NONE',  ( 4.976722736432984462, 3.984749171719971006, -0.4976688784583165326 ) ) ;
#584 = DATE_AND_TIME ( #106, #374 ) ;
#585 = ORIENTED_EDGE ( 'NONE', *, *, #723, .F. ) ;
#586 = CARTESIAN_POINT ( 'NONE',  ( 0.4968099139278396303, 4.000000000000000000, 4.981580206798168042 ) ) ;
#587 = VERTEX_POINT ( 'NONE', #472 ) ;
#588 = CARTESIAN_POINT ( 'NONE',  ( -0.2632846855644975226, 1.999999992589279962, -6.518406433499714936 ) ) ;
#589 = CARTESIAN_POINT ( 'NONE',  ( 6.921874999999999112, 2.000000000000000000, 1.042902912247827274 ) ) ;
#590 = B_SPLINE_CURVE_WITH_KNOTS ( 'NONE', 3,
 ( #682, #1052, #586, #501 ),
 .UNSPECIFIED., .F., .F.,
 ( 4, 4 ),
 ( 0.0007526588889294263951, 0.001507829287918116242 ),
 .UNSPECIFIED. ) ;
#591 = COORDINATED_UNIVERSAL_TIME_OFFSET ( 6, 0, .BEHIND. ) ;
#592 = CIRCLE ( 'NONE', #1174, 7.000000000000000000 ) ;
#593 = ORIENTED_EDGE ( 'NONE', *, *, #1028, .T. ) ;
#594 = DIRECTION ( 'NONE',  ( 0.000000000000000000, 1.000000000000000000, 0.000000000000000000 ) ) ;
#595 = ORIENTED_EDGE ( 'NONE', *, *, #125, .T. ) ;
#596 = EDGE_CURVE ( 'NONE', #344, #632, #288, .T. ) ;
#597 = CARTESIAN_POINT ( 'NONE',  ( 0.2018909420120128528, 2.375237794932367308, -4.997285690584702067 ) ) ;
#598 = CARTESIAN_POINT ( 'NONE',  ( 0.2497758229930535090, 3.952039756514648783, 4.994143265844472879 ) ) ;
#599 = EDGE_CURVE ( 'NONE', #1085, #371, #92, .T. ) ;
#600 = DIRECTION ( 'NONE',  ( 0.000000000000000000, 0.000000000000000000, 1.000000000000000000 ) ) ;
#601 = ORIENTED_EDGE ( 'NONE', *, *, #261, .F. ) ;
#602 = CARTESIAN_POINT ( 'NONE',  ( -4.959921873299759199, 2.179841461244212297, 0.6671856626901095932 ) ) ;
#603 = ORIENTED_EDGE ( 'NONE', *, *, #1051, .T. ) ;
#604 = CIRCLE ( 'NONE', #975, 2.000000000000000444 ) ;
#605 = CARTESIAN_POINT ( 'NONE',  ( 0.000000000000000000, 2.000000000000000000, 0.000000000000000000 ) ) ;
#606 = CARTESIAN_POINT ( 'NONE',  ( -0.5947313312094378857, 1.999999993798424303, 6.619464463209231653 ) ) ;
#607 = EDGE_CURVE ( 'NONE', #148, #304, #638, .T. ) ;
#608 = EDGE_LOOP ( 'NONE', ( #510, #421, #626, #96 ) ) ;
#609 = CARTESIAN_POINT ( 'NONE',  ( -6.517335017160343469, 1.999999992731383403, -0.2574409306648931528 ) ) ;
#610 = CARTESIAN_POINT ( 'NONE',  ( 0.2471466491921496533, 3.951721871707333911, -4.994275822193818826 ) ) ;
#611 = CARTESIAN_POINT ( 'NONE',  ( 6.921875000000000888, 2.000000000000000000, -1.042902912247829050 ) ) ;
#612 = CARTESIAN_POINT ( 'NONE',  ( 6.921875000000000000, 2.000000000000000000, 1.042902912247828384 ) ) ;
#613 = AXIS2_PLACEMENT_3D ( 'NONE', #782, #858, #284 ) ;
#614 = EDGE_CURVE ( 'NONE', #998, #260, #279, .T. ) ;
#615 = CARTESIAN_POINT ( 'NONE',  ( 2.076655965729518272, 8.000000000000000000, -2.499999999999999556 ) ) ;
#616 = CARTESIAN_POINT ( 'NONE',  ( 8.754573389217777324E-15, 3.936491673103708511, 5.000000000000000000 ) ) ;
#617 = CARTESIAN_POINT ( 'NONE',  ( -0.6213179602939190582, 3.999999978273704127, 4.962820867146198189 ) ) ;
#618 = ORIENTED_EDGE ( 'NONE', *, *, #1014, .F. ) ;
#619 = CARTESIAN_POINT ( 'NONE',  ( 1.824820481392712690, 7.330422643127998406, -1.830422643127996629 ) ) ;
#620 = EDGE_CURVE ( 'NONE', #1099, #864, #765, .T. ) ;
#621 = DIRECTION ( 'NONE',  ( -0.000000000000000000, -1.000000000000000000, -0.000000000000000000 ) ) ;
#622 = CARTESIAN_POINT ( 'NONE',  ( 4.944196428571427937, 4.000000000000000000, -0.7449306516055921312 ) ) ;
#623 = AXIS2_PLACEMENT_3D ( 'NONE', #452, #81, #530 ) ;
#624 = AXIS2_PLACEMENT_3D ( 'NONE', #884, #53, #423 ) ;
#625 = EDGE_LOOP ( 'NONE', ( #1138, #862 ) ) ;
#626 = ORIENTED_EDGE ( 'NONE', *, *, #1028, .F. ) ;
#627 = LINE ( 'NONE', #72, #700 ) ;
#628 = DIRECTION ( 'NONE',  ( 0.000000000000000000, 0.000000000000000000, -1.000000000000000000 ) ) ;
#629 =( BOUNDED_SURFACE ( )  B_SPLINE_SURFACE ( 3, 2, ( 
 ( #111, #851, #582 ),
 ( #23, #1133, #1046 ),
 ( #201, #774, #704 ),
 ( #1066, #1153, #1073 ),
 ( #610, #32, #300 ),
 ( #222, #597, #505 ),
 ( #50, #313, #141 ),
 ( #425, #326, #517 ),
 ( #123, #865, #588 ),
 ( #397, #491, #887 ),
 ( #794, #419, #857 ),
 ( #684, #1164, #965 ),
 ( #1139, #209, #136 ),
 ( #874, #691, #496 ) ),
 .UNSPECIFIED., .F., .F., .F. ) 
 B_SPLINE_SURFACE_WITH_KNOTS ( ( 4, 2, 2, 2, 2, 2, 4 ),
 ( 3, 3 ),
 ( 0.003239555005371087988, 0.003763418412354707383, 0.004025350115846516863, 0.004287281819338326777, 0.004549213522830136691, 0.004811145226321946605, 0.005335008633305565566 ),
 ( 0.000000000000000000, 1.000000000000000000 ),
 .UNSPECIFIED. ) 
 GEOMETRIC_REPRESENTATION_ITEM ( )  RATIONAL_B_SPLINE_SURFACE ( (
 ( 1.000000000000000000, 0.7071067811865475727, 1.000000000000000000),
 ( 1.000000000000000000, 0.7216946905875236684, 1.000000000000000000),
 ( 1.000000000000000000, 0.7413944954724549508, 1.000000000000000000),
 ( 1.000000000000000000, 0.7676676426419493104, 1.000000000000000000),
 ( 1.000000000000000000, 0.7757639251967239913, 1.000000000000000000),
 ( 1.000000000000000000, 0.7873018533491337179, 1.000000000000000000),
 ( 1.000000000000000000, 0.7906203290518125648, 1.000000000000000000),
 ( 1.000000000000000000, 0.7905172643527438314, 1.000000000000000000),
 ( 1.000000000000000000, 0.7870985303248375642, 1.000000000000000000),
 ( 1.000000000000000000, 0.7754499845770209676, 1.000000000000000000),
 ( 1.000000000000000000, 0.7673432092286133210, 1.000000000000000000),
 ( 1.000000000000000000, 0.7411546210474562191, 1.000000000000000000),
 ( 1.000000000000000000, 0.7217010112496273777, 1.000000000000000000),
 ( 1.000000000000000000, 0.7071067811865496822, 1.000000000000000000) ) ) 
 REPRESENTATION_ITEM ( '' )  SURFACE ( )  );
#630 = CARTESIAN_POINT ( 'NONE',  ( 3.673940397442057403E-16, 0.000000000000000000, -8.000000000000000000 ) ) ;
#631 = CARTESIAN_POINT ( 'NONE',  ( -6.921875000000000888, 2.000000000000000000, 1.042902912247827718 ) ) ;
#632 = VERTEX_POINT ( 'NONE', #573 ) ;
#633 = CARTESIAN_POINT ( 'NONE',  ( 2.326828918379970576E-15, 2.000000000000000000, 8.000000000000000000 ) ) ;
#634 = EDGE_CURVE ( 'NONE', #409, #1136, #892, .T. ) ;
#635 = CARTESIAN_POINT ( 'NONE',  ( 0.000000000000000000, 4.000000000000000000, 0.000000000000000000 ) ) ;
#636 = CARTESIAN_POINT ( 'NONE',  ( 0.000000000000000000, 2.000000000000000000, 0.000000000000000000 ) ) ;
#637 = CARTESIAN_POINT ( 'NONE',  ( 3.673940397442057403E-16, 2.000000000000000000, -9.500000000000000000 ) ) ;
#638 = CIRCLE ( 'NONE', #131, 1.499999999999999556 ) ;
#639 = AXIS2_PLACEMENT_3D ( 'NONE', #1063, #134, #877 ) ;
#640 = ADVANCED_FACE ( 'NONE', ( #283 ), #188, .T. ) ;
#641 =( NAMED_UNIT ( * ) PLANE_ANGLE_UNIT ( ) SI_UNIT ( $, .RADIAN. ) );
#642 =( BOUNDED_SURFACE ( )  B_SPLINE_SURFACE ( 3, 2, ( 
 ( #1037, #20, #763 ),
 ( #1131, #289, #1015 ),
 ( #488, #121, #494 ),
 ( #701, #410, #1137 ),
 ( #983, #214, #1163 ),
 ( #855, #140, #609 ),
 ( #36, #779, #675 ),
 ( #311, #403, #206 ),
 ( #317, #29, #878 ),
 ( #416, #1043, #953 ),
 ( #395, #48, #1072 ),
 ( #788, #602, #863 ),
 ( #226, #44, #198 ),
 ( #1058, #772, #220 ) ),
 .UNSPECIFIED., .F., .F., .F. ) 
 B_SPLINE_SURFACE_WITH_KNOTS ( ( 4, 2, 2, 2, 2, 2, 4 ),
 ( 3, 3 ),
 ( 0.003239555005371085820, 0.003763418412354705214, 0.004025350115846515128, 0.004287281819338325042, 0.004549213522830134956, 0.004811145226321944871, 0.005335008633305564699 ),
 ( 0.000000000000000000, 1.000000000000000000 ),
 .UNSPECIFIED. ) 
 GEOMETRIC_REPRESENTATION_ITEM ( )  RATIONAL_B_SPLINE_SURFACE ( (
 ( 1.000000000000000000, 0.7071067811865473507, 1.000000000000000000),
 ( 1.000000000000000000, 0.7216946905875157858, 1.000000000000000000),
 ( 1.000000000000000000, 0.7413944954724646097, 1.000000000000000000),
 ( 1.000000000000000000, 0.7676676426419444255, 1.000000000000000000),
 ( 1.000000000000000000, 0.7757639251967335392, 1.000000000000000000),
 ( 1.000000000000000000, 0.7873018533491239479, 1.000000000000000000),
 ( 1.000000000000000000, 0.7906203290518173388, 1.000000000000000000),
 ( 1.000000000000000000, 0.7905172643527388354, 1.000000000000000000),
 ( 1.000000000000000000, 0.7870985303248423381, 1.000000000000000000),
 ( 1.000000000000000000, 0.7754499845770161937, 1.000000000000000000),
 ( 1.000000000000000000, 0.7673432092286134321, 1.000000000000000000),
 ( 1.000000000000000000, 0.7411546210474563301, 1.000000000000000000),
 ( 1.000000000000000000, 0.7217010112496274887, 1.000000000000000000),
 ( 1.000000000000000000, 0.7071067811865495711, 1.000000000000000000) ) ) 
 REPRESENTATION_ITEM ( '' )  SURFACE ( )  );
#643 = DIRECTION ( 'NONE',  ( -0.9888392857142862535, 0.000000000000000000, 0.1489861303211143795 ) ) ;
#644 = DIRECTION ( 'NONE',  ( 0.000000000000000000, 1.000000000000000000, 0.000000000000000000 ) ) ;
#645 = ORIENTED_EDGE ( 'NONE', *, *, #620, .T. ) ;
#646 = CARTESIAN_POINT ( 'NONE',  ( 8.000000000000000000, 0.000000000000000000, -1.500000000000000444 ) ) ;
#647 = EDGE_CURVE ( 'NONE', #724, #1050, #147, .T. ) ;
#648 = CARTESIAN_POINT ( 'NONE',  ( 2.326828918379970576E-15, 2.000000000000000000, 8.000000000000000000 ) ) ;
#649 = FACE_OUTER_BOUND ( 'NONE', #208, .T. ) ;
#650 = ORIENTED_EDGE ( 'NONE', *, *, #97, .T. ) ;
#651 = CIRCLE ( 'NONE', #768, 1.499999999999999556 ) ;
#652 = CARTESIAN_POINT ( 'NONE',  ( -8.102133547631228124E-15, 3.936491673103709399, -5.000000000000000000 ) ) ;
#653 = DIRECTION ( 'NONE',  ( 0.000000000000000000, 0.000000000000000000, -1.000000000000000000 ) ) ;
#654 = FACE_OUTER_BOUND ( 'NONE', #152, .T. ) ;
#655 = CARTESIAN_POINT ( 'NONE',  ( 6.921875000000000000, 2.000000000000000000, -1.042902912247828162 ) ) ;
#656 = ADVANCED_FACE ( 'NONE', ( #1039 ), #629, .F. ) ;
#657 = ORIENTED_EDGE ( 'NONE', *, *, #434, .F. ) ;
#658 = DIRECTION ( 'NONE',  ( -0.000000000000000000, -1.000000000000000000, -0.000000000000000000 ) ) ;
#659 = CARTESIAN_POINT ( 'NONE',  ( 4.946295036815502755, 2.081963532242881776, 0.7310021070101833107 ) ) ;
#660 = SECURITY_CLASSIFICATION ( '', '', #383 ) ;
#661 = PERSON_AND_ORGANIZATION ( #948, #1068 ) ;
#662 = VECTOR ( 'NONE', #845, 1000.000000000000000 ) ;
#663 = CIRCLE ( 'NONE', #639, 1.499999999999999556 ) ;
#664 = CARTESIAN_POINT ( 'NONE',  ( -4.999938220569339009, 3.936670327600128250, 0.2495611326294988330 ) ) ;
#665 = ORIENTED_EDGE ( 'NONE', *, *, #285, .F. ) ;
#666 = CARTESIAN_POINT ( 'NONE',  ( 8.000000000000000000, 2.000000000000000000, -1.500000000000000444 ) ) ;
#667 = CARTESIAN_POINT ( 'NONE',  ( 4.960093419179523622, 2.181002983837482034, 0.6663298976559830500 ) ) ;
#668 = DIRECTION ( 'NONE',  ( -1.000000000000000000, 0.000000000000000000, 0.000000000000000000 ) ) ;
#669 = ORIENTED_EDGE ( 'NONE', *, *, #1116, .T. ) ;
#670 = CARTESIAN_POINT ( 'NONE',  ( 0.000000000000000000, 2.000000000000000000, 0.000000000000000000 ) ) ;
#671 = CIRCLE ( 'NONE', #287, 11.00000000000000000 ) ;
#672 = CARTESIAN_POINT ( 'NONE',  ( 4.944196428571427937, 4.000000000000000000, 0.7449306516055914651 ) ) ;
#673 = PERSON_AND_ORGANIZATION_ROLE ( 'classification_officer' ) ;
#674 = EDGE_CURVE ( 'NONE', #8, #193, #930, .T. ) ;
#675 = CARTESIAN_POINT ( 'NONE',  ( -6.499731049970941754, 1.999999999852990928, -0.1273106922015319054 ) ) ;
#676 = EDGE_LOOP ( 'NONE', ( #946, #683, #218, #484, #520 ) ) ;
#677 = CARTESIAN_POINT ( 'NONE',  ( -0.4968099139278381315, 4.000000000000000000, -4.981580206798167154 ) ) ;
#678 = CARTESIAN_POINT ( 'NONE',  ( 4.987555068390369328, 2.329089666823949578, -0.3887137883057998344 ) ) ;
#679 = ORIENTED_EDGE ( 'NONE', *, *, #475, .F. ) ;
#680 = AXIS2_PLACEMENT_3D ( 'NONE', #1158, #319, #1000 ) ;
#681 = AXIS2_PLACEMENT_3D ( 'NONE', #276, #1021, #464 ) ;
#682 = CARTESIAN_POINT ( 'NONE',  ( 8.754573389217777324E-15, 3.936491673103708511, 5.000000000000000000 ) ) ;
#683 = ORIENTED_EDGE ( 'NONE', *, *, #278, .T. ) ;
#684 = CARTESIAN_POINT ( 'NONE',  ( -0.4976688784583070957, 3.984749171719968341, -4.976722736432985350 ) ) ;
#685 = DIRECTION ( 'NONE',  ( -0.000000000000000000, -1.000000000000000000, -0.000000000000000000 ) ) ;
#686 = DIRECTION ( 'NONE',  ( 0.000000000000000000, 1.000000000000000000, 0.000000000000000000 ) ) ;
#687 = PERSON_AND_ORGANIZATION_ROLE ( 'design_owner' ) ;
#688 = ORIENTED_EDGE ( 'NONE', *, *, #369, .F. ) ;
#689 = EDGE_CURVE ( 'NONE', #8, #503, #239, .T. ) ;
#690 = VERTEX_POINT ( 'NONE', #781 ) ;
#691 = CARTESIAN_POINT ( 'NONE',  ( -0.7449306516055874683, 2.000000000000012434, -4.944196428571428825 ) ) ;
#692 = CARTESIAN_POINT ( 'NONE',  ( 0.3117825089665694493, 3.960259946088115601, 4.990656524354411872 ) ) ;
#693 = EDGE_LOOP ( 'NONE', ( #135, #471, #820, #923, #1156, #133 ) ) ;
#694 = DIRECTION ( 'NONE',  ( 0.000000000000000000, 0.000000000000000000, 1.000000000000000000 ) ) ;
#695 = VERTEX_POINT ( 'NONE', #616 ) ;
#696 = ADVANCED_FACE ( 'NONE', ( #1054 ), #1147, .F. ) ;
#697 = DIRECTION ( 'NONE',  ( 0.000000000000000000, 0.000000000000000000, 1.000000000000000000 ) ) ;
#698 = DIRECTION ( 'NONE',  ( 0.000000000000000000, 0.000000000000000000, 1.000000000000000000 ) ) ;
#699 = ORIENTED_EDGE ( 'NONE', *, *, #1014, .T. ) ;
#700 = VECTOR ( 'NONE', #810, 1000.000000000000000 ) ;
#701 = CARTESIAN_POINT ( 'NONE',  ( -4.990810426336478756, 3.959941031844426362, -0.3093707992165793397 ) ) ;
#702 = ORIENTED_EDGE ( 'NONE', *, *, #1083, .F. ) ;
#703 = VECTOR ( 'NONE', #668, 1000.000000000000000 ) ;
#704 = CARTESIAN_POINT ( 'NONE',  ( 0.8563180701007203632, 2.000000012403145178, -6.752981604214463474 ) ) ;
#705 = EDGE_CURVE ( 'NONE', #889, #1099, #720, .T. ) ;
#706 = ORIENTED_EDGE ( 'NONE', *, *, #647, .T. ) ;
#707 = DIRECTION ( 'NONE',  ( 0.000000000000000000, 1.000000000000000000, 0.000000000000000000 ) ) ;
#708 = CARTESIAN_POINT ( 'NONE',  ( 0.06360591643808687079, 3.936545866873709443, 4.999981259484314045 ) ) ;
#709 = CIRCLE ( 'NONE', #613, 1.999999999999999778 ) ;
#710 = LINE ( 'NONE', #866, #213 ) ;
#711 = AXIS2_PLACEMENT_3D ( 'NONE', #378, #756, #832 ) ;
#712 = DIRECTION ( 'NONE',  ( 0.9888392857142856984, 0.000000000000000000, -0.1489861303211185428 ) ) ;
#713 = CARTESIAN_POINT ( 'NONE',  ( 6.921875000000000000, 4.000000000000000000, -1.042902912247828384 ) ) ;
#714 = CARTESIAN_POINT ( 'NONE',  ( -1.824820481392712912, 7.330422643127998406, -1.830422643127996629 ) ) ;
#715 = ORIENTED_EDGE ( 'NONE', *, *, #322, .F. ) ;
#716 = ORIENTED_EDGE ( 'NONE', *, *, #596, .F. ) ;
#717 = LOCAL_TIME ( 14, 26, 51.00000000000000000, #571 ) ;
#718 = FACE_OUTER_BOUND ( 'NONE', #225, .T. ) ;
#719 = CARTESIAN_POINT ( 'NONE',  ( 3.673940397442057403E-16, 2.000000000000000000, -8.000000000000000000 ) ) ;
#720 = CIRCLE ( 'NONE', #427, 2.250000000000000000 ) ;
#721 = DIRECTION ( 'NONE',  ( -0.000000000000000000, -1.000000000000000000, -0.000000000000000000 ) ) ;
#722 = DIRECTION ( 'NONE',  ( 0.000000000000000000, 0.000000000000000000, 1.000000000000000000 ) ) ;
#723 = EDGE_CURVE ( 'NONE', #298, #974, #274, .T. ) ;
#724 = VERTEX_POINT ( 'NONE', #880 ) ;
#725 = FACE_OUTER_BOUND ( 'NONE', #348, .T. ) ;
#726 = VERTEX_POINT ( 'NONE', #790 ) ;
#727 = FACE_OUTER_BOUND ( 'NONE', #693, .T. ) ;
#728 = DIRECTION ( 'NONE',  ( 0.000000000000000000, 1.000000000000000000, 0.000000000000000000 ) ) ;
#729 = EDGE_CURVE ( 'NONE', #998, #757, #1104, .T. ) ;
#730 = DIRECTION ( 'NONE',  ( 0.000000000000000000, 1.000000000000000000, 0.000000000000000000 ) ) ;
#731 = FACE_BOUND ( 'NONE', #52, .T. ) ;
#732 = DIRECTION ( 'NONE',  ( 0.000000000000000000, 0.000000000000000000, 1.000000000000000000 ) ) ;
#733 = CARTESIAN_POINT ( 'NONE',  ( 2.326828918379970576E-15, 0.000000000000000000, 6.500000000000000000 ) ) ;
#734 = ORIENTED_EDGE ( 'NONE', *, *, #65, .T. ) ;
#735 = CIRCLE ( 'NONE', #1071, 5.000000000000000000 ) ;
#736 = CIRCLE ( 'NONE', #793, 2.000000000000000444 ) ;
#737 = DIRECTION ( 'NONE',  ( 0.000000000000000000, -0.000000000000000000, 1.000000000000000000 ) ) ;
#738 = EDGE_CURVE ( 'NONE', #1136, #344, #1096, .T. ) ;
#739 = CARTESIAN_POINT ( 'NONE',  ( -5.000061471490777620, 3.936313909113926091, -0.2470794401460305045 ) ) ;
#740 = ORIENTED_EDGE ( 'NONE', *, *, #723, .T. ) ;
#741 = DIRECTION ( 'NONE',  ( 0.000000000000000000, 1.000000000000000000, 0.000000000000000000 ) ) ;
#742 = DIRECTION ( 'NONE',  ( 0.000000000000000000, 0.000000000000000000, 1.000000000000000000 ) ) ;
#743 = CARTESIAN_POINT ( 'NONE',  ( -8.102133547631228124E-15, 3.936491673103709399, -5.000000000000000000 ) ) ;
#744 = EDGE_CURVE ( 'NONE', #103, #221, #604, .T. ) ;
#745 = DIRECTION ( 'NONE',  ( -0.9888392857142856984, -1.072101701810442948E-16, -0.1489861303211182653 ) ) ;
#746 = ORIENTED_EDGE ( 'NONE', *, *, #285, .T. ) ;
#747 = PLANE ( 'NONE',  #525 ) ;
#748 = ORIENTED_EDGE ( 'NONE', *, *, #191, .T. ) ;
#749 = CIRCLE ( 'NONE', #843, 5.000000000000000000 ) ;
#750 = ORIENTED_EDGE ( 'NONE', *, *, #132, .T. ) ;
#751 = DIRECTION ( 'NONE',  ( -1.000000000000000000, -0.000000000000000000, -0.000000000000000000 ) ) ;
#752 = DIRECTION ( 'NONE',  ( 0.000000000000000000, 1.000000000000000000, 0.000000000000000000 ) ) ;
#753 = APPROVAL_STATUS ( 'not_yet_approved' ) ;
#754 = CIRCLE ( 'NONE', #1091, 1.499999999999999556 ) ;
#755 = DIRECTION ( 'NONE',  ( 0.000000000000000000, 0.000000000000000000, -1.000000000000000000 ) ) ;
#756 = DIRECTION ( 'NONE',  ( -0.000000000000000000, -1.000000000000000000, -0.000000000000000000 ) ) ;
#757 = VERTEX_POINT ( 'NONE', #1100 ) ;
#758 = PRODUCT_DEFINITION_SHAPE ( 'NONE', 'NONE',  #144 ) ;
#759 = EDGE_CURVE ( 'NONE', #1065, #724, #536, .T. ) ;
#760 = CARTESIAN_POINT ( 'NONE',  ( 1.347111479062088405E-15, 0.000000000000000000, 11.00000000000000000 ) ) ;
#761 = CARTESIAN_POINT ( 'NONE',  ( 5.000018296113629468, 3.936438764462818263, 0.06062463467305374831 ) ) ;
#762 = COORDINATED_UNIVERSAL_TIME_OFFSET ( 6, 0, .BEHIND. ) ;
#763 = CARTESIAN_POINT ( 'NONE',  ( -6.921875000000000888, 2.000000000000000000, -1.042902912247827940 ) ) ;
#764 = ORIENTED_EDGE ( 'NONE', *, *, #906, .F. ) ;
#765 = LINE ( 'NONE', #362, #1196 ) ;
#766 = CIRCLE ( 'NONE', #230, 11.00000000000000000 ) ;
#767 = CARTESIAN_POINT ( 'NONE',  ( 6.517335017160303501, 1.999999992731391174, 0.2574409306648687279 ) ) ;
#768 = AXIS2_PLACEMENT_3D ( 'NONE', #453, #904, #1022 ) ;
#769 = EDGE_CURVE ( 'NONE', #503, #554, #58, .T. ) ;
#770 = SHAPE_DEFINITION_REPRESENTATION ( #758, #393 ) ;
#771 = ORIENTED_EDGE ( 'NONE', *, *, #278, .F. ) ;
#772 = CARTESIAN_POINT ( 'NONE',  ( -4.944196428571428825, 2.000000000000011546, 0.7449306516055870242 ) ) ;
#773 = ORIENTED_EDGE ( 'NONE', *, *, #400, .F. ) ;
#774 = CARTESIAN_POINT ( 'NONE',  ( 0.6663298976560312337, 2.181002983837482034, -4.960093419179759877 ) ) ;
#775 = CARTESIAN_POINT ( 'NONE',  ( 4.962806451395114671, 3.999999976070981678, -0.6214136394083007442 ) ) ;
#776 = ADVANCED_FACE ( 'NONE', ( #432 ), #299, .F. ) ;
#777 = ORIENTED_EDGE ( 'NONE', *, *, #65, .F. ) ;
#778 = AXIS2_PLACEMENT_3D ( 'NONE', #579, #594, #1145 ) ;
#779 = CARTESIAN_POINT ( 'NONE',  ( -5.000041712000975913, 2.387487282521816745, -0.09941700338732754882 ) ) ;
#780 = EDGE_LOOP ( 'NONE', ( #1034, #797, #380, #493 ) ) ;
#781 = CARTESIAN_POINT ( 'NONE',  ( 2.510525938252073693E-15, 2.000000000000000000, 9.500000000000000000 ) ) ;
#782 = CARTESIAN_POINT ( 'NONE',  ( -6.921875000000000888, 4.000000000000000000, -1.042902912247827940 ) ) ;
#783 = ORIENTED_EDGE ( 'NONE', *, *, #56, .F. ) ;
#784 = EDGE_CURVE ( 'NONE', #907, #182, #910, .T. ) ;
#785 = LINE ( 'NONE', #1155, #93 ) ;
#786 = ORIENTED_EDGE ( 'NONE', *, *, #634, .F. ) ;
#787 = ORIENTED_EDGE ( 'NONE', *, *, #744, .F. ) ;
#788 = CARTESIAN_POINT ( 'NONE',  ( -4.976722736432956928, 3.984749171719969230, 0.4976688784586931202 ) ) ;
#789 = ORIENTED_EDGE ( 'NONE', *, *, #849, .F. ) ;
#790 = CARTESIAN_POINT ( 'NONE',  ( -8.000000000000000000, 0.000000000000000000, 1.499999999999999556 ) ) ;
#791 = CARTESIAN_POINT ( 'NONE',  ( -1.955407563357941525, 7.664278375839856494, -2.164278375839855606 ) ) ;
#792 = ORIENTED_EDGE ( 'NONE', *, *, #340, .T. ) ;
#793 = AXIS2_PLACEMENT_3D ( 'NONE', #893, #712, #252 ) ;
#794 = CARTESIAN_POINT ( 'NONE',  ( -0.3117825089665522409, 3.960259946088114713, -4.990656524354412760 ) ) ;
#795 = CARTESIAN_POINT ( 'NONE',  ( -0.1227737381900485397, 3.939913064153239830, 4.998879780867659939 ) ) ;
#796 = CC_DESIGN_PERSON_AND_ORGANIZATION_ASSIGNMENT ( #1130, #673, ( #660 ) ) ;
#797 = ORIENTED_EDGE ( 'NONE', *, *, #388, .F. ) ;
#798 = CARTESIAN_POINT ( 'NONE',  ( 4.981518042195849816, 4.000000000000000000, -0.4972225080452880031 ) ) ;
#799 = CARTESIAN_POINT ( 'NONE',  ( 8.000000000000000000, 0.000000000000000000, 0.000000000000000000 ) ) ;
#800 = DIRECTION ( 'NONE',  ( 0.000000000000000000, 1.000000000000000000, 0.000000000000000000 ) ) ;
#801 = CARTESIAN_POINT ( 'NONE',  ( 4.944196428571427937, 1.999999999999999334, -0.7449306516055920202 ) ) ;
#802 = ORIENTED_EDGE ( 'NONE', *, *, #1175, .F. ) ;
#803 = MANIFOLD_SOLID_BREP ( 'Redondeo1', #437 ) ;
#804 = AXIS2_PLACEMENT_3D ( 'NONE', #719, #250, #628 ) ;
#805 = DIRECTION ( 'NONE',  ( -0.000000000000000000, -1.000000000000000000, -0.000000000000000000 ) ) ;
#806 = CARTESIAN_POINT ( 'NONE',  ( -0.2479086902724825792, 3.936491673103707623, 5.000000000000000888 ) ) ;
#807 = CARTESIAN_POINT ( 'NONE',  ( -8.000000000000000000, 2.000000000000000000, 1.499999999999999556 ) ) ;
#808 = FACE_OUTER_BOUND ( 'NONE', #977, .T. ) ;
#809 = ADVANCED_FACE ( 'NONE', ( #145 ), #450, .F. ) ;
#810 = DIRECTION ( 'NONE',  ( -0.000000000000000000, -1.000000000000000000, -0.000000000000000000 ) ) ;
#811 = DIRECTION ( 'NONE',  ( 0.000000000000000000, 0.000000000000000000, 1.000000000000000000 ) ) ;
#812 = DIRECTION ( 'NONE',  ( 0.000000000000000000, 0.000000000000000000, 1.000000000000000000 ) ) ;
#813 = CARTESIAN_POINT ( 'NONE',  ( 0.000000000000000000, 2.000000000000000000, 0.000000000000000000 ) ) ;
#814 = DIRECTION ( 'NONE',  ( -0.000000000000000000, -1.000000000000000000, -0.000000000000000000 ) ) ;
#815 = ORIENTED_EDGE ( 'NONE', *, *, #490, .F. ) ;
#816 = DIRECTION ( 'NONE',  ( 0.000000000000000000, 1.000000000000000000, 0.000000000000000000 ) ) ;
#817 = B_SPLINE_CURVE_WITH_KNOTS ( 'NONE', 3,
 ( #327, #791, #714, #1159 ),
 .UNSPECIFIED., .F., .F.,
 ( 4, 4 ),
 ( 0.000000000000000000, 0.001469586384709139267 ),
 .UNSPECIFIED. ) ;
#818 = CARTESIAN_POINT ( 'NONE',  ( 0.4965534638442087312, 4.000000000000000000, -4.981618845539702356 ) ) ;
#819 = CARTESIAN_POINT ( 'NONE',  ( 0.000000000000000000, 4.000000000000000000, 0.000000000000000000 ) ) ;
#820 = ORIENTED_EDGE ( 'NONE', *, *, #1121, .F. ) ;
#821 = EDGE_CURVE ( 'NONE', #103, #587, #735, .T. ) ;
#822 = CARTESIAN_POINT ( 'NONE',  ( 0.000000000000000000, 0.000000000000000000, 2.250000000000000000 ) ) ;
#823 = DIRECTION ( 'NONE',  ( 0.000000000000000000, 1.000000000000000000, 0.000000000000000000 ) ) ;
#824 = CYLINDRICAL_SURFACE ( 'NONE', #894, 1.500000000000000444 ) ;
#825 = CARTESIAN_POINT ( 'NONE',  ( 0.000000000000000000, 2.000000000000000000, 0.000000000000000000 ) ) ;
#826 = ORIENTED_EDGE ( 'NONE', *, *, #937, .F. ) ;
#827 = DIRECTION ( 'NONE',  ( 0.000000000000000000, 0.000000000000000000, 1.000000000000000000 ) ) ;
#828 = AXIS2_PLACEMENT_3D ( 'NONE', #406, #707, #232 ) ;
#829 = ADVANCED_FACE ( 'NONE', ( #718 ), #439, .F. ) ;
#830 = CONICAL_SURFACE ( 'NONE', #681, 2.250000000000000000, 0.7853981633974492782 ) ;
#831 = CARTESIAN_POINT ( 'NONE',  ( 1.677050983124841910, 7.000000000000002665, -1.500000000000000000 ) ) ;
#832 = DIRECTION ( 'NONE',  ( 0.000000000000000000, 0.000000000000000000, -1.000000000000000000 ) ) ;
#833 = VERTEX_POINT ( 'NONE', #151 ) ;
#834 = CARTESIAN_POINT ( 'NONE',  ( 8.000000000000000000, 0.000000000000000000, 0.000000000000000000 ) ) ;
#835 = FACE_BOUND ( 'NONE', #1144, .T. ) ;
#836 = CARTESIAN_POINT ( 'NONE',  ( 0.000000000000000000, 2.000000000000000000, -11.00000000000000000 ) ) ;
#837 = DIRECTION ( 'NONE',  ( -0.000000000000000000, 1.000000000000000000, -0.000000000000000000 ) ) ;
#838 = ORIENTED_EDGE ( 'NONE', *, *, #243, .T. ) ;
#839 = CARTESIAN_POINT ( 'NONE',  ( 1.347111479062088405E-15, 2.000000000000000000, 11.00000000000000000 ) ) ;
#840 = CARTESIAN_POINT ( 'NONE',  ( 4.981085642859762963, 2.297435792445758018, 0.4664813082957578461 ) ) ;
#841 = PERSON_AND_ORGANIZATION ( #948, #1068 ) ;
#842 = ADVANCED_FACE ( 'NONE', ( #1092 ), #345, .F. ) ;
#843 = AXIS2_PLACEMENT_3D ( 'NONE', #350, #730, #1094 ) ;
#844 = ORIENTED_EDGE ( 'NONE', *, *, #769, .T. ) ;
#845 = DIRECTION ( 'NONE',  ( -0.000000000000000000, -1.000000000000000000, -0.000000000000000000 ) ) ;
#846 = LINE ( 'NONE', #33, #84 ) ;
#847 = AXIS2_PLACEMENT_3D ( 'NONE', #540, #908, #352 ) ;
#848 = CARTESIAN_POINT ( 'NONE',  ( -1.677050983124841910, 0.000000000000000000, -1.500000000000000000 ) ) ;
#849 = EDGE_CURVE ( 'NONE', #364, #833, #544, .T. ) ;
#850 = ORIENTED_EDGE ( 'NONE', *, *, #1075, .T. ) ;
#851 = CARTESIAN_POINT ( 'NONE',  ( 0.7449306516055914651, 2.000000000000000000, -4.944196428571427937 ) ) ;
#852 = CARTESIAN_POINT ( 'NONE',  ( 6.619464463209200566, 1.999999993798427411, 0.5947313312094170135 ) ) ;
#853 = DATE_TIME_ROLE ( 'creation_date' ) ;
#854 = EDGE_LOOP ( 'NONE', ( #669, #981, #1045, #290, #495, #1081 ) ) ;
#855 = CARTESIAN_POINT ( 'NONE',  ( -4.998879780867659051, 3.939913064153240718, -0.1227737381900520369 ) ) ;
#856 = ORIENTED_EDGE ( 'NONE', *, *, #821, .T. ) ;
#857 = CARTESIAN_POINT ( 'NONE',  ( -0.5984523099233571841, 1.999999993802074272, -6.621127588227523120 ) ) ;
#858 = DIRECTION ( 'NONE',  ( 0.1489861303211182653, -1.072101701810442948E-16, -0.9888392857142856984 ) ) ;
#859 = CIRCLE ( 'NONE', #1020, 11.00000000000000000 ) ;
#860 = ADVANCED_FACE ( 'NONE', ( #727 ), #898, .F. ) ;
#861 = APPLICATION_PROTOCOL_DEFINITION ( 'international standard', 'config_control_design', 1994, #391 ) ;
#862 = ORIENTED_EDGE ( 'NONE', *, *, #216, .T. ) ;
#863 = CARTESIAN_POINT ( 'NONE',  ( -6.754171090331207772, 2.000000012395844795, 0.8576993231847858112 ) ) ;
#864 = VERTEX_POINT ( 'NONE', #335 ) ;
#865 = CARTESIAN_POINT ( 'NONE',  ( -0.2064756114419672717, 2.374473283397970924, -4.997117839954341889 ) ) ;
#866 = CARTESIAN_POINT ( 'NONE',  ( 5.510910596163086597E-16, 2.000000000000000000, -6.500000000000000888 ) ) ;
#867 = EDGE_CURVE ( 'NONE', #962, #344, #185, .T. ) ;
#868 = AXIS2_PLACEMENT_3D ( 'NONE', #190, #950, #293 ) ;
#869 = ORIENTED_EDGE ( 'NONE', *, *, #1067, .F. ) ;
#870 = VECTOR ( 'NONE', #384, 1000.000000000000000 ) ;
#871 = DIRECTION ( 'NONE',  ( 0.000000000000000000, 0.000000000000000000, 1.000000000000000000 ) ) ;
#872 = LINE ( 'NONE', #1064, #241 ) ;
#873 = ORIENTED_EDGE ( 'NONE', *, *, #1186, .F. ) ;
#874 = CARTESIAN_POINT ( 'NONE',  ( -0.7449306516055722582, 4.000000000000000000, -4.944196428571431490 ) ) ;
#875 = CARTESIAN_POINT ( 'NONE',  ( 0.7310020993805598222, 2.081963535593255532, 4.946295038502380947 ) ) ;
#876 = ORIENTED_EDGE ( 'NONE', *, *, #738, .T. ) ;
#877 = DIRECTION ( 'NONE',  ( 0.000000000000000000, 0.000000000000000000, 1.000000000000000000 ) ) ;
#878 = CARTESIAN_POINT ( 'NONE',  ( -6.518406433499674968, 1.999999992589288178, 0.2632846855644664918 ) ) ;
#879 = EDGE_LOOP ( 'NONE', ( #601, #581, #777, #535 ) ) ;
#880 = CARTESIAN_POINT ( 'NONE',  ( 0.000000000000000000, 8.000000000000000000, 3.249999999999999556 ) ) ;
#881 = CARTESIAN_POINT ( 'NONE',  ( -0.7449306516055878014, 2.000000000000000000, 4.944196428571427937 ) ) ;
#882 = CIRCLE ( 'NONE', #1172, 1.499999999999999556 ) ;
#883 = EDGE_LOOP ( 'NONE', ( #786, #746, #1191, #1038, #1070, #478, #333, #1152 ) ) ;
#884 = CARTESIAN_POINT ( 'NONE',  ( 0.000000000000000000, 8.000000000000000000, 0.000000000000000000 ) ) ;
#885 = EDGE_CURVE ( 'NONE', #554, #371, #627, .T. ) ;
#886 = VERTEX_POINT ( 'NONE', #163 ) ;
#887 = CARTESIAN_POINT ( 'NONE',  ( -0.4957846652232716367, 2.000000007410719149, -6.579212867712712409 ) ) ;
#888 = CARTESIAN_POINT ( 'NONE',  ( -0.3093707992164747567, 3.959941031844426362, 4.990810426336486749 ) ) ;
#889 = VERTEX_POINT ( 'NONE', #158 ) ;
#890 = CARTESIAN_POINT ( 'NONE',  ( -8.000000000000000000, 2.000000000000000000, 0.000000000000000000 ) ) ;
#891 = APPROVAL_PERSON_ORGANIZATION ( #841, #424, #967 ) ;
#892 = CIRCLE ( 'NONE', #949, 5.000000000000000000 ) ;
#893 = CARTESIAN_POINT ( 'NONE',  ( 1.042902912247830161, 4.000000000000000000, 6.921875000000000000 ) ) ;
#894 = AXIS2_PLACEMENT_3D ( 'NONE', #648, #102, #755 ) ;
#895 = DIRECTION ( 'NONE',  ( -0.1489861303211182098, -0.000000000000000000, -0.9888392857142858094 ) ) ;
#896 = CARTESIAN_POINT ( 'NONE',  ( -0.3851395612244025712, 2.330345932622245986, 4.987813216122039428 ) ) ;
#897 = ORIENTED_EDGE ( 'NONE', *, *, #913, .T. ) ;
#898 = CYLINDRICAL_SURFACE ( 'NONE', #14, 1.500000000000000444 ) ;
#899 = CARTESIAN_POINT ( 'NONE',  ( 0.8576993231847822585, 2.000000012395842131, 6.754171090331217542 ) ) ;
#900 = CARTESIAN_POINT ( 'NONE',  ( -8.000000000000000000, 2.000000000000000000, 0.000000000000000000 ) ) ;
#901 = EDGE_CURVE ( 'NONE', #129, #974, #560, .T. ) ;
#902 = ORIENTED_EDGE ( 'NONE', *, *, #442, .F. ) ;
#903 = CARTESIAN_POINT ( 'NONE',  ( 0.7449306516055914651, 4.000000000000000000, -4.944196428571428825 ) ) ;
#904 = DIRECTION ( 'NONE',  ( 0.000000000000000000, 1.000000000000000000, 0.000000000000000000 ) ) ;
#905 = DIRECTION ( 'NONE',  ( 0.000000000000000000, 1.000000000000000000, 0.000000000000000000 ) ) ;
#906 = EDGE_CURVE ( 'NONE', #907, #8, #162, .T. ) ;
#907 = VERTEX_POINT ( 'NONE', #655 ) ;
#908 = DIRECTION ( 'NONE',  ( 0.000000000000000000, 1.000000000000000000, 0.000000000000000000 ) ) ;
#909 = CARTESIAN_POINT ( 'NONE',  ( -0.7449306516055900218, 4.000000000000000000, 4.944196428571428825 ) ) ;
#910 = CIRCLE ( 'NONE', #76, 2.000000000000000444 ) ;
#911 = CARTESIAN_POINT ( 'NONE',  ( 0.000000000000000000, 8.000000000000000000, 0.000000000000000000 ) ) ;
#912 = DIRECTION ( 'NONE',  ( 0.000000000000000000, 0.000000000000000000, 1.000000000000000000 ) ) ;
#913 = EDGE_CURVE ( 'NONE', #148, #562, #108, .T. ) ;
#914 = CARTESIAN_POINT ( 'NONE',  ( -6.921875000000023093, 4.000000000000041744, 1.042902912247803737 ) ) ;
#915 = DIRECTION ( 'NONE',  ( 0.000000000000000000, 1.000000000000000000, 0.000000000000000000 ) ) ;
#916 = ORIENTED_EDGE ( 'NONE', *, *, #356, .F. ) ;
#917 = DIRECTION ( 'NONE',  ( 8.881784197001252323E-16, 0.000000000000000000, 1.000000000000000000 ) ) ;
#918 = AXIS2_PLACEMENT_3D ( 'NONE', #1198, #541, #458 ) ;
#919 = CIRCLE ( 'NONE', #918, 5.000000000000000000 ) ;
#920 = VECTOR ( 'NONE', #186, 1000.000000000000000 ) ;
#921 = CARTESIAN_POINT ( 'NONE',  ( -4.981681282041843239, 3.999999999999999112, -0.4961390650941712166 ) ) ;
#922 = CARTESIAN_POINT ( 'NONE',  ( 0.7449306516055936855, 2.000000000000000888, 4.944196428571427049 ) ) ;
#923 = ORIENTED_EDGE ( 'NONE', *, *, #885, .F. ) ;
#924 = DIRECTION ( 'NONE',  ( 0.000000000000000000, 0.000000000000000000, 1.000000000000000000 ) ) ;
#925 = DIRECTION ( 'NONE',  ( 0.000000000000000000, 1.000000000000000000, 0.000000000000000000 ) ) ;
#926 =( BOUNDED_SURFACE ( )  B_SPLINE_SURFACE ( 3, 2, ( 
 ( #672, #117, #589 ),
 ( #100, #659, #407 ),
 ( #24, #667, #398 ),
 ( #1040, #840, #852 ),
 ( #387, #1030, #195 ),
 ( #10, #1124, #767 ),
 ( #761, #183, #189 ),
 ( #574, #936, #1134 ),
 ( #292, #570, #943 ),
 ( #105, #678, #1047 ),
 ( #210, #479, #202 ),
 ( #583, #957, #492 ),
 ( #775, #301, #531 ),
 ( #622, #801, #611 ) ),
 .UNSPECIFIED., .F., .F., .F. ) 
 B_SPLINE_SURFACE_WITH_KNOTS ( ( 4, 2, 2, 2, 2, 2, 4 ),
 ( 3, 3 ),
 ( 0.003239555005371086253, 0.003763418412354712587, 0.004025350115846525537, 0.004287281819338338920, 0.004549213522830152304, 0.004811145226321964820, 0.005335008633305590720 ),
 ( 0.000000000000000000, 1.000000000000000000 ),
 .UNSPECIFIED. ) 
 GEOMETRIC_REPRESENTATION_ITEM ( )  RATIONAL_B_SPLINE_SURFACE ( (
 ( 1.000000000000000000, 0.7071067811865476838, 1.000000000000000000),
 ( 1.000000000000000000, 0.7216946905875377682, 1.000000000000000000),
 ( 1.000000000000000000, 0.7413944954724358549, 1.000000000000000000),
 ( 1.000000000000000000, 0.7676676426419598576, 1.000000000000000000),
 ( 1.000000000000000000, 0.7757639251967340943, 1.000000000000000000),
 ( 1.000000000000000000, 0.7873018533491247251, 1.000000000000000000),
 ( 1.000000000000000000, 0.7906203290518125648, 1.000000000000000000),
 ( 1.000000000000000000, 0.7905172643527438314, 1.000000000000000000),
 ( 1.000000000000000000, 0.7870985303248463349, 1.000000000000000000),
 ( 1.000000000000000000, 0.7754499845770104205, 1.000000000000000000),
 ( 1.000000000000000000, 0.7673432092286163186, 1.000000000000000000),
 ( 1.000000000000000000, 0.7411546210474444507, 1.000000000000000000),
 ( 1.000000000000000000, 0.7217010112496325958, 1.000000000000000000),
 ( 1.000000000000000000, 0.7071067811865473507, 1.000000000000000000) ) ) 
 REPRESENTATION_ITEM ( '' )  SURFACE ( )  );
#927 = ORIENTED_EDGE ( 'NONE', *, *, #607, .F. ) ;
#928 = FACE_OUTER_BOUND ( 'NONE', #1166, .T. ) ;
#929 = ORIENTED_EDGE ( 'NONE', *, *, #1151, .F. ) ;
#930 = CIRCLE ( 'NONE', #1089, 2.000000000000000444 ) ;
#931 = AXIS2_PLACEMENT_3D ( 'NONE', #546, #363, #742 ) ;
#932 =( NAMED_UNIT ( * ) SI_UNIT ( $, .STERADIAN. ) SOLID_ANGLE_UNIT ( ) );
#933 = FACE_OUTER_BOUND ( 'NONE', #361, .T. ) ;
#934 = DIRECTION ( 'NONE',  ( -0.000000000000000000, -1.000000000000000000, -0.000000000000000000 ) ) ;
#935 = ORIENTED_EDGE ( 'NONE', *, *, #599, .T. ) ;
#936 = CARTESIAN_POINT ( 'NONE',  ( 4.999957269261394721, 2.387104772030168132, -0.1043195744794842422 ) ) ;
#937 = EDGE_CURVE ( 'NONE', #411, #103, #1182, .T. ) ;
#938 = AXIS2_PLACEMENT_3D ( 'NONE', #813, #721, #653 ) ;
#939 = CARTESIAN_POINT ( 'NONE',  ( -1.042902912247827052, 2.000000000000000000, -6.921875000000000000 ) ) ;
#940 = CYLINDRICAL_SURFACE ( 'NONE', #711, 1.500000000000000444 ) ;
#941 = ORIENTED_EDGE ( 'NONE', *, *, #1116, .F. ) ;
#942 = DIRECTION ( 'NONE',  ( 0.000000000000000000, 0.7071067811865483499, 0.7071067811865467956 ) ) ;
#943 = CARTESIAN_POINT ( 'NONE',  ( 6.518406433499682073, 1.999999992589284403, -0.2632846855644527806 ) ) ;
#944 = APPROVAL_DATE_TIME ( #1143, #161 ) ;
#945 = ADVANCED_FACE ( 'NONE', ( #370 ), #830, .F. ) ;
#946 = ORIENTED_EDGE ( 'NONE', *, *, #454, .T. ) ;
#947 = DIRECTION ( 'NONE',  ( 0.000000000000000000, 0.000000000000000000, 1.000000000000000000 ) ) ;
#948 = PERSON ( 'UNSPECIFIED', 'UNSPECIFIED', 'UNSPECIFIED', ('UNSPECIFIED'), ('UNSPECIFIED'), ('UNSPECIFIED') ) ;
#949 = AXIS2_PLACEMENT_3D ( 'NONE', #365, #1119, #381 ) ;
#950 = DIRECTION ( 'NONE',  ( 0.000000000000000000, 0.000000000000000000, 1.000000000000000000 ) ) ;
#951 = AXIS2_PLACEMENT_3D ( 'NONE', #509, #1013, #917 ) ;
#952 = ORIENTED_EDGE ( 'NONE', *, *, #56, .T. ) ;
#953 = CARTESIAN_POINT ( 'NONE',  ( -6.579212867712753265, 2.000000007410712932, 0.4957846652233005580 ) ) ;
#954 = EDGE_CURVE ( 'NONE', #1118, #962, #302, .T. ) ;
#955 = VERTEX_POINT ( 'NONE', #1026 ) ;
#956 = CARTESIAN_POINT ( 'NONE',  ( -8.000000000000000000, 0.000000000000000000, -1.499999999999999556 ) ) ;
#957 = CARTESIAN_POINT ( 'NONE',  ( 4.959921873299755646, 2.179841461244085288, -0.6671856626898473586 ) ) ;
#958 = PERSON_AND_ORGANIZATION ( #948, #1068 ) ;
#959 = ORIENTED_EDGE ( 'NONE', *, *, #369, .T. ) ;
#960 = CARTESIAN_POINT ( 'NONE',  ( -2.076655965729518272, 8.000000000000000000, -2.499999999999999556 ) ) ;
#961 = FACE_OUTER_BOUND ( 'NONE', #264, .T. ) ;
#962 = VERTEX_POINT ( 'NONE', #561 ) ;
#963 = TOROIDAL_SURFACE ( 'NONE', #415, 7.000000000000000000, 2.000000000000000000 ) ;
#964 = ADVANCED_FACE ( 'NONE', ( #933 ), #991, .F. ) ;
#965 = CARTESIAN_POINT ( 'NONE',  ( -0.8576993231848712984, 2.000000012395851012, -6.754171090331209548 ) ) ;
#966 = CARTESIAN_POINT ( 'NONE',  ( -8.000000000000000000, 2.000000000000000000, 0.000000000000000000 ) ) ;
#967 = APPROVAL_ROLE ( '' ) ;
#968 = ORIENTED_EDGE ( 'NONE', *, *, #821, .F. ) ;
#969 = CYLINDRICAL_SURFACE ( 'NONE', #624, 5.000000000000000000 ) ;
#970 = VECTOR ( 'NONE', #155, 1000.000000000000000 ) ;
#971 = ORIENTED_EDGE ( 'NONE', *, *, #261, .T. ) ;
#972 = CARTESIAN_POINT ( 'NONE',  ( 2.326828918379970576E-15, 2.000000000000000000, 8.000000000000000000 ) ) ;
#973 = CARTESIAN_POINT ( 'NONE',  ( 5.510910596163086597E-16, 2.000000000000000000, -6.500000000000000888 ) ) ;
#974 = VERTEX_POINT ( 'NONE', #939 ) ;
#975 = AXIS2_PLACEMENT_3D ( 'NONE', #914, #330, #643 ) ;
#976 = DIRECTION ( 'NONE',  ( -0.000000000000000000, -1.000000000000000000, -0.000000000000000000 ) ) ;
#977 = EDGE_LOOP ( 'NONE', ( #205, #1108, #508, #702 ) ) ;
#978 = DIRECTION ( 'NONE',  ( -0.000000000000000000, -1.000000000000000000, -0.000000000000000000 ) ) ;
#979 = CARTESIAN_POINT ( 'NONE',  ( 0.1335713683275444041, 2.000000000147010404, 6.500275482713759878 ) ) ;
#980 = ADVANCED_FACE ( 'NONE', ( #470 ), #824, .F. ) ;
#981 = ORIENTED_EDGE ( 'NONE', *, *, #729, .F. ) ;
#982 = B_SPLINE_CURVE_WITH_KNOTS ( 'NONE', 3,
 ( #192, #61, #431, #500, #798, #1082 ),
 .UNSPECIFIED., .F., .F.,
 ( 4, 2, 4 ),
 ( 0.000000000000000000, 0.0007539146439590587714, 0.001507829287918117543 ),
 .UNSPECIFIED. ) ;
#983 = CARTESIAN_POINT ( 'NONE',  ( -4.994275822193817049, 3.951721871707333911, -0.2471466491921853192 ) ) ;
#984 = CARTESIAN_POINT ( 'NONE',  ( -0.4664813082956833501, 2.297435792445758462, 4.981085642859687468 ) ) ;
#985 = FACE_OUTER_BOUND ( 'NONE', #66, .T. ) ;
#986 = CC_DESIGN_DATE_AND_TIME_ASSIGNMENT ( #101, #1032, ( #660 ) ) ;
#987 = DIRECTION ( 'NONE',  ( 0.000000000000000000, 1.000000000000000000, 0.000000000000000000 ) ) ;
#988 = CARTESIAN_POINT ( 'NONE',  ( -0.2471466491921805453, 3.951721871707333023, 4.994275822193817937 ) ) ;
#989 = ORIENTED_EDGE ( 'NONE', *, *, #191, .F. ) ;
#990 = CARTESIAN_POINT ( 'NONE',  ( 1.042902912247827940, 2.000000000000000000, -6.921875000000000000 ) ) ;
#991 = TOROIDAL_SURFACE ( 'NONE', #463, 7.000000000000000000, 2.000000000000000000 ) ;
#992 = VECTOR ( 'NONE', #543, 1000.000000000000000 ) ;
#993 = DIRECTION ( 'NONE',  ( 0.000000000000000000, 0.000000000000000000, -1.000000000000000000 ) ) ;
#994 = CARTESIAN_POINT ( 'NONE',  ( -0.06062463467300407277, 3.936438764462818263, 5.000018296113629468 ) ) ;
#995 = EDGE_CURVE ( 'NONE', #955, #83, #482, .T. ) ;
#996 = DIRECTION ( 'NONE',  ( 0.000000000000000000, 1.000000000000000000, 0.000000000000000000 ) ) ;
#997 = LINE ( 'NONE', #160, #527 ) ;
#998 = VERTEX_POINT ( 'NONE', #1126 ) ;
#999 = ORIENTED_EDGE ( 'NONE', *, *, #547, .F. ) ;
#1000 = DIRECTION ( 'NONE',  ( 0.000000000000000000, 0.000000000000000000, 1.000000000000000000 ) ) ;
#1001 = DIRECTION ( 'NONE',  ( -1.776356839400250465E-15, 0.000000000000000000, 1.000000000000000000 ) ) ;
#1002 = ADVANCED_FACE ( 'NONE', ( #476 ), #642, .F. ) ;
#1003 = DIRECTION ( 'NONE',  ( -0.000000000000000000, -1.000000000000000000, -0.000000000000000000 ) ) ;
#1004 = ORIENTED_EDGE ( 'NONE', *, *, #173, .T. ) ;
#1005 = DIRECTION ( 'NONE',  ( 0.000000000000000000, 1.000000000000000000, 0.000000000000000000 ) ) ;
#1006 = CYLINDRICAL_SURFACE ( 'NONE', #804, 1.499999999999999556 ) ;
#1007 = AXIS2_PLACEMENT_3D ( 'NONE', #972, #308, #1060 ) ;
#1008 = CARTESIAN_POINT ( 'NONE',  ( 8.000000000000000000, 2.000000000000000000, 0.000000000000000000 ) ) ;
#1009 = DIRECTION ( 'NONE',  ( -0.000000000000000000, -1.000000000000000000, -0.000000000000000000 ) ) ;
#1010 = CIRCLE ( 'NONE', #1162, 1.499999999999999556 ) ;
#1011 = DIRECTION ( 'NONE',  ( 0.000000000000000000, 0.000000000000000000, 1.000000000000000000 ) ) ;
#1012 = B_SPLINE_CURVE_WITH_KNOTS ( 'NONE', 3,
 ( #831, #619, #1, #615 ),
 .UNSPECIFIED., .F., .F.,
 ( 4, 4 ),
 ( 0.000000000000000000, 0.001469586384709139267 ),
 .UNSPECIFIED. ) ;
#1013 = DIRECTION ( 'NONE',  ( -0.000000000000000000, -1.000000000000000000, -0.000000000000000000 ) ) ;
#1014 = EDGE_CURVE ( 'NONE', #1099, #955, #785, .T. ) ;
#1015 = CARTESIAN_POINT ( 'NONE',  ( -6.849149507280603011, 2.000000000000000000, -0.9677213301882198193 ) ) ;
#1016 = DIRECTION ( 'NONE',  ( 0.000000000000000000, 1.000000000000000000, 0.000000000000000000 ) ) ;
#1017 = ORIENTED_EDGE ( 'NONE', *, *, #937, .T. ) ;
#1018 = CARTESIAN_POINT ( 'NONE',  ( 2.326828918379970576E-15, 2.000000000000000000, 8.000000000000000000 ) ) ;
#1019 =( LENGTH_UNIT ( ) NAMED_UNIT ( * ) SI_UNIT ( .MILLI., .METRE. ) );
#1020 = AXIS2_PLACEMENT_3D ( 'NONE', #1093, #915, #1185 ) ;
#1021 = DIRECTION ( 'NONE',  ( 0.000000000000000000, 1.000000000000000000, 0.000000000000000000 ) ) ;
#1022 = DIRECTION ( 'NONE',  ( 0.000000000000000000, 0.000000000000000000, 1.000000000000000000 ) ) ;
#1023 = EDGE_LOOP ( 'NONE', ( #26, #1004, #1127, #927, #465, #740, #1095, #212, #850, #679, #1059, #31, #838, #94 ) ) ;
#1024 = FACE_BOUND ( 'NONE', #1062, .T. ) ;
#1025 = CARTESIAN_POINT ( 'NONE',  ( 0.000000000000000000, 8.000000000000000000, 0.000000000000000000 ) ) ;
#1026 = CARTESIAN_POINT ( 'NONE',  ( 1.677050983124841910, 7.000000000000002665, -1.500000000000000000 ) ) ;
#1027 = ORIENTED_EDGE ( 'NONE', *, *, #558, .T. ) ;
#1028 = EDGE_CURVE ( 'NONE', #562, #726, #359, .T. ) ;
#1029 = DIRECTION ( 'NONE',  ( 0.000000000000000000, 0.000000000000000000, 1.000000000000000000 ) ) ;
#1030 = CARTESIAN_POINT ( 'NONE',  ( 4.987813216122039428, 2.330345932622245986, 0.3851395612244024602 ) ) ;
#1031 = VECTOR ( 'NONE', #77, 1000.000000000000000 ) ;
#1032 = DATE_TIME_ROLE ( 'classification_date' ) ;
#1033 = DIRECTION ( 'NONE',  ( 0.1489861303211182653, 0.000000000000000000, -0.9888392857142858094 ) ) ;
#1034 = ORIENTED_EDGE ( 'NONE', *, *, #954, .T. ) ;
#1035 = FACE_OUTER_BOUND ( 'NONE', #49, .T. ) ;
#1036 = ADVANCED_FACE ( 'NONE', ( #516 ), #969, .T. ) ;
#1037 = CARTESIAN_POINT ( 'NONE',  ( -4.944196428571428825, 4.000000000000000000, -0.7449306516055876903 ) ) ;
#1038 = ORIENTED_EDGE ( 'NONE', *, *, #469, .T. ) ;
#1039 = FACE_OUTER_BOUND ( 'NONE', #119, .T. ) ;
#1040 = CARTESIAN_POINT ( 'NONE',  ( 4.990810426336479644, 3.959941031844388171, 0.3093707992165707354 ) ) ;
#1041 = PERSON_AND_ORGANIZATION ( #948, #1068 ) ;
#1042 = EDGE_CURVE ( 'NONE', #695, #176, #590, .T. ) ;
#1043 = CARTESIAN_POINT ( 'NONE',  ( -4.987555068390330248, 2.329089666823954907, 0.3887137883058247589 ) ) ;
#1044 = CARTESIAN_POINT ( 'NONE',  ( 2.510525938252073693E-15, 2.000000000000000000, 9.500000000000000000 ) ) ;
#1045 = ORIENTED_EDGE ( 'NONE', *, *, #247, .F. ) ;
#1046 = CARTESIAN_POINT ( 'NONE',  ( 0.9677213301882262586, 2.000000000000000000, -6.849149507280499094 ) ) ;
#1047 = CARTESIAN_POINT ( 'NONE',  ( 6.579212867712754154, 2.000000007410714709, -0.4957846652233529605 ) ) ;
#1048 = CIRCLE ( 'NONE', #321, 2.000000000000000444 ) ;
#1049 = AXIS2_PLACEMENT_3D ( 'NONE', #128, #297, #694 ) ;
#1050 = VERTEX_POINT ( 'NONE', #960 ) ;
#1051 = EDGE_CURVE ( 'NONE', #833, #364, #256, .T. ) ;
#1052 = CARTESIAN_POINT ( 'NONE',  ( 0.2487359244665768299, 3.936491673103709399, 4.999999999999999112 ) ) ;
#1053 = ORIENTED_EDGE ( 'NONE', *, *, #90, .F. ) ;
#1054 = FACE_OUTER_BOUND ( 'NONE', #676, .T. ) ;
#1055 = CARTESIAN_POINT ( 'NONE',  ( -1.677050983124841910, 0.000000000000000000, -1.500000000000000000 ) ) ;
#1056 = PERSON_AND_ORGANIZATION ( #948, #1068 ) ;
#1057 = ORIENTED_EDGE ( 'NONE', *, *, #674, .F. ) ;
#1058 = CARTESIAN_POINT ( 'NONE',  ( -4.944196428571431490, 4.000000000000000000, 0.7449306516055720362 ) ) ;
#1059 = ORIENTED_EDGE ( 'NONE', *, *, #769, .F. ) ;
#1060 = DIRECTION ( 'NONE',  ( 0.000000000000000000, 0.000000000000000000, -1.000000000000000000 ) ) ;
#1061 = CARTESIAN_POINT ( 'NONE',  ( -0.6663298976561226050, 2.181002983837483811, 4.960093419179679941 ) ) ;
#1062 = EDGE_LOOP ( 'NONE', ( #603, #318 ) ) ;
#1063 = CARTESIAN_POINT ( 'NONE',  ( 3.673940397442057403E-16, 2.000000000000000000, -8.000000000000000000 ) ) ;
#1064 = CARTESIAN_POINT ( 'NONE',  ( 8.000000000000000000, 2.000000000000000000, 1.500000000000000444 ) ) ;
#1065 = VERTEX_POINT ( 'NONE', #306 ) ;
#1066 = CARTESIAN_POINT ( 'NONE',  ( 0.3093707992165596887, 3.959941031844388171, -4.990810426336480532 ) ) ;
#1067 = EDGE_CURVE ( 'NONE', #503, #1085, #872, .T. ) ;
#1068 = ORGANIZATION ( 'UNSPECIFIED', 'UNSPECIFIED', '' ) ;
#1069 = AXIS2_PLACEMENT_3D ( 'NONE', #605, #978, #511 ) ;
#1070 = ORIENTED_EDGE ( 'NONE', *, *, #322, .T. ) ;
#1071 = AXIS2_PLACEMENT_3D ( 'NONE', #635, #1184, #1086 ) ;
#1072 = CARTESIAN_POINT ( 'NONE',  ( -6.621127588227523120, 1.999999993802078491, 0.5984523099233987065 ) ) ;
#1073 = CARTESIAN_POINT ( 'NONE',  ( 0.5947313312094220095, 1.999999993798426523, -6.619464463209201455 ) ) ;
#1074 = CARTESIAN_POINT ( 'NONE',  ( -0.8563180701006629647, 2.000000012403153171, 6.752981604214392419 ) ) ;
#1075 = EDGE_CURVE ( 'NONE', #1118, #907, #1107, .T. ) ;
#1076 = ORIENTED_EDGE ( 'NONE', *, *, #1090, .T. ) ;
#1077 = DIRECTION ( 'NONE',  ( -0.000000000000000000, 1.000000000000000000, -0.000000000000000000 ) ) ;
#1078 = CARTESIAN_POINT ( 'NONE',  ( 0.1043195744793983665, 2.387104772030168132, 4.999957269261394721 ) ) ;
#1079 = AXIS2_PLACEMENT_3D ( 'NONE', #825, #263, #1190 ) ;
#1080 = VECTOR ( 'NONE', #837, 1000.000000000000000 ) ;
#1081 = ORIENTED_EDGE ( 'NONE', *, *, #167, .F. ) ;
#1082 = CARTESIAN_POINT ( 'NONE',  ( 4.944196428571428825, 4.000000000000000000, -0.7449306516055919092 ) ) ;
#1083 = EDGE_CURVE ( 'NONE', #228, #886, #166, .T. ) ;
#1084 = DIRECTION ( 'NONE',  ( 0.000000000000000000, 0.000000000000000000, 1.000000000000000000 ) ) ;
#1085 = VERTEX_POINT ( 'NONE', #461 ) ;
#1086 = DIRECTION ( 'NONE',  ( 0.000000000000000000, 0.000000000000000000, 1.000000000000000000 ) ) ;
#1087 = CARTESIAN_POINT ( 'NONE',  ( 0.6671856626897502140, 2.179841461244163003, 4.959921873299679262 ) ) ;
#1088 = ORIENTED_EDGE ( 'NONE', *, *, #1083, .T. ) ;
#1089 = AXIS2_PLACEMENT_3D ( 'NONE', #217, #54, #38 ) ;
#1090 = EDGE_CURVE ( 'NONE', #955, #199, #1012, .T. ) ;
#1091 = AXIS2_PLACEMENT_3D ( 'NONE', #900, #816, #355 ) ;
#1092 = FACE_OUTER_BOUND ( 'NONE', #71, .T. ) ;
#1093 = CARTESIAN_POINT ( 'NONE',  ( 0.000000000000000000, 2.000000000000000000, 0.000000000000000000 ) ) ;
#1094 = DIRECTION ( 'NONE',  ( 0.000000000000000000, 0.000000000000000000, 1.000000000000000000 ) ) ;
#1095 = ORIENTED_EDGE ( 'NONE', *, *, #901, .F. ) ;
#1096 = LINE ( 'NONE', #1170, #480 ) ;
#1097 = CYLINDRICAL_SURFACE ( 'NONE', #376, 2.250000000000000000 ) ;
#1098 = CIRCLE ( 'NONE', #347, 1.499999999999999556 ) ;
#1099 = VERTEX_POINT ( 'NONE', #457 ) ;
#1100 = CARTESIAN_POINT ( 'NONE',  ( -1.042902912247825498, 2.000000000000000000, 6.921875000000000000 ) ) ;
#1101 = FACE_OUTER_BOUND ( 'NONE', #528, .T. ) ;
#1102 = ADVANCED_FACE ( 'NONE', ( #98 ), #149, .F. ) ;
#1103 = CIRCLE ( 'NONE', #521, 1.499999999999999556 ) ;
#1104 = CIRCLE ( 'NONE', #680, 1.499999999999999556 ) ;
#1105 = DIRECTION ( 'NONE',  ( -0.000000000000000000, -1.000000000000000000, -0.000000000000000000 ) ) ;
#1106 = CARTESIAN_POINT ( 'NONE',  ( 4.944196428571428825, 4.000000000000000000, -0.7449306516055919092 ) ) ;
#1107 = CIRCLE ( 'NONE', #951, 7.000000000000000000 ) ;
#1108 = ORIENTED_EDGE ( 'NONE', *, *, #356, .T. ) ;
#1109 = PRODUCT ( '5mmFlangeCoupler_Default_sldprt', '5mmFlangeCoupler_Default_sldprt', '', ( #272 ) ) ;
#1110 = DIRECTION ( 'NONE',  ( 0.000000000000000000, 1.000000000000000000, 0.000000000000000000 ) ) ;
#1111 = CARTESIAN_POINT ( 'NONE',  ( 0.9676392853674423700, 2.000000000000000000, 6.849070145151301858 ) ) ;
#1112 = ORIENTED_EDGE ( 'NONE', *, *, #417, .T. ) ;
#1113 = CARTESIAN_POINT ( 'NONE',  ( -1.677050983124841910, 7.000000000000002665, -1.500000000000000000 ) ) ;
#1114 = CARTESIAN_POINT ( 'NONE',  ( 0.000000000000000000, 0.000000000000000000, 0.000000000000000000 ) ) ;
#1115 = CIRCLE ( 'NONE', #70, 2.250000000000000000 ) ;
#1116 = EDGE_CURVE ( 'NONE', #587, #757, #481, .T. ) ;
#1117 = CARTESIAN_POINT ( 'NONE',  ( -8.000000000000000000, 2.000000000000000000, -1.499999999999999556 ) ) ;
#1118 = VERTEX_POINT ( 'NONE', #990 ) ;
#1119 = DIRECTION ( 'NONE',  ( 0.000000000000000000, 1.000000000000000000, 0.000000000000000000 ) ) ;
#1120 = DIRECTION ( 'NONE',  ( 0.000000000000000000, 0.000000000000000000, 1.000000000000000000 ) ) ;
#1121 = EDGE_CURVE ( 'NONE', #371, #1085, #1199, .T. ) ;
#1122 = ORIENTED_EDGE ( 'NONE', *, *, #1186, .T. ) ;
#1123 = CARTESIAN_POINT ( 'NONE',  ( -1.042902912247802183, 4.000000000000041744, -6.921875000000023093 ) ) ;
#1124 = CARTESIAN_POINT ( 'NONE',  ( 4.997285690584664763, 2.375237794932333557, 0.2018909420119738840 ) ) ;
#1125 = AXIS2_PLACEMENT_3D ( 'NONE', #670, #265, #1202 ) ;
#1126 = CARTESIAN_POINT ( 'NONE',  ( 2.326828918379970576E-15, 2.000000000000000000, 6.500000000000000000 ) ) ;
#1127 = ORIENTED_EDGE ( 'NONE', *, *, #417, .F. ) ;
#1128 = CARTESIAN_POINT ( 'NONE',  ( 0.000000000000000000, 0.000000000000000000, 0.000000000000000000 ) ) ;
#1129 = ADVANCED_FACE ( 'NONE', ( #654 ), #351, .F. ) ;
#1130 = PERSON_AND_ORGANIZATION ( #948, #1068 ) ;
#1131 = CARTESIAN_POINT ( 'NONE',  ( -4.962820867146175985, 3.999999978273704127, -0.6213179602940686053 ) ) ;
#1132 = ORIENTED_EDGE ( 'NONE', *, *, #599, .F. ) ;
#1133 = CARTESIAN_POINT ( 'NONE',  ( 0.7310021070099834706, 2.081963532242843140, -4.946295036815637758 ) ) ;
#1134 = CARTESIAN_POINT ( 'NONE',  ( 6.500275482713759878, 2.000000000147010404, -0.1335713683276013863 ) ) ;
#1135 = EDGE_CURVE ( 'NONE', #864, #889, #323, .T. ) ;
#1136 = VERTEX_POINT ( 'NONE', #329 ) ;
#1137 = CARTESIAN_POINT ( 'NONE',  ( -6.619464463209236982, 1.999999993798423414, -0.5947313312094522075 ) ) ;
#1138 = ORIENTED_EDGE ( 'NONE', *, *, #524, .T. ) ;
#1139 = CARTESIAN_POINT ( 'NONE',  ( -0.6214136394082836468, 3.999999976070981678, -4.962806451395117335 ) ) ;
#1140 = DIRECTION ( 'NONE',  ( 0.000000000000000000, 0.000000000000000000, 1.000000000000000000 ) ) ;
#1141 = AXIS2_PLACEMENT_3D ( 'NONE', #235, #1110, #1084 ) ;
#1142 = AXIS2_PLACEMENT_3D ( 'NONE', #63, #621, #993 ) ;
#1143 = DATE_AND_TIME ( #399, #717 ) ;
#1144 = EDGE_LOOP ( 'NONE', ( #593, #1122 ) ) ;
#1145 = DIRECTION ( 'NONE',  ( 0.000000000000000000, 0.000000000000000000, 1.000000000000000000 ) ) ;
#1146 = ORIENTED_EDGE ( 'NONE', *, *, #167, .T. ) ;
#1147 = CYLINDRICAL_SURFACE ( 'NONE', #1007, 1.500000000000000444 ) ;
#1148 = CARTESIAN_POINT ( 'NONE',  ( 0.5984523099234345667, 1.999999993802078491, 6.621127588227532001 ) ) ;
#1149 = EDGE_LOOP ( 'NONE', ( #665, #489, #876, #328, #568, #1017, #856, #1146 ) ) ;
#1150 = DIRECTION ( 'NONE',  ( -0.000000000000000000, 1.000000000000000000, -0.000000000000000000 ) ) ;
#1151 = EDGE_CURVE ( 'NONE', #974, #138, #1010, .T. ) ;
#1152 = ORIENTED_EDGE ( 'NONE', *, *, #738, .F. ) ;
#1153 = CARTESIAN_POINT ( 'NONE',  ( 0.4664813082957394164, 2.297435792445754910, -4.981085642859649276 ) ) ;
#1154 = ORIENTED_EDGE ( 'NONE', *, *, #901, .T. ) ;
#1155 = CARTESIAN_POINT ( 'NONE',  ( 1.677050983124841910, 0.000000000000000000, -1.500000000000000000 ) ) ;
#1156 = ORIENTED_EDGE ( 'NONE', *, *, #475, .T. ) ;
#1157 = CC_DESIGN_PERSON_AND_ORGANIZATION_ASSIGNMENT ( #1056, #19, ( #144 ) ) ;
#1158 = CARTESIAN_POINT ( 'NONE',  ( 2.326828918379970576E-15, 2.000000000000000000, 8.000000000000000000 ) ) ;
#1159 = CARTESIAN_POINT ( 'NONE',  ( -1.677050983124841910, 7.000000000000002665, -1.500000000000000000 ) ) ;
#1160 = AXIS2_PLACEMENT_3D ( 'NONE', #67, #800, #245 ) ;
#1161 = ORIENTED_EDGE ( 'NONE', *, *, #744, .T. ) ;
#1162 = AXIS2_PLACEMENT_3D ( 'NONE', #325, #177, #912 ) ;
#1163 = CARTESIAN_POINT ( 'NONE',  ( -6.577583681419785222, 2.000000007268616820, -0.4912263065911618432 ) ) ;
#1164 = CARTESIAN_POINT ( 'NONE',  ( -0.6671856626898392539, 2.179841461244171885, -4.959921873299682815 ) ) ;
#1165 = CARTESIAN_POINT ( 'NONE',  ( -0.1273106922014968223, 1.999999999852989596, 6.499731049970944419 ) ) ;
#1166 = EDGE_LOOP ( 'NONE', ( #1076, #21, #750, #443 ) ) ;
#1167 = ADVANCED_FACE ( 'NONE', ( #731, #468 ), #357, .T. ) ;
#1168 = EDGE_LOOP ( 'NONE', ( #645, #436, #169 ) ) ;
#1169 = DIRECTION ( 'NONE',  ( 0.000000000000000000, 0.000000000000000000, 1.000000000000000000 ) ) ;
#1170 = CARTESIAN_POINT ( 'NONE',  ( 0.000000000000000000, 8.000000000000000000, -5.000000000000000000 ) ) ;
#1171 = CARTESIAN_POINT ( 'NONE',  ( 0.1256873521570844587, 3.940124438579150290, 4.998805618449200239 ) ) ;
#1172 = AXIS2_PLACEMENT_3D ( 'NONE', #890, #266, #1120 ) ;
#1173 = CARTESIAN_POINT ( 'NONE',  ( 8.000000000000000000, 2.000000000000000000, 0.000000000000000000 ) ) ;
#1174 = AXIS2_PLACEMENT_3D ( 'NONE', #636, #1009, #1001 ) ;
#1175 = EDGE_CURVE ( 'NONE', #385, #176, #736, .T. ) ;
#1176 = DIRECTION ( 'NONE',  ( 0.000000000000000000, -0.000000000000000000, 1.000000000000000000 ) ) ;
#1177 = DIRECTION ( 'NONE',  ( 0.000000000000000000, 0.000000000000000000, -1.000000000000000000 ) ) ;
#1178 = DIRECTION ( 'NONE',  ( -0.000000000000000000, -1.000000000000000000, -0.000000000000000000 ) ) ;
#1179 = CYLINDRICAL_SURFACE ( 'NONE', #938, 11.00000000000000000 ) ;
#1180 = CARTESIAN_POINT ( 'NONE',  ( 3.673940397442057403E-16, 2.000000000000000000, -8.000000000000000000 ) ) ;
#1181 = CARTESIAN_POINT ( 'NONE',  ( 1.042902912247829716, 2.000000000000000000, 6.921874999999999112 ) ) ;
#1182 = B_SPLINE_CURVE_WITH_KNOTS ( 'NONE', 3,
 ( #268, #921, #739, #664, #377, #180 ),
 .UNSPECIFIED., .F., .F.,
 ( 4, 2, 4 ),
 ( 0.000000000000000000, 0.0007539146439590581209, 0.001507829287918116242 ),
 .UNSPECIFIED. ) ;
#1183 = DIRECTION ( 'NONE',  ( 0.000000000000000000, 0.000000000000000000, 1.000000000000000000 ) ) ;
#1184 = DIRECTION ( 'NONE',  ( 0.000000000000000000, 1.000000000000000000, 0.000000000000000000 ) ) ;
#1185 = DIRECTION ( 'NONE',  ( 0.000000000000000000, 0.000000000000000000, 1.000000000000000000 ) ) ;
#1186 = EDGE_CURVE ( 'NONE', #726, #562, #203, .T. ) ;
#1187 = DIRECTION ( 'NONE',  ( 0.000000000000000000, 0.000000000000000000, 1.000000000000000000 ) ) ;
#1188 = AXIS2_PLACEMENT_3D ( 'NONE', #280, #564, #1140 ) ;
#1189 = CARTESIAN_POINT ( 'NONE',  ( -8.102133547631228124E-15, 3.936491673103709399, -5.000000000000000000 ) ) ;
#1190 = DIRECTION ( 'NONE',  ( 0.000000000000000000, 0.000000000000000000, 1.000000000000000000 ) ) ;
#1191 = ORIENTED_EDGE ( 'NONE', *, *, #1042, .T. ) ;
#1192 = CC_DESIGN_PERSON_AND_ORGANIZATION_ASSIGNMENT ( #211, #184, ( #576 ) ) ;
#1193 = CARTESIAN_POINT ( 'NONE',  ( 0.000000000000000000, 0.000000000000000000, 0.000000000000000000 ) ) ;
#1194 = DIRECTION ( 'NONE',  ( 0.000000000000000000, 0.000000000000000000, 1.000000000000000000 ) ) ;
#1195 = CIRCLE ( 'NONE', #294, 1.499999999999999556 ) ;
#1196 = VECTOR ( 'NONE', #751, 1000.000000000000000 ) ;
#1197 = CARTESIAN_POINT ( 'NONE',  ( -1.677050983124841910, 7.000000000000002665, -1.500000000000000000 ) ) ;
#1198 = CARTESIAN_POINT ( 'NONE',  ( 0.000000000000000000, 8.000000000000000000, 0.000000000000000000 ) ) ;
#1199 = CIRCLE ( 'NONE', #578, 1.500000000000000444 ) ;
#1200 = EDGE_LOOP ( 'NONE', ( #916, #989, #1088, #401 ) ) ;
#1201 = AXIS2_PLACEMENT_3D ( 'NONE', #533, #996, #812 ) ;
#1202 = DIRECTION ( 'NONE',  ( 0.000000000000000000, 0.000000000000000000, -1.000000000000000000 ) ) ;
ENDSEC;
END-ISO-10303-21;
