ISO-10303-21;
HEADER;
FILE_DESCRIPTION (( 'STEP AP203' ),
    '1' );
FILE_NAME ('Arm1_Default_sldprt.STEP',
    '2026-04-21T20:26:55',
    ( '' ),
    ( '' ),
    'SwSTEP 2.0',
    'SolidWorks 2025',
    '' );
FILE_SCHEMA (( 'CONFIG_CONTROL_DESIGN' ));
ENDSEC;

DATA;
#1 = PERSON_AND_ORGANIZATION_ROLE ( 'creator' ) ;
#2 = CARTESIAN_POINT ( 'NONE',  ( 0.000000000000000000, 11.00000000000000000, -8.499999999999996447 ) ) ;
#3 = ADVANCED_FACE ( 'NONE', ( #276 ), #290, .F. ) ;
#4 = EDGE_LOOP ( 'NONE', ( #1703, #308, #1062, #442 ) ) ;
#5 = CARTESIAN_POINT ( 'NONE',  ( 1.836970198721030427E-16, 19.99999999999999645, -9.500000000000000000 ) ) ;
#6 = CARTESIAN_POINT ( 'NONE',  ( 0.000000000000000000, -0.2818479132245116370, 0.000000000000000000 ) ) ;
#7 = EDGE_CURVE ( 'NONE', #707, #216, #1279, .T. ) ;
#8 = DIRECTION ( 'NONE',  ( -1.000000000000000000, 0.000000000000000000, 0.000000000000000000 ) ) ;
#9 = VECTOR ( 'NONE', #1345, 1000.000000000000000 ) ;
#10 = CARTESIAN_POINT ( 'NONE',  ( 0.000000000000000000, 27.99999999999999645, 11.00000000000000000 ) ) ;
#11 = CIRCLE ( 'NONE', #223, 22.50000000000000355 ) ;
#12 = CARTESIAN_POINT ( 'NONE',  ( -7.499999999999997335, 11.00000000000000000, 4.286263797015738567E-16 ) ) ;
#13 = CARTESIAN_POINT ( 'NONE',  ( -8.000000000000000000, 27.99999999999999645, -1.499999999999999778 ) ) ;
#14 = CIRCLE ( 'NONE', #1901, 1.000000000000000888 ) ;
#15 = CARTESIAN_POINT ( 'NONE',  ( 22.43984850735186498, 24.99999999999999645, 1.644140799049261803 ) ) ;
#16 = ADVANCED_FACE ( 'NONE', ( #593 ), #1224, .F. ) ;
#17 = CARTESIAN_POINT ( 'NONE',  ( 7.499999999999997335, 11.00000000000000000, 1.000000000000002442 ) ) ;
#18 = VERTEX_POINT ( 'NONE', #1536 ) ;
#19 = VECTOR ( 'NONE', #900, 1000.000000000000000 ) ;
#20 = DIRECTION ( 'NONE',  ( 0.000000000000000000, 0.000000000000000000, 1.000000000000000000 ) ) ;
#21 = AXIS2_PLACEMENT_3D ( 'NONE', #1202, #424, #949 ) ;
#22 = ORIENTED_EDGE ( 'NONE', *, *, #1119, .F. ) ;
#23 = CARTESIAN_POINT ( 'NONE',  ( 2.510525938252074324E-14, 0.000000000000000000, 210.0000000000000000 ) ) ;
#24 = CARTESIAN_POINT ( 'NONE',  ( 17.18209586889120288, 3.237957079345312295, 204.9961563558297257 ) ) ;
#25 = CYLINDRICAL_SURFACE ( 'NONE', #810, 1.500000000000000444 ) ;
#26 = CARTESIAN_POINT ( 'NONE',  ( 0.000000000000000000, 19.99999999999999645, 8.000000000000000000 ) ) ;
#27 = ADVANCED_FACE ( 'NONE', ( #141 ), #738, .F. ) ;
#28 = DIRECTION ( 'NONE',  ( 0.000000000000000000, 0.000000000000000000, 1.000000000000000000 ) ) ;
#29 = ORIENTED_EDGE ( 'NONE', *, *, #1174, .T. ) ;
#30 = CYLINDRICAL_SURFACE ( 'NONE', #1431, 1.000000000000002442 ) ;
#31 = CARTESIAN_POINT ( 'NONE',  ( -16.84068206573413917, 27.50301670163861090, 204.9920640017504354 ) ) ;
#32 = DIRECTION ( 'NONE',  ( 0.000000000000000000, -0.000000000000000000, -1.000000000000000000 ) ) ;
#33 = DIRECTION ( 'NONE',  ( -0.000000000000000000, 1.000000000000000000, -0.000000000000000000 ) ) ;
#34 = CARTESIAN_POINT ( 'NONE',  ( 16.84068206573419602, 27.50301670163859669, 204.9920640017483322 ) ) ;
#35 = CARTESIAN_POINT ( 'NONE',  ( -19.05946823527068901, 0.2573512678476920224, 1.476003658043308020 ) ) ;
#36 = EDGE_CURVE ( 'NONE', #1182, #428, #1213, .T. ) ;
#37 = EDGE_LOOP ( 'NONE', ( #925, #1749, #213, #1818 ) ) ;
#38 = PLANE ( 'NONE',  #518 ) ;
#39 = EDGE_CURVE ( 'NONE', #1526, #524, #1708, .T. ) ;
#40 = CARTESIAN_POINT ( 'NONE',  ( 16.99408501874857080, 2.784041064951503053, 204.9938983887873292 ) ) ;
#41 = DIRECTION ( 'NONE',  ( 0.000000000000000000, 0.000000000000000000, 1.000000000000000000 ) ) ;
#42 = AXIS2_PLACEMENT_3D ( 'NONE', #582, #294, #913 ) ;
#43 = AXIS2_PLACEMENT_3D ( 'NONE', #1778, #1462, #371 ) ;
#44 = CARTESIAN_POINT ( 'NONE',  ( 0.000000000000000000, 24.99999999999999645, 212.0000000000000000 ) ) ;
#45 = AXIS2_PLACEMENT_3D ( 'NONE', #1848, #1999, #1223 ) ;
#46 = CYLINDRICAL_SURFACE ( 'NONE', #1407, 6.500000000000000888 ) ;
#47 = AXIS2_PLACEMENT_3D ( 'NONE', #945, #353, #1567 ) ;
#48 = VERTEX_POINT ( 'NONE', #5 ) ;
#49 = CIRCLE ( 'NONE', #427, 22.50000000000000355 ) ;
#50 = DIRECTION ( 'NONE',  ( -0.000000000000000000, 1.000000000000000000, -0.000000000000000000 ) ) ;
#51 = ORIENTED_CLOSED_SHELL ( 'NONE', *, #425, .F. );
#52 = CARTESIAN_POINT ( 'NONE',  ( -16.26730491464897455, 28.30357866066903583, 204.9852930575017353 ) ) ;
#53 = FACE_BOUND ( 'NONE', #1137, .T. ) ;
#54 = DIRECTION ( 'NONE',  ( 0.000000000000000000, 0.000000000000000000, -1.000000000000000000 ) ) ;
#55 = CARTESIAN_POINT ( 'NONE',  ( 16.26730491464902428, 28.30357866066903938, 204.9852930574999448 ) ) ;
#56 = DIRECTION ( 'NONE',  ( 0.000000000000000000, 1.000000000000000000, 0.000000000000000000 ) ) ;
#57 = CARTESIAN_POINT ( 'NONE',  ( -19.66000534936929256, 29.49310658308192501, 1.506405099483515864 ) ) ;
#58 = DIRECTION ( 'NONE',  ( 0.000000000000000000, 0.000000000000000000, -1.000000000000000000 ) ) ;
#59 = CARTESIAN_POINT ( 'NONE',  ( 0.000000000000000000, -0.2818479132245116370, 5.000000000000000000 ) ) ;
#60 = EDGE_CURVE ( 'NONE', #351, #1727, #1403, .T. ) ;
#61 = CARTESIAN_POINT ( 'NONE',  ( 1.224646799147354440E-16, 19.99999999999999645, 211.0000000000000000 ) ) ;
#62 = ADVANCED_FACE ( 'NONE', ( #1527 ), #129, .F. ) ;
#63 = DIRECTION ( 'NONE',  ( 0.000000000000000000, -0.000000000000000000, 1.000000000000000000 ) ) ;
#64 = CARTESIAN_POINT ( 'NONE',  ( 1.224646799147353700E-16, 11.00000000000000000, 8.499999999999996447 ) ) ;
#65 = FACE_BOUND ( 'NONE', #1864, .T. ) ;
#66 = DIRECTION ( 'NONE',  ( 0.000000000000000000, -0.000000000000000000, 1.000000000000000000 ) ) ;
#67 = AXIS2_PLACEMENT_3D ( 'NONE', #433, #170, #155 ) ;
#68 = CARTESIAN_POINT ( 'NONE',  ( 0.000000000000000000, 19.99999999999999645, 212.0000000000000000 ) ) ;
#69 = EDGE_CURVE ( 'NONE', #1079, #1036, #491, .T. ) ;
#70 = AXIS2_PLACEMENT_3D ( 'NONE', #506, #84, #714 ) ;
#71 = DIRECTION ( 'NONE',  ( 0.000000000000000000, 1.000000000000000000, 0.000000000000000000 ) ) ;
#72 = AXIS2_PLACEMENT_3D ( 'NONE', #244, #87, #1808 ) ;
#73 = CARTESIAN_POINT ( 'NONE',  ( 17.44447572907034782, 30.00000000000000000, 1.392934505953399960 ) ) ;
#74 = AXIS2_PLACEMENT_3D ( 'NONE', #1366, #1402, #1260 ) ;
#75 = DIRECTION ( 'NONE',  ( -0.000000000000000000, -1.000000000000000000, -0.000000000000000000 ) ) ;
#76 = CARTESIAN_POINT ( 'NONE',  ( 0.000000000000000000, 19.99999999999999645, 213.0000000000000000 ) ) ;
#77 = AXIS2_PLACEMENT_3D ( 'NONE', #854, #419, #86 ) ;
#78 = ORIENTED_EDGE ( 'NONE', *, *, #941, .F. ) ;
#79 = CARTESIAN_POINT ( 'NONE',  ( -6.999999999999984901, 19.99999999999999645, 206.0000000000000000 ) ) ;
#80 = DIRECTION ( 'NONE',  ( 0.000000000000000000, -0.000000000000000000, 1.000000000000000000 ) ) ;
#81 = ORIENTED_EDGE ( 'NONE', *, *, #1565, .T. ) ;
#82 = CARTESIAN_POINT ( 'NONE',  ( 0.000000000000000000, 3.000000000000000000, 5.000000000000000000 ) ) ;
#83 = DIRECTION ( 'NONE',  ( -0.000000000000000000, -1.000000000000000000, -0.000000000000000000 ) ) ;
#84 = DIRECTION ( 'NONE',  ( 0.000000000000000000, 1.000000000000000000, 0.000000000000000000 ) ) ;
#85 = DIRECTION ( 'NONE',  ( -0.000000000000000000, 1.000000000000000000, -0.000000000000000000 ) ) ;
#86 = DIRECTION ( 'NONE',  ( 0.000000000000000000, 0.000000000000000000, -1.000000000000000000 ) ) ;
#87 = DIRECTION ( 'NONE',  ( 0.000000000000000000, -1.000000000000000000, 0.000000000000000000 ) ) ;
#88 = EDGE_CURVE ( 'NONE', #297, #1843, #1634, .T. ) ;
#89 = ORIENTED_EDGE ( 'NONE', *, *, #119, .T. ) ;
#90 = EDGE_LOOP ( 'NONE', ( #149, #447, #278, #122 ) ) ;
#91 = FACE_OUTER_BOUND ( 'NONE', #1369, .T. ) ;
#92 = CARTESIAN_POINT ( 'NONE',  ( 21.41866381469023040, 1.953203457980441149, 1.594075817929854866 ) ) ;
#93 = EDGE_CURVE ( 'NONE', #1322, #753, #263, .T. ) ;
#94 = ORIENTED_EDGE ( 'NONE', *, *, #1625, .T. ) ;
#95 = DIRECTION ( 'NONE',  ( 0.9997050884821740979, 0.000000000000000000, -0.02428448193494414653 ) ) ;
#96 = ORIENTED_EDGE ( 'NONE', *, *, #1170, .T. ) ;
#97 = CARTESIAN_POINT ( 'NONE',  ( 0.000000000000000000, 27.99999999999999645, 11.00000000000000000 ) ) ;
#98 = VERTEX_POINT ( 'NONE', #615 ) ;
#99 = AXIS2_PLACEMENT_3D ( 'NONE', #1409, #184, #479 ) ;
#100 = APPROVAL_PERSON_ORGANIZATION ( #272, #663, #588 ) ;
#101 = ORIENTED_EDGE ( 'NONE', *, *, #1545, .T. ) ;
#102 = EDGE_CURVE ( 'NONE', #296, #599, #1876, .T. ) ;
#103 = CARTESIAN_POINT ( 'NONE',  ( 0.000000000000000000, 30.00000000000000000, 0.000000000000000000 ) ) ;
#104 = DIRECTION ( 'NONE',  ( 0.000000000000000000, 0.000000000000000000, 1.000000000000000000 ) ) ;
#105 = VECTOR ( 'NONE', #999, 1000.000000000000114 ) ;
#106 = EDGE_LOOP ( 'NONE', ( #577, #604, #1020, #1660 ) ) ;
#107 = LINE ( 'NONE', #705, #9 ) ;
#108 = LINE ( 'NONE', #1479, #1842 ) ;
#109 = ORIENTED_EDGE ( 'NONE', *, *, #410, .T. ) ;
#110 = PERSON_AND_ORGANIZATION ( #1589, #1773 ) ;
#111 = CARTESIAN_POINT ( 'NONE',  ( 0.000000000000000000, 11.00000000000000000, -7.499999999999997335 ) ) ;
#112 = DIRECTION ( 'NONE',  ( 0.000000000000000000, -1.000000000000000000, 0.000000000000000000 ) ) ;
#113 = VERTEX_POINT ( 'NONE', #448 ) ;
#114 = LINE ( 'NONE', #154, #19 ) ;
#115 = FACE_OUTER_BOUND ( 'NONE', #1682, .T. ) ;
#116 = EDGE_CURVE ( 'NONE', #1971, #186, #146, .T. ) ;
#117 = VERTEX_POINT ( 'NONE', #305 ) ;
#118 = CARTESIAN_POINT ( 'NONE',  ( -8.000000000000000000, 27.99999999999999645, 1.499999999999999334 ) ) ;
#119 = EDGE_CURVE ( 'NONE', #942, #524, #366, .T. ) ;
#120 = VERTEX_POINT ( 'NONE', #887 ) ;
#121 = APPROVAL_ROLE ( '' ) ;
#122 = ORIENTED_EDGE ( 'NONE', *, *, #1198, .F. ) ;
#123 = DIRECTION ( 'NONE',  ( -0.000000000000000000, -1.000000000000000000, -0.000000000000000000 ) ) ;
#124 = DIRECTION ( 'NONE',  ( 0.000000000000000000, 1.000000000000000000, 0.000000000000000000 ) ) ;
#125 = B_SPLINE_CURVE_WITH_KNOTS ( 'NONE', 3,
 ( #301, #885, #1718, #436, #921, #566, #139, #1679, #932, #1865, #426, #909, #601, #156, #1383, #769, #275, #1367, #1396, #751, #733, #456 ),
 .UNSPECIFIED., .F., .F.,
 ( 4, 2, 2, 2, 2, 2, 2, 2, 2, 2, 4 ),
 ( 0.000000000000000000, 0.0009765371109295145754, 0.001464805666394266605, 0.001953074221859018742, 0.002929611332788528439, 0.003906148443718038352, 0.004882685554647548699, 0.005859222665577057745, 0.006835759776506567659, 0.007324028331971326952, 0.007812296887436087113 ),
 .UNSPECIFIED. ) ;
#126 = DIRECTION ( 'NONE',  ( 0.000000000000000000, -1.000000000000000000, 0.000000000000000000 ) ) ;
#127 = ORIENTED_EDGE ( 'NONE', *, *, #760, .F. ) ;
#128 = EDGE_LOOP ( 'NONE', ( #564, #1623, #866, #1001 ) ) ;
#129 = PLANE ( 'NONE',  #1672 ) ;
#130 = FACE_OUTER_BOUND ( 'NONE', #1846, .T. ) ;
#131 = FACE_OUTER_BOUND ( 'NONE', #871, .T. ) ;
#132 = ADVANCED_FACE ( 'NONE', ( #265 ), #934, .F. ) ;
#133 = ORIENTED_EDGE ( 'NONE', *, *, #410, .F. ) ;
#134 = ORIENTED_EDGE ( 'NONE', *, *, #331, .F. ) ;
#135 = CIRCLE ( 'NONE', #1274, 1.000000000000000888 ) ;
#136 = DATE_AND_TIME ( #1995, #1304 ) ;
#137 = AXIS2_PLACEMENT_3D ( 'NONE', #1475, #1963, #1168 ) ;
#138 = EDGE_LOOP ( 'NONE', ( #1096, #423, #2001, #1215 ) ) ;
#139 = CARTESIAN_POINT ( 'NONE',  ( 22.12209820336045141, 26.76239002576672021, 1.628623537558686607 ) ) ;
#140 = AXIS2_PLACEMENT_3D ( 'NONE', #1734, #1117, #329 ) ;
#141 = FACE_OUTER_BOUND ( 'NONE', #875, .T. ) ;
#142 = LOCAL_TIME ( 14, 26, 55.00000000000000000, #1820 ) ;
#143 = ORIENTED_EDGE ( 'NONE', *, *, #972, .F. ) ;
#144 = CARTESIAN_POINT ( 'NONE',  ( 0.000000000000000000, 27.99999999999999645, -8.000000000000000000 ) ) ;
#145 = CARTESIAN_POINT ( 'NONE',  ( 2.510525938252074324E-14, 24.99999999999999645, 205.0000000000000000 ) ) ;
#146 = CIRCLE ( 'NONE', #1543, 17.50000000000000000 ) ;
#147 = CIRCLE ( 'NONE', #1177, 22.50000000000000355 ) ;
#148 = CARTESIAN_POINT ( 'NONE',  ( 2.510525938252074324E-14, 24.99999999999999645, 217.4999999999999716 ) ) ;
#149 = ORIENTED_EDGE ( 'NONE', *, *, #1174, .F. ) ;
#150 = ORIENTED_EDGE ( 'NONE', *, *, #614, .F. ) ;
#151 = EDGE_CURVE ( 'NONE', #468, #397, #114, .T. ) ;
#152 = CARTESIAN_POINT ( 'NONE',  ( 17.46800480960048318, 24.99999999999999645, 0.4243265860358209074 ) ) ;
#153 = ORIENTED_EDGE ( 'NONE', *, *, #832, .T. ) ;
#154 = CARTESIAN_POINT ( 'NONE',  ( 6.123233995736766282E-16, -0.2818479132245116370, -5.000000000000000000 ) ) ;
#155 = DIRECTION ( 'NONE',  ( 0.000000000000000000, 0.000000000000000000, -1.000000000000000000 ) ) ;
#156 = CARTESIAN_POINT ( 'NONE',  ( 19.95051957972640366, 29.33771800412441877, 1.521019037703984944 ) ) ;
#157 = EDGE_CURVE ( 'NONE', #1875, #637, #1840, .T. ) ;
#158 = ORIENTED_EDGE ( 'NONE', *, *, #474, .T. ) ;
#159 = ORIENTED_EDGE ( 'NONE', *, *, #1066, .F. ) ;
#160 = FACE_OUTER_BOUND ( 'NONE', #847, .T. ) ;
#161 = EDGE_CURVE ( 'NONE', #800, #1430, #259, .T. ) ;
#162 = CARTESIAN_POINT ( 'NONE',  ( -17.33295612562794474, 3.707934788996109621, 204.9979758799916567 ) ) ;
#163 = DIRECTION ( 'NONE',  ( -0.000000000000000000, -1.000000000000000000, -0.000000000000000000 ) ) ;
#164 = CYLINDRICAL_SURFACE ( 'NONE', #1903, 1.000000000000000000 ) ;
#165 = CIRCLE ( 'NONE', #1569, 6.500000000000000888 ) ;
#166 = DIRECTION ( 'NONE',  ( -0.000000000000000000, -1.000000000000000000, -0.000000000000000000 ) ) ;
#167 = CARTESIAN_POINT ( 'NONE',  ( -17.23789493188003163, 26.60600355317865606, 204.9968285980836242 ) ) ;
#168 = AXIS2_PLACEMENT_3D ( 'NONE', #1286, #621, #1262 ) ;
#169 = DIRECTION ( 'NONE',  ( 0.000000000000000000, 0.000000000000000000, 1.000000000000000000 ) ) ;
#170 = DIRECTION ( 'NONE',  ( 0.000000000000000000, -1.000000000000000000, 0.000000000000000000 ) ) ;
#171 = CIRCLE ( 'NONE', #552, 1.000000000000000888 ) ;
#172 = AXIS2_PLACEMENT_3D ( 'NONE', #473, #1654, #1412 ) ;
#173 = CIRCLE ( 'NONE', #1309, 0.9999999999999997780 ) ;
#174 = CARTESIAN_POINT ( 'NONE',  ( 7.499999999999997335, 11.00000000000000000, -1.000000000000002442 ) ) ;
#175 = DIRECTION ( 'NONE',  ( -0.000000000000000000, -1.000000000000000000, -0.000000000000000000 ) ) ;
#176 = DIRECTION ( 'NONE',  ( 0.000000000000000000, 0.000000000000000000, 1.000000000000000000 ) ) ;
#177 = DIRECTION ( 'NONE',  ( -0.000000000000000000, 1.000000000000000000, -0.000000000000000000 ) ) ;
#178 = ADVANCED_FACE ( 'NONE', ( #160 ), #1057, .F. ) ;
#179 = PLANE ( 'NONE',  #1219 ) ;
#180 = EDGE_CURVE ( 'NONE', #1628, #1351, #1072, .T. ) ;
#181 = ORIENTED_EDGE ( 'NONE', *, *, #987, .F. ) ;
#182 = CYLINDRICAL_SURFACE ( 'NONE', #840, 1.000000000000000000 ) ;
#183 = CYLINDRICAL_SURFACE ( 'NONE', #337, 5.000000000000004441 ) ;
#184 = DIRECTION ( 'NONE',  ( -0.000000000000000000, 1.000000000000000000, -0.000000000000000000 ) ) ;
#185 = CARTESIAN_POINT ( 'NONE',  ( -6.999999999999984901, 19.99999999999999645, 206.0000000000000000 ) ) ;
#186 = VERTEX_POINT ( 'NONE', #2003 ) ;
#187 = EDGE_CURVE ( 'NONE', #1956, #1719, #1581, .T. ) ;
#188 = CARTESIAN_POINT ( 'NONE',  ( -17.44447572907034072, 0.000000000000000000, 1.392934505953493662 ) ) ;
#189 = ORIENTED_EDGE ( 'NONE', *, *, #36, .F. ) ;
#190 = CYLINDRICAL_SURFACE ( 'NONE', #197, 1.499999999999999556 ) ;
#191 = PRODUCT_DEFINITION_SHAPE ( 'NONE', 'NONE',  #819 ) ;
#192 = CARTESIAN_POINT ( 'NONE',  ( 0.000000000000000000, 5.000000000000000888, -22.50000000000000355 ) ) ;
#193 = DIRECTION ( 'NONE',  ( 0.000000000000000000, 0.000000000000000000, 1.000000000000000000 ) ) ;
#194 = TOROIDAL_SURFACE ( 'NONE', #453, 12.49999999999997691, 5.000000000000000000 ) ;
#195 = DIRECTION ( 'NONE',  ( 0.000000000000000000, 1.000000000000000000, 0.000000000000000000 ) ) ;
#196 = CARTESIAN_POINT ( 'NONE',  ( 15.80646341455340931, 28.76476875141326417, 204.9799463420238226 ) ) ;
#197 = AXIS2_PLACEMENT_3D ( 'NONE', #653, #504, #1099 ) ;
#198 = DIRECTION ( 'NONE',  ( -0.000000000000000000, -1.000000000000000000, -0.000000000000000000 ) ) ;
#199 = CLOSED_SHELL ( 'NONE', ( #1996, #367, #1556, #411 ) ) ;
#200 = ORIENTED_EDGE ( 'NONE', *, *, #1086, .T. ) ;
#201 = AXIS2_PLACEMENT_3D ( 'NONE', #1983, #327, #1222 ) ;
#202 = FACE_OUTER_BOUND ( 'NONE', #906, .T. ) ;
#203 = EDGE_CURVE ( 'NONE', #1911, #1351, #171, .T. ) ;
#204 = DIRECTION ( 'NONE',  ( -0.000000000000000000, 1.000000000000000000, -0.000000000000000000 ) ) ;
#205 = CARTESIAN_POINT ( 'NONE',  ( -8.000000000000000000, 27.99999999999999645, -1.224646799147358384E-16 ) ) ;
#206 = EDGE_CURVE ( 'NONE', #120, #495, #295, .T. ) ;
#207 = CARTESIAN_POINT ( 'NONE',  ( 7.499999999999997335, 11.00000000000000000, 0.000000000000000000 ) ) ;
#208 = CARTESIAN_POINT ( 'NONE',  ( -18.74546559342205754, 0.1613387492434840420, 1.460015149818471913 ) ) ;
#209 = CARTESIAN_POINT ( 'NONE',  ( 0.000000000000000000, 27.99999999999999645, 0.000000000000000000 ) ) ;
#210 = ADVANCED_FACE ( 'NONE', ( #505 ), #183, .F. ) ;
#211 = CARTESIAN_POINT ( 'NONE',  ( 1.836970198721030427E-16, 27.99999999999999645, -9.500000000000000000 ) ) ;
#212 = CARTESIAN_POINT ( 'NONE',  ( 21.20784169080550896, 1.695936135633255182, 1.583669941714704876 ) ) ;
#213 = ORIENTED_EDGE ( 'NONE', *, *, #1622, .F. ) ;
#214 = DIRECTION ( 'NONE',  ( 0.000000000000000000, 0.000000000000000000, 1.000000000000000000 ) ) ;
#215 = CARTESIAN_POINT ( 'NONE',  ( -21.93418916785282136, 2.783634659604071970, 1.619423339408706086 ) ) ;
#216 = VERTEX_POINT ( 'NONE', #1256 ) ;
#217 = FACE_OUTER_BOUND ( 'NONE', #1483, .T. ) ;
#218 = CARTESIAN_POINT ( 'NONE',  ( -17.49999999999997868, 5.000000000000000888, 205.0000000000000000 ) ) ;
#219 = DIRECTION ( 'NONE',  ( 0.000000000000000000, 1.000000000000000000, 0.000000000000000000 ) ) ;
#220 = EDGE_LOOP ( 'NONE', ( #2016, #1261 ) ) ;
#221 = VECTOR ( 'NONE', #398, 1000.000000000000000 ) ;
#222 = CYLINDRICAL_SURFACE ( 'NONE', #676, 1.000000000000000888 ) ;
#223 = AXIS2_PLACEMENT_3D ( 'NONE', #1111, #1607, #786 ) ;
#224 = DIRECTION ( 'NONE',  ( -0.000000000000000000, 1.000000000000000000, -0.000000000000000000 ) ) ;
#225 = AXIS2_PLACEMENT_3D ( 'NONE', #1143, #513, #687 ) ;
#226 = CARTESIAN_POINT ( 'NONE',  ( 1.224646799147353454E-16, 11.00000000000000000, -6.499999999999997335 ) ) ;
#227 = AXIS2_PLACEMENT_3D ( 'NONE', #1028, #1620, #58 ) ;
#228 = CARTESIAN_POINT ( 'NONE',  ( 2.510525938252074324E-14, 24.99999999999999645, 205.0000000000000000 ) ) ;
#229 = DIRECTION ( 'NONE',  ( 0.000000000000000000, 0.000000000000000000, 1.000000000000000000 ) ) ;
#230 = CIRCLE ( 'NONE', #957, 1.000000000000000888 ) ;
#231 = ORIENTED_EDGE ( 'NONE', *, *, #1604, .F. ) ;
#232 = LINE ( 'NONE', #79, #1830 ) ;
#233 = CARTESIAN_POINT ( 'NONE',  ( 0.000000000000000000, 24.99999999999999645, 197.9999999999999716 ) ) ;
#234 = EDGE_CURVE ( 'NONE', #1981, #1883, #1425, .T. ) ;
#235 = EDGE_CURVE ( 'NONE', #707, #1263, #1135, .T. ) ;
#236 = DIRECTION ( 'NONE',  ( -0.000000000000000000, 1.000000000000000000, -0.000000000000000000 ) ) ;
#237 = ORIENTED_EDGE ( 'NONE', *, *, #1119, .T. ) ;
#238 = CARTESIAN_POINT ( 'NONE',  ( 2.510525938252074324E-14, 24.99999999999999645, 205.0000000000000000 ) ) ;
#239 = DIRECTION ( 'NONE',  ( 0.000000000000000000, 1.000000000000000000, 0.000000000000000000 ) ) ;
#240 = DIRECTION ( 'NONE',  ( -0.000000000000000000, 1.000000000000000000, -0.000000000000000000 ) ) ;
#241 = CYLINDRICAL_SURFACE ( 'NONE', #341, 0.9999999999999997780 ) ;
#242 = EDGE_CURVE ( 'NONE', #1182, #1971, #497, .T. ) ;
#243 = ORIENTED_EDGE ( 'NONE', *, *, #715, .T. ) ;
#244 = CARTESIAN_POINT ( 'NONE',  ( 0.000000000000000000, 0.000000000000000000, 0.000000000000000000 ) ) ;
#245 = ORIENTED_EDGE ( 'NONE', *, *, #967, .F. ) ;
#246 = CARTESIAN_POINT ( 'NONE',  ( 0.000000000000000000, 11.00000000000000000, 7.499999999999997335 ) ) ;
#247 = LINE ( 'NONE', #544, #1248 ) ;
#248 = VERTEX_POINT ( 'NONE', #13 ) ;
#249 = DIRECTION ( 'NONE',  ( -0.000000000000000000, 1.000000000000000000, -0.000000000000000000 ) ) ;
#250 = AXIS2_PLACEMENT_3D ( 'NONE', #928, #1555, #2020 ) ;
#251 = VERTEX_POINT ( 'NONE', #192 ) ;
#252 = DIRECTION ( 'NONE',  ( 0.000000000000000000, 1.000000000000000000, 0.000000000000000000 ) ) ;
#253 = VECTOR ( 'NONE', #1093, 1000.000000000000114 ) ;
#254 = ORIENTED_EDGE ( 'NONE', *, *, #630, .T. ) ;
#255 = AXIS2_PLACEMENT_3D ( 'NONE', #896, #592, #1389 ) ;
#256 = MECHANICAL_CONTEXT ( 'NONE', #1948, 'mechanical' ) ;
#257 = EDGE_LOOP ( 'NONE', ( #1827, #304 ) ) ;
#258 = CARTESIAN_POINT ( 'NONE',  ( 7.499999999999997335, 5.000000000000000000, 1.000000000000002442 ) ) ;
#259 = CIRCLE ( 'NONE', #1047, 1.500000000000000444 ) ;
#260 = EDGE_CURVE ( 'NONE', #599, #296, #461, .T. ) ;
#261 = CYLINDRICAL_SURFACE ( 'NONE', #781, 5.000000000000001776 ) ;
#262 = ADVANCED_FACE ( 'NONE', ( #812 ), #1915, .T. ) ;
#263 = CIRCLE ( 'NONE', #1933, 11.00000000000000000 ) ;
#264 = VERTEX_POINT ( 'NONE', #989 ) ;
#265 = FACE_OUTER_BOUND ( 'NONE', #138, .T. ) ;
#266 = ADVANCED_FACE ( 'NONE', ( #836 ), #1943, .F. ) ;
#267 = CYLINDRICAL_SURFACE ( 'NONE', #742, 5.000000000000001776 ) ;
#268 = CIRCLE ( 'NONE', #523, 1.500000000000000444 ) ;
#269 = CARTESIAN_POINT ( 'NONE',  ( 0.000000000000000000, 5.000000000000000000, -7.499999999999997335 ) ) ;
#270 = ORIENTED_EDGE ( 'NONE', *, *, #1874, .T. ) ;
#271 = VERTEX_POINT ( 'NONE', #1443 ) ;
#272 = PERSON_AND_ORGANIZATION ( #1589, #1773 ) ;
#273 = ORIENTED_EDGE ( 'NONE', *, *, #991, .T. ) ;
#274 = DIRECTION ( 'NONE',  ( 0.000000000000000000, 0.000000000000000000, 1.000000000000000000 ) ) ;
#275 = CARTESIAN_POINT ( 'NONE',  ( 18.74546559342206820, 29.83866125075652675, 1.460015149818440383 ) ) ;
#276 = FACE_OUTER_BOUND ( 'NONE', #644, .T. ) ;
#277 = EDGE_CURVE ( 'NONE', #1314, #264, #1964, .T. ) ;
#278 = ORIENTED_EDGE ( 'NONE', *, *, #811, .F. ) ;
#279 = EDGE_LOOP ( 'NONE', ( #1862, #1745, #609, #1418 ) ) ;
#280 = DIRECTION ( 'NONE',  ( -0.000000000000000000, 1.000000000000000000, -0.000000000000000000 ) ) ;
#281 = CARTESIAN_POINT ( 'NONE',  ( -8.000000000000000000, 19.99999999999999645, -1.224646799147358384E-16 ) ) ;
#282 = EDGE_CURVE ( 'NONE', #113, #18, #670, .T. ) ;
#283 = ORIENTED_EDGE ( 'NONE', *, *, #234, .T. ) ;
#284 = FACE_OUTER_BOUND ( 'NONE', #1172, .T. ) ;
#285 = EDGE_LOOP ( 'NONE', ( #1348, #408, #1030, #1807 ) ) ;
#286 = ORIENTED_EDGE ( 'NONE', *, *, #839, .F. ) ;
#287 = SECURITY_CLASSIFICATION_LEVEL ( 'unclassified' ) ;
#288 = ORIENTED_EDGE ( 'NONE', *, *, #242, .T. ) ;
#289 = DIRECTION ( 'NONE',  ( 0.000000000000000000, -0.000000000000000000, 1.000000000000000000 ) ) ;
#290 = PLANE ( 'NONE',  #711 ) ;
#291 = ORIENTED_EDGE ( 'NONE', *, *, #1268, .T. ) ;
#292 = DIRECTION ( 'NONE',  ( -0.000000000000000000, 1.000000000000000000, -0.000000000000000000 ) ) ;
#293 = CARTESIAN_POINT ( 'NONE',  ( -17.49999999999997868, 5.000000000000000888, 205.0000000000000000 ) ) ;
#294 = DIRECTION ( 'NONE',  ( 0.000000000000000000, -1.000000000000000000, 0.000000000000000000 ) ) ;
#295 = B_SPLINE_CURVE_WITH_KNOTS ( 'NONE', 3,
 ( #1606, #1120, #1578, #1765, #1435, #1750, #1896, #360, #478, #52, #638, #31, #469, #664, #167, #345, #1587, #648, #1595, #1271 ),
 .UNSPECIFIED., .F., .F.,
 ( 4, 2, 2, 2, 2, 2, 2, 2, 2, 4 ),
 ( -8.343342706743059919E-05, 0.0009017681597547789075, 0.001886969746576988441, 0.002872171333399198192, 0.003857372920221407726, 0.004842574507043616826, 0.005827776093865826360, 0.006320376887276932427, 0.006812977680688039363, 0.007798179267510266244 ),
 .UNSPECIFIED. ) ;
#296 = VERTEX_POINT ( 'NONE', #535 ) ;
#297 = VERTEX_POINT ( 'NONE', #211 ) ;
#298 = CIRCLE ( 'NONE', #777, 1.000000000000002442 ) ;
#299 = SHAPE_DEFINITION_REPRESENTATION ( #191, #350 ) ;
#300 = AXIS2_PLACEMENT_3D ( 'NONE', #1232, #1191, #1068 ) ;
#301 = CARTESIAN_POINT ( 'NONE',  ( 22.43984850735186498, 24.99999999999999645, 1.644140799049261803 ) ) ;
#302 = VECTOR ( 'NONE', #467, 1000.000000000000114 ) ;
#303 = ORIENTED_EDGE ( 'NONE', *, *, #757, .T. ) ;
#304 = ORIENTED_EDGE ( 'NONE', *, *, #203, .T. ) ;
#305 = CARTESIAN_POINT ( 'NONE',  ( 0.000000000000000000, 11.00000000000000000, 6.499999999999997335 ) ) ;
#306 = DIRECTION ( 'NONE',  ( -0.000000000000000000, 1.000000000000000000, -0.000000000000000000 ) ) ;
#307 = VECTOR ( 'NONE', #688, 1000.000000000000114 ) ;
#308 = ORIENTED_EDGE ( 'NONE', *, *, #1152, .F. ) ;
#309 = CIRCLE ( 'NONE', #1437, 5.000000000000004441 ) ;
#310 = FACE_BOUND ( 'NONE', #1992, .T. ) ;
#311 = ORIENTED_EDGE ( 'NONE', *, *, #1200, .F. ) ;
#312 = CC_DESIGN_PERSON_AND_ORGANIZATION_ASSIGNMENT ( #444, #1, ( #819 ) ) ;
#313 = EDGE_CURVE ( 'NONE', #495, #1973, #1160, .T. ) ;
#314 = LINE ( 'NONE', #2, #1772 ) ;
#315 = DIRECTION ( 'NONE',  ( 0.000000000000000000, 0.000000000000000000, 1.000000000000000000 ) ) ;
#316 = CARTESIAN_POINT ( 'NONE',  ( -15.55501311537425657, 1.028259960407539975, 204.9770599237833721 ) ) ;
#317 = FACE_BOUND ( 'NONE', #472, .T. ) ;
#318 = CYLINDRICAL_SURFACE ( 'NONE', #984, 1.000000000000000000 ) ;
#319 = APPROVAL ( #1532, 'UNSPECIFIED' ) ;
#320 = VERTEX_POINT ( 'NONE', #1783 ) ;
#321 = CARTESIAN_POINT ( 'NONE',  ( -6.999999999999984901, 24.99999999999999645, 206.0000000000000000 ) ) ;
#322 = ORIENTED_EDGE ( 'NONE', *, *, #1735, .F. ) ;
#323 = ORIENTED_EDGE ( 'NONE', *, *, #477, .F. ) ;
#324 = CARTESIAN_POINT ( 'NONE',  ( 17.44132306494099538, 30.00000000000000000, 1.522718389374535297 ) ) ;
#325 = CARTESIAN_POINT ( 'NONE',  ( 2.510525938252074324E-14, 0.000000000000000000, 205.0000000000000000 ) ) ;
#326 = LINE ( 'NONE', #17, #1748 ) ;
#327 = DIRECTION ( 'NONE',  ( -0.000000000000000000, 1.000000000000000000, -0.000000000000000000 ) ) ;
#328 = AXIS2_PLACEMENT_3D ( 'NONE', #336, #508, #797 ) ;
#329 = DIRECTION ( 'NONE',  ( 0.000000000000000000, 0.000000000000000000, 1.000000000000000000 ) ) ;
#330 = AXIS2_PLACEMENT_3D ( 'NONE', #1495, #219, #66 ) ;
#331 = EDGE_CURVE ( 'NONE', #1824, #712, #1434, .T. ) ;
#332 = CARTESIAN_POINT ( 'NONE',  ( 0.000000000000000000, 24.99999999999999645, 197.9999999999999716 ) ) ;
#333 = AXIS2_PLACEMENT_3D ( 'NONE', #1523, #124, #1856 ) ;
#334 = CARTESIAN_POINT ( 'NONE',  ( 8.000000000000000000, 19.99999999999999645, 1.500000000000000222 ) ) ;
#335 = ADVANCED_FACE ( 'NONE', ( #91 ), #700, .T. ) ;
#336 = CARTESIAN_POINT ( 'NONE',  ( 0.000000000000000000, 19.99999999999999645, 8.000000000000000000 ) ) ;
#337 = AXIS2_PLACEMENT_3D ( 'NONE', #1757, #1398, #802 ) ;
#338 = AXIS2_PLACEMENT_3D ( 'NONE', #1114, #1439, #501 ) ;
#339 = CARTESIAN_POINT ( 'NONE',  ( -22.43984850735186498, 5.000000000000000888, 1.644140799049261803 ) ) ;
#340 = ORIENTED_EDGE ( 'NONE', *, *, #1480, .F. ) ;
#341 = AXIS2_PLACEMENT_3D ( 'NONE', #1518, #1164, #1504 ) ;
#342 = EDGE_LOOP ( 'NONE', ( #1210, #1829, #743, #1563 ) ) ;
#343 = FACE_OUTER_BOUND ( 'NONE', #1502, .T. ) ;
#344 = EDGE_CURVE ( 'NONE', #1201, #495, #1746, .T. ) ;
#345 = CARTESIAN_POINT ( 'NONE',  ( -17.33295612562794830, 26.29206521100389438, 204.9979758799917136 ) ) ;
#346 = CARTESIAN_POINT ( 'NONE',  ( 8.000000000000000000, 19.99999999999999645, -1.224646799147358384E-16 ) ) ;
#347 = EDGE_CURVE ( 'NONE', #903, #574, #820, .T. ) ;
#348 = FACE_OUTER_BOUND ( 'NONE', #4, .T. ) ;
#349 = DIRECTION ( 'NONE',  ( 0.000000000000000000, 0.000000000000000000, 1.000000000000000000 ) ) ;
#350 = ADVANCED_BREP_SHAPE_REPRESENTATION ( 'Arm1_Default_sldprt', ( #1756, #1871 ), #457 ) ;
#351 = VERTEX_POINT ( 'NONE', #1145 ) ;
#352 = DIRECTION ( 'NONE',  ( 0.000000000000000000, 0.000000000000000000, -1.000000000000000000 ) ) ;
#353 = DIRECTION ( 'NONE',  ( 0.000000000000000000, 1.000000000000000000, 0.000000000000000000 ) ) ;
#354 = FACE_OUTER_BOUND ( 'NONE', #1645, .T. ) ;
#355 = CARTESIAN_POINT ( 'NONE',  ( 2.510525938252074324E-14, 0.000000000000000000, 217.4999999999999716 ) ) ;
#356 = CARTESIAN_POINT ( 'NONE',  ( -18.09922666525548962, 0.04042101925853981703, 1.426844512438778079 ) ) ;
#357 = EDGE_CURVE ( 'NONE', #1446, #1727, #1312, .T. ) ;
#358 = DIRECTION ( 'NONE',  ( 0.000000000000000000, 1.000000000000000000, 0.000000000000000000 ) ) ;
#359 = VECTOR ( 'NONE', #177, 1000.000000000000000 ) ;
#360 = CARTESIAN_POINT ( 'NONE',  ( -15.55501311537426368, 28.97174003959246136, 204.9770599237835427 ) ) ;
#361 = CARTESIAN_POINT ( 'NONE',  ( 6.999999999999984901, 24.99999999999999645, 205.0000000000000000 ) ) ;
#362 = AXIS2_PLACEMENT_3D ( 'NONE', #1342, #1155, #1784 ) ;
#363 = CARTESIAN_POINT ( 'NONE',  ( 7.960204194457796463E-16, 21.38477631085023489, 6.500000000000000888 ) ) ;
#364 = CIRCLE ( 'NONE', #1209, 1.499999999999999556 ) ;
#365 = PLANE ( 'NONE',  #1380 ) ;
#366 = CIRCLE ( 'NONE', #880, 1.000000000000000888 ) ;
#367 = ADVANCED_FACE ( 'NONE', ( #1632 ), #370, .F. ) ;
#368 = CIRCLE ( 'NONE', #21, 12.49999999999998401 ) ;
#369 = DIRECTION ( 'NONE',  ( 0.000000000000000000, -1.000000000000000000, 0.000000000000000000 ) ) ;
#370 = PLANE ( 'NONE',  #462 ) ;
#371 = DIRECTION ( 'NONE',  ( 0.000000000000000000, 0.000000000000000000, 1.000000000000000000 ) ) ;
#372 = VERTEX_POINT ( 'NONE', #1451 ) ;
#373 = ORIENTED_EDGE ( 'NONE', *, *, #1604, .T. ) ;
#374 = CYLINDRICAL_SURFACE ( 'NONE', #1299, 5.000000000000000000 ) ;
#375 = CARTESIAN_POINT ( 'NONE',  ( -22.31239759713736248, 3.866033752616252261, 1.637923271626717581 ) ) ;
#376 = CARTESIAN_POINT ( 'NONE',  ( -22.40748898068686046, 25.65488139341046647, 1.642564052485370851 ) ) ;
#377 = APPROVAL ( #1521, 'UNSPECIFIED' ) ;
#378 = DIRECTION ( 'NONE',  ( -0.000000000000000000, -1.000000000000000000, -0.000000000000000000 ) ) ;
#379 = EDGE_CURVE ( 'NONE', #1359, #1886, #1474, .T. ) ;
#380 = CARTESIAN_POINT ( 'NONE',  ( 19.05946823527069611, 0.2573512678476931326, 1.476003658043349320 ) ) ;
#381 = PLANE ( 'NONE',  #418 ) ;
#382 = FACE_OUTER_BOUND ( 'NONE', #37, .T. ) ;
#383 = CARTESIAN_POINT ( 'NONE',  ( -22.12209820336045141, 26.76239002576672021, 1.628623537558686607 ) ) ;
#384 = CARTESIAN_POINT ( 'NONE',  ( 2.510525938252074324E-14, 0.000000000000000000, 205.0000000000000000 ) ) ;
#385 = CARTESIAN_POINT ( 'NONE',  ( 18.09922666525548607, 0.04042101925854032357, 1.426844512438762091 ) ) ;
#386 = EDGE_CURVE ( 'NONE', #890, #397, #1673, .T. ) ;
#387 = AXIS2_PLACEMENT_3D ( 'NONE', #756, #1085, #1387 ) ;
#388 = CARTESIAN_POINT ( 'NONE',  ( -15.00906414433490355, 0.6626756436767385905, 204.9708947934430228 ) ) ;
#389 = VECTOR ( 'NONE', #625, 1000.000000000000000 ) ;
#390 = ADVANCED_FACE ( 'NONE', ( #65, #543, #1303 ), #1935, .T. ) ;
#391 = CYLINDRICAL_SURFACE ( 'NONE', #1468, 11.00000000000000000 ) ;
#392 = EDGE_LOOP ( 'NONE', ( #650, #959, #1101, #1945 ) ) ;
#393 = CARTESIAN_POINT ( 'NONE',  ( -21.20784169080550896, 28.30406386436674993, 1.583669941714743512 ) ) ;
#394 = VECTOR ( 'NONE', #1659, 1000.000000000000000 ) ;
#395 = LINE ( 'NONE', #859, #816 ) ;
#396 = CARTESIAN_POINT ( 'NONE',  ( 2.510525938252074324E-14, 24.99999999999999645, 205.0000000000000000 ) ) ;
#397 = VERTEX_POINT ( 'NONE', #1329 ) ;
#398 = DIRECTION ( 'NONE',  ( -0.000000000000000000, -1.000000000000000000, -0.000000000000000000 ) ) ;
#399 = EDGE_CURVE ( 'NONE', #830, #248, #395, .T. ) ;
#400 = PLANE ( 'NONE',  #1282 ) ;
#401 = ORIENTED_EDGE ( 'NONE', *, *, #1249, .T. ) ;
#402 = CARTESIAN_POINT ( 'NONE',  ( 12.49987623321341879, 0.000000000000000000, 204.9443748766622946 ) ) ;
#403 = ORIENTED_EDGE ( 'NONE', *, *, #1571, .T. ) ;
#404 = DIRECTION ( 'NONE',  ( 0.000000000000000000, 0.000000000000000000, -1.000000000000000000 ) ) ;
#405 = CARTESIAN_POINT ( 'NONE',  ( 0.000000000000000000, 19.99999999999999645, -8.000000000000000000 ) ) ;
#406 = CARTESIAN_POINT ( 'NONE',  ( 0.000000000000000000, 19.99999999999999645, -6.500000000000000888 ) ) ;
#407 = DIRECTION ( 'NONE',  ( 0.000000000000000000, 1.000000000000000000, 0.000000000000000000 ) ) ;
#408 = ORIENTED_EDGE ( 'NONE', *, *, #2009, .T. ) ;
#409 = EDGE_CURVE ( 'NONE', #1322, #599, #1799, .T. ) ;
#410 = EDGE_CURVE ( 'NONE', #271, #772, #1154, .T. ) ;
#411 = ADVANCED_FACE ( 'NONE', ( #1847 ), #1666, .F. ) ;
#412 = ORIENTED_EDGE ( 'NONE', *, *, #748, .F. ) ;
#413 = ORIENTED_EDGE ( 'NONE', *, *, #1086, .F. ) ;
#414 = DIRECTION ( 'NONE',  ( 0.000000000000000000, 1.000000000000000000, 0.000000000000000000 ) ) ;
#415 = CARTESIAN_POINT ( 'NONE',  ( 0.000000000000000000, 11.00000000000000000, -7.499999999999997335 ) ) ;
#416 = DIRECTION ( 'NONE',  ( 0.000000000000000000, 1.000000000000000000, 0.000000000000000000 ) ) ;
#417 = CARTESIAN_POINT ( 'NONE',  ( -6.999999999999984901, 19.99999999999999645, 205.0000000000000000 ) ) ;
#418 = AXIS2_PLACEMENT_3D ( 'NONE', #831, #569, #1173 ) ;
#419 = DIRECTION ( 'NONE',  ( 0.000000000000000000, -1.000000000000000000, 0.000000000000000000 ) ) ;
#420 = ORIENTED_EDGE ( 'NONE', *, *, #537, .T. ) ;
#421 = CIRCLE ( 'NONE', #587, 0.9999999999999997780 ) ;
#422 = ADVANCED_FACE ( 'NONE', ( #884 ), #1732, .F. ) ;
#423 = ORIENTED_EDGE ( 'NONE', *, *, #1969, .F. ) ;
#424 = DIRECTION ( 'NONE',  ( 0.000000000000000000, 1.000000000000000000, 0.000000000000000000 ) ) ;
#425 = CLOSED_SHELL ( 'NONE', ( #482, #641, #1650, #1908 ) ) ;
#426 = CARTESIAN_POINT ( 'NONE',  ( 21.20784169080550896, 28.30406386436674993, 1.583669941714743512 ) ) ;
#427 = AXIS2_PLACEMENT_3D ( 'NONE', #732, #590, #28 ) ;
#428 = VERTEX_POINT ( 'NONE', #465 ) ;
#429 = DIRECTION ( 'NONE',  ( 0.000000000000000000, 0.000000000000000000, 1.000000000000000000 ) ) ;
#430 = FACE_OUTER_BOUND ( 'NONE', #1250, .T. ) ;
#431 = CIRCLE ( 'NONE', #1577, 0.9999999999999997780 ) ;
#432 = ORIENTED_EDGE ( 'NONE', *, *, #1548, .F. ) ;
#433 = CARTESIAN_POINT ( 'NONE',  ( 0.000000000000000000, 11.00000000000000000, -7.499999999999997335 ) ) ;
#434 = EDGE_LOOP ( 'NONE', ( #1217, #1763 ) ) ;
#435 = EDGE_LOOP ( 'NONE', ( #1486, #158 ) ) ;
#436 = CARTESIAN_POINT ( 'NONE',  ( 22.31239759713736959, 26.13396624738373575, 1.637923271626771760 ) ) ;
#437 = CARTESIAN_POINT ( 'NONE',  ( 6.999999999999984901, 19.99999999999999645, 205.0000000000000000 ) ) ;
#438 = EDGE_LOOP ( 'NONE', ( #1506, #1767, #1714, #863 ) ) ;
#439 = CARTESIAN_POINT ( 'NONE',  ( 17.49999999999997868, 30.00000000000000000, 205.0000000000000000 ) ) ;
#440 = DIRECTION ( 'NONE',  ( 0.000000000000000000, 0.000000000000000000, -1.000000000000000000 ) ) ;
#441 = CARTESIAN_POINT ( 'NONE',  ( 0.000000000000000000, 24.99999999999999645, 0.000000000000000000 ) ) ;
#442 = ORIENTED_EDGE ( 'NONE', *, *, #60, .T. ) ;
#443 = ORIENTED_EDGE ( 'NONE', *, *, #399, .F. ) ;
#444 = PERSON_AND_ORGANIZATION ( #1589, #1773 ) ;
#445 = CARTESIAN_POINT ( 'NONE',  ( 1.836970198721029934E-16, 27.99999999999999645, 6.500000000000000000 ) ) ;
#446 = ORIENTED_EDGE ( 'NONE', *, *, #965, .T. ) ;
#447 = ORIENTED_EDGE ( 'NONE', *, *, #1108, .T. ) ;
#448 = CARTESIAN_POINT ( 'NONE',  ( -22.43984850735186498, 5.000000000000000888, 1.644140799049261803 ) ) ;
#449 = CARTESIAN_POINT ( 'NONE',  ( -17.46800480960048318, 24.99999999999999645, 0.4243265860358209074 ) ) ;
#450 = ADVANCED_FACE ( 'NONE', ( #713 ), #318, .F. ) ;
#451 = DIRECTION ( 'NONE',  ( 0.000000000000000000, 1.000000000000000000, 0.000000000000000000 ) ) ;
#452 = EDGE_CURVE ( 'NONE', #1956, #1079, #660, .T. ) ;
#453 = AXIS2_PLACEMENT_3D ( 'NONE', #1012, #1501, #696 ) ;
#454 = APPROVAL_DATE_TIME ( #1507, #377 ) ;
#455 = AXIS2_PLACEMENT_3D ( 'NONE', #281, #901, #596 ) ;
#456 = CARTESIAN_POINT ( 'NONE',  ( 17.44447572907034782, 30.00000000000000000, 1.392934505953399960 ) ) ;
#457 =( GEOMETRIC_REPRESENTATION_CONTEXT ( 3 ) GLOBAL_UNCERTAINTY_ASSIGNED_CONTEXT ( ( #857 ) ) GLOBAL_UNIT_ASSIGNED_CONTEXT ( ( #1716, #1980, #1064 ) ) REPRESENTATION_CONTEXT ( 'NONE', 'WORKASPACE' ) );
#458 = ORIENTED_EDGE ( 'NONE', *, *, #1022, .T. ) ;
#459 = CARTESIAN_POINT ( 'NONE',  ( 0.000000000000000000, 27.99999999999999645, 8.000000000000000000 ) ) ;
#460 = CARTESIAN_POINT ( 'NONE',  ( -15.80646341455336312, 1.235231248586730057, 204.9799463420254995 ) ) ;
#461 = CIRCLE ( 'NONE', #47, 11.00000000000000000 ) ;
#462 = AXIS2_PLACEMENT_3D ( 'NONE', #228, #827, #850 ) ;
#463 = CYLINDRICAL_SURFACE ( 'NONE', #546, 1.499999999999999556 ) ;
#464 = EDGE_CURVE ( 'NONE', #2013, #468, #492, .T. ) ;
#465 = CARTESIAN_POINT ( 'NONE',  ( 17.50000000000000000, 24.99999999999999645, 205.0000000000000000 ) ) ;
#466 = EDGE_LOOP ( 'NONE', ( #758, #762, #127, #899 ) ) ;
#467 = DIRECTION ( 'NONE',  ( -0.02428448193494522553, -0.000000000000000000, 0.9997050884821738759 ) ) ;
#468 = VERTEX_POINT ( 'NONE', #937 ) ;
#469 = CARTESIAN_POINT ( 'NONE',  ( -16.99408501874852817, 27.21595893504849784, 204.9938983887895176 ) ) ;
#470 = DIRECTION ( 'NONE',  ( 0.000000000000000000, -0.000000000000000000, -1.000000000000000000 ) ) ;
#471 = FACE_OUTER_BOUND ( 'NONE', #1482, .T. ) ;
#472 = EDGE_LOOP ( 'NONE', ( #1414, #1333 ) ) ;
#473 = CARTESIAN_POINT ( 'NONE',  ( 2.510525938252074324E-14, 0.000000000000000000, 205.0000000000000000 ) ) ;
#474 = EDGE_CURVE ( 'NONE', #1446, #703, #752, .T. ) ;
#475 = ORIENTED_EDGE ( 'NONE', *, *, #991, .F. ) ;
#476 = FACE_OUTER_BOUND ( 'NONE', #128, .T. ) ;
#477 = EDGE_CURVE ( 'NONE', #248, #772, #1337, .T. ) ;
#478 = CARTESIAN_POINT ( 'NONE',  ( -15.80646341455336668, 28.76476875141326772, 204.9799463420256416 ) ) ;
#479 = DIRECTION ( 'NONE',  ( 0.000000000000000000, 0.000000000000000000, 1.000000000000000000 ) ) ;
#480 = PLANE ( 'NONE',  #912 ) ;
#481 = DIRECTION ( 'NONE',  ( 0.000000000000000000, 0.000000000000000000, -1.000000000000000000 ) ) ;
#482 = ADVANCED_FACE ( 'NONE', ( #1822 ), #164, .F. ) ;
#483 = AXIS2_PLACEMENT_3D ( 'NONE', #1138, #195, #1590 ) ;
#484 = CARTESIAN_POINT ( 'NONE',  ( 2.510525938252074324E-14, 0.000000000000000000, 205.0000000000000000 ) ) ;
#485 = EDGE_CURVE ( 'NONE', #1883, #320, #882, .T. ) ;
#486 = CIRCLE ( 'NONE', #1458, 1.000000000000000888 ) ;
#487 = CARTESIAN_POINT ( 'NONE',  ( 17.49999999999999645, 4.669871066461836584, 204.9999999999999716 ) ) ;
#488 = CIRCLE ( 'NONE', #72, 6.500000000000000888 ) ;
#489 = DIRECTION ( 'NONE',  ( -0.000000000000000000, 1.000000000000000000, -0.000000000000000000 ) ) ;
#490 = CARTESIAN_POINT ( 'NONE',  ( 7.499999999999997335, 5.000000000000000000, 0.000000000000000000 ) ) ;
#491 = CIRCLE ( 'NONE', #1776, 5.000000000000004441 ) ;
#492 = CIRCLE ( 'NONE', #1308, 5.000000000000000000 ) ;
#493 = FACE_OUTER_BOUND ( 'NONE', #892, .T. ) ;
#494 = VECTOR ( 'NONE', #1787, 1000.000000000000000 ) ;
#495 = VERTEX_POINT ( 'NONE', #1098 ) ;
#496 = DIRECTION ( 'NONE',  ( 0.000000000000000000, 0.000000000000000000, -1.000000000000000000 ) ) ;
#497 = LINE ( 'NONE', #324, #1744 ) ;
#498 = CARTESIAN_POINT ( 'NONE',  ( 8.000000000000000000, 19.99999999999999645, -1.224646799147358384E-16 ) ) ;
#499 = ADVANCED_FACE ( 'NONE', ( #642 ), #1267, .T. ) ;
#500 = CARTESIAN_POINT ( 'NONE',  ( -6.999999999999984901, 19.99999999999999645, 204.0000000000000000 ) ) ;
#501 = DIRECTION ( 'NONE',  ( 0.000000000000000000, -0.000000000000000000, -1.000000000000000000 ) ) ;
#502 = ORIENTED_EDGE ( 'NONE', *, *, #630, .F. ) ;
#503 = ORIENTED_EDGE ( 'NONE', *, *, #1055, .F. ) ;
#504 = DIRECTION ( 'NONE',  ( -0.000000000000000000, 1.000000000000000000, -0.000000000000000000 ) ) ;
#505 = FACE_OUTER_BOUND ( 'NONE', #822, .T. ) ;
#506 = CARTESIAN_POINT ( 'NONE',  ( 0.000000000000000000, 0.000000000000000000, 0.000000000000000000 ) ) ;
#507 = EDGE_LOOP ( 'NONE', ( #1327, #1687, #1754, #512 ) ) ;
#508 = DIRECTION ( 'NONE',  ( -0.000000000000000000, 1.000000000000000000, -0.000000000000000000 ) ) ;
#509 = EDGE_CURVE ( 'NONE', #1688, #1514, #1575, .T. ) ;
#510 = DIRECTION ( 'NONE',  ( 0.000000000000000000, 0.000000000000000000, 1.000000000000000000 ) ) ;
#511 = ADVANCED_FACE ( 'NONE', ( #1037 ), #1255, .T. ) ;
#512 = ORIENTED_EDGE ( 'NONE', *, *, #1268, .F. ) ;
#513 = DIRECTION ( 'NONE',  ( 0.9997050884821739869, 0.000000000000000000, -0.02428448193494522900 ) ) ;
#514 = CIRCLE ( 'NONE', #948, 17.50000000000000000 ) ;
#515 = CARTESIAN_POINT ( 'NONE',  ( 6.999999999999984901, 19.99999999999999645, 206.0000000000000000 ) ) ;
#516 = DIRECTION ( 'NONE',  ( -0.000000000000000000, 1.000000000000000000, -0.000000000000000000 ) ) ;
#517 = AXIS2_PLACEMENT_3D ( 'NONE', #6, #1721, #616 ) ;
#518 = AXIS2_PLACEMENT_3D ( 'NONE', #1432, #358, #782 ) ;
#519 = VERTEX_POINT ( 'NONE', #258 ) ;
#520 = CARTESIAN_POINT ( 'NONE',  ( 8.000000000000000000, 19.99999999999999645, -1.500000000000000666 ) ) ;
#521 = CLOSED_SHELL ( 'NONE', ( #16, #1592, #1817, #571 ) ) ;
#522 = CARTESIAN_POINT ( 'NONE',  ( -22.17786880458445253, 3.393673630133002828, 1.631350834543720651 ) ) ;
#523 = AXIS2_PLACEMENT_3D ( 'NONE', #661, #71, #817 ) ;
#524 = VERTEX_POINT ( 'NONE', #722 ) ;
#525 = VECTOR ( 'NONE', #83, 1000.000000000000000 ) ;
#526 = CARTESIAN_POINT ( 'NONE',  ( -6.999999999999984901, 19.99999999999999645, 205.0000000000000000 ) ) ;
#527 = CARTESIAN_POINT ( 'NONE',  ( 1.347111479062088405E-15, 27.99999999999999645, -11.00000000000000000 ) ) ;
#528 = CARTESIAN_POINT ( 'NONE',  ( 20.74732667054824020, 1.234770934768366635, 1.560833621272226468 ) ) ;
#529 = ORIENTED_EDGE ( 'NONE', *, *, #452, .F. ) ;
#530 = CARTESIAN_POINT ( 'NONE',  ( -6.999999999999984901, 19.99999999999999645, 205.0000000000000000 ) ) ;
#531 = DIRECTION ( 'NONE',  ( 0.000000000000000000, 0.000000000000000000, 1.000000000000000000 ) ) ;
#532 = ORIENTED_EDGE ( 'NONE', *, *, #93, .F. ) ;
#533 = DIRECTION ( 'NONE',  ( 0.000000000000000000, 0.000000000000000000, 1.000000000000000000 ) ) ;
#534 = EDGE_CURVE ( 'NONE', #894, #1182, #368, .T. ) ;
#535 = CARTESIAN_POINT ( 'NONE',  ( 0.000000000000000000, 30.00000000000000000, 11.00000000000000000 ) ) ;
#536 = CARTESIAN_POINT ( 'NONE',  ( 22.43984850735186498, 5.000000000000000888, 1.644140799049261803 ) ) ;
#537 = EDGE_CURVE ( 'NONE', #18, #1036, #923, .T. ) ;
#538 = ORIENTED_EDGE ( 'NONE', *, *, #843, .T. ) ;
#539 = CARTESIAN_POINT ( 'NONE',  ( -14.11719166228731304, 0.2575936234464466512, 204.9611021837811222 ) ) ;
#540 = CARTESIAN_POINT ( 'NONE',  ( 0.000000000000000000, 27.99999999999999645, 0.000000000000000000 ) ) ;
#541 = CARTESIAN_POINT ( 'NONE',  ( -18.09922666525549673, 29.95957898074145831, 1.426844512438667056 ) ) ;
#542 = EDGE_CURVE ( 'NONE', #251, #113, #49, .T. ) ;
#543 = FACE_OUTER_BOUND ( 'NONE', #1815, .T. ) ;
#544 = CARTESIAN_POINT ( 'NONE',  ( 0.000000000000000000, 30.00000000000000000, -22.50000000000000355 ) ) ;
#545 = ORIENTED_EDGE ( 'NONE', *, *, #1392, .T. ) ;
#546 = AXIS2_PLACEMENT_3D ( 'NONE', #26, #1909, #214 ) ;
#547 = CARTESIAN_POINT ( 'NONE',  ( 0.000000000000000000, 11.00000000000000000, 6.499999999999997335 ) ) ;
#548 = ORIENTED_EDGE ( 'NONE', *, *, #987, .T. ) ;
#549 = CARTESIAN_POINT ( 'NONE',  ( -6.999999999999984901, 19.99999999999999645, 205.0000000000000000 ) ) ;
#550 = ORIENTED_EDGE ( 'NONE', *, *, #36, .T. ) ;
#551 = FACE_OUTER_BOUND ( 'NONE', #731, .T. ) ;
#552 = AXIS2_PLACEMENT_3D ( 'NONE', #332, #175, #624 ) ;
#553 = ORIENTED_EDGE ( 'NONE', *, *, #843, .F. ) ;
#554 = TOROIDAL_SURFACE ( 'NONE', #1717, 12.49999999999997691, 5.000000000000000000 ) ;
#555 = DIRECTION ( 'NONE',  ( -0.000000000000000000, 1.000000000000000000, -0.000000000000000000 ) ) ;
#556 = DIRECTION ( 'NONE',  ( 0.000000000000000000, -0.000000000000000000, 1.000000000000000000 ) ) ;
#557 = EDGE_LOOP ( 'NONE', ( #721, #749 ) ) ;
#558 = DIRECTION ( 'NONE',  ( 0.000000000000000000, 0.000000000000000000, 1.000000000000000000 ) ) ;
#559 = ADVANCED_FACE ( 'NONE', ( #1422 ), #960, .F. ) ;
#560 = CYLINDRICAL_SURFACE ( 'NONE', #1675, 1.500000000000000444 ) ;
#561 = ADVANCED_FACE ( 'NONE', ( #1761 ), #179, .T. ) ;
#562 = ORIENTED_EDGE ( 'NONE', *, *, #485, .T. ) ;
#563 = PERSON_AND_ORGANIZATION ( #1589, #1773 ) ;
#564 = ORIENTED_EDGE ( 'NONE', *, *, #829, .F. ) ;
#565 = DIRECTION ( 'NONE',  ( 0.000000000000000000, 1.000000000000000000, 0.000000000000000000 ) ) ;
#566 = CARTESIAN_POINT ( 'NONE',  ( 22.17786880458445609, 26.60632636986699495, 1.631350834543647821 ) ) ;
#567 = EDGE_LOOP ( 'NONE', ( #1951, #89 ) ) ;
#568 = DIRECTION ( 'NONE',  ( 0.000000000000000000, 0.000000000000000000, 1.000000000000000000 ) ) ;
#569 = DIRECTION ( 'NONE',  ( 0.000000000000000000, 1.000000000000000000, 0.000000000000000000 ) ) ;
#570 = CARTESIAN_POINT ( 'NONE',  ( -6.999999999999984901, 24.99999999999999645, 205.0000000000000000 ) ) ;
#571 = ADVANCED_FACE ( 'NONE', ( #493 ), #684, .F. ) ;
#572 = EDGE_LOOP ( 'NONE', ( #1158, #1457 ) ) ;
#573 = DATE_AND_TIME ( #1364, #1046 ) ;
#574 = VERTEX_POINT ( 'NONE', #1310 ) ;
#575 = DIRECTION ( 'NONE',  ( -0.000000000000000000, -1.000000000000000000, -0.000000000000000000 ) ) ;
#576 = CARTESIAN_POINT ( 'NONE',  ( 2.510525938252074324E-14, 30.00000000000000000, 210.0000000000000000 ) ) ;
#577 = ORIENTED_EDGE ( 'NONE', *, *, #2009, .F. ) ;
#578 = CARTESIAN_POINT ( 'NONE',  ( 17.46762545831589364, 25.65474390777709601, 204.9996063220949054 ) ) ;
#579 = CARTESIAN_POINT ( 'NONE',  ( 17.49999999999997868, 5.000000000000000888, 205.0000000000000000 ) ) ;
#580 = VECTOR ( 'NONE', #1759, 1000.000000000000000 ) ;
#581 = VERTEX_POINT ( 'NONE', #825 ) ;
#582 = CARTESIAN_POINT ( 'NONE',  ( 0.000000000000000000, 3.000000000000000000, 0.000000000000000000 ) ) ;
#583 = AXIS2_PLACEMENT_3D ( 'NONE', #1671, #1315, #1334 ) ;
#584 = ORIENTED_EDGE ( 'NONE', *, *, #69, .F. ) ;
#585 = PRODUCT_RELATED_PRODUCT_CATEGORY ( 'detail', '', ( #2017 ) ) ;
#586 = ORIENTED_EDGE ( 'NONE', *, *, #509, .T. ) ;
#587 = AXIS2_PLACEMENT_3D ( 'NONE', #952, #1576, #496 ) ;
#588 = APPROVAL_ROLE ( '' ) ;
#589 = ORIENTED_EDGE ( 'NONE', *, *, #347, .T. ) ;
#590 = DIRECTION ( 'NONE',  ( 0.000000000000000000, 1.000000000000000000, 0.000000000000000000 ) ) ;
#591 = VECTOR ( 'NONE', #280, 1000.000000000000000 ) ;
#592 = DIRECTION ( 'NONE',  ( 0.000000000000000000, -1.000000000000000000, 0.000000000000000000 ) ) ;
#593 = FACE_OUTER_BOUND ( 'NONE', #1525, .T. ) ;
#594 = CIRCLE ( 'NONE', #1122, 1.000000000000000888 ) ;
#595 = CARTESIAN_POINT ( 'NONE',  ( 12.49987623321341879, 0.000000000000000000, 204.9443748766622946 ) ) ;
#596 = DIRECTION ( 'NONE',  ( 0.000000000000000000, 0.000000000000000000, 1.000000000000000000 ) ) ;
#597 = FACE_BOUND ( 'NONE', #1325, .T. ) ;
#598 = ORIENTED_EDGE ( 'NONE', *, *, #1249, .F. ) ;
#599 = VERTEX_POINT ( 'NONE', #1125 ) ;
#600 = ORIENTED_EDGE ( 'NONE', *, *, #260, .T. ) ;
#601 = CARTESIAN_POINT ( 'NONE',  ( 20.49605955976595340, 28.97218252083802881, 1.548326476036674393 ) ) ;
#602 = EDGE_CURVE ( 'NONE', #1533, #1359, #147, .T. ) ;
#603 = CARTESIAN_POINT ( 'NONE',  ( 15.00906414433494973, 29.33732435632326485, 204.9708947934413459 ) ) ;
#604 = ORIENTED_EDGE ( 'NONE', *, *, #1129, .F. ) ;
#605 = ORIENTED_EDGE ( 'NONE', *, *, #409, .T. ) ;
#606 = CARTESIAN_POINT ( 'NONE',  ( 0.000000000000000000, 19.99999999999999645, 198.9999999999999716 ) ) ;
#607 = ADVANCED_FACE ( 'NONE', ( #1275 ), #1910, .T. ) ;
#608 = CARTESIAN_POINT ( 'NONE',  ( -17.23789493188003519, 3.393996446821347490, 204.9968285980834537 ) ) ;
#609 = ORIENTED_EDGE ( 'NONE', *, *, #1198, .T. ) ;
#610 = CARTESIAN_POINT ( 'NONE',  ( 16.99408501874857791, 27.21595893504850139, 204.9938983887875281 ) ) ;
#611 = FACE_BOUND ( 'NONE', #1440, .T. ) ;
#612 = ORIENTED_EDGE ( 'NONE', *, *, #1421, .T. ) ;
#613 = LINE ( 'NONE', #1888, #302 ) ;
#614 = EDGE_CURVE ( 'NONE', #113, #1676, #1252, .T. ) ;
#615 = CARTESIAN_POINT ( 'NONE',  ( 1.224646799147354440E-16, 19.99999999999999645, 211.0000000000000000 ) ) ;
#616 = DIRECTION ( 'NONE',  ( 0.000000000000000000, 0.000000000000000000, 1.000000000000000000 ) ) ;
#617 = DIRECTION ( 'NONE',  ( 0.000000000000000000, 0.000000000000000000, 1.000000000000000000 ) ) ;
#618 = AXIS2_PLACEMENT_3D ( 'NONE', #530, #1487, #1156 ) ;
#619 = AXIS2_PLACEMENT_3D ( 'NONE', #498, #979, #1444 ) ;
#620 = CIRCLE ( 'NONE', #333, 1.000000000000000888 ) ;
#621 = DIRECTION ( 'NONE',  ( 0.000000000000000000, 1.000000000000000000, 0.000000000000000000 ) ) ;
#622 = CIRCLE ( 'NONE', #1742, 17.49999999999998934 ) ;
#623 = CC_DESIGN_APPROVAL ( #377, ( #1800 ) ) ;
#624 = DIRECTION ( 'NONE',  ( 0.000000000000000000, 0.000000000000000000, 1.000000000000000000 ) ) ;
#625 = DIRECTION ( 'NONE',  ( -0.000000000000000000, 1.000000000000000000, -0.000000000000000000 ) ) ;
#626 = CLOSED_SHELL ( 'NONE', ( #1142, #1700, #666, #1993 ) ) ;
#627 = AXIS2_PLACEMENT_3D ( 'NONE', #1678, #1573, #274 ) ;
#628 = DIRECTION ( 'NONE',  ( 0.000000000000000000, 0.000000000000000000, -1.000000000000000000 ) ) ;
#629 = ADVANCED_FACE ( 'NONE', ( #833 ), #46, .F. ) ;
#630 = EDGE_CURVE ( 'NONE', #1430, #800, #268, .T. ) ;
#631 = ORIENTED_EDGE ( 'NONE', *, *, #1877, .F. ) ;
#632 = DIRECTION ( 'NONE',  ( 0.000000000000000000, 0.000000000000000000, 1.000000000000000000 ) ) ;
#633 = EDGE_CURVE ( 'NONE', #372, #1793, #594, .T. ) ;
#634 = ORIENTED_EDGE ( 'NONE', *, *, #972, .T. ) ;
#635 = DIRECTION ( 'NONE',  ( -0.000000000000000000, 1.000000000000000000, -0.000000000000000000 ) ) ;
#636 = ORIENTED_EDGE ( 'NONE', *, *, #998, .F. ) ;
#637 = VERTEX_POINT ( 'NONE', #1139 ) ;
#638 = CARTESIAN_POINT ( 'NONE',  ( -16.47826400416114012, 28.04631071488430649, 204.9877724628637736 ) ) ;
#639 = DIRECTION ( 'NONE',  ( 0.000000000000000000, 0.000000000000000000, -1.000000000000000000 ) ) ;
#640 = DIRECTION ( 'NONE',  ( 0.000000000000000000, 1.000000000000000000, 0.000000000000000000 ) ) ;
#641 = ADVANCED_FACE ( 'NONE', ( #1771 ), #365, .F. ) ;
#642 = FACE_OUTER_BOUND ( 'NONE', #1544, .T. ) ;
#643 = DESIGN_CONTEXT ( 'detailed design', #1094, 'design' ) ;
#644 = EDGE_LOOP ( 'NONE', ( #200, #562 ) ) ;
#645 = CARTESIAN_POINT ( 'NONE',  ( 13.80293683651503933, 29.83845827845804166, 204.9577372585869455 ) ) ;
#646 = LINE ( 'NONE', #10, #951 ) ;
#647 = ORIENTED_EDGE ( 'NONE', *, *, #931, .T. ) ;
#648 = CARTESIAN_POINT ( 'NONE',  ( -17.46762545831584035, 25.65474390777709246, 204.9996063220967528 ) ) ;
#649 = CARTESIAN_POINT ( 'NONE',  ( 0.000000000000000000, 27.99999999999999645, 0.000000000000000000 ) ) ;
#650 = ORIENTED_EDGE ( 'NONE', *, *, #464, .T. ) ;
#651 = CARTESIAN_POINT ( 'NONE',  ( -8.000000000000000000, 19.99999999999999645, -1.224646799147358384E-16 ) ) ;
#652 = CARTESIAN_POINT ( 'NONE',  ( -18.26149582086183898, 0.06458622726147389415, 1.435194977841220743 ) ) ;
#653 = CARTESIAN_POINT ( 'NONE',  ( 0.000000000000000000, 19.99999999999999645, -8.000000000000000000 ) ) ;
#654 = EDGE_CURVE ( 'NONE', #1514, #1688, #309, .T. ) ;
#655 = AXIS2_PLACEMENT_3D ( 'NONE', #1146, #1644, #1812 ) ;
#656 = CARTESIAN_POINT ( 'NONE',  ( 1.224646799147353454E-16, 11.00000000000000000, 8.499999999999996447 ) ) ;
#657 = CARTESIAN_POINT ( 'NONE',  ( 1.836970198721029934E-16, 19.99999999999999645, 6.500000000000000000 ) ) ;
#658 = DIRECTION ( 'NONE',  ( 0.000000000000000000, 0.000000000000000000, 1.000000000000000000 ) ) ;
#659 = AXIS2_PLACEMENT_3D ( 'NONE', #724, #1385, #1081 ) ;
#660 = CIRCLE ( 'NONE', #172, 12.49999999999998401 ) ;
#661 = CARTESIAN_POINT ( 'NONE',  ( 8.000000000000000000, 27.99999999999999645, -1.224646799147358384E-16 ) ) ;
#662 = CYLINDRICAL_SURFACE ( 'NONE', #1668, 1.000000000000000888 ) ;
#663 = APPROVAL ( #1677, 'UNSPECIFIED' ) ;
#664 = CARTESIAN_POINT ( 'NONE',  ( -17.18209586889115315, 26.76204292065468593, 204.9961563558318858 ) ) ;
#665 = CARTESIAN_POINT ( 'NONE',  ( 0.000000000000000000, 5.000000000000000888, 0.000000000000000000 ) ) ;
#666 = ADVANCED_FACE ( 'NONE', ( #1488 ), #400, .T. ) ;
#667 = LINE ( 'NONE', #1769, #580 ) ;
#668 = CARTESIAN_POINT ( 'NONE',  ( -22.12209820336044075, 3.237609974233286003, 1.628623537558684831 ) ) ;
#669 = CARTESIAN_POINT ( 'NONE',  ( 0.000000000000000000, 27.99999999999999645, 0.000000000000000000 ) ) ;
#670 = LINE ( 'NONE', #218, #307 ) ;
#671 = DIRECTION ( 'NONE',  ( 0.000000000000000000, 1.000000000000000000, 0.000000000000000000 ) ) ;
#672 = ORIENTED_EDGE ( 'NONE', *, *, #102, .T. ) ;
#673 = LINE ( 'NONE', #520, #1113 ) ;
#674 = CARTESIAN_POINT ( 'NONE',  ( -19.66000534936929256, 0.5068934169180669969, 1.506405099483533849 ) ) ;
#675 = CARTESIAN_POINT ( 'NONE',  ( -22.43984850735186143, 25.33019958016904383, 1.644140799049261803 ) ) ;
#676 = AXIS2_PLACEMENT_3D ( 'NONE', #68, #85, #1323 ) ;
#677 = DIRECTION ( 'NONE',  ( 0.000000000000000000, 0.000000000000000000, 1.000000000000000000 ) ) ;
#678 = CARTESIAN_POINT ( 'NONE',  ( 2.571758278209442213E-14, 30.00000000000000000, 199.9999999999999716 ) ) ;
#679 = AXIS2_PLACEMENT_3D ( 'NONE', #1710, #1228, #440 ) ;
#680 = AXIS2_PLACEMENT_3D ( 'NONE', #415, #723, #1356 ) ;
#681 = EDGE_LOOP ( 'NONE', ( #1786, #1550, #1635, #1704 ) ) ;
#682 = DIRECTION ( 'NONE',  ( 0.000000000000000000, -1.000000000000000000, 0.000000000000000000 ) ) ;
#683 = CLOSED_SHELL ( 'NONE', ( #1214, #559, #869, #1819 ) ) ;
#684 = CYLINDRICAL_SURFACE ( 'NONE', #2006, 1.000000000000000888 ) ;
#685 = EDGE_CURVE ( 'NONE', #1824, #1688, #1324, .T. ) ;
#686 = VECTOR ( 'NONE', #1484, 1000.000000000000000 ) ;
#687 = DIRECTION ( 'NONE',  ( -0.02428448193494522553, 0.000000000000000000, -0.9997050884821738759 ) ) ;
#688 = DIRECTION ( 'NONE',  ( 0.02428448193494522553, -0.000000000000000000, 0.9997050884821738759 ) ) ;
#689 = CARTESIAN_POINT ( 'NONE',  ( 0.000000000000000000, 24.99999999999999645, -22.50000000000000355 ) ) ;
#690 = ORIENTED_EDGE ( 'NONE', *, *, #242, .F. ) ;
#691 = CARTESIAN_POINT ( 'NONE',  ( -13.15693258411409694, 0.03242410712992985916, 204.9509858725332094 ) ) ;
#692 = DIRECTION ( 'NONE',  ( -0.000000000000000000, 1.000000000000000000, -0.000000000000000000 ) ) ;
#693 = ORIENTED_CLOSED_SHELL ( 'NONE', *, #521, .F. );
#694 = CARTESIAN_POINT ( 'NONE',  ( 0.000000000000000000, 27.99999999999999645, 0.000000000000000000 ) ) ;
#695 = CARTESIAN_POINT ( 'NONE',  ( 22.40748898068685691, 4.345118606589537968, 1.642564052485317116 ) ) ;
#696 = DIRECTION ( 'NONE',  ( 0.000000000000000000, 0.000000000000000000, 1.000000000000000000 ) ) ;
#697 = FACE_OUTER_BOUND ( 'NONE', #2011, .T. ) ;
#698 = DIRECTION ( 'NONE',  ( 0.000000000000000000, 1.000000000000000000, 0.000000000000000000 ) ) ;
#699 = ORIENTED_EDGE ( 'NONE', *, *, #1917, .T. ) ;
#700 = CYLINDRICAL_SURFACE ( 'NONE', #1547, 22.50000000000000355 ) ;
#701 = CARTESIAN_POINT ( 'NONE',  ( 21.78087211394523948, 2.496545189092162165, 1.611904391650459845 ) ) ;
#702 = ADVANCED_FACE ( 'NONE', ( #382 ), #554, .T. ) ;
#703 = VERTEX_POINT ( 'NONE', #1947 ) ;
#704 = CIRCLE ( 'NONE', #835, 6.500000000000000888 ) ;
#705 = CARTESIAN_POINT ( 'NONE',  ( 2.571758278209442213E-14, -0.2818479132245116370, 199.9999999999999716 ) ) ;
#706 = AXIS2_PLACEMENT_3D ( 'NONE', #361, #1891, #1121 ) ;
#707 = VERTEX_POINT ( 'NONE', #1806 ) ;
#708 = CARTESIAN_POINT ( 'NONE',  ( 2.510525938252074324E-14, 24.99999999999999645, 205.0000000000000000 ) ) ;
#709 = ORIENTED_EDGE ( 'NONE', *, *, #161, .T. ) ;
#710 = DIRECTION ( 'NONE',  ( 0.000000000000000000, 0.000000000000000000, 1.000000000000000000 ) ) ;
#711 = AXIS2_PLACEMENT_3D ( 'NONE', #770, #126, #897 ) ;
#712 = VERTEX_POINT ( 'NONE', #1674 ) ;
#713 = FACE_OUTER_BOUND ( 'NONE', #1972, .T. ) ;
#714 = DIRECTION ( 'NONE',  ( 0.000000000000000000, -0.000000000000000000, 1.000000000000000000 ) ) ;
#715 = EDGE_CURVE ( 'NONE', #1628, #1696, #1968, .T. ) ;
#716 = VERTEX_POINT ( 'NONE', #1336 ) ;
#717 = CARTESIAN_POINT ( 'NONE',  ( -7.499999999999997335, 5.000000000000000000, 1.000000000000000222 ) ) ;
#718 = CARTESIAN_POINT ( 'NONE',  ( 7.960204194457796463E-16, 2.999999999999999112, 6.500000000000000888 ) ) ;
#719 = ORIENTED_EDGE ( 'NONE', *, *, #1442, .F. ) ;
#720 = APPROVAL_ROLE ( '' ) ;
#721 = ORIENTED_EDGE ( 'NONE', *, *, #1884, .T. ) ;
#722 = CARTESIAN_POINT ( 'NONE',  ( 0.000000000000000000, 24.99999999999999645, 213.0000000000000000 ) ) ;
#723 = DIRECTION ( 'NONE',  ( 0.000000000000000000, -1.000000000000000000, 0.000000000000000000 ) ) ;
#724 = CARTESIAN_POINT ( 'NONE',  ( 0.000000000000000000, 0.000000000000000000, 0.000000000000000000 ) ) ;
#725 = CARTESIAN_POINT ( 'NONE',  ( -16.84068206573414628, 2.496983298361398873, 204.9920640017503217 ) ) ;
#726 = CARTESIAN_POINT ( 'NONE',  ( -17.49999999999997868, 30.00000000000000000, 205.0000000000000000 ) ) ;
#727 = ADVANCED_FACE ( 'NONE', ( #697 ), #391, .F. ) ;
#728 = ORIENTED_EDGE ( 'NONE', *, *, #1652, .F. ) ;
#729 = VERTEX_POINT ( 'NONE', #1196 ) ;
#730 = PERSON_AND_ORGANIZATION ( #1589, #1773 ) ;
#731 = EDGE_LOOP ( 'NONE', ( #634, #917, #1997, #974 ) ) ;
#732 = CARTESIAN_POINT ( 'NONE',  ( 0.000000000000000000, 5.000000000000000888, 0.000000000000000000 ) ) ;
#733 = CARTESIAN_POINT ( 'NONE',  ( 17.60701518734166982, 29.99999999999999645, 1.401387660170054339 ) ) ;
#734 = ORIENTED_EDGE ( 'NONE', *, *, #1442, .T. ) ;
#735 = VERTEX_POINT ( 'NONE', #876 ) ;
#736 = DIRECTION ( 'NONE',  ( 0.000000000000000000, 0.000000000000000000, 1.000000000000000000 ) ) ;
#737 = CYLINDRICAL_SURFACE ( 'NONE', #517, 5.000000000000000000 ) ;
#738 = CYLINDRICAL_SURFACE ( 'NONE', #1118, 6.500000000000000888 ) ;
#739 = CIRCLE ( 'NONE', #1535, 5.000000000000004441 ) ;
#740 = ORIENTED_EDGE ( 'NONE', *, *, #187, .T. ) ;
#741 = CARTESIAN_POINT ( 'NONE',  ( 17.46800480960048318, 0.000000000000000000, 0.4243265860358209074 ) ) ;
#742 = AXIS2_PLACEMENT_3D ( 'NONE', #449, #1393, #1208 ) ;
#743 = ORIENTED_EDGE ( 'NONE', *, *, #1914, .T. ) ;
#744 = ORIENTED_EDGE ( 'NONE', *, *, #477, .T. ) ;
#745 = ADVANCED_FACE ( 'NONE', ( #1970 ), #241, .F. ) ;
#746 = CIRCLE ( 'NONE', #140, 1.499999999999999556 ) ;
#747 = APPLICATION_PROTOCOL_DEFINITION ( 'international standard', 'config_control_design', 1994, #1094 ) ;
#748 = EDGE_CURVE ( 'NONE', #735, #1676, #108, .T. ) ;
#749 = ORIENTED_EDGE ( 'NONE', *, *, #1877, .T. ) ;
#750 = AXIS2_PLACEMENT_3D ( 'NONE', #1850, #1371, #1698 ) ;
#751 = CARTESIAN_POINT ( 'NONE',  ( 17.77281420353833497, 29.99188679414009684, 1.409985918409308647 ) ) ;
#752 = CIRCLE ( 'NONE', #74, 1.499999999999999556 ) ;
#753 = VERTEX_POINT ( 'NONE', #97 ) ;
#754 = DIRECTION ( 'NONE',  ( 0.000000000000000000, 0.000000000000000000, -1.000000000000000000 ) ) ;
#755 = DIRECTION ( 'NONE',  ( 0.000000000000000000, 1.000000000000000000, 0.000000000000000000 ) ) ;
#756 = CARTESIAN_POINT ( 'NONE',  ( 0.000000000000000000, 5.000000000000000888, 0.000000000000000000 ) ) ;
#757 = EDGE_CURVE ( 'NONE', #264, #1314, #1639, .T. ) ;
#758 = ORIENTED_EDGE ( 'NONE', *, *, #7, .F. ) ;
#759 = DATE_TIME_ROLE ( 'creation_date' ) ;
#760 = EDGE_CURVE ( 'NONE', #1109, #1263, #431, .T. ) ;
#761 = FACE_OUTER_BOUND ( 'NONE', #1406, .T. ) ;
#762 = ORIENTED_EDGE ( 'NONE', *, *, #235, .T. ) ;
#763 = CARTESIAN_POINT ( 'NONE',  ( 12.49987623321341879, 30.00000000000000000, 204.9443748766623798 ) ) ;
#764 = EDGE_LOOP ( 'NONE', ( #1653, #1966, #612, #1023 ) ) ;
#765 = CARTESIAN_POINT ( 'NONE',  ( 13.15693258411413602, 0.03242410712993025468, 204.9509858725313620 ) ) ;
#766 = FACE_OUTER_BOUND ( 'NONE', #438, .T. ) ;
#767 = CARTESIAN_POINT ( 'NONE',  ( -7.499999999999997335, 11.00000000000000000, 4.286263797015738567E-16 ) ) ;
#768 = EDGE_LOOP ( 'NONE', ( #1395, #728 ) ) ;
#769 = CARTESIAN_POINT ( 'NONE',  ( 19.05946823527069967, 29.74264873215231120, 1.476003658043302469 ) ) ;
#770 = CARTESIAN_POINT ( 'NONE',  ( 0.000000000000000000, 5.000000000000000000, 0.000000000000000000 ) ) ;
#771 = ADVANCED_FACE ( 'NONE', ( #1157 ), #560, .F. ) ;
#772 = VERTEX_POINT ( 'NONE', #118 ) ;
#773 = CARTESIAN_POINT ( 'NONE',  ( 17.46762545831589009, 4.345256092222906652, 204.9996063220946780 ) ) ;
#774 = CYLINDRICAL_SURFACE ( 'NONE', #455, 1.499999999999999556 ) ;
#775 = EDGE_CURVE ( 'NONE', #495, #18, #1032, .T. ) ;
#776 = DIRECTION ( 'NONE',  ( 0.000000000000000000, 0.000000000000000000, 1.000000000000000000 ) ) ;
#777 = AXIS2_PLACEMENT_3D ( 'NONE', #207, #1447, #1752 ) ;
#778 = DIRECTION ( 'NONE',  ( -0.000000000000000000, 1.000000000000000000, -0.000000000000000000 ) ) ;
#779 = CIRCLE ( 'NONE', #1740, 1.499999999999999556 ) ;
#780 = VERTEX_POINT ( 'NONE', #718 ) ;
#781 = AXIS2_PLACEMENT_3D ( 'NONE', #152, #1823, #1705 ) ;
#782 = DIRECTION ( 'NONE',  ( 0.000000000000000000, -0.000000000000000000, 1.000000000000000000 ) ) ;
#783 = ORIENTED_EDGE ( 'NONE', *, *, #1058, .T. ) ;
#784 = AXIS2_PLACEMENT_3D ( 'NONE', #437, #1069, #1695 ) ;
#785 = CARTESIAN_POINT ( 'NONE',  ( 16.26730491464901363, 1.696421339330955513, 204.9852930574997742 ) ) ;
#786 = DIRECTION ( 'NONE',  ( 0.000000000000000000, 0.000000000000000000, 1.000000000000000000 ) ) ;
#787 = VECTOR ( 'NONE', #1355, 1000.000000000000000 ) ;
#788 = EDGE_CURVE ( 'NONE', #1351, #1911, #230, .T. ) ;
#789 = AXIS2_PLACEMENT_3D ( 'NONE', #269, #224, #1954 ) ;
#790 = PLANE ( 'NONE',  #42 ) ;
#791 = ORIENTED_EDGE ( 'NONE', *, *, #1496, .F. ) ;
#792 = DIRECTION ( 'NONE',  ( -0.000000000000000000, -1.000000000000000000, -0.000000000000000000 ) ) ;
#793 = ORIENTED_EDGE ( 'NONE', *, *, #379, .T. ) ;
#794 = DIRECTION ( 'NONE',  ( -0.000000000000000000, -1.000000000000000000, -0.000000000000000000 ) ) ;
#795 = CARTESIAN_POINT ( 'NONE',  ( 15.55501311537430453, 1.028259960407538198, 204.9770599237814395 ) ) ;
#796 = PLANE ( 'NONE',  #1832 ) ;
#797 = DIRECTION ( 'NONE',  ( 0.000000000000000000, 0.000000000000000000, 1.000000000000000000 ) ) ;
#798 = CC_DESIGN_PERSON_AND_ORGANIZATION_ASSIGNMENT ( #110, #1491, ( #1775 ) ) ;
#799 = CARTESIAN_POINT ( 'NONE',  ( -19.95051957972640011, 0.6622819958755686853, 1.521019037703959631 ) ) ;
#800 = VERTEX_POINT ( 'NONE', #1828 ) ;
#801 = CARTESIAN_POINT ( 'NONE',  ( 0.000000000000000000, 0.000000000000000000, -6.500000000000000888 ) ) ;
#802 = DIRECTION ( 'NONE',  ( 0.000000000000000000, 0.000000000000000000, 1.000000000000000000 ) ) ;
#803 = CYLINDRICAL_SURFACE ( 'NONE', #1926, 11.00000000000000000 ) ;
#804 = DIRECTION ( 'NONE',  ( -0.000000000000000000, -1.000000000000000000, -0.000000000000000000 ) ) ;
#805 = CARTESIAN_POINT ( 'NONE',  ( 6.999999999999984901, 19.99999999999999645, 205.0000000000000000 ) ) ;
#806 = EDGE_CURVE ( 'NONE', #1530, #581, #1937, .T. ) ;
#807 = ORIENTED_EDGE ( 'NONE', *, *, #1762, .F. ) ;
#808 = CIRCLE ( 'NONE', #1204, 1.000000000000000000 ) ;
#809 = CARTESIAN_POINT ( 'NONE',  ( 7.499999999999997335, 11.00000000000000000, 0.000000000000000000 ) ) ;
#810 = AXIS2_PLACEMENT_3D ( 'NONE', #346, #1766, #1272 ) ;
#811 = EDGE_CURVE ( 'NONE', #1793, #372, #1221, .T. ) ;
#812 = FACE_OUTER_BOUND ( 'NONE', #435, .T. ) ;
#813 = VECTOR ( 'NONE', #1473, 1000.000000000000000 ) ;
#814 = DIRECTION ( 'NONE',  ( -0.000000000000000000, -1.000000000000000000, -0.000000000000000000 ) ) ;
#815 = DIRECTION ( 'NONE',  ( -0.000000000000000000, -1.000000000000000000, -0.000000000000000000 ) ) ;
#816 = VECTOR ( 'NONE', #555, 1000.000000000000000 ) ;
#817 = DIRECTION ( 'NONE',  ( 0.000000000000000000, 0.000000000000000000, 1.000000000000000000 ) ) ;
#818 = LINE ( 'NONE', #1133, #1401 ) ;
#819 = PRODUCT_DEFINITION ( 'UNKNOWN', '', #1800, #643 ) ;
#820 = LINE ( 'NONE', #515, #955 ) ;
#821 = FACE_OUTER_BOUND ( 'NONE', #992, .T. ) ;
#822 = EDGE_LOOP ( 'NONE', ( #1238, #134, #1004, #586 ) ) ;
#823 = CARTESIAN_POINT ( 'NONE',  ( 0.000000000000000000, 0.000000000000000000, 0.000000000000000000 ) ) ;
#824 = CARTESIAN_POINT ( 'NONE',  ( 17.23789493188008137, 26.60600355317864540, 204.9968285980815779 ) ) ;
#825 = CARTESIAN_POINT ( 'NONE',  ( 7.499999999999997335, 11.00000000000000000, 1.000000000000002442 ) ) ;
#826 = CARTESIAN_POINT ( 'NONE',  ( -19.05946823527069967, 29.74264873215231120, 1.476003658043302469 ) ) ;
#827 = DIRECTION ( 'NONE',  ( 0.000000000000000000, 1.000000000000000000, 0.000000000000000000 ) ) ;
#828 = CARTESIAN_POINT ( 'NONE',  ( 19.95051957972640366, 0.6622819958755705727, 1.521019037703995824 ) ) ;
#829 = EDGE_CURVE ( 'NONE', #581, #519, #326, .T. ) ;
#830 = VERTEX_POINT ( 'NONE', #1861 ) ;
#831 = CARTESIAN_POINT ( 'NONE',  ( 8.000000000000000000, 19.99999999999999645, -1.224646799147358384E-16 ) ) ;
#832 = EDGE_CURVE ( 'NONE', #216, #707, #173, .T. ) ;
#833 = FACE_OUTER_BOUND ( 'NONE', #342, .T. ) ;
#834 = CARTESIAN_POINT ( 'NONE',  ( -22.31239759713736959, 26.13396624738373575, 1.637923271626771760 ) ) ;
#835 = AXIS2_PLACEMENT_3D ( 'NONE', #1892, #958, #1112 ) ;
#836 = FACE_OUTER_BOUND ( 'NONE', #1090, .T. ) ;
#837 = DIRECTION ( 'NONE',  ( 0.000000000000000000, 1.000000000000000000, 0.000000000000000000 ) ) ;
#838 = CIRCLE ( 'NONE', #1570, 22.50000000000000355 ) ;
#839 = EDGE_CURVE ( 'NONE', #729, #1956, #1211, .T. ) ;
#840 = AXIS2_PLACEMENT_3D ( 'NONE', #1424, #1126, #352 ) ;
#841 = ORIENTED_EDGE ( 'NONE', *, *, #1928, .F. ) ;
#842 = DIRECTION ( 'NONE',  ( 0.02428448193494522553, -0.000000000000000000, 0.9997050884821738759 ) ) ;
#843 = EDGE_CURVE ( 'NONE', #1981, #117, #1382, .T. ) ;
#844 = AXIS2_PLACEMENT_3D ( 'NONE', #1408, #1890, #1110 ) ;
#845 = CARTESIAN_POINT ( 'NONE',  ( 8.000000000000000000, 19.99999999999999645, -1.224646799147358384E-16 ) ) ;
#846 = AXIS2_PLACEMENT_3D ( 'NONE', #238, #75, #1643 ) ;
#847 = EDGE_LOOP ( 'NONE', ( #1566, #1985, #1953, #1353 ) ) ;
#848 = VECTOR ( 'NONE', #1882, 1000.000000000000114 ) ;
#849 = DIRECTION ( 'NONE',  ( 0.000000000000000000, 0.000000000000000000, 1.000000000000000000 ) ) ;
#850 = DIRECTION ( 'NONE',  ( 0.000000000000000000, -0.000000000000000000, 1.000000000000000000 ) ) ;
#851 = CARTESIAN_POINT ( 'NONE',  ( 22.12209820336044785, 3.237609974233287335, 1.628623537558627543 ) ) ;
#852 = ORIENTED_EDGE ( 'NONE', *, *, #1318, .F. ) ;
#853 = CARTESIAN_POINT ( 'NONE',  ( 2.510525938252074324E-14, 24.99999999999999645, 222.4999999999999716 ) ) ;
#854 = CARTESIAN_POINT ( 'NONE',  ( 7.499999999999997335, 11.00000000000000000, 0.000000000000000000 ) ) ;
#855 = EDGE_CURVE ( 'NONE', #216, #1109, #1376, .T. ) ;
#856 = CARTESIAN_POINT ( 'NONE',  ( -20.74732667054824020, 28.76522906523164380, 1.560833621272278648 ) ) ;
#857 = UNCERTAINTY_MEASURE_WITH_UNIT (LENGTH_MEASURE( 1.000000000000000082E-05 ), #1716, 'distance_accuracy_value', 'NONE');
#858 = ORIENTED_EDGE ( 'NONE', *, *, #806, .T. ) ;
#859 = CARTESIAN_POINT ( 'NONE',  ( -8.000000000000000000, 19.99999999999999645, -1.499999999999999778 ) ) ;
#860 = CARTESIAN_POINT ( 'NONE',  ( 21.93418916785283557, 2.783634659604073747, 1.619423339408648133 ) ) ;
#861 = CYLINDRICAL_SURFACE ( 'NONE', #1084, 1.000000000000000888 ) ;
#862 = DIRECTION ( 'NONE',  ( 0.000000000000000000, 1.000000000000000000, 0.000000000000000000 ) ) ;
#863 = ORIENTED_EDGE ( 'NONE', *, *, #1905, .F. ) ;
#864 = DATE_AND_TIME ( #879, #142 ) ;
#865 = ADVANCED_FACE ( 'NONE', ( #1722, #310, #597, #611, #317, #471 ), #1258, .T. ) ;
#866 = ORIENTED_EDGE ( 'NONE', *, *, #1762, .T. ) ;
#867 = CARTESIAN_POINT ( 'NONE',  ( 0.000000000000000000, 5.000000000000000000, 7.499999999999997335 ) ) ;
#868 = FACE_OUTER_BOUND ( 'NONE', #916, .T. ) ;
#869 = ADVANCED_FACE ( 'NONE', ( #1990 ), #1229, .T. ) ;
#870 = CIRCLE ( 'NONE', #1598, 1.000000000000000000 ) ;
#871 = EDGE_LOOP ( 'NONE', ( #1343, #245, #150, #1195, #1362 ) ) ;
#872 = VECTOR ( 'NONE', #842, 1000.000000000000114 ) ;
#873 = FACE_OUTER_BOUND ( 'NONE', #2010, .T. ) ;
#874 = CIRCLE ( 'NONE', #45, 1.500000000000000444 ) ;
#875 = EDGE_LOOP ( 'NONE', ( #503, #96, #1363, #1377 ) ) ;
#876 = CARTESIAN_POINT ( 'NONE',  ( -12.49987623321337793, 0.000000000000000000, 204.9443748766639146 ) ) ;
#877 = APPROVAL_PERSON_ORGANIZATION ( #1088, #319, #720 ) ;
#878 = ORIENTED_EDGE ( 'NONE', *, *, #1392, .F. ) ;
#879 = CALENDAR_DATE ( 2026, 21, 4 ) ;
#880 = AXIS2_PLACEMENT_3D ( 'NONE', #1825, #1391, #1553 ) ;
#881 = ORIENTED_EDGE ( 'NONE', *, *, #1724, .T. ) ;
#882 = CIRCLE ( 'NONE', #1016, 1.000000000000000000 ) ;
#883 = CC_DESIGN_PERSON_AND_ORGANIZATION_ASSIGNMENT ( #730, #1034, ( #1800 ) ) ;
#884 = FACE_OUTER_BOUND ( 'NONE', #392, .T. ) ;
#885 = CARTESIAN_POINT ( 'NONE',  ( 22.43984850735186143, 25.33019958016904383, 1.644140799049261803 ) ) ;
#886 = ORIENTED_EDGE ( 'NONE', *, *, #1790, .T. ) ;
#887 = CARTESIAN_POINT ( 'NONE',  ( -12.49987623321337971, 30.00000000000000000, 204.9443748766640567 ) ) ;
#888 = FACE_OUTER_BOUND ( 'NONE', #1642, .T. ) ;
#889 = CARTESIAN_POINT ( 'NONE',  ( 0.000000000000000000, 21.38477631085023489, 0.000000000000000000 ) ) ;
#890 = VERTEX_POINT ( 'NONE', #1561 ) ;
#891 = DIRECTION ( 'NONE',  ( 0.000000000000000000, -0.000000000000000000, -1.000000000000000000 ) ) ;
#892 = EDGE_LOOP ( 'NONE', ( #1026, #159, #589, #311 ) ) ;
#893 = ORIENTED_EDGE ( 'NONE', *, *, #775, .T. ) ;
#894 = VERTEX_POINT ( 'NONE', #1686 ) ;
#895 = CARTESIAN_POINT ( 'NONE',  ( -8.000000000000000000, 27.99999999999999645, -1.224646799147358384E-16 ) ) ;
#896 = CARTESIAN_POINT ( 'NONE',  ( 0.000000000000000000, 5.000000000000000000, 0.000000000000000000 ) ) ;
#897 = DIRECTION ( 'NONE',  ( 0.000000000000000000, -0.000000000000000000, -1.000000000000000000 ) ) ;
#898 = ORIENTED_EDGE ( 'NONE', *, *, #1851, .T. ) ;
#899 = ORIENTED_EDGE ( 'NONE', *, *, #855, .F. ) ;
#900 = DIRECTION ( 'NONE',  ( -0.000000000000000000, 1.000000000000000000, -0.000000000000000000 ) ) ;
#901 = DIRECTION ( 'NONE',  ( -0.000000000000000000, 1.000000000000000000, -0.000000000000000000 ) ) ;
#902 = ADVANCED_FACE ( 'NONE', ( #284 ), #1661, .T. ) ;
#903 = VERTEX_POINT ( 'NONE', #1237 ) ;
#904 = DIRECTION ( 'NONE',  ( 0.000000000000000000, 1.000000000000000000, 0.000000000000000000 ) ) ;
#905 = EDGE_CURVE ( 'NONE', #1509, #2002, #1490, .T. ) ;
#906 = EDGE_LOOP ( 'NONE', ( #908, #81 ) ) ;
#907 = DATE_TIME_ROLE ( 'classification_date' ) ;
#908 = ORIENTED_EDGE ( 'NONE', *, *, #1066, .T. ) ;
#909 = CARTESIAN_POINT ( 'NONE',  ( 20.74732667054824020, 28.76522906523164380, 1.560833621272278648 ) ) ;
#910 = CARTESIAN_POINT ( 'NONE',  ( 0.000000000000000000, 5.000000000000000000, 0.000000000000000000 ) ) ;
#911 = PLANE ( 'NONE',  #1664 ) ;
#912 = AXIS2_PLACEMENT_3D ( 'NONE', #651, #640, #971 ) ;
#913 = DIRECTION ( 'NONE',  ( 0.000000000000000000, -0.000000000000000000, -1.000000000000000000 ) ) ;
#914 = ADVANCED_FACE ( 'NONE', ( #1394, #1841 ), #790, .T. ) ;
#915 = CIRCLE ( 'NONE', #43, 1.499999999999999556 ) ;
#916 = EDGE_LOOP ( 'NONE', ( #1233, #286, #432, #1728 ) ) ;
#917 = ORIENTED_EDGE ( 'NONE', *, *, #282, .T. ) ;
#918 = CIRCLE ( 'NONE', #1171, 1.000000000000000000 ) ;
#919 = DIRECTION ( 'NONE',  ( 1.000000000000000000, 0.000000000000000000, 0.000000000000000000 ) ) ;
#920 = VECTOR ( 'NONE', #1102, 1000.000000000000000 ) ;
#921 = CARTESIAN_POINT ( 'NONE',  ( 22.27288413351052299, 26.29232838908311010, 1.635994111875182400 ) ) ;
#922 = CARTESIAN_POINT ( 'NONE',  ( 14.71827326650749690, 29.49277276323245189, 204.9676591477409318 ) ) ;
#923 = CIRCLE ( 'NONE', #627, 17.49999999999998934 ) ;
#924 = ORIENTED_EDGE ( 'NONE', *, *, #1097, .F. ) ;
#925 = ORIENTED_EDGE ( 'NONE', *, *, #344, .F. ) ;
#926 = DIRECTION ( 'NONE',  ( -0.9997050884821739869, 0.000000000000000000, -0.02428448193494522900 ) ) ;
#927 = CARTESIAN_POINT ( 'NONE',  ( 0.000000000000000000, 19.99999999999999645, 9.500000000000000000 ) ) ;
#928 = CARTESIAN_POINT ( 'NONE',  ( 0.000000000000000000, 19.99999999999999645, 212.0000000000000000 ) ) ;
#929 = EDGE_LOOP ( 'NONE', ( #153, #1542 ) ) ;
#930 = CC_DESIGN_DATE_AND_TIME_ASSIGNMENT ( #864, #759, ( #819 ) ) ;
#931 = EDGE_CURVE ( 'NONE', #1036, #1719, #1866, .T. ) ;
#932 = CARTESIAN_POINT ( 'NONE',  ( 21.78087211394524658, 27.50345481090783650, 1.611904391650443635 ) ) ;
#933 = ADVANCED_FACE ( 'NONE', ( #131 ), #1706, .T. ) ;
#934 = CYLINDRICAL_SURFACE ( 'NONE', #1147, 1.000000000000000000 ) ;
#935 = CARTESIAN_POINT ( 'NONE',  ( -8.000000000000000000, 19.99999999999999645, -1.224646799147358384E-16 ) ) ;
#936 = DIRECTION ( 'NONE',  ( 0.000000000000000000, -0.000000000000000000, 1.000000000000000000 ) ) ;
#937 = CARTESIAN_POINT ( 'NONE',  ( 6.123233995736766282E-16, 3.000000000000000000, -5.000000000000000000 ) ) ;
#938 = ORIENTED_EDGE ( 'NONE', *, *, #277, .T. ) ;
#939 = CARTESIAN_POINT ( 'NONE',  ( 13.15693258411413602, 29.96757589287007306, 204.9509858725316462 ) ) ;
#940 = DIRECTION ( 'NONE',  ( 0.000000000000000000, 1.000000000000000000, 0.000000000000000000 ) ) ;
#941 = EDGE_CURVE ( 'NONE', #1201, #894, #739, .T. ) ;
#942 = VERTEX_POINT ( 'NONE', #1247 ) ;
#943 = EDGE_LOOP ( 'NONE', ( #532, #605, #600, #1531 ) ) ;
#944 = ORIENTED_EDGE ( 'NONE', *, *, #1884, .F. ) ;
#945 = CARTESIAN_POINT ( 'NONE',  ( 0.000000000000000000, 30.00000000000000000, 0.000000000000000000 ) ) ;
#946 = CARTESIAN_POINT ( 'NONE',  ( 1.224646799147353700E-16, 11.00000000000000000, -6.499999999999997335 ) ) ;
#947 = DIRECTION ( 'NONE',  ( 0.000000000000000000, -1.000000000000000000, 0.000000000000000000 ) ) ;
#948 = AXIS2_PLACEMENT_3D ( 'NONE', #823, #815, #1149 ) ;
#949 = DIRECTION ( 'NONE',  ( 0.000000000000000000, 0.000000000000000000, 1.000000000000000000 ) ) ;
#950 = AXIS2_PLACEMENT_3D ( 'NONE', #1596, #516, #193 ) ;
#951 = VECTOR ( 'NONE', #50, 1000.000000000000000 ) ;
#952 = CARTESIAN_POINT ( 'NONE',  ( -7.499999999999997335, 5.000000000000000000, 4.286263797015738567E-16 ) ) ;
#953 = CARTESIAN_POINT ( 'NONE',  ( 15.00906414433494440, 0.6626756436767368141, 204.9708947934411754 ) ) ;
#954 = CARTESIAN_POINT ( 'NONE',  ( 8.000000000000000000, 19.99999999999999645, -1.500000000000000666 ) ) ;
#955 = VECTOR ( 'NONE', #204, 1000.000000000000000 ) ;
#956 = ADVANCED_FACE ( 'NONE', ( #1872 ), #463, .F. ) ;
#957 = AXIS2_PLACEMENT_3D ( 'NONE', #233, #1360, #1349 ) ;
#958 = DIRECTION ( 'NONE',  ( -0.000000000000000000, 1.000000000000000000, -0.000000000000000000 ) ) ;
#959 = ORIENTED_EDGE ( 'NONE', *, *, #151, .T. ) ;
#960 = PLANE ( 'NONE',  #1404 ) ;
#961 = CARTESIAN_POINT ( 'NONE',  ( 2.510525938252074324E-14, 24.99999999999999645, 205.0000000000000000 ) ) ;
#962 = CARTESIAN_POINT ( 'NONE',  ( 17.50000000000000000, 5.000000000000000888, 205.0000000000000000 ) ) ;
#963 = CYLINDRICAL_SURFACE ( 'NONE', #99, 5.000000000000004441 ) ;
#964 = CYLINDRICAL_SURFACE ( 'NONE', #328, 1.499999999999999556 ) ;
#965 = EDGE_CURVE ( 'NONE', #48, #297, #667, .T. ) ;
#966 = CARTESIAN_POINT ( 'NONE',  ( -21.41866381469023395, 1.953203457980438484, 1.594075817929833994 ) ) ;
#967 = EDGE_CURVE ( 'NONE', #1676, #729, #514, .T. ) ;
#968 = DIRECTION ( 'NONE',  ( 0.000000000000000000, 0.000000000000000000, 1.000000000000000000 ) ) ;
#969 = CARTESIAN_POINT ( 'NONE',  ( 15.80646341455341286, 1.235231248586726949, 204.9799463420237942 ) ) ;
#970 = CYLINDRICAL_SURFACE ( 'NONE', #950, 1.499999999999999556 ) ;
#971 = DIRECTION ( 'NONE',  ( 0.000000000000000000, -0.000000000000000000, 1.000000000000000000 ) ) ;
#972 = EDGE_CURVE ( 'NONE', #1973, #113, #1741, .T. ) ;
#973 = CARTESIAN_POINT ( 'NONE',  ( -17.60701518734148152, 7.156016682720104692E-16, 1.401387660173564864 ) ) ;
#974 = ORIENTED_EDGE ( 'NONE', *, *, #313, .T. ) ;
#975 = VECTOR ( 'NONE', #804, 1000.000000000000000 ) ;
#976 = DIRECTION ( 'NONE',  ( 0.000000000000000000, 0.000000000000000000, 1.000000000000000000 ) ) ;
#977 = CIRCLE ( 'NONE', #1372, 5.000000000000004441 ) ;
#978 = CARTESIAN_POINT ( 'NONE',  ( 16.47826400416118986, 1.953689285115689511, 204.9877724628616704 ) ) ;
#979 = DIRECTION ( 'NONE',  ( 0.000000000000000000, 1.000000000000000000, 0.000000000000000000 ) ) ;
#980 = ORIENTED_EDGE ( 'NONE', *, *, #1220, .T. ) ;
#981 = CARTESIAN_POINT ( 'NONE',  ( -7.499999999999997335, 5.000000000000000000, -0.9999999999999993339 ) ) ;
#982 = VECTOR ( 'NONE', #1729, 1000.000000000000000 ) ;
#983 = CARTESIAN_POINT ( 'NONE',  ( 15.55501311537430276, 28.97174003959245780, 204.9770599237816100 ) ) ;
#984 = AXIS2_PLACEMENT_3D ( 'NONE', #246, #123, #481 ) ;
#985 = CARTESIAN_POINT ( 'NONE',  ( -22.43984850735187209, 4.669800419830972160, 1.644140799049262247 ) ) ;
#986 = DIRECTION ( 'NONE',  ( 0.000000000000000000, 0.000000000000000000, -1.000000000000000000 ) ) ;
#987 = EDGE_CURVE ( 'NONE', #581, #1530, #298, .T. ) ;
#988 = ADVANCED_FACE ( 'NONE', ( #1124 ), #480, .T. ) ;
#989 = CARTESIAN_POINT ( 'NONE',  ( 0.000000000000000000, 5.000000000000000000, -8.499999999999996447 ) ) ;
#990 = CARTESIAN_POINT ( 'NONE',  ( 0.000000000000000000, 19.99999999999999645, -8.000000000000000000 ) ) ;
#991 = EDGE_CURVE ( 'NONE', #98, #942, #1296, .T. ) ;
#992 = EDGE_LOOP ( 'NONE', ( #1918, #980, #1060, #1035 ) ) ;
#993 = ORIENTED_EDGE ( 'NONE', *, *, #1583, .T. ) ;
#994 = CARTESIAN_POINT ( 'NONE',  ( -12.50147455758910731, 5.000000000000000888, 204.8785775903252784 ) ) ;
#995 = CARTESIAN_POINT ( 'NONE',  ( -21.78087211394524303, 2.496545189092160832, 1.611904391650437862 ) ) ;
#996 = CARTESIAN_POINT ( 'NONE',  ( -21.41866381469023750, 28.04679654201956041, 1.594075817929842875 ) ) ;
#997 = ORIENTED_EDGE ( 'NONE', *, *, #633, .T. ) ;
#998 = EDGE_CURVE ( 'NONE', #1226, #780, #704, .T. ) ;
#999 = DIRECTION ( 'NONE',  ( -0.02428448193494522553, -0.000000000000000000, -0.9997050884821738759 ) ) ;
#1000 = CARTESIAN_POINT ( 'NONE',  ( 22.31239759713735538, 3.866033752616252706, 1.637923271626717359 ) ) ;
#1001 = ORIENTED_EDGE ( 'NONE', *, *, #1638, .F. ) ;
#1002 = DIRECTION ( 'NONE',  ( 0.000000000000000000, 0.000000000000000000, 1.000000000000000000 ) ) ;
#1003 = CARTESIAN_POINT ( 'NONE',  ( -7.499999999999997335, 5.000000000000000000, 4.286263797015738567E-16 ) ) ;
#1004 = ORIENTED_EDGE ( 'NONE', *, *, #685, .T. ) ;
#1005 = CARTESIAN_POINT ( 'NONE',  ( 0.000000000000000000, 11.00000000000000000, -8.499999999999996447 ) ) ;
#1006 = AXIS2_PLACEMENT_3D ( 'NONE', #1043, #1624, #558 ) ;
#1007 = CARTESIAN_POINT ( 'NONE',  ( 0.000000000000000000, 30.00000000000000000, 0.000000000000000000 ) ) ;
#1008 = CARTESIAN_POINT ( 'NONE',  ( 7.499999999999997335, 11.00000000000000000, -1.000000000000002442 ) ) ;
#1009 = AXIS2_PLACEMENT_3D ( 'NONE', #1907, #814, #639 ) ;
#1010 = VECTOR ( 'NONE', #1253, 1000.000000000000000 ) ;
#1011 = ORIENTED_EDGE ( 'NONE', *, *, #282, .F. ) ;
#1012 = CARTESIAN_POINT ( 'NONE',  ( 2.510525938252074324E-14, 5.000000000000000888, 205.0000000000000000 ) ) ;
#1013 = AXIS2_PLACEMENT_3D ( 'NONE', #144, #1206, #1670 ) ;
#1014 = CARTESIAN_POINT ( 'NONE',  ( 17.18209586889119933, 26.76204292065468593, 204.9961563558298110 ) ) ;
#1015 = DIRECTION ( 'NONE',  ( -0.02428448193494522553, 0.000000000000000000, -0.9997050884821738759 ) ) ;
#1016 = AXIS2_PLACEMENT_3D ( 'NONE', #867, #1494, #1885 ) ;
#1017 = CARTESIAN_POINT ( 'NONE',  ( -22.43984850735186498, 24.99999999999999645, 1.644140799049261803 ) ) ;
#1018 = DIRECTION ( 'NONE',  ( 0.000000000000000000, -0.000000000000000000, 1.000000000000000000 ) ) ;
#1019 = DIRECTION ( 'NONE',  ( 0.000000000000000000, 1.000000000000000000, 0.000000000000000000 ) ) ;
#1020 = ORIENTED_EDGE ( 'NONE', *, *, #1737, .T. ) ;
#1021 = CARTESIAN_POINT ( 'NONE',  ( 0.000000000000000000, 11.00000000000000000, -7.499999999999997335 ) ) ;
#1022 = EDGE_CURVE ( 'NONE', #1051, #1040, #1410, .T. ) ;
#1023 = ORIENTED_EDGE ( 'NONE', *, *, #386, .T. ) ;
#1024 = ADVANCED_FACE ( 'NONE', ( #348 ), #964, .F. ) ;
#1025 = CARTESIAN_POINT ( 'NONE',  ( -21.93418916785282491, 27.21636534039591737, 1.619423339408709861 ) ) ;
#1026 = ORIENTED_EDGE ( 'NONE', *, *, #1022, .F. ) ;
#1027 = ORIENTED_EDGE ( 'NONE', *, *, #1129, .T. ) ;
#1028 = CARTESIAN_POINT ( 'NONE',  ( 0.000000000000000000, 5.000000000000000000, -7.499999999999997335 ) ) ;
#1029 = CARTESIAN_POINT ( 'NONE',  ( 20.49605955976595340, 1.027817479161972303, 1.548326476036681720 ) ) ;
#1030 = ORIENTED_EDGE ( 'NONE', *, *, #757, .F. ) ;
#1031 = CARTESIAN_POINT ( 'NONE',  ( 6.999999999999984901, 24.99999999999999645, 205.0000000000000000 ) ) ;
#1032 = LINE ( 'NONE', #726, #494 ) ;
#1033 = ORIENTED_EDGE ( 'NONE', *, *, #1571, .F. ) ;
#1034 = PERSON_AND_ORGANIZATION_ROLE ( 'design_supplier' ) ;
#1035 = ORIENTED_EDGE ( 'NONE', *, *, #685, .F. ) ;
#1036 = VERTEX_POINT ( 'NONE', #1925 ) ;
#1037 = FACE_OUTER_BOUND ( 'NONE', #507, .T. ) ;
#1038 = DIRECTION ( 'NONE',  ( 0.000000000000000000, 0.000000000000000000, -1.000000000000000000 ) ) ;
#1039 = AXIS2_PLACEMENT_3D ( 'NONE', #490, #33, #1130 ) ;
#1040 = VERTEX_POINT ( 'NONE', #1420 ) ;
#1041 = DIRECTION ( 'NONE',  ( 0.000000000000000000, 0.000000000000000000, 1.000000000000000000 ) ) ;
#1042 = CIRCLE ( 'NONE', #619, 1.500000000000000444 ) ;
#1043 = CARTESIAN_POINT ( 'NONE',  ( 0.000000000000000000, 19.99999999999999645, 8.000000000000000000 ) ) ;
#1044 = EDGE_LOOP ( 'NONE', ( #783, #1132 ) ) ;
#1045 = DIRECTION ( 'NONE',  ( 0.000000000000000000, 0.000000000000000000, 1.000000000000000000 ) ) ;
#1046 = LOCAL_TIME ( 14, 26, 55.00000000000000000, #1049 ) ;
#1047 = AXIS2_PLACEMENT_3D ( 'NONE', #1357, #1986, #429 ) ;
#1048 = EDGE_LOOP ( 'NONE', ( #243, #1692 ) ) ;
#1049 = COORDINATED_UNIVERSAL_TIME_OFFSET ( 6, 0, .BEHIND. ) ;
#1050 = AXIS2_PLACEMENT_3D ( 'NONE', #103, #792, #1522 ) ;
#1051 = VERTEX_POINT ( 'NONE', #1273 ) ;
#1052 = AXIS2_PLACEMENT_3D ( 'NONE', #570, #163, #2007 ) ;
#1053 = CARTESIAN_POINT ( 'NONE',  ( -8.000000000000000000, 19.99999999999999645, 1.499999999999999334 ) ) ;
#1054 = PLANE ( 'NONE',  #680 ) ;
#1055 = EDGE_CURVE ( 'NONE', #780, #637, #1900, .T. ) ;
#1056 = ORIENTED_EDGE ( 'NONE', *, *, #93, .T. ) ;
#1057 = PLANE ( 'NONE',  #1802 ) ;
#1058 = EDGE_CURVE ( 'NONE', #716, #519, #1994, .T. ) ;
#1059 = DIRECTION ( 'NONE',  ( -0.000000000000000000, 1.000000000000000000, -0.000000000000000000 ) ) ;
#1060 = ORIENTED_EDGE ( 'NONE', *, *, #654, .T. ) ;
#1061 = CARTESIAN_POINT ( 'NONE',  ( 2.510525938252074324E-14, 5.000000000000000888, 205.0000000000000000 ) ) ;
#1062 = ORIENTED_EDGE ( 'NONE', *, *, #1361, .T. ) ;
#1063 = ORIENTED_EDGE ( 'NONE', *, *, #1200, .T. ) ;
#1064 =( NAMED_UNIT ( * ) SI_UNIT ( $, .STERADIAN. ) SOLID_ANGLE_UNIT ( ) );
#1065 = ORIENTED_EDGE ( 'NONE', *, *, #967, .T. ) ;
#1066 = EDGE_CURVE ( 'NONE', #903, #1051, #1141, .T. ) ;
#1067 = EDGE_LOOP ( 'NONE', ( #858, #548 ) ) ;
#1068 = DIRECTION ( 'NONE',  ( 0.000000000000000000, 0.000000000000000000, -1.000000000000000000 ) ) ;
#1069 = DIRECTION ( 'NONE',  ( -0.000000000000000000, 1.000000000000000000, -0.000000000000000000 ) ) ;
#1070 = ORIENTED_CLOSED_SHELL ( 'NONE', *, #626, .F. );
#1071 = VERTEX_POINT ( 'NONE', #185 ) ;
#1072 = LINE ( 'NONE', #606, #591 ) ;
#1073 = FACE_OUTER_BOUND ( 'NONE', #929, .T. ) ;
#1074 = DIRECTION ( 'NONE',  ( 0.000000000000000000, 1.000000000000000000, 0.000000000000000000 ) ) ;
#1075 = ORIENTED_EDGE ( 'NONE', *, *, #1445, .T. ) ;
#1076 = ORIENTED_EDGE ( 'NONE', *, *, #116, .T. ) ;
#1077 = PERSON_AND_ORGANIZATION_ROLE ( 'creator' ) ;
#1078 = DIRECTION ( 'NONE',  ( -0.000000000000000000, -1.000000000000000000, -0.000000000000000000 ) ) ;
#1079 = VERTEX_POINT ( 'NONE', #355 ) ;
#1080 = ORIENTED_EDGE ( 'NONE', *, *, #534, .T. ) ;
#1081 = DIRECTION ( 'NONE',  ( 0.000000000000000000, 0.000000000000000000, -1.000000000000000000 ) ) ;
#1082 = DIRECTION ( 'NONE',  ( 0.000000000000000000, 0.000000000000000000, 1.000000000000000000 ) ) ;
#1083 = B_SPLINE_CURVE_WITH_KNOTS ( 'NONE', 3,
 ( #1977, #1465, #691, #1946, #539, #1794, #388, #316, #460, #1243, #1839, #725, #1554, #2019, #608, #162, #1528, #1540, #1699, #293 ),
 .UNSPECIFIED., .F., .F.,
 ( 4, 2, 2, 2, 2, 2, 2, 2, 2, 4 ),
 ( -8.343342706742683159E-05, 0.0009017681597547861716, 0.001886969746576999066, 0.002872171333399212503, 0.003857372920221425073, 0.004842574507043638510, 0.005827776093865852380, 0.006320376887276954979, 0.006812977680688059312, 0.007798179267510268846 ),
 .UNSPECIFIED. ) ;
#1084 = AXIS2_PLACEMENT_3D ( 'NONE', #417, #240, #1826 ) ;
#1085 = DIRECTION ( 'NONE',  ( 0.000000000000000000, 1.000000000000000000, 0.000000000000000000 ) ) ;
#1086 = EDGE_CURVE ( 'NONE', #320, #1883, #808, .T. ) ;
#1087 = AXIS2_PLACEMENT_3D ( 'NONE', #935, #1373, #1082 ) ;
#1088 = PERSON_AND_ORGANIZATION ( #1589, #1773 ) ;
#1089 = PLANE ( 'NONE',  #255 ) ;
#1090 = EDGE_LOOP ( 'NONE', ( #181, #1845, #1189, #807 ) ) ;
#1091 = VECTOR ( 'NONE', #1614, 1000.000000000000000 ) ;
#1092 = CARTESIAN_POINT ( 'NONE',  ( 0.000000000000000000, 27.99999999999999645, 0.000000000000000000 ) ) ;
#1093 = DIRECTION ( 'NONE',  ( 0.02428448193494522553, 0.000000000000000000, -0.9997050884821738759 ) ) ;
#1094 = APPLICATION_CONTEXT ( 'configuration controlled 3d designs of mechanical parts and assemblies' ) ;
#1095 = DIRECTION ( 'NONE',  ( 0.000000000000000000, -1.000000000000000000, 0.000000000000000000 ) ) ;
#1096 = ORIENTED_EDGE ( 'NONE', *, *, #234, .F. ) ;
#1097 = EDGE_CURVE ( 'NONE', #524, #942, #1627, .T. ) ;
#1098 = CARTESIAN_POINT ( 'NONE',  ( -17.49999999999997868, 24.99999999999999645, 205.0000000000000000 ) ) ;
#1099 = DIRECTION ( 'NONE',  ( 0.000000000000000000, 0.000000000000000000, 1.000000000000000000 ) ) ;
#1100 = ORIENTED_EDGE ( 'NONE', *, *, #313, .F. ) ;
#1101 = ORIENTED_EDGE ( 'NONE', *, *, #1931, .T. ) ;
#1102 = DIRECTION ( 'NONE',  ( -0.000000000000000000, -1.000000000000000000, -0.000000000000000000 ) ) ;
#1103 = CARTESIAN_POINT ( 'NONE',  ( 0.000000000000000000, 19.99999999999999645, -6.500000000000000888 ) ) ;
#1104 = DIRECTION ( 'NONE',  ( -0.000000000000000000, -1.000000000000000000, -0.000000000000000000 ) ) ;
#1105 = DIRECTION ( 'NONE',  ( 0.000000000000000000, 0.000000000000000000, 1.000000000000000000 ) ) ;
#1106 = CC_DESIGN_DATE_AND_TIME_ASSIGNMENT ( #573, #907, ( #1775 ) ) ;
#1107 = CARTESIAN_POINT ( 'NONE',  ( 1.224646799147353700E-16, 5.000000000000000000, 8.499999999999996447 ) ) ;
#1108 = EDGE_CURVE ( 'NONE', #2005, #372, #1283, .T. ) ;
#1109 = VERTEX_POINT ( 'NONE', #981 ) ;
#1110 = DIRECTION ( 'NONE',  ( 0.000000000000000000, -0.000000000000000000, 1.000000000000000000 ) ) ;
#1111 = CARTESIAN_POINT ( 'NONE',  ( 0.000000000000000000, 24.99999999999999645, 0.000000000000000000 ) ) ;
#1112 = DIRECTION ( 'NONE',  ( 0.000000000000000000, 0.000000000000000000, -1.000000000000000000 ) ) ;
#1113 = VECTOR ( 'NONE', #1779, 1000.000000000000000 ) ;
#1114 = CARTESIAN_POINT ( 'NONE',  ( 7.499999999999997335, 11.00000000000000000, 0.000000000000000000 ) ) ;
#1115 = ORIENTED_EDGE ( 'NONE', *, *, #474, .F. ) ;
#1116 = AXIS2_PLACEMENT_3D ( 'NONE', #209, #698, #849 ) ;
#1117 = DIRECTION ( 'NONE',  ( 0.000000000000000000, 1.000000000000000000, 0.000000000000000000 ) ) ;
#1118 = AXIS2_PLACEMENT_3D ( 'NONE', #889, #1988, #1512 ) ;
#1119 = EDGE_CURVE ( 'NONE', #1467, #1430, #673, .T. ) ;
#1120 = CARTESIAN_POINT ( 'NONE',  ( -12.82827195667900178, 29.99999999999999645, 204.9476399987409252 ) ) ;
#1121 = DIRECTION ( 'NONE',  ( 0.000000000000000000, 0.000000000000000000, 1.000000000000000000 ) ) ;
#1122 = AXIS2_PLACEMENT_3D ( 'NONE', #1292, #1920, #510 ) ;
#1123 = ADVANCED_FACE ( 'NONE', ( #1919 ), #374, .T. ) ;
#1124 = FACE_OUTER_BOUND ( 'NONE', #557, .T. ) ;
#1125 = CARTESIAN_POINT ( 'NONE',  ( 1.347111479062088405E-15, 30.00000000000000000, -11.00000000000000000 ) ) ;
#1126 = DIRECTION ( 'NONE',  ( -0.000000000000000000, -1.000000000000000000, -0.000000000000000000 ) ) ;
#1127 = CARTESIAN_POINT ( 'NONE',  ( 14.11719166228735389, 0.2575936234464469843, 204.9611021837793032 ) ) ;
#1128 = CARTESIAN_POINT ( 'NONE',  ( 17.50000000000000000, 30.00000000000000000, 205.0000000000000000 ) ) ;
#1129 = EDGE_CURVE ( 'NONE', #2002, #1509, #870, .T. ) ;
#1130 = DIRECTION ( 'NONE',  ( 0.000000000000000000, 0.000000000000000000, -1.000000000000000000 ) ) ;
#1131 = CARTESIAN_POINT ( 'NONE',  ( -20.74732667054823665, 1.234770934768364636, 1.560833621272226468 ) ) ;
#1132 = ORIENTED_EDGE ( 'NONE', *, *, #1638, .T. ) ;
#1133 = CARTESIAN_POINT ( 'NONE',  ( 0.000000000000000000, 21.38477631085023489, -6.500000000000000888 ) ) ;
#1134 = CARTESIAN_POINT ( 'NONE',  ( 16.47826400416119341, 28.04631071488430649, 204.9877724628617557 ) ) ;
#1135 = LINE ( 'NONE', #1280, #920 ) ;
#1136 = FACE_OUTER_BOUND ( 'NONE', #1340, .T. ) ;
#1137 = EDGE_LOOP ( 'NONE', ( #1867, #1537 ) ) ;
#1138 = CARTESIAN_POINT ( 'NONE',  ( 6.999999999999984901, 19.99999999999999645, 205.0000000000000000 ) ) ;
#1139 = CARTESIAN_POINT ( 'NONE',  ( 7.960204194457796463E-16, 0.000000000000000000, 6.500000000000000888 ) ) ;
#1140 = ADVANCED_FACE ( 'NONE', ( #1967 ), #381, .T. ) ;
#1141 = CIRCLE ( 'NONE', #483, 1.000000000000000888 ) ;
#1142 = ADVANCED_FACE ( 'NONE', ( #1646 ), #861, .F. ) ;
#1143 = CARTESIAN_POINT ( 'NONE',  ( -17.49999999999997868, 30.00000000000000000, 205.0000000000000000 ) ) ;
#1144 = CIRCLE ( 'NONE', #168, 1.499999999999999556 ) ;
#1145 = CARTESIAN_POINT ( 'NONE',  ( 0.000000000000000000, 27.99999999999999645, 9.500000000000000000 ) ) ;
#1146 = CARTESIAN_POINT ( 'NONE',  ( 12.50147455758910731, 5.000000000000000888, 204.8785775903252784 ) ) ;
#1147 = AXIS2_PLACEMENT_3D ( 'NONE', #1559, #1515, #754 ) ;
#1148 = ORIENTED_EDGE ( 'NONE', *, *, #409, .F. ) ;
#1149 = DIRECTION ( 'NONE',  ( 0.000000000000000000, 0.000000000000000000, 1.000000000000000000 ) ) ;
#1150 = CLOSED_SHELL ( 'NONE', ( #629, #1470, #1785, #1321, #1419, #956, #422, #1478, #511, #702, #335, #914, #499, #1965, #1411, #178, #390, #1513, #1291, #1270, #902, #1663, #1601, #933, #1186, #1123, #727, #865, #1297, #1024, #262, #771, #1140, #1347, #988, #1500, #561, #210, #27 ) ) ;
#1151 = CARTESIAN_POINT ( 'NONE',  ( 2.510525938252074324E-14, 24.99999999999999645, 205.0000000000000000 ) ) ;
#1152 = EDGE_CURVE ( 'NONE', #703, #1446, #1244, .T. ) ;
#1153 = DIRECTION ( 'NONE',  ( -0.000000000000000000, 1.000000000000000000, -0.000000000000000000 ) ) ;
#1154 = LINE ( 'NONE', #1053, #787 ) ;
#1155 = DIRECTION ( 'NONE',  ( 0.000000000000000000, 1.000000000000000000, 0.000000000000000000 ) ) ;
#1156 = DIRECTION ( 'NONE',  ( 0.000000000000000000, 0.000000000000000000, 1.000000000000000000 ) ) ;
#1157 = FACE_OUTER_BOUND ( 'NONE', #1339, .T. ) ;
#1158 = ORIENTED_EDGE ( 'NONE', *, *, #509, .F. ) ;
#1159 = CARTESIAN_POINT ( 'NONE',  ( -6.999999999999984901, 19.99999999999999645, 204.0000000000000000 ) ) ;
#1160 = LINE ( 'NONE', #1791, #105 ) ;
#1161 = CARTESIAN_POINT ( 'NONE',  ( 18.26149582086183898, 0.06458622726147481008, 1.435194977841220076 ) ) ;
#1162 = EDGE_LOOP ( 'NONE', ( #1499, #237, #254, #852 ) ) ;
#1163 = CARTESIAN_POINT ( 'NONE',  ( 12.49987623321341879, 30.00000000000000000, 204.9443748766623798 ) ) ;
#1164 = DIRECTION ( 'NONE',  ( -0.000000000000000000, -1.000000000000000000, -0.000000000000000000 ) ) ;
#1165 = CARTESIAN_POINT ( 'NONE',  ( 0.000000000000000000, 27.99999999999999645, -8.000000000000000000 ) ) ;
#1166 = AXIS2_PLACEMENT_3D ( 'NONE', #1853, #1095, #628 ) ;
#1167 = DIRECTION ( 'NONE',  ( 0.000000000000000000, 1.000000000000000000, 0.000000000000000000 ) ) ;
#1168 = DIRECTION ( 'NONE',  ( 0.000000000000000000, 0.000000000000000000, 1.000000000000000000 ) ) ;
#1169 = CIRCLE ( 'NONE', #300, 1.000000000000002442 ) ;
#1170 = EDGE_CURVE ( 'NONE', #780, #1226, #165, .T. ) ;
#1171 = AXIS2_PLACEMENT_3D ( 'NONE', #1774, #369, #986 ) ;
#1172 = EDGE_LOOP ( 'NONE', ( #1192, #1365, #1585, #1889, #878 ) ) ;
#1173 = DIRECTION ( 'NONE',  ( 0.000000000000000000, -0.000000000000000000, 1.000000000000000000 ) ) ;
#1174 = EDGE_CURVE ( 'NONE', #2005, #1071, #1456, .T. ) ;
#1175 = AXIS2_PLACEMENT_3D ( 'NONE', #1922, #378, #1294 ) ;
#1176 = DIRECTION ( 'NONE',  ( 0.000000000000000000, 0.000000000000000000, 1.000000000000000000 ) ) ;
#1177 = AXIS2_PLACEMENT_3D ( 'NONE', #1753, #1618, #1940 ) ;
#1178 = EDGE_LOOP ( 'NONE', ( #303, #938 ) ) ;
#1179 = PLANE ( 'NONE',  #225 ) ;
#1180 = DIRECTION ( 'NONE',  ( 0.000000000000000000, 0.000000000000000000, 1.000000000000000000 ) ) ;
#1181 = PLANE ( 'NONE',  #1276 ) ;
#1182 = VERTEX_POINT ( 'NONE', #1163 ) ;
#1183 = CARTESIAN_POINT ( 'NONE',  ( 0.000000000000000000, 2.999999999999999112, 0.000000000000000000 ) ) ;
#1184 = CC_DESIGN_PERSON_AND_ORGANIZATION_ASSIGNMENT ( #563, #1662, ( #2017 ) ) ;
#1185 = DIRECTION ( 'NONE',  ( -0.000000000000000000, 1.000000000000000000, -0.000000000000000000 ) ) ;
#1186 = ADVANCED_FACE ( 'NONE', ( #873 ), #194, .T. ) ;
#1187 = VERTEX_POINT ( 'NONE', #406 ) ;
#1188 = ORIENTED_EDGE ( 'NONE', *, *, #357, .T. ) ;
#1189 = ORIENTED_EDGE ( 'NONE', *, *, #1058, .F. ) ;
#1190 = CARTESIAN_POINT ( 'NONE',  ( 2.510525938252074324E-14, 5.000000000000000888, 205.0000000000000000 ) ) ;
#1191 = DIRECTION ( 'NONE',  ( -0.000000000000000000, 1.000000000000000000, -0.000000000000000000 ) ) ;
#1192 = ORIENTED_EDGE ( 'NONE', *, *, #1928, .T. ) ;
#1193 = DIRECTION ( 'NONE',  ( -1.000000000000000000, 0.000000000000000000, 0.000000000000000000 ) ) ;
#1194 = DIRECTION ( 'NONE',  ( -0.000000000000000000, 1.000000000000000000, -0.000000000000000000 ) ) ;
#1195 = ORIENTED_EDGE ( 'NONE', *, *, #542, .F. ) ;
#1196 = CARTESIAN_POINT ( 'NONE',  ( 17.44447572907034427, 0.000000000000000000, 1.392934505953460800 ) ) ;
#1197 = EDGE_LOOP ( 'NONE', ( #636, #1464 ) ) ;
#1198 = EDGE_CURVE ( 'NONE', #1071, #1793, #232, .T. ) ;
#1199 = COORDINATED_UNIVERSAL_TIME_OFFSET ( 6, 0, .BEHIND. ) ;
#1200 = EDGE_CURVE ( 'NONE', #1040, #574, #135, .T. ) ;
#1201 = VERTEX_POINT ( 'NONE', #853 ) ;
#1202 = CARTESIAN_POINT ( 'NONE',  ( 2.510525938252074324E-14, 30.00000000000000000, 205.0000000000000000 ) ) ;
#1203 = CARTESIAN_POINT ( 'NONE',  ( 1.224646799147353454E-16, 19.99999999999999645, 196.9999999999999716 ) ) ;
#1204 = AXIS2_PLACEMENT_3D ( 'NONE', #1427, #1609, #54 ) ;
#1205 = EDGE_LOOP ( 'NONE', ( #322, #273, #924, #1285 ) ) ;
#1206 = DIRECTION ( 'NONE',  ( 0.000000000000000000, 1.000000000000000000, 0.000000000000000000 ) ) ;
#1207 = CIRCLE ( 'NONE', #1957, 1.499999999999999556 ) ;
#1208 = DIRECTION ( 'NONE',  ( -0.9997050884821740979, 0.000000000000000000, 0.02428448193494522206 ) ) ;
#1209 = AXIS2_PLACEMENT_3D ( 'NONE', #1165, #1921, #1651 ) ;
#1210 = ORIENTED_EDGE ( 'NONE', *, *, #998, .T. ) ;
#1211 = LINE ( 'NONE', #741, #848 ) ;
#1212 = CC_DESIGN_SECURITY_CLASSIFICATION ( #1775, ( #1800 ) ) ;
#1213 = B_SPLINE_CURVE_WITH_KNOTS ( 'NONE', 3,
 ( #763, #1690, #939, #645, #1694, #922, #603, #983, #196, #55, #1134, #34, #610, #1014, #824, #1610, #1449, #578, #1227, #1838 ),
 .UNSPECIFIED., .F., .F.,
 ( 4, 2, 2, 2, 2, 2, 2, 2, 2, 4 ),
 ( -8.343342706724150078E-05, 0.0009017681597549718955, 0.001886969746577185332, 0.002872171333399398986, 0.003857372920221612423, 0.004842574507043825860, 0.005827776093866038863, 0.006320376887277143196, 0.006812977680688246662, 0.007798179267510446655 ),
 .UNSPECIFIED. ) ;
#1214 = ADVANCED_FACE ( 'NONE', ( #1477 ), #222, .F. ) ;
#1215 = ORIENTED_EDGE ( 'NONE', *, *, #485, .F. ) ;
#1216 = VECTOR ( 'NONE', #292, 1000.000000000000000 ) ;
#1217 = ORIENTED_EDGE ( 'NONE', *, *, #157, .F. ) ;
#1218 = APPLICATION_PROTOCOL_DEFINITION ( 'international standard', 'config_control_design', 1994, #1948 ) ;
#1219 = AXIS2_PLACEMENT_3D ( 'NONE', #1284, #56, #1743 ) ;
#1220 = EDGE_CURVE ( 'NONE', #712, #1514, #107, .T. ) ;
#1221 = CIRCLE ( 'NONE', #1052, 1.000000000000000888 ) ;
#1222 = DIRECTION ( 'NONE',  ( 0.000000000000000000, 0.000000000000000000, 1.000000000000000000 ) ) ;
#1223 = DIRECTION ( 'NONE',  ( 0.000000000000000000, 0.000000000000000000, 1.000000000000000000 ) ) ;
#1224 = CYLINDRICAL_SURFACE ( 'NONE', #784, 1.000000000000000888 ) ;
#1225 = ORIENTED_EDGE ( 'NONE', *, *, #1346, .T. ) ;
#1226 = VERTEX_POINT ( 'NONE', #1803 ) ;
#1227 = CARTESIAN_POINT ( 'NONE',  ( 17.50000000000001066, 25.33012893353817674, 205.0000000000000284 ) ) ;
#1228 = DIRECTION ( 'NONE',  ( -0.000000000000000000, -1.000000000000000000, -0.000000000000000000 ) ) ;
#1229 = PLANE ( 'NONE',  #250 ) ;
#1230 = ORIENTED_EDGE ( 'NONE', *, *, #452, .T. ) ;
#1231 = APPROVAL_DATE_TIME ( #1831, #663 ) ;
#1232 = CARTESIAN_POINT ( 'NONE',  ( 7.499999999999997335, 5.000000000000000000, 0.000000000000000000 ) ) ;
#1233 = ORIENTED_EDGE ( 'NONE', *, *, #187, .F. ) ;
#1234 = EDGE_CURVE ( 'NONE', #117, #320, #1952, .T. ) ;
#1235 = CARTESIAN_POINT ( 'NONE',  ( 12.82827195667911901, 8.221866474681667673E-16, 204.9476399987315176 ) ) ;
#1236 = CARTESIAN_POINT ( 'NONE',  ( 1.224646799147353700E-16, 5.000000000000000000, -6.499999999999997335 ) ) ;
#1237 = CARTESIAN_POINT ( 'NONE',  ( 6.999999999999984901, 19.99999999999999645, 206.0000000000000000 ) ) ;
#1238 = ORIENTED_EDGE ( 'NONE', *, *, #1220, .F. ) ;
#1239 = PERSON_AND_ORGANIZATION ( #1589, #1773 ) ;
#1240 = CARTESIAN_POINT ( 'NONE',  ( 2.510525938252074324E-14, 24.99999999999999645, 205.0000000000000000 ) ) ;
#1241 = EDGE_LOOP ( 'NONE', ( #1809, #1063 ) ) ;
#1242 = CARTESIAN_POINT ( 'NONE',  ( 0.000000000000000000, 19.99999999999999645, 213.0000000000000000 ) ) ;
#1243 = CARTESIAN_POINT ( 'NONE',  ( -16.26730491464897099, 1.696421339330958844, 204.9852930575015648 ) ) ;
#1244 = CIRCLE ( 'NONE', #1006, 1.499999999999999556 ) ;
#1245 = EDGE_CURVE ( 'NONE', #1696, #1628, #1739, .T. ) ;
#1246 = AXIS2_PLACEMENT_3D ( 'NONE', #1731, #451, #936 ) ;
#1247 = CARTESIAN_POINT ( 'NONE',  ( 1.224646799147354440E-16, 24.99999999999999645, 211.0000000000000000 ) ) ;
#1248 = VECTOR ( 'NONE', #1485, 1000.000000000000000 ) ;
#1249 = EDGE_CURVE ( 'NONE', #186, #120, #1454, .T. ) ;
#1250 = EDGE_LOOP ( 'NONE', ( #631, #1938, #744, #133 ) ) ;
#1251 = LOCAL_TIME ( 14, 26, 55.00000000000000000, #1546 ) ;
#1252 = B_SPLINE_CURVE_WITH_KNOTS ( 'NONE', 3,
 ( #339, #985, #1927, #375, #1429, #522, #668, #215, #995, #966, #1902, #1131, #1584, #799, #674, #35, #208, #652, #356, #1591, #973, #188 ),
 .UNSPECIFIED., .F., .F.,
 ( 4, 2, 2, 2, 2, 2, 2, 2, 2, 2, 4 ),
 ( 0.000000000000000000, 0.0009765371109295135996, 0.001464805666394270291, 0.001953074221859027199, 0.002929611332788539281, 0.003906148443718051796, 0.004882685554647564312, 0.005859222665577075960, 0.006835759776506587608, 0.007324028331971339095, 0.007812296887436089715 ),
 .UNSPECIFIED. ) ;
#1253 = DIRECTION ( 'NONE',  ( -0.000000000000000000, -1.000000000000000000, -0.000000000000000000 ) ) ;
#1254 = DIRECTION ( 'NONE',  ( 0.000000000000000000, -1.000000000000000000, 0.000000000000000000 ) ) ;
#1255 = TOROIDAL_SURFACE ( 'NONE', #1466, 12.49999999999997691, 5.000000000000000000 ) ;
#1256 = CARTESIAN_POINT ( 'NONE',  ( -7.499999999999997335, 11.00000000000000000, -0.9999999999999993339 ) ) ;
#1257 = CARTESIAN_POINT ( 'NONE',  ( -7.499999999999997335, 11.00000000000000000, 4.286263797015738567E-16 ) ) ;
#1258 = PLANE ( 'NONE',  #1246 ) ;
#1259 = EDGE_LOOP ( 'NONE', ( #1471, #446, #1669, #1707 ) ) ;
#1260 = DIRECTION ( 'NONE',  ( 0.000000000000000000, 0.000000000000000000, 1.000000000000000000 ) ) ;
#1261 = ORIENTED_EDGE ( 'NONE', *, *, #1702, .T. ) ;
#1262 = DIRECTION ( 'NONE',  ( 0.000000000000000000, 0.000000000000000000, 1.000000000000000000 ) ) ;
#1263 = VERTEX_POINT ( 'NONE', #717 ) ;
#1264 = CARTESIAN_POINT ( 'NONE',  ( 16.84068206573418891, 2.496983298361396209, 204.9920640017482469 ) ) ;
#1265 = DIRECTION ( 'NONE',  ( 0.000000000000000000, 1.000000000000000000, 0.000000000000000000 ) ) ;
#1266 = DIRECTION ( 'NONE',  ( -0.000000000000000000, -1.000000000000000000, -0.000000000000000000 ) ) ;
#1267 = CYLINDRICAL_SURFACE ( 'NONE', #1050, 22.50000000000000355 ) ;
#1268 = EDGE_CURVE ( 'NONE', #735, #18, #1083, .T. ) ;
#1269 = FACE_OUTER_BOUND ( 'NONE', #1259, .T. ) ;
#1270 = ADVANCED_FACE ( 'NONE', ( #115 ), #1300, .T. ) ;
#1271 = CARTESIAN_POINT ( 'NONE',  ( -17.49999999999997868, 24.99999999999999645, 205.0000000000000000 ) ) ;
#1272 = DIRECTION ( 'NONE',  ( 0.000000000000000000, 0.000000000000000000, 1.000000000000000000 ) ) ;
#1273 = CARTESIAN_POINT ( 'NONE',  ( 6.999999999999984901, 19.99999999999999645, 204.0000000000000000 ) ) ;
#1274 = AXIS2_PLACEMENT_3D ( 'NONE', #1031, #1636, #1002 ) ;
#1275 = FACE_OUTER_BOUND ( 'NONE', #1067, .T. ) ;
#1276 = AXIS2_PLACEMENT_3D ( 'NONE', #396, #1019, #556 ) ;
#1277 = DIRECTION ( 'NONE',  ( 0.000000000000000000, 0.000000000000000000, -1.000000000000000000 ) ) ;
#1278 = ORIENTED_CLOSED_SHELL ( 'NONE', *, #1503, .F. );
#1279 = CIRCLE ( 'NONE', #1335, 0.9999999999999997780 ) ;
#1280 = CARTESIAN_POINT ( 'NONE',  ( -7.499999999999997335, 11.00000000000000000, 1.000000000000000222 ) ) ;
#1281 = DIRECTION ( 'NONE',  ( 0.000000000000000000, 0.000000000000000000, 1.000000000000000000 ) ) ;
#1282 = AXIS2_PLACEMENT_3D ( 'NONE', #549, #862, #80 ) ;
#1283 = LINE ( 'NONE', #500, #1898 ) ;
#1284 = CARTESIAN_POINT ( 'NONE',  ( 0.000000000000000000, 19.99999999999999645, -8.000000000000000000 ) ) ;
#1285 = ORIENTED_EDGE ( 'NONE', *, *, #39, .F. ) ;
#1286 = CARTESIAN_POINT ( 'NONE',  ( -8.000000000000000000, 19.99999999999999645, -1.224646799147358384E-16 ) ) ;
#1287 = DIRECTION ( 'NONE',  ( 0.02428448193494522553, 0.000000000000000000, -0.9997050884821738759 ) ) ;
#1288 = FACE_OUTER_BOUND ( 'NONE', #1982, .T. ) ;
#1289 = EDGE_CURVE ( 'NONE', #1719, #1886, #1516, .T. ) ;
#1290 = DIRECTION ( 'NONE',  ( -0.000000000000000000, 1.000000000000000000, -0.000000000000000000 ) ) ;
#1291 = ADVANCED_FACE ( 'NONE', ( #130 ), #267, .T. ) ;
#1292 = CARTESIAN_POINT ( 'NONE',  ( -6.999999999999984901, 24.99999999999999645, 205.0000000000000000 ) ) ;
#1293 = DIRECTION ( 'NONE',  ( 0.000000000000000000, 0.000000000000000000, 1.000000000000000000 ) ) ;
#1294 = DIRECTION ( 'NONE',  ( 0.000000000000000000, 0.000000000000000000, -1.000000000000000000 ) ) ;
#1295 = FACE_OUTER_BOUND ( 'NONE', #943, .T. ) ;
#1296 = LINE ( 'NONE', #61, #1924 ) ;
#1297 = ADVANCED_FACE ( 'NONE', ( #1399 ), #737, .F. ) ;
#1298 = DIRECTION ( 'NONE',  ( 0.000000000000000000, 1.000000000000000000, 0.000000000000000000 ) ) ;
#1299 = AXIS2_PLACEMENT_3D ( 'NONE', #994, #1307, #95 ) ;
#1300 = TOROIDAL_SURFACE ( 'NONE', #1709, 12.49999999999997691, 5.000000000000000000 ) ;
#1301 = CARTESIAN_POINT ( 'NONE',  ( -18.26149582086183187, 29.93541377273851722, 1.435194977841190100 ) ) ;
#1302 = AXIS2_PLACEMENT_3D ( 'NONE', #1549, #112, #1038 ) ;
#1303 = FACE_BOUND ( 'NONE', #572, .T. ) ;
#1304 = LOCAL_TIME ( 14, 26, 55.00000000000000000, #1199 ) ;
#1305 = CARTESIAN_POINT ( 'NONE',  ( 19.66000534936929256, 0.5068934169180682181, 1.506405099483577814 ) ) ;
#1306 = ORIENTED_EDGE ( 'NONE', *, *, #931, .F. ) ;
#1307 = DIRECTION ( 'NONE',  ( 0.02428448193494522553, -0.000000000000000000, 0.9997050884821739869 ) ) ;
#1308 = AXIS2_PLACEMENT_3D ( 'NONE', #1893, #1998, #1833 ) ;
#1309 = AXIS2_PLACEMENT_3D ( 'NONE', #767, #947, #1701 ) ;
#1310 = CARTESIAN_POINT ( 'NONE',  ( 6.999999999999984901, 24.99999999999999645, 206.0000000000000000 ) ) ;
#1311 = CYLINDRICAL_SURFACE ( 'NONE', #1711, 1.000000000000000888 ) ;
#1312 = LINE ( 'NONE', #1777, #1091 ) ;
#1313 = CARTESIAN_POINT ( 'NONE',  ( 18.74546559342206464, 0.1613387492434850967, 1.460015149818472802 ) ) ;
#1314 = VERTEX_POINT ( 'NONE', #1236 ) ;
#1315 = DIRECTION ( 'NONE',  ( 0.000000000000000000, 1.000000000000000000, 0.000000000000000000 ) ) ;
#1316 = CARTESIAN_POINT ( 'NONE',  ( 2.510525938252074324E-14, -0.2818479132245116370, 210.0000000000000000 ) ) ;
#1317 = CARTESIAN_POINT ( 'NONE',  ( -20.49605955976595340, 28.97218252083802881, 1.548326476036674393 ) ) ;
#1318 = EDGE_CURVE ( 'NONE', #1453, #800, #1358, .T. ) ;
#1319 = CARTESIAN_POINT ( 'NONE',  ( 22.43984850735186498, 30.00000000000000000, 1.644140799049261803 ) ) ;
#1320 = CARTESIAN_POINT ( 'NONE',  ( 17.60701518734167337, 9.139485500873902631E-16, 1.401387660170051230 ) ) ;
#1321 = ADVANCED_FACE ( 'NONE', ( #430 ), #2004, .F. ) ;
#1322 = VERTEX_POINT ( 'NONE', #1987 ) ;
#1323 = DIRECTION ( 'NONE',  ( 0.000000000000000000, 0.000000000000000000, 1.000000000000000000 ) ) ;
#1324 = LINE ( 'NONE', #1316, #394 ) ;
#1325 = EDGE_LOOP ( 'NONE', ( #1397, #502 ) ) ;
#1326 = CARTESIAN_POINT ( 'NONE',  ( -22.17786880458445609, 26.60632636986699495, 1.631350834543647821 ) ) ;
#1327 = ORIENTED_EDGE ( 'NONE', *, *, #1790, .F. ) ;
#1328 = ORIENTED_CLOSED_SHELL ( 'NONE', *, #1605, .F. );
#1329 = CARTESIAN_POINT ( 'NONE',  ( 6.123233995736766282E-16, 27.99999999999999645, -5.000000000000000000 ) ) ;
#1330 = PLANE ( 'NONE',  #330 ) ;
#1331 = VECTOR ( 'NONE', #1059, 1000.000000000000000 ) ;
#1332 = AXIS2_PLACEMENT_3D ( 'NONE', #484, #1725, #1913 ) ;
#1333 = ORIENTED_EDGE ( 'NONE', *, *, #1931, .F. ) ;
#1334 = DIRECTION ( 'NONE',  ( 0.000000000000000000, 0.000000000000000000, 1.000000000000000000 ) ) ;
#1335 = AXIS2_PLACEMENT_3D ( 'NONE', #12, #1254, #1524 ) ;
#1336 = CARTESIAN_POINT ( 'NONE',  ( 7.499999999999997335, 5.000000000000000000, -1.000000000000002442 ) ) ;
#1337 = CIRCLE ( 'NONE', #1505, 1.499999999999999556 ) ;
#1338 = EDGE_LOOP ( 'NONE', ( #550, #1836, #881, #690 ) ) ;
#1339 = EDGE_LOOP ( 'NONE', ( #22, #340, #1685, #709 ) ) ;
#1340 = EDGE_LOOP ( 'NONE', ( #1594, #538 ) ) ;
#1341 = DIRECTION ( 'NONE',  ( 0.000000000000000000, 0.000000000000000000, -1.000000000000000000 ) ) ;
#1342 = CARTESIAN_POINT ( 'NONE',  ( 2.510525938252074324E-14, 30.00000000000000000, 205.0000000000000000 ) ) ;
#1343 = ORIENTED_EDGE ( 'NONE', *, *, #1548, .T. ) ;
#1344 = CARTESIAN_POINT ( 'NONE',  ( 2.510525938252074324E-14, 5.000000000000000888, 217.4999999999999716 ) ) ;
#1345 = DIRECTION ( 'NONE',  ( -0.000000000000000000, 1.000000000000000000, -0.000000000000000000 ) ) ;
#1346 = EDGE_CURVE ( 'NONE', #1187, #1843, #1684, .T. ) ;
#1347 = ADVANCED_FACE ( 'NONE', ( #888 ), #774, .F. ) ;
#1348 = ORIENTED_EDGE ( 'NONE', *, *, #905, .F. ) ;
#1349 = DIRECTION ( 'NONE',  ( 0.000000000000000000, 0.000000000000000000, 1.000000000000000000 ) ) ;
#1350 = ADVANCED_FACE ( 'NONE', ( #766 ), #1852, .F. ) ;
#1351 = VERTEX_POINT ( 'NONE', #1560 ) ;
#1352 = PERSON_AND_ORGANIZATION ( #1589, #1773 ) ;
#1353 = ORIENTED_EDGE ( 'NONE', *, *, #1760, .T. ) ;
#1354 = ORIENTED_EDGE ( 'NONE', *, *, #1851, .F. ) ;
#1355 = DIRECTION ( 'NONE',  ( -0.000000000000000000, 1.000000000000000000, -0.000000000000000000 ) ) ;
#1356 = DIRECTION ( 'NONE',  ( 0.000000000000000000, -0.000000000000000000, -1.000000000000000000 ) ) ;
#1357 = CARTESIAN_POINT ( 'NONE',  ( 8.000000000000000000, 27.99999999999999645, -1.224646799147358384E-16 ) ) ;
#1358 = LINE ( 'NONE', #1860, #1629 ) ;
#1359 = VERTEX_POINT ( 'NONE', #15 ) ;
#1360 = DIRECTION ( 'NONE',  ( -0.000000000000000000, -1.000000000000000000, -0.000000000000000000 ) ) ;
#1361 = EDGE_CURVE ( 'NONE', #703, #351, #1870, .T. ) ;
#1362 = ORIENTED_EDGE ( 'NONE', *, *, #1445, .F. ) ;
#1363 = ORIENTED_EDGE ( 'NONE', *, *, #1805, .T. ) ;
#1364 = CALENDAR_DATE ( 2026, 21, 4 ) ;
#1365 = ORIENTED_EDGE ( 'NONE', *, *, #116, .F. ) ;
#1366 = CARTESIAN_POINT ( 'NONE',  ( 0.000000000000000000, 19.99999999999999645, 8.000000000000000000 ) ) ;
#1367 = CARTESIAN_POINT ( 'NONE',  ( 18.26149582086183187, 29.93541377273851722, 1.435194977841190100 ) ) ;
#1368 = VECTOR ( 'NONE', #1266, 1000.000000000000000 ) ;
#1369 = EDGE_LOOP ( 'NONE', ( #545, #403, #1551, #143 ) ) ;
#1370 = ORIENTED_EDGE ( 'NONE', *, *, #1917, .F. ) ;
#1371 = DIRECTION ( 'NONE',  ( 0.000000000000000000, 1.000000000000000000, 0.000000000000000000 ) ) ;
#1372 = AXIS2_PLACEMENT_3D ( 'NONE', #325, #1265, #169 ) ;
#1373 = DIRECTION ( 'NONE',  ( -0.000000000000000000, 1.000000000000000000, -0.000000000000000000 ) ) ;
#1374 = CIRCLE ( 'NONE', #1116, 11.00000000000000000 ) ;
#1375 = ORIENTED_EDGE ( 'NONE', *, *, #180, .F. ) ;
#1376 = LINE ( 'NONE', #1712, #1796 ) ;
#1377 = ORIENTED_EDGE ( 'NONE', *, *, #157, .T. ) ;
#1378 = ORIENTED_EDGE ( 'NONE', *, *, #1857, .T. ) ;
#1379 = APPROVAL_DATE_TIME ( #136, #319 ) ;
#1380 = AXIS2_PLACEMENT_3D ( 'NONE', #1611, #1448, #891 ) ;
#1381 = ORIENTED_EDGE ( 'NONE', *, *, #1941, .T. ) ;
#1382 = CIRCLE ( 'NONE', #1166, 1.000000000000000000 ) ;
#1383 = CARTESIAN_POINT ( 'NONE',  ( 19.66000534936929256, 29.49310658308192501, 1.506405099483515864 ) ) ;
#1384 = ORIENTED_EDGE ( 'NONE', *, *, #811, .T. ) ;
#1385 = DIRECTION ( 'NONE',  ( 0.000000000000000000, -1.000000000000000000, 0.000000000000000000 ) ) ;
#1386 = DIRECTION ( 'NONE',  ( 0.000000000000000000, 0.000000000000000000, 1.000000000000000000 ) ) ;
#1387 = DIRECTION ( 'NONE',  ( 0.000000000000000000, 0.000000000000000000, 1.000000000000000000 ) ) ;
#1388 = CARTESIAN_POINT ( 'NONE',  ( 0.000000000000000000, 0.000000000000000000, 0.000000000000000000 ) ) ;
#1389 = DIRECTION ( 'NONE',  ( 0.000000000000000000, -0.000000000000000000, -1.000000000000000000 ) ) ;
#1390 = ADVANCED_FACE ( 'NONE', ( #1073 ), #911, .T. ) ;
#1391 = DIRECTION ( 'NONE',  ( -0.000000000000000000, -1.000000000000000000, -0.000000000000000000 ) ) ;
#1392 = EDGE_CURVE ( 'NONE', #1973, #1533, #11, .T. ) ;
#1393 = DIRECTION ( 'NONE',  ( -0.02428448193494522553, 0.000000000000000000, -0.9997050884821739869 ) ) ;
#1394 = FACE_BOUND ( 'NONE', #768, .T. ) ;
#1395 = ORIENTED_EDGE ( 'NONE', *, *, #464, .F. ) ;
#1396 = CARTESIAN_POINT ( 'NONE',  ( 18.09922666525549673, 29.95957898074145831, 1.426844512438667056 ) ) ;
#1397 = ORIENTED_EDGE ( 'NONE', *, *, #161, .F. ) ;
#1398 = DIRECTION ( 'NONE',  ( -0.000000000000000000, 1.000000000000000000, -0.000000000000000000 ) ) ;
#1399 = FACE_OUTER_BOUND ( 'NONE', #764, .T. ) ;
#1400 = DIRECTION ( 'NONE',  ( -0.000000000000000000, -1.000000000000000000, -0.000000000000000000 ) ) ;
#1401 = VECTOR ( 'NONE', #166, 1000.000000000000000 ) ;
#1402 = DIRECTION ( 'NONE',  ( 0.000000000000000000, 1.000000000000000000, 0.000000000000000000 ) ) ;
#1403 = CIRCLE ( 'NONE', #1574, 1.499999999999999556 ) ;
#1404 = AXIS2_PLACEMENT_3D ( 'NONE', #1151, #1298, #63 ) ;
#1405 = CARTESIAN_POINT ( 'NONE',  ( 0.000000000000000000, 19.99999999999999645, 212.0000000000000000 ) ) ;
#1406 = EDGE_LOOP ( 'NONE', ( #1384, #997 ) ) ;
#1407 = AXIS2_PLACEMENT_3D ( 'NONE', #1600, #198, #1455 ) ;
#1408 = CARTESIAN_POINT ( 'NONE',  ( 0.000000000000000000, 19.99999999999999645, 8.000000000000000000 ) ) ;
#1409 = CARTESIAN_POINT ( 'NONE',  ( 2.510525938252074324E-14, -0.2818479132245116370, 205.0000000000000000 ) ) ;
#1410 = LINE ( 'NONE', #1597, #359 ) ;
#1411 = ADVANCED_FACE ( 'NONE', ( #1426 ), #1730, .T. ) ;
#1412 = DIRECTION ( 'NONE',  ( -8.881784197001247393E-16, 0.000000000000000000, 1.000000000000000000 ) ) ;
#1413 = EDGE_CURVE ( 'NONE', #574, #1040, #1497, .T. ) ;
#1414 = ORIENTED_EDGE ( 'NONE', *, *, #386, .F. ) ;
#1415 = DIRECTION ( 'NONE',  ( -0.000000000000000000, 1.000000000000000000, -0.000000000000000000 ) ) ;
#1416 = CARTESIAN_POINT ( 'NONE',  ( 14.71827326650749157, 0.5072272367675390026, 204.9676591477407896 ) ) ;
#1417 = DIRECTION ( 'NONE',  ( 0.000000000000000000, -1.000000000000000000, 0.000000000000000000 ) ) ;
#1418 = ORIENTED_EDGE ( 'NONE', *, *, #633, .F. ) ;
#1419 = ADVANCED_FACE ( 'NONE', ( #1897 ), #25, .F. ) ;
#1420 = CARTESIAN_POINT ( 'NONE',  ( 6.999999999999984901, 24.99999999999999645, 204.0000000000000000 ) ) ;
#1421 = EDGE_CURVE ( 'NONE', #2013, #890, #1751, .T. ) ;
#1422 = FACE_OUTER_BOUND ( 'NONE', #567, .T. ) ;
#1423 = ORIENTED_EDGE ( 'NONE', *, *, #1361, .F. ) ;
#1424 = CARTESIAN_POINT ( 'NONE',  ( 0.000000000000000000, 11.00000000000000000, -7.499999999999997335 ) ) ;
#1425 = LINE ( 'NONE', #656, #982 ) ;
#1426 = FACE_OUTER_BOUND ( 'NONE', #1837, .T. ) ;
#1427 = CARTESIAN_POINT ( 'NONE',  ( 0.000000000000000000, 5.000000000000000000, 7.499999999999997335 ) ) ;
#1428 = AXIS2_PLACEMENT_3D ( 'NONE', #441, #1074, #776 ) ;
#1429 = CARTESIAN_POINT ( 'NONE',  ( -22.27288413351051588, 3.707671610916885463, 1.635994111875256118 ) ) ;
#1430 = VERTEX_POINT ( 'NONE', #1588 ) ;
#1431 = AXIS2_PLACEMENT_3D ( 'NONE', #809, #1895, #1277 ) ;
#1432 = CARTESIAN_POINT ( 'NONE',  ( 6.999999999999984901, 19.99999999999999645, 205.0000000000000000 ) ) ;
#1433 = EDGE_CURVE ( 'NONE', #712, #1824, #977, .T. ) ;
#1434 = CIRCLE ( 'NONE', #1715, 5.000000000000004441 ) ;
#1435 = CARTESIAN_POINT ( 'NONE',  ( -14.11719166228731659, 29.74240637655355357, 204.9611021837812075 ) ) ;
#1436 = FACE_BOUND ( 'NONE', #434, .T. ) ;
#1437 = AXIS2_PLACEMENT_3D ( 'NONE', #1816, #1626, #1176 ) ;
#1438 = DIRECTION ( 'NONE',  ( -0.000000000000000000, -1.000000000000000000, -0.000000000000000000 ) ) ;
#1439 = DIRECTION ( 'NONE',  ( 0.000000000000000000, -1.000000000000000000, 0.000000000000000000 ) ) ;
#1440 = EDGE_LOOP ( 'NONE', ( #1912, #1813 ) ) ;
#1441 = CARTESIAN_POINT ( 'NONE',  ( -21.78087211394524658, 27.50345481090783650, 1.611904391650443635 ) ) ;
#1442 = EDGE_CURVE ( 'NONE', #772, #248, #779, .T. ) ;
#1443 = CARTESIAN_POINT ( 'NONE',  ( -8.000000000000000000, 19.99999999999999645, 1.499999999999999334 ) ) ;
#1444 = DIRECTION ( 'NONE',  ( 0.000000000000000000, 0.000000000000000000, 1.000000000000000000 ) ) ;
#1445 = EDGE_CURVE ( 'NONE', #1886, #251, #838, .T. ) ;
#1446 = VERTEX_POINT ( 'NONE', #657 ) ;
#1447 = DIRECTION ( 'NONE',  ( 0.000000000000000000, -1.000000000000000000, 0.000000000000000000 ) ) ;
#1448 = DIRECTION ( 'NONE',  ( 0.000000000000000000, -1.000000000000000000, 0.000000000000000000 ) ) ;
#1449 = CARTESIAN_POINT ( 'NONE',  ( 17.37248858763373249, 26.13373381942428253, 204.9984541527490194 ) ) ;
#1450 = CARTESIAN_POINT ( 'NONE',  ( -18.74546559342206820, 29.83866125075652675, 1.460015149818440383 ) ) ;
#1451 = CARTESIAN_POINT ( 'NONE',  ( -6.999999999999984901, 24.99999999999999645, 204.0000000000000000 ) ) ;
#1452 = CARTESIAN_POINT ( 'NONE',  ( 22.27288413351051588, 3.707671610916885019, 1.635994111875256118 ) ) ;
#1453 = VERTEX_POINT ( 'NONE', #334 ) ;
#1454 = LINE ( 'NONE', #1657, #872 ) ;
#1455 = DIRECTION ( 'NONE',  ( 0.000000000000000000, 0.000000000000000000, -1.000000000000000000 ) ) ;
#1456 = CIRCLE ( 'NONE', #618, 1.000000000000000888 ) ;
#1457 = ORIENTED_EDGE ( 'NONE', *, *, #654, .F. ) ;
#1458 = AXIS2_PLACEMENT_3D ( 'NONE', #1950, #837, #229 ) ;
#1459 = CARTESIAN_POINT ( 'NONE',  ( -22.27288413351052299, 26.29232838908311010, 1.635994111875182400 ) ) ;
#1460 = CIRCLE ( 'NONE', #2000, 5.000000000000000000 ) ;
#1461 = DIRECTION ( 'NONE',  ( 0.000000000000000000, 1.000000000000000000, 0.000000000000000000 ) ) ;
#1462 = DIRECTION ( 'NONE',  ( 0.000000000000000000, 1.000000000000000000, 0.000000000000000000 ) ) ;
#1463 = CLOSED_SHELL ( 'NONE', ( #266, #62, #607, #1782 ) ) ;
#1464 = ORIENTED_EDGE ( 'NONE', *, *, #1170, .F. ) ;
#1465 = CARTESIAN_POINT ( 'NONE',  ( -12.82827195667902664, 9.529120656610878815E-16, 204.9476399987387367 ) ) ;
#1466 = AXIS2_PLACEMENT_3D ( 'NONE', #1190, #565, #632 ) ;
#1467 = VERTEX_POINT ( 'NONE', #954 ) ;
#1468 = AXIS2_PLACEMENT_3D ( 'NONE', #540, #1648, #531 ) ;
#1469 = DIRECTION ( 'NONE',  ( 0.000000000000000000, 0.000000000000000000, 1.000000000000000000 ) ) ;
#1470 = ADVANCED_FACE ( 'NONE', ( #821 ), #963, .F. ) ;
#1471 = ORIENTED_EDGE ( 'NONE', *, *, #1545, .F. ) ;
#1472 = ADVANCED_FACE ( 'NONE', ( #1136 ), #796, .T. ) ;
#1473 = DIRECTION ( 'NONE',  ( -0.000000000000000000, -1.000000000000000000, -0.000000000000000000 ) ) ;
#1474 = LINE ( 'NONE', #1319, #525 ) ;
#1475 = CARTESIAN_POINT ( 'NONE',  ( 0.000000000000000000, 19.99999999999999645, 212.0000000000000000 ) ) ;
#1476 = ORIENTED_EDGE ( 'NONE', *, *, #1735, .T. ) ;
#1477 = FACE_OUTER_BOUND ( 'NONE', #1205, .T. ) ;
#1478 = ADVANCED_FACE ( 'NONE', ( #1295 ), #803, .F. ) ;
#1479 = CARTESIAN_POINT ( 'NONE',  ( -17.46800480960047963, 0.000000000000000000, 0.4243265860358209074 ) ) ;
#1480 = EDGE_CURVE ( 'NONE', #1453, #1467, #1042, .T. ) ;
#1481 = CARTESIAN_POINT ( 'NONE',  ( -17.77281420353833497, 29.99188679414009684, 1.409985918409308647 ) ) ;
#1482 = EDGE_LOOP ( 'NONE', ( #1381, #1056 ) ) ;
#1483 = EDGE_LOOP ( 'NONE', ( #1681, #1378, #1608, #1375 ) ) ;
#1484 = DIRECTION ( 'NONE',  ( -0.000000000000000000, 1.000000000000000000, -0.000000000000000000 ) ) ;
#1485 = DIRECTION ( 'NONE',  ( -0.000000000000000000, -1.000000000000000000, -0.000000000000000000 ) ) ;
#1486 = ORIENTED_EDGE ( 'NONE', *, *, #1152, .T. ) ;
#1487 = DIRECTION ( 'NONE',  ( 0.000000000000000000, 1.000000000000000000, 0.000000000000000000 ) ) ;
#1488 = FACE_OUTER_BOUND ( 'NONE', #1649, .T. ) ;
#1489 = ORIENTED_EDGE ( 'NONE', *, *, #1234, .F. ) ;
#1490 = CIRCLE ( 'NONE', #67, 1.000000000000000000 ) ;
#1491 = PERSON_AND_ORGANIZATION_ROLE ( 'classification_officer' ) ;
#1492 = CIRCLE ( 'NONE', #1539, 1.499999999999999556 ) ;
#1493 = ORIENTED_EDGE ( 'NONE', *, *, #614, .T. ) ;
#1494 = DIRECTION ( 'NONE',  ( -0.000000000000000000, 1.000000000000000000, -0.000000000000000000 ) ) ;
#1495 = CARTESIAN_POINT ( 'NONE',  ( 0.000000000000000000, 19.99999999999999645, 197.9999999999999716 ) ) ;
#1496 = EDGE_CURVE ( 'NONE', #428, #1719, #1923, .T. ) ;
#1497 = CIRCLE ( 'NONE', #706, 1.000000000000000888 ) ;
#1498 = CC_DESIGN_APPROVAL ( #663, ( #819 ) ) ;
#1499 = ORIENTED_EDGE ( 'NONE', *, *, #1702, .F. ) ;
#1500 = ADVANCED_FACE ( 'NONE', ( #354 ), #970, .F. ) ;
#1501 = DIRECTION ( 'NONE',  ( 0.000000000000000000, 1.000000000000000000, 0.000000000000000000 ) ) ;
#1502 = EDGE_LOOP ( 'NONE', ( #475, #1558, #1960, #1520 ) ) ;
#1503 = CLOSED_SHELL ( 'NONE', ( #745, #1726, #1390, #1350 ) ) ;
#1504 = DIRECTION ( 'NONE',  ( 0.000000000000000000, 0.000000000000000000, -1.000000000000000000 ) ) ;
#1505 = AXIS2_PLACEMENT_3D ( 'NONE', #895, #414, #1562 ) ;
#1506 = ORIENTED_EDGE ( 'NONE', *, *, #235, .F. ) ;
#1507 = DATE_AND_TIME ( #1689, #1873 ) ;
#1508 = ORIENTED_EDGE ( 'NONE', *, *, #1941, .F. ) ;
#1509 = VERTEX_POINT ( 'NONE', #946 ) ;
#1510 = CARTESIAN_POINT ( 'NONE',  ( 0.000000000000000000, 19.99999999999999645, 197.9999999999999716 ) ) ;
#1511 = CARTESIAN_POINT ( 'NONE',  ( 0.000000000000000000, 19.99999999999999645, 198.9999999999999716 ) ) ;
#1512 = DIRECTION ( 'NONE',  ( 0.000000000000000000, 0.000000000000000000, -1.000000000000000000 ) ) ;
#1513 = ADVANCED_FACE ( 'NONE', ( #1436, #53, #1288 ), #1916, .F. ) ;
#1514 = VERTEX_POINT ( 'NONE', #678 ) ;
#1515 = DIRECTION ( 'NONE',  ( -0.000000000000000000, -1.000000000000000000, -0.000000000000000000 ) ) ;
#1516 = LINE ( 'NONE', #579, #253 ) ;
#1517 = ORIENTED_EDGE ( 'NONE', *, *, #534, .F. ) ;
#1518 = CARTESIAN_POINT ( 'NONE',  ( -7.499999999999997335, 11.00000000000000000, 4.286263797015738567E-16 ) ) ;
#1519 = ORIENTED_EDGE ( 'NONE', *, *, #102, .F. ) ;
#1520 = ORIENTED_EDGE ( 'NONE', *, *, #119, .F. ) ;
#1521 = APPROVAL_STATUS ( 'not_yet_approved' ) ;
#1522 = DIRECTION ( 'NONE',  ( 0.000000000000000000, 0.000000000000000000, -1.000000000000000000 ) ) ;
#1523 = CARTESIAN_POINT ( 'NONE',  ( 0.000000000000000000, 19.99999999999999645, 212.0000000000000000 ) ) ;
#1524 = DIRECTION ( 'NONE',  ( 0.000000000000000000, 0.000000000000000000, -1.000000000000000000 ) ) ;
#1525 = EDGE_LOOP ( 'NONE', ( #1552, #458, #1697, #1599 ) ) ;
#1526 = VERTEX_POINT ( 'NONE', #76 ) ;
#1527 = FACE_OUTER_BOUND ( 'NONE', #1044, .T. ) ;
#1528 = CARTESIAN_POINT ( 'NONE',  ( -17.37248858763368276, 3.866266180575726796, 204.9984541527508952 ) ) ;
#1529 = DIRECTION ( 'NONE',  ( 0.000000000000000000, 0.000000000000000000, 1.000000000000000000 ) ) ;
#1530 = VERTEX_POINT ( 'NONE', #1008 ) ;
#1531 = ORIENTED_EDGE ( 'NONE', *, *, #1874, .F. ) ;
#1532 = APPROVAL_STATUS ( 'not_yet_approved' ) ;
#1533 = VERTEX_POINT ( 'NONE', #689 ) ;
#1534 = DIRECTION ( 'NONE',  ( 0.000000000000000000, 1.000000000000000000, 0.000000000000000000 ) ) ;
#1535 = AXIS2_PLACEMENT_3D ( 'NONE', #148, #8, #617 ) ;
#1536 = CARTESIAN_POINT ( 'NONE',  ( -17.49999999999997868, 5.000000000000000888, 205.0000000000000000 ) ) ;
#1537 = ORIENTED_EDGE ( 'NONE', *, *, #1433, .T. ) ;
#1538 = DIRECTION ( 'NONE',  ( 0.000000000000000000, -0.000000000000000000, -1.000000000000000000 ) ) ;
#1539 = AXIS2_PLACEMENT_3D ( 'NONE', #405, #1975, #104 ) ;
#1540 = CARTESIAN_POINT ( 'NONE',  ( -17.46762545831584745, 4.345256092222907540, 204.9996063220967244 ) ) ;
#1541 = EDGE_LOOP ( 'NONE', ( #1370, #1616 ) ) ;
#1542 = ORIENTED_EDGE ( 'NONE', *, *, #7, .T. ) ;
#1543 = AXIS2_PLACEMENT_3D ( 'NONE', #1720, #2018, #315 ) ;
#1544 = EDGE_LOOP ( 'NONE', ( #1033, #1656, #793, #1075 ) ) ;
#1545 = EDGE_CURVE ( 'NONE', #48, #1187, #1207, .T. ) ;
#1546 = COORDINATED_UNIVERSAL_TIME_OFFSET ( 6, 0, .BEHIND. ) ;
#1547 = AXIS2_PLACEMENT_3D ( 'NONE', #1007, #1811, #404 ) ;
#1548 = EDGE_CURVE ( 'NONE', #1886, #729, #1887, .T. ) ;
#1549 = CARTESIAN_POINT ( 'NONE',  ( 0.000000000000000000, 3.000000000000000000, 0.000000000000000000 ) ) ;
#1550 = ORIENTED_EDGE ( 'NONE', *, *, #715, .F. ) ;
#1551 = ORIENTED_EDGE ( 'NONE', *, *, #542, .T. ) ;
#1552 = ORIENTED_EDGE ( 'NONE', *, *, #1565, .F. ) ;
#1553 = DIRECTION ( 'NONE',  ( 0.000000000000000000, 0.000000000000000000, 1.000000000000000000 ) ) ;
#1554 = CARTESIAN_POINT ( 'NONE',  ( -16.99408501874853172, 2.784041064951506161, 204.9938983887893755 ) ) ;
#1555 = DIRECTION ( 'NONE',  ( 0.000000000000000000, 1.000000000000000000, 0.000000000000000000 ) ) ;
#1556 = ADVANCED_FACE ( 'NONE', ( #1621 ), #1330, .T. ) ;
#1557 = PLANE ( 'NONE',  #1602 ) ;
#1558 = ORIENTED_EDGE ( 'NONE', *, *, #1583, .F. ) ;
#1559 = CARTESIAN_POINT ( 'NONE',  ( 0.000000000000000000, 11.00000000000000000, 7.499999999999997335 ) ) ;
#1560 = CARTESIAN_POINT ( 'NONE',  ( 0.000000000000000000, 24.99999999999999645, 198.9999999999999716 ) ) ;
#1561 = CARTESIAN_POINT ( 'NONE',  ( 0.000000000000000000, 27.99999999999999645, 5.000000000000000000 ) ) ;
#1562 = DIRECTION ( 'NONE',  ( 0.000000000000000000, 0.000000000000000000, 1.000000000000000000 ) ) ;
#1563 = ORIENTED_EDGE ( 'NONE', *, *, #1805, .F. ) ;
#1564 = DIRECTION ( 'NONE',  ( 0.000000000000000000, 0.000000000000000000, 1.000000000000000000 ) ) ;
#1565 = EDGE_CURVE ( 'NONE', #1051, #903, #486, .T. ) ;
#1566 = ORIENTED_EDGE ( 'NONE', *, *, #1496, .T. ) ;
#1567 = DIRECTION ( 'NONE',  ( 0.000000000000000000, 0.000000000000000000, 1.000000000000000000 ) ) ;
#1568 = DIRECTION ( 'NONE',  ( -0.000000000000000000, 1.000000000000000000, -0.000000000000000000 ) ) ;
#1569 = AXIS2_PLACEMENT_3D ( 'NONE', #1183, #249, #1814 ) ;
#1570 = AXIS2_PLACEMENT_3D ( 'NONE', #665, #671, #176 ) ;
#1571 = EDGE_CURVE ( 'NONE', #1533, #251, #247, .T. ) ;
#1572 = CIRCLE ( 'NONE', #1332, 12.49999999999998401 ) ;
#1573 = DIRECTION ( 'NONE',  ( 0.000000000000000000, 1.000000000000000000, 0.000000000000000000 ) ) ;
#1574 = AXIS2_PLACEMENT_3D ( 'NONE', #459, #1868, #1041 ) ;
#1575 = CIRCLE ( 'NONE', #1804, 5.000000000000004441 ) ;
#1576 = DIRECTION ( 'NONE',  ( -0.000000000000000000, 1.000000000000000000, -0.000000000000000000 ) ) ;
#1577 = AXIS2_PLACEMENT_3D ( 'NONE', #1003, #692, #1795 ) ;
#1578 = CARTESIAN_POINT ( 'NONE',  ( -13.15693258411409339, 29.96757589287007306, 204.9509858725334084 ) ) ;
#1579 = CARTESIAN_POINT ( 'NONE',  ( 0.000000000000000000, 11.00000000000000000, 7.499999999999997335 ) ) ;
#1580 = ORIENTED_CLOSED_SHELL ( 'NONE', *, #683, .F. );
#1581 = B_SPLINE_CURVE_WITH_KNOTS ( 'NONE', 3,
 ( #595, #1235, #765, #1859, #1127, #1416, #953, #795, #969, #785, #978, #1264, #40, #24, #1736, #1880, #1906, #773, #487, #962 ),
 .UNSPECIFIED., .F., .F.,
 ( 4, 2, 2, 2, 2, 2, 2, 2, 2, 4 ),
 ( -8.343342706723754344E-05, 0.0009017681597549691850, 0.001886969746577175791, 0.002872171333399382506, 0.003857372920221589438, 0.004842574507043803309, 0.005827776093866016312, 0.006320376887277124982, 0.006812977680688233652, 0.007798179267510450992 ),
 .UNSPECIFIED. ) ;
#1582 = DIRECTION ( 'NONE',  ( -0.000000000000000000, 1.000000000000000000, -0.000000000000000000 ) ) ;
#1583 = EDGE_CURVE ( 'NONE', #1526, #98, #1899, .T. ) ;
#1584 = CARTESIAN_POINT ( 'NONE',  ( -20.49605955976595695, 1.027817479161969194, 1.548326476036657073 ) ) ;
#1585 = ORIENTED_EDGE ( 'NONE', *, *, #1724, .F. ) ;
#1586 = FACE_OUTER_BOUND ( 'NONE', #106, .T. ) ;
#1587 = CARTESIAN_POINT ( 'NONE',  ( -17.37248858763367920, 26.13373381942427542, 204.9984541527508952 ) ) ;
#1588 = CARTESIAN_POINT ( 'NONE',  ( 8.000000000000000000, 27.99999999999999645, -1.500000000000000666 ) ) ;
#1589 = PERSON ( 'UNSPECIFIED', 'UNSPECIFIED', 'UNSPECIFIED', ('UNSPECIFIED'), ('UNSPECIFIED'), ('UNSPECIFIED') ) ;
#1590 = DIRECTION ( 'NONE',  ( 0.000000000000000000, 0.000000000000000000, 1.000000000000000000 ) ) ;
#1591 = CARTESIAN_POINT ( 'NONE',  ( -17.77281420353833141, 0.008113205859899145014, 1.409985918409397909 ) ) ;
#1592 = ADVANCED_FACE ( 'NONE', ( #1801 ), #1181, .F. ) ;
#1593 = CARTESIAN_POINT ( 'NONE',  ( 1.224646799147353454E-16, 24.99999999999999645, 196.9999999999999716 ) ) ;
#1594 = ORIENTED_EDGE ( 'NONE', *, *, #1969, .T. ) ;
#1595 = CARTESIAN_POINT ( 'NONE',  ( -17.49999999999998224, 25.33012893353816253, 205.0000000000000284 ) ) ;
#1596 = CARTESIAN_POINT ( 'NONE',  ( 0.000000000000000000, 19.99999999999999645, -8.000000000000000000 ) ) ;
#1597 = CARTESIAN_POINT ( 'NONE',  ( 6.999999999999984901, 19.99999999999999645, 204.0000000000000000 ) ) ;
#1598 = AXIS2_PLACEMENT_3D ( 'NONE', #1021, #682, #1939 ) ;
#1599 = ORIENTED_EDGE ( 'NONE', *, *, #347, .F. ) ;
#1600 = CARTESIAN_POINT ( 'NONE',  ( 0.000000000000000000, 21.38477631085023489, 0.000000000000000000 ) ) ;
#1601 = ADVANCED_FACE ( 'NONE', ( #868 ), #1936, .T. ) ;
#1602 = AXIS2_PLACEMENT_3D ( 'NONE', #1240, #1534, #289 ) ;
#1603 = CARTESIAN_POINT ( 'NONE',  ( 1.224646799147353947E-16, 19.99999999999999645, 196.9999999999999716 ) ) ;
#1604 = EDGE_CURVE ( 'NONE', #1187, #48, #1492, .T. ) ;
#1605 = CLOSED_SHELL ( 'NONE', ( #450, #3, #1472, #132 ) ) ;
#1606 = CARTESIAN_POINT ( 'NONE',  ( -12.49987623321337971, 30.00000000000000000, 204.9443748766640567 ) ) ;
#1607 = DIRECTION ( 'NONE',  ( -0.000000000000000000, -1.000000000000000000, -0.000000000000000000 ) ) ;
#1608 = ORIENTED_EDGE ( 'NONE', *, *, #788, .F. ) ;
#1609 = DIRECTION ( 'NONE',  ( -0.000000000000000000, 1.000000000000000000, -0.000000000000000000 ) ) ;
#1610 = CARTESIAN_POINT ( 'NONE',  ( 17.33295612562800159, 26.29206521100389438, 204.9979758799898377 ) ) ;
#1611 = CARTESIAN_POINT ( 'NONE',  ( 0.000000000000000000, 5.000000000000000000, 0.000000000000000000 ) ) ;
#1612 = CARTESIAN_POINT ( 'NONE',  ( -22.43984850735186498, 24.99999999999999645, 1.644140799049261803 ) ) ;
#1613 = CC_DESIGN_PERSON_AND_ORGANIZATION_ASSIGNMENT ( #1352, #1077, ( #1800 ) ) ;
#1614 = DIRECTION ( 'NONE',  ( -0.000000000000000000, 1.000000000000000000, -0.000000000000000000 ) ) ;
#1615 = DIRECTION ( 'NONE',  ( 0.000000000000000000, 0.000000000000000000, 1.000000000000000000 ) ) ;
#1616 = ORIENTED_EDGE ( 'NONE', *, *, #88, .F. ) ;
#1617 = CARTESIAN_POINT ( 'NONE',  ( -22.43984850735186498, 30.00000000000000000, 1.644140799049261803 ) ) ;
#1618 = DIRECTION ( 'NONE',  ( -0.000000000000000000, -1.000000000000000000, -0.000000000000000000 ) ) ;
#1619 = FACE_OUTER_BOUND ( 'NONE', #279, .T. ) ;
#1620 = DIRECTION ( 'NONE',  ( -0.000000000000000000, 1.000000000000000000, -0.000000000000000000 ) ) ;
#1621 = FACE_OUTER_BOUND ( 'NONE', #1048, .T. ) ;
#1622 = EDGE_CURVE ( 'NONE', #120, #894, #1797, .T. ) ;
#1623 = ORIENTED_EDGE ( 'NONE', *, *, #806, .F. ) ;
#1624 = DIRECTION ( 'NONE',  ( 0.000000000000000000, 1.000000000000000000, 0.000000000000000000 ) ) ;
#1625 = EDGE_CURVE ( 'NONE', #1727, #351, #915, .T. ) ;
#1626 = DIRECTION ( 'NONE',  ( 0.000000000000000000, 1.000000000000000000, 0.000000000000000000 ) ) ;
#1627 = CIRCLE ( 'NONE', #1955, 1.000000000000000888 ) ;
#1628 = VERTEX_POINT ( 'NONE', #1511 ) ;
#1629 = VECTOR ( 'NONE', #306, 1000.000000000000000 ) ;
#1630 = LINE ( 'NONE', #226, #813 ) ;
#1631 = AXIS2_PLACEMENT_3D ( 'NONE', #526, #1153, #1781 ) ;
#1632 = FACE_OUTER_BOUND ( 'NONE', #257, .T. ) ;
#1633 = CARTESIAN_POINT ( 'NONE',  ( 17.44447572907034427, 0.000000000000000000, 1.392934505953460800 ) ) ;
#1634 = CIRCLE ( 'NONE', #1013, 1.499999999999999556 ) ;
#1635 = ORIENTED_EDGE ( 'NONE', *, *, #180, .T. ) ;
#1636 = DIRECTION ( 'NONE',  ( -0.000000000000000000, -1.000000000000000000, -0.000000000000000000 ) ) ;
#1637 = AXIS2_PLACEMENT_3D ( 'NONE', #694, #1949, #677 ) ;
#1638 = EDGE_CURVE ( 'NONE', #519, #716, #1169, .T. ) ;
#1639 = CIRCLE ( 'NONE', #789, 1.000000000000000000 ) ;
#1640 = DIRECTION ( 'NONE',  ( 0.000000000000000000, 0.000000000000000000, 1.000000000000000000 ) ) ;
#1641 = DIRECTION ( 'NONE',  ( 0.000000000000000000, 1.000000000000000000, 0.000000000000000000 ) ) ;
#1642 = EDGE_LOOP ( 'NONE', ( #443, #944, #109, #734 ) ) ;
#1643 = DIRECTION ( 'NONE',  ( 0.000000000000000000, 0.000000000000000000, 1.000000000000000000 ) ) ;
#1644 = DIRECTION ( 'NONE',  ( 0.02428448193494522553, 0.000000000000000000, -0.9997050884821739869 ) ) ;
#1645 = EDGE_LOOP ( 'NONE', ( #1854, #231, #1225, #699 ) ) ;
#1646 = FACE_OUTER_BOUND ( 'NONE', #90, .T. ) ;
#1647 = ORIENTED_EDGE ( 'NONE', *, *, #1849, .T. ) ;
#1648 = DIRECTION ( 'NONE',  ( -0.000000000000000000, 1.000000000000000000, -0.000000000000000000 ) ) ;
#1649 = EDGE_LOOP ( 'NONE', ( #1647, #29 ) ) ;
#1650 = ADVANCED_FACE ( 'NONE', ( #1984 ), #1054, .T. ) ;
#1651 = DIRECTION ( 'NONE',  ( 0.000000000000000000, 0.000000000000000000, 1.000000000000000000 ) ) ;
#1652 = EDGE_CURVE ( 'NONE', #468, #2013, #1959, .T. ) ;
#1653 = ORIENTED_EDGE ( 'NONE', *, *, #151, .F. ) ;
#1654 = DIRECTION ( 'NONE',  ( -0.000000000000000000, -1.000000000000000000, -0.000000000000000000 ) ) ;
#1655 = CARTESIAN_POINT ( 'NONE',  ( 17.77281420353833141, 0.008113205859899668901, 1.409985918409424777 ) ) ;
#1656 = ORIENTED_EDGE ( 'NONE', *, *, #602, .T. ) ;
#1657 = CARTESIAN_POINT ( 'NONE',  ( -12.50147455758910908, 30.00000000000000000, 204.8785775903252784 ) ) ;
#1658 = ORIENTED_EDGE ( 'NONE', *, *, #1622, .T. ) ;
#1659 = DIRECTION ( 'NONE',  ( -0.000000000000000000, 1.000000000000000000, -0.000000000000000000 ) ) ;
#1660 = ORIENTED_EDGE ( 'NONE', *, *, #277, .F. ) ;
#1661 = TOROIDAL_SURFACE ( 'NONE', #1428, 17.50000000000000000, 5.000000000000000000 ) ;
#1662 = PERSON_AND_ORGANIZATION_ROLE ( 'design_owner' ) ;
#1663 = ADVANCED_FACE ( 'NONE', ( #1667 ), #261, .T. ) ;
#1664 = AXIS2_PLACEMENT_3D ( 'NONE', #1257, #1881, #470 ) ;
#1665 = EDGE_LOOP ( 'NONE', ( #373, #101 ) ) ;
#1666 = CYLINDRICAL_SURFACE ( 'NONE', #1878, 1.000000000000000888 ) ;
#1667 = FACE_OUTER_BOUND ( 'NONE', #1338, .T. ) ;
#1668 = AXIS2_PLACEMENT_3D ( 'NONE', #1405, #1415, #968 ) ;
#1669 = ORIENTED_EDGE ( 'NONE', *, *, #88, .T. ) ;
#1670 = DIRECTION ( 'NONE',  ( 0.000000000000000000, 0.000000000000000000, 1.000000000000000000 ) ) ;
#1671 = CARTESIAN_POINT ( 'NONE',  ( 0.000000000000000000, 19.99999999999999645, 197.9999999999999716 ) ) ;
#1672 = AXIS2_PLACEMENT_3D ( 'NONE', #910, #1976, #1538 ) ;
#1673 = CIRCLE ( 'NONE', #1637, 5.000000000000000000 ) ;
#1674 = CARTESIAN_POINT ( 'NONE',  ( 2.571758278209442213E-14, 0.000000000000000000, 199.9999999999999716 ) ) ;
#1675 = AXIS2_PLACEMENT_3D ( 'NONE', #845, #1185, #1640 ) ;
#1676 = VERTEX_POINT ( 'NONE', #1693 ) ;
#1677 = APPROVAL_STATUS ( 'not_yet_approved' ) ;
#1678 = CARTESIAN_POINT ( 'NONE',  ( 2.510525938252074324E-14, 5.000000000000000888, 205.0000000000000000 ) ) ;
#1679 = CARTESIAN_POINT ( 'NONE',  ( 21.93418916785282491, 27.21636534039591737, 1.619423339408709861 ) ) ;
#1680 = EDGE_LOOP ( 'NONE', ( #1991, #1810 ) ) ;
#1681 = ORIENTED_EDGE ( 'NONE', *, *, #1245, .F. ) ;
#1682 = EDGE_LOOP ( 'NONE', ( #78, #1354, #189, #1517 ) ) ;
#1683 = DIRECTION ( 'NONE',  ( -0.02428448193494522553, 0.000000000000000000, 0.9997050884821738759 ) ) ;
#1684 = LINE ( 'NONE', #1103, #1331 ) ;
#1685 = ORIENTED_EDGE ( 'NONE', *, *, #1318, .T. ) ;
#1686 = CARTESIAN_POINT ( 'NONE',  ( 2.510525938252074324E-14, 30.00000000000000000, 217.4999999999999716 ) ) ;
#1687 = ORIENTED_EDGE ( 'NONE', *, *, #69, .T. ) ;
#1688 = VERTEX_POINT ( 'NONE', #576 ) ;
#1689 = CALENDAR_DATE ( 2026, 21, 4 ) ;
#1690 = CARTESIAN_POINT ( 'NONE',  ( 12.82827195667910836, 30.00000000000000000, 204.9476399987324555 ) ) ;
#1691 = ORIENTED_EDGE ( 'NONE', *, *, #344, .T. ) ;
#1692 = ORIENTED_EDGE ( 'NONE', *, *, #1245, .T. ) ;
#1693 = CARTESIAN_POINT ( 'NONE',  ( -17.44447572907034072, 0.000000000000000000, 1.392934505953493662 ) ) ;
#1694 = CARTESIAN_POINT ( 'NONE',  ( 14.11719166228735922, 29.74240637655355712, 204.9611021837794169 ) ) ;
#1695 = DIRECTION ( 'NONE',  ( 0.000000000000000000, 0.000000000000000000, 1.000000000000000000 ) ) ;
#1696 = VERTEX_POINT ( 'NONE', #1203 ) ;
#1697 = ORIENTED_EDGE ( 'NONE', *, *, #1413, .F. ) ;
#1698 = DIRECTION ( 'NONE',  ( 0.000000000000000000, 0.000000000000000000, 1.000000000000000000 ) ) ;
#1699 = CARTESIAN_POINT ( 'NONE',  ( -17.49999999999997868, 4.669871066461836584, 205.0000000000000284 ) ) ;
#1700 = ADVANCED_FACE ( 'NONE', ( #761 ), #1557, .F. ) ;
#1701 = DIRECTION ( 'NONE',  ( 0.000000000000000000, 0.000000000000000000, -1.000000000000000000 ) ) ;
#1702 = EDGE_CURVE ( 'NONE', #1467, #1453, #874, .T. ) ;
#1703 = ORIENTED_EDGE ( 'NONE', *, *, #357, .F. ) ;
#1704 = ORIENTED_EDGE ( 'NONE', *, *, #203, .F. ) ;
#1705 = DIRECTION ( 'NONE',  ( 0.9997050884821740979, 0.000000000000000000, 0.02428448193494522206 ) ) ;
#1706 = TOROIDAL_SURFACE ( 'NONE', #387, 17.50000000000000000, 5.000000000000000000 ) ;
#1707 = ORIENTED_EDGE ( 'NONE', *, *, #1346, .F. ) ;
#1708 = LINE ( 'NONE', #1242, #1216 ) ;
#1709 = AXIS2_PLACEMENT_3D ( 'NONE', #145, #755, #1386 ) ;
#1710 = CARTESIAN_POINT ( 'NONE',  ( -7.499999999999997335, 11.00000000000000000, 4.286263797015738567E-16 ) ) ;
#1711 = AXIS2_PLACEMENT_3D ( 'NONE', #1942, #236, #533 ) ;
#1712 = CARTESIAN_POINT ( 'NONE',  ( -7.499999999999997335, 11.00000000000000000, -0.9999999999999993339 ) ) ;
#1713 = ORIENTED_CLOSED_SHELL ( 'NONE', *, #1463, .F. );
#1714 = ORIENTED_EDGE ( 'NONE', *, *, #855, .T. ) ;
#1715 = AXIS2_PLACEMENT_3D ( 'NONE', #384, #1461, #1180 ) ;
#1716 =( LENGTH_UNIT ( ) NAMED_UNIT ( * ) SI_UNIT ( .MILLI., .METRE. ) );
#1717 = AXIS2_PLACEMENT_3D ( 'NONE', #708, #252, #1469 ) ;
#1718 = CARTESIAN_POINT ( 'NONE',  ( 22.40748898068686046, 25.65488139341046647, 1.642564052485370851 ) ) ;
#1719 = VERTEX_POINT ( 'NONE', #1834 ) ;
#1720 = CARTESIAN_POINT ( 'NONE',  ( 0.000000000000000000, 30.00000000000000000, 0.000000000000000000 ) ) ;
#1721 = DIRECTION ( 'NONE',  ( -0.000000000000000000, 1.000000000000000000, -0.000000000000000000 ) ) ;
#1722 = FACE_BOUND ( 'NONE', #1541, .T. ) ;
#1723 = DIRECTION ( 'NONE',  ( 0.000000000000000000, 1.000000000000000000, 0.000000000000000000 ) ) ;
#1724 = EDGE_CURVE ( 'NONE', #1359, #1971, #125, .T. ) ;
#1725 = DIRECTION ( 'NONE',  ( -0.000000000000000000, -1.000000000000000000, -0.000000000000000000 ) ) ;
#1726 = ADVANCED_FACE ( 'NONE', ( #2015 ), #1089, .F. ) ;
#1727 = VERTEX_POINT ( 'NONE', #445 ) ;
#1728 = ORIENTED_EDGE ( 'NONE', *, *, #1289, .F. ) ;
#1729 = DIRECTION ( 'NONE',  ( -0.000000000000000000, -1.000000000000000000, -0.000000000000000000 ) ) ;
#1730 = CYLINDRICAL_SURFACE ( 'NONE', #1009, 17.49999999999998934 ) ;
#1731 = CARTESIAN_POINT ( 'NONE',  ( 0.000000000000000000, 27.99999999999999645, 0.000000000000000000 ) ) ;
#1732 = CYLINDRICAL_SURFACE ( 'NONE', #201, 5.000000000000000000 ) ;
#1733 = EDGE_LOOP ( 'NONE', ( #993, #1476 ) ) ;
#1734 = CARTESIAN_POINT ( 'NONE',  ( -8.000000000000000000, 19.99999999999999645, -1.224646799147358384E-16 ) ) ;
#1735 = EDGE_CURVE ( 'NONE', #98, #1526, #620, .T. ) ;
#1736 = CARTESIAN_POINT ( 'NONE',  ( 17.23789493188008493, 3.393996446821345714, 204.9968285980815494 ) ) ;
#1737 = EDGE_CURVE ( 'NONE', #2002, #264, #314, .T. ) ;
#1738 = DIRECTION ( 'NONE',  ( 0.000000000000000000, 1.000000000000000000, 0.000000000000000000 ) ) ;
#1739 = CIRCLE ( 'NONE', #583, 1.000000000000000888 ) ;
#1740 = AXIS2_PLACEMENT_3D ( 'NONE', #205, #1738, #41 ) ;
#1741 = LINE ( 'NONE', #1617, #1368 ) ;
#1742 = AXIS2_PLACEMENT_3D ( 'NONE', #961, #794, #976 ) ;
#1743 = DIRECTION ( 'NONE',  ( 0.000000000000000000, -0.000000000000000000, 1.000000000000000000 ) ) ;
#1744 = VECTOR ( 'NONE', #1287, 1000.000000000000114 ) ;
#1745 = ORIENTED_EDGE ( 'NONE', *, *, #1849, .F. ) ;
#1746 = CIRCLE ( 'NONE', #846, 17.49999999999998934 ) ;
#1747 = CARTESIAN_POINT ( 'NONE',  ( 22.43984850735186498, 5.000000000000000888, 1.644140799049261803 ) ) ;
#1748 = VECTOR ( 'NONE', #1400, 1000.000000000000000 ) ;
#1749 = ORIENTED_EDGE ( 'NONE', *, *, #941, .T. ) ;
#1750 = CARTESIAN_POINT ( 'NONE',  ( -14.71827326650745427, 29.49277276323246610, 204.9676591477427507 ) ) ;
#1751 = LINE ( 'NONE', #59, #1869 ) ;
#1752 = DIRECTION ( 'NONE',  ( 0.000000000000000000, 0.000000000000000000, -1.000000000000000000 ) ) ;
#1753 = CARTESIAN_POINT ( 'NONE',  ( 0.000000000000000000, 24.99999999999999645, 0.000000000000000000 ) ) ;
#1754 = ORIENTED_EDGE ( 'NONE', *, *, #537, .F. ) ;
#1755 = LINE ( 'NONE', #1603, #1929 ) ;
#1756 = BREP_WITH_VOIDS ( 'NONE', #1150, ( #1070, #1580, #693, #2012, #1278, #51, #1713, #1328 ) );
#1757 = CARTESIAN_POINT ( 'NONE',  ( 2.510525938252074324E-14, -0.2818479132245116370, 205.0000000000000000 ) ) ;
#1758 = DIRECTION ( 'NONE',  ( -0.000000000000000000, -1.000000000000000000, -0.000000000000000000 ) ) ;
#1759 = DIRECTION ( 'NONE',  ( -0.000000000000000000, 1.000000000000000000, -0.000000000000000000 ) ) ;
#1760 = EDGE_CURVE ( 'NONE', #1359, #428, #613, .T. ) ;
#1761 = FACE_OUTER_BOUND ( 'NONE', #1665, .T. ) ;
#1762 = EDGE_CURVE ( 'NONE', #1530, #716, #1879, .T. ) ;
#1763 = ORIENTED_EDGE ( 'NONE', *, *, #1914, .F. ) ;
#1764 = CARTESIAN_POINT ( 'NONE',  ( 0.000000000000000000, 27.99999999999999645, -6.500000000000000888 ) ) ;
#1765 = CARTESIAN_POINT ( 'NONE',  ( -13.80293683651499848, 29.83845827845803811, 204.9577372585888213 ) ) ;
#1766 = DIRECTION ( 'NONE',  ( -0.000000000000000000, 1.000000000000000000, -0.000000000000000000 ) ) ;
#1767 = ORIENTED_EDGE ( 'NONE', *, *, #832, .F. ) ;
#1768 = AXIS2_PLACEMENT_3D ( 'NONE', #1061, #904, #1529 ) ;
#1769 = CARTESIAN_POINT ( 'NONE',  ( 1.836970198721029934E-16, 19.99999999999999645, -9.500000000000000000 ) ) ;
#1770 = VECTOR ( 'NONE', #1758, 1000.000000000000000 ) ;
#1771 = FACE_OUTER_BOUND ( 'NONE', #1178, .T. ) ;
#1772 = VECTOR ( 'NONE', #1078, 1000.000000000000000 ) ;
#1773 = ORGANIZATION ( 'UNSPECIFIED', 'UNSPECIFIED', '' ) ;
#1774 = CARTESIAN_POINT ( 'NONE',  ( 0.000000000000000000, 11.00000000000000000, 7.499999999999997335 ) ) ;
#1775 = SECURITY_CLASSIFICATION ( '', '', #287 ) ;
#1776 = AXIS2_PLACEMENT_3D ( 'NONE', #1344, #1193, #568 ) ;
#1777 = CARTESIAN_POINT ( 'NONE',  ( 1.836970198721030181E-16, 19.99999999999999645, 6.500000000000000000 ) ) ;
#1778 = CARTESIAN_POINT ( 'NONE',  ( 0.000000000000000000, 27.99999999999999645, 8.000000000000000000 ) ) ;
#1779 = DIRECTION ( 'NONE',  ( -0.000000000000000000, 1.000000000000000000, -0.000000000000000000 ) ) ;
#1780 = DIRECTION ( 'NONE',  ( -0.000000000000000000, 1.000000000000000000, -0.000000000000000000 ) ) ;
#1781 = DIRECTION ( 'NONE',  ( 0.000000000000000000, 0.000000000000000000, 1.000000000000000000 ) ) ;
#1782 = ADVANCED_FACE ( 'NONE', ( #476 ), #30, .F. ) ;
#1783 = CARTESIAN_POINT ( 'NONE',  ( 0.000000000000000000, 5.000000000000000000, 6.499999999999997335 ) ) ;
#1784 = DIRECTION ( 'NONE',  ( 0.000000000000000000, 0.000000000000000000, 1.000000000000000000 ) ) ;
#1785 = ADVANCED_FACE ( 'NONE', ( #1269 ), #190, .F. ) ;
#1786 = ORIENTED_EDGE ( 'NONE', *, *, #1857, .F. ) ;
#1787 = DIRECTION ( 'NONE',  ( -0.000000000000000000, -1.000000000000000000, -0.000000000000000000 ) ) ;
#1788 = ORIENTED_EDGE ( 'NONE', *, *, #260, .F. ) ;
#1789 = CARTESIAN_POINT ( 'NONE',  ( -17.44447572907034782, 30.00000000000000000, 1.392934505953398183 ) ) ;
#1790 = EDGE_CURVE ( 'NONE', #1079, #735, #1572, .T. ) ;
#1791 = CARTESIAN_POINT ( 'NONE',  ( -22.43984850735186498, 24.99999999999999645, 1.644140799049261581 ) ) ;
#1792 = CARTESIAN_POINT ( 'NONE',  ( 22.43984850735186853, 4.669800419830970384, 1.644140799049262025 ) ) ;
#1793 = VERTEX_POINT ( 'NONE', #321 ) ;
#1794 = CARTESIAN_POINT ( 'NONE',  ( -14.71827326650745960, 0.5072272367675396687, 204.9676591477427223 ) ) ;
#1795 = DIRECTION ( 'NONE',  ( 0.000000000000000000, 0.000000000000000000, -1.000000000000000000 ) ) ;
#1796 = VECTOR ( 'NONE', #1104, 1000.000000000000000 ) ;
#1797 = CIRCLE ( 'NONE', #362, 12.49999999999998401 ) ;
#1798 = CARTESIAN_POINT ( 'NONE',  ( -17.60701518734166982, 29.99999999999999645, 1.401387660170059446 ) ) ;
#1799 = LINE ( 'NONE', #527, #686 ) ;
#1800 = PRODUCT_DEFINITION_FORMATION_WITH_SPECIFIED_SOURCE ( 'ANY', '', #2017, .NOT_KNOWN. ) ;
#1801 = FACE_OUTER_BOUND ( 'NONE', #1241, .T. ) ;
#1802 = AXIS2_PLACEMENT_3D ( 'NONE', #439, #926, #1683 ) ;
#1803 = CARTESIAN_POINT ( 'NONE',  ( 0.000000000000000000, 2.999999999999999112, -6.500000000000000888 ) ) ;
#1804 = AXIS2_PLACEMENT_3D ( 'NONE', #1974, #1723, #20 ) ;
#1805 = EDGE_CURVE ( 'NONE', #1226, #1875, #818, .T. ) ;
#1806 = CARTESIAN_POINT ( 'NONE',  ( -7.499999999999997335, 11.00000000000000000, 1.000000000000000222 ) ) ;
#1807 = ORIENTED_EDGE ( 'NONE', *, *, #1737, .F. ) ;
#1808 = DIRECTION ( 'NONE',  ( 0.000000000000000000, 0.000000000000000000, -1.000000000000000000 ) ) ;
#1809 = ORIENTED_EDGE ( 'NONE', *, *, #1413, .T. ) ;
#1810 = ORIENTED_EDGE ( 'NONE', *, *, #1905, .T. ) ;
#1811 = DIRECTION ( 'NONE',  ( -0.000000000000000000, -1.000000000000000000, -0.000000000000000000 ) ) ;
#1812 = DIRECTION ( 'NONE',  ( -0.9997050884821740979, 0.000000000000000000, -0.02428448193494414653 ) ) ;
#1813 = ORIENTED_EDGE ( 'NONE', *, *, #1625, .F. ) ;
#1814 = DIRECTION ( 'NONE',  ( 0.000000000000000000, 0.000000000000000000, -1.000000000000000000 ) ) ;
#1815 = EDGE_LOOP ( 'NONE', ( #1658, #1080, #288, #1076, #401 ) ) ;
#1816 = CARTESIAN_POINT ( 'NONE',  ( 2.510525938252074324E-14, 30.00000000000000000, 205.0000000000000000 ) ) ;
#1817 = ADVANCED_FACE ( 'NONE', ( #202 ), #38, .T. ) ;
#1818 = ORIENTED_EDGE ( 'NONE', *, *, #206, .T. ) ;
#1819 = ADVANCED_FACE ( 'NONE', ( #343 ), #662, .F. ) ;
#1820 = COORDINATED_UNIVERSAL_TIME_OFFSET ( 6, 0, .BEHIND. ) ;
#1821 = ORIENTED_EDGE ( 'NONE', *, *, #839, .T. ) ;
#1822 = FACE_OUTER_BOUND ( 'NONE', #285, .T. ) ;
#1823 = DIRECTION ( 'NONE',  ( -0.02428448193494522553, 0.000000000000000000, 0.9997050884821739869 ) ) ;
#1824 = VERTEX_POINT ( 'NONE', #23 ) ;
#1825 = CARTESIAN_POINT ( 'NONE',  ( 0.000000000000000000, 24.99999999999999645, 212.0000000000000000 ) ) ;
#1826 = DIRECTION ( 'NONE',  ( 0.000000000000000000, 0.000000000000000000, 1.000000000000000000 ) ) ;
#1827 = ORIENTED_EDGE ( 'NONE', *, *, #788, .T. ) ;
#1828 = CARTESIAN_POINT ( 'NONE',  ( 8.000000000000000000, 27.99999999999999645, 1.500000000000000222 ) ) ;
#1829 = ORIENTED_EDGE ( 'NONE', *, *, #1055, .T. ) ;
#1830 = VECTOR ( 'NONE', #1194, 1000.000000000000000 ) ;
#1831 = DATE_AND_TIME ( #1855, #1251 ) ;
#1832 = AXIS2_PLACEMENT_3D ( 'NONE', #1579, #1417, #32 ) ;
#1833 = DIRECTION ( 'NONE',  ( 0.000000000000000000, 0.000000000000000000, -1.000000000000000000 ) ) ;
#1834 = CARTESIAN_POINT ( 'NONE',  ( 17.50000000000000000, 5.000000000000000888, 205.0000000000000000 ) ) ;
#1835 = CC_DESIGN_APPROVAL ( #319, ( #1775 ) ) ;
#1836 = ORIENTED_EDGE ( 'NONE', *, *, #1760, .F. ) ;
#1837 = EDGE_LOOP ( 'NONE', ( #893, #420, #647, #791, #898, #1691 ) ) ;
#1838 = CARTESIAN_POINT ( 'NONE',  ( 17.50000000000000000, 24.99999999999999645, 205.0000000000000000 ) ) ;
#1839 = CARTESIAN_POINT ( 'NONE',  ( -16.47826400416114367, 1.953689285115692176, 204.9877724628636599 ) ) ;
#1840 = CIRCLE ( 'NONE', #659, 6.500000000000000888 ) ;
#1841 = FACE_OUTER_BOUND ( 'NONE', #1197, .T. ) ;
#1842 = VECTOR ( 'NONE', #1015, 1000.000000000000114 ) ;
#1843 = VERTEX_POINT ( 'NONE', #1764 ) ;
#1844 = EDGE_LOOP ( 'NONE', ( #1027, #1858 ) ) ;
#1845 = ORIENTED_EDGE ( 'NONE', *, *, #829, .T. ) ;
#1846 = EDGE_LOOP ( 'NONE', ( #841, #1100, #1989, #598 ) ) ;
#1847 = FACE_OUTER_BOUND ( 'NONE', #681, .T. ) ;
#1848 = CARTESIAN_POINT ( 'NONE',  ( 8.000000000000000000, 19.99999999999999645, -1.224646799147358384E-16 ) ) ;
#1849 = EDGE_CURVE ( 'NONE', #1071, #2005, #14, .T. ) ;
#1850 = CARTESIAN_POINT ( 'NONE',  ( 0.000000000000000000, 30.00000000000000000, 0.000000000000000000 ) ) ;
#1851 = EDGE_CURVE ( 'NONE', #428, #1201, #622, .T. ) ;
#1852 = CYLINDRICAL_SURFACE ( 'NONE', #679, 0.9999999999999997780 ) ;
#1853 = CARTESIAN_POINT ( 'NONE',  ( 0.000000000000000000, 11.00000000000000000, 7.499999999999997335 ) ) ;
#1854 = ORIENTED_EDGE ( 'NONE', *, *, #965, .F. ) ;
#1855 = CALENDAR_DATE ( 2026, 21, 4 ) ;
#1856 = DIRECTION ( 'NONE',  ( 0.000000000000000000, 0.000000000000000000, 1.000000000000000000 ) ) ;
#1857 = EDGE_CURVE ( 'NONE', #1696, #1911, #1755, .T. ) ;
#1858 = ORIENTED_EDGE ( 'NONE', *, *, #905, .T. ) ;
#1859 = CARTESIAN_POINT ( 'NONE',  ( 13.80293683651503933, 0.1615417215419581165, 204.9577372585867749 ) ) ;
#1860 = CARTESIAN_POINT ( 'NONE',  ( 8.000000000000000000, 19.99999999999999645, 1.500000000000000222 ) ) ;
#1861 = CARTESIAN_POINT ( 'NONE',  ( -8.000000000000000000, 19.99999999999999645, -1.499999999999999778 ) ) ;
#1862 = ORIENTED_EDGE ( 'NONE', *, *, #1108, .F. ) ;
#1863 = COORDINATED_UNIVERSAL_TIME_OFFSET ( 6, 0, .BEHIND. ) ;
#1864 = EDGE_LOOP ( 'NONE', ( #1519, #1788 ) ) ;
#1865 = CARTESIAN_POINT ( 'NONE',  ( 21.41866381469023750, 28.04679654201956041, 1.594075817929842875 ) ) ;
#1866 = CIRCLE ( 'NONE', #1768, 17.49999999999998934 ) ;
#1867 = ORIENTED_EDGE ( 'NONE', *, *, #331, .T. ) ;
#1868 = DIRECTION ( 'NONE',  ( 0.000000000000000000, 1.000000000000000000, 0.000000000000000000 ) ) ;
#1869 = VECTOR ( 'NONE', #1568, 1000.000000000000000 ) ;
#1870 = LINE ( 'NONE', #927, #389 ) ;
#1871 = AXIS2_PLACEMENT_3D ( 'NONE', #1388, #710, #919 ) ;
#1872 = FACE_OUTER_BOUND ( 'NONE', #1979, .T. ) ;
#1873 = LOCAL_TIME ( 14, 26, 55.00000000000000000, #1863 ) ;
#1874 = EDGE_CURVE ( 'NONE', #753, #296, #646, .T. ) ;
#1875 = VERTEX_POINT ( 'NONE', #801 ) ;
#1876 = CIRCLE ( 'NONE', #750, 11.00000000000000000 ) ;
#1877 = EDGE_CURVE ( 'NONE', #830, #271, #1144, .T. ) ;
#1878 = AXIS2_PLACEMENT_3D ( 'NONE', #1510, #778, #1105 ) ;
#1879 = LINE ( 'NONE', #174, #1010 ) ;
#1880 = CARTESIAN_POINT ( 'NONE',  ( 17.33295612562799803, 3.707934788996106956, 204.9979758799897240 ) ) ;
#1881 = DIRECTION ( 'NONE',  ( 0.000000000000000000, -1.000000000000000000, 0.000000000000000000 ) ) ;
#1882 = DIRECTION ( 'NONE',  ( -0.02428448193494522553, -0.000000000000000000, 0.9997050884821738759 ) ) ;
#1883 = VERTEX_POINT ( 'NONE', #1107 ) ;
#1884 = EDGE_CURVE ( 'NONE', #271, #830, #746, .T. ) ;
#1885 = DIRECTION ( 'NONE',  ( 0.000000000000000000, 0.000000000000000000, -1.000000000000000000 ) ) ;
#1886 = VERTEX_POINT ( 'NONE', #1747 ) ;
#1887 = B_SPLINE_CURVE_WITH_KNOTS ( 'NONE', 3,
 ( #536, #1792, #695, #1000, #1452, #1944, #851, #860, #701, #92, #212, #528, #1029, #828, #1305, #380, #1313, #1161, #385, #1655, #1320, #1633 ),
 .UNSPECIFIED., .F., .F.,
 ( 4, 2, 2, 2, 2, 2, 2, 2, 2, 2, 4 ),
 ( 0.000000000000000000, 0.0009765371109295128407, 0.001464805666394269207, 0.001953074221859025681, 0.002929611332788534077, 0.003906148443718042689, 0.004882685554647550434, 0.005859222665577059480, 0.006835759776506567659, 0.007324028331971327820, 0.007812296887436085378 ),
 .UNSPECIFIED. ) ;
#1888 = CARTESIAN_POINT ( 'NONE',  ( 17.49999999999997868, 24.99999999999999645, 205.0000000000000000 ) ) ;
#1889 = ORIENTED_EDGE ( 'NONE', *, *, #602, .F. ) ;
#1890 = DIRECTION ( 'NONE',  ( 0.000000000000000000, 1.000000000000000000, 0.000000000000000000 ) ) ;
#1891 = DIRECTION ( 'NONE',  ( -0.000000000000000000, -1.000000000000000000, -0.000000000000000000 ) ) ;
#1892 = CARTESIAN_POINT ( 'NONE',  ( 0.000000000000000000, 2.999999999999999112, 0.000000000000000000 ) ) ;
#1893 = CARTESIAN_POINT ( 'NONE',  ( 0.000000000000000000, 3.000000000000000000, 0.000000000000000000 ) ) ;
#1894 = EDGE_LOOP ( 'NONE', ( #1493, #412, #291, #1011 ) ) ;
#1895 = DIRECTION ( 'NONE',  ( -0.000000000000000000, -1.000000000000000000, -0.000000000000000000 ) ) ;
#1896 = CARTESIAN_POINT ( 'NONE',  ( -15.00906414433490355, 29.33732435632326130, 204.9708947934432217 ) ) ;
#1897 = FACE_OUTER_BOUND ( 'NONE', #1162, .T. ) ;
#1898 = VECTOR ( 'NONE', #1290, 1000.000000000000000 ) ;
#1899 = CIRCLE ( 'NONE', #137, 1.000000000000000888 ) ;
#1900 = LINE ( 'NONE', #363, #975 ) ;
#1901 = AXIS2_PLACEMENT_3D ( 'NONE', #1904, #940, #1564 ) ;
#1902 = CARTESIAN_POINT ( 'NONE',  ( -21.20784169080550896, 1.695936135633251851, 1.583669941714705542 ) ) ;
#1903 = AXIS2_PLACEMENT_3D ( 'NONE', #111, #575, #1341 ) ;
#1904 = CARTESIAN_POINT ( 'NONE',  ( -6.999999999999984901, 19.99999999999999645, 205.0000000000000000 ) ) ;
#1905 = EDGE_CURVE ( 'NONE', #1263, #1109, #421, .T. ) ;
#1906 = CARTESIAN_POINT ( 'NONE',  ( 17.37248858763372539, 3.866266180575725908, 204.9984541527488204 ) ) ;
#1907 = CARTESIAN_POINT ( 'NONE',  ( 2.510525938252074324E-14, 30.00000000000000000, 205.0000000000000000 ) ) ;
#1908 = ADVANCED_FACE ( 'NONE', ( #1586 ), #182, .F. ) ;
#1909 = DIRECTION ( 'NONE',  ( -0.000000000000000000, 1.000000000000000000, -0.000000000000000000 ) ) ;
#1910 = PLANE ( 'NONE',  #338 ) ;
#1911 = VERTEX_POINT ( 'NONE', #1593 ) ;
#1912 = ORIENTED_EDGE ( 'NONE', *, *, #60, .F. ) ;
#1913 = DIRECTION ( 'NONE',  ( 0.000000000000000000, 0.000000000000000000, 1.000000000000000000 ) ) ;
#1914 = EDGE_CURVE ( 'NONE', #637, #1875, #488, .T. ) ;
#1915 = PLANE ( 'NONE',  #844 ) ;
#1916 = PLANE ( 'NONE',  #70 ) ;
#1917 = EDGE_CURVE ( 'NONE', #1843, #297, #364, .T. ) ;
#1918 = ORIENTED_EDGE ( 'NONE', *, *, #1433, .F. ) ;
#1919 = FACE_OUTER_BOUND ( 'NONE', #1894, .T. ) ;
#1920 = DIRECTION ( 'NONE',  ( -0.000000000000000000, -1.000000000000000000, -0.000000000000000000 ) ) ;
#1921 = DIRECTION ( 'NONE',  ( 0.000000000000000000, 1.000000000000000000, 0.000000000000000000 ) ) ;
#1922 = CARTESIAN_POINT ( 'NONE',  ( 7.499999999999997335, 11.00000000000000000, 0.000000000000000000 ) ) ;
#1923 = LINE ( 'NONE', #1128, #1770 ) ;
#1924 = VECTOR ( 'NONE', #1582, 1000.000000000000000 ) ;
#1925 = CARTESIAN_POINT ( 'NONE',  ( 2.510525938252074324E-14, 5.000000000000000888, 222.4999999999999716 ) ) ;
#1926 = AXIS2_PLACEMENT_3D ( 'NONE', #649, #489, #1281 ) ;
#1927 = CARTESIAN_POINT ( 'NONE',  ( -22.40748898068685335, 4.345118606589537968, 1.642564052485316894 ) ) ;
#1928 = EDGE_CURVE ( 'NONE', #1973, #186, #2014, .T. ) ;
#1929 = VECTOR ( 'NONE', #635, 1000.000000000000000 ) ;
#1930 = APPROVAL_PERSON_ORGANIZATION ( #1239, #377, #121 ) ;
#1931 = EDGE_CURVE ( 'NONE', #397, #890, #1460, .T. ) ;
#1932 = CYLINDRICAL_SURFACE ( 'NONE', #1631, 1.000000000000000888 ) ;
#1933 = AXIS2_PLACEMENT_3D ( 'NONE', #1092, #416, #736 ) ;
#1934 = AXIS2_PLACEMENT_3D ( 'NONE', #1962, #1167, #1018 ) ;
#1935 = PLANE ( 'NONE',  #1934 ) ;
#1936 = CYLINDRICAL_SURFACE ( 'NONE', #655, 5.000000000000000000 ) ;
#1937 = CIRCLE ( 'NONE', #77, 1.000000000000002442 ) ;
#1938 = ORIENTED_EDGE ( 'NONE', *, *, #399, .T. ) ;
#1939 = DIRECTION ( 'NONE',  ( 0.000000000000000000, 0.000000000000000000, -1.000000000000000000 ) ) ;
#1940 = DIRECTION ( 'NONE',  ( 0.000000000000000000, 0.000000000000000000, 1.000000000000000000 ) ) ;
#1941 = EDGE_CURVE ( 'NONE', #753, #1322, #1374, .T. ) ;
#1942 = CARTESIAN_POINT ( 'NONE',  ( 0.000000000000000000, 19.99999999999999645, 197.9999999999999716 ) ) ;
#1943 = CYLINDRICAL_SURFACE ( 'NONE', #1175, 1.000000000000002442 ) ;
#1944 = CARTESIAN_POINT ( 'NONE',  ( 22.17786880458444898, 3.393673630133002828, 1.631350834543721096 ) ) ;
#1945 = ORIENTED_EDGE ( 'NONE', *, *, #1421, .F. ) ;
#1946 = CARTESIAN_POINT ( 'NONE',  ( -13.80293683651499670, 0.1615417215419580332, 204.9577372585885939 ) ) ;
#1947 = CARTESIAN_POINT ( 'NONE',  ( 0.000000000000000000, 19.99999999999999645, 9.500000000000000000 ) ) ;
#1948 = APPLICATION_CONTEXT ( 'configuration controlled 3d designs of mechanical parts and assemblies' ) ;
#1949 = DIRECTION ( 'NONE',  ( 0.000000000000000000, 1.000000000000000000, 0.000000000000000000 ) ) ;
#1950 = CARTESIAN_POINT ( 'NONE',  ( 6.999999999999984901, 19.99999999999999645, 205.0000000000000000 ) ) ;
#1951 = ORIENTED_EDGE ( 'NONE', *, *, #1097, .T. ) ;
#1952 = LINE ( 'NONE', #547, #221 ) ;
#1953 = ORIENTED_EDGE ( 'NONE', *, *, #379, .F. ) ;
#1954 = DIRECTION ( 'NONE',  ( 0.000000000000000000, 0.000000000000000000, -1.000000000000000000 ) ) ;
#1955 = AXIS2_PLACEMENT_3D ( 'NONE', #44, #1438, #658 ) ;
#1956 = VERTEX_POINT ( 'NONE', #402 ) ;
#1957 = AXIS2_PLACEMENT_3D ( 'NONE', #990, #239, #1615 ) ;
#1958 = CARTESIAN_POINT ( 'NONE',  ( -19.95051957972640366, 29.33771800412441877, 1.521019037703984944 ) ) ;
#1959 = CIRCLE ( 'NONE', #1302, 5.000000000000000000 ) ;
#1960 = ORIENTED_EDGE ( 'NONE', *, *, #39, .T. ) ;
#1961 = ORIENTED_EDGE ( 'NONE', *, *, #748, .T. ) ;
#1962 = CARTESIAN_POINT ( 'NONE',  ( 0.000000000000000000, 30.00000000000000000, 0.000000000000000000 ) ) ;
#1963 = DIRECTION ( 'NONE',  ( 0.000000000000000000, 1.000000000000000000, 0.000000000000000000 ) ) ;
#1964 = CIRCLE ( 'NONE', #227, 1.000000000000000000 ) ;
#1965 = ADVANCED_FACE ( 'NONE', ( #551 ), #1179, .F. ) ;
#1966 = ORIENTED_EDGE ( 'NONE', *, *, #1652, .T. ) ;
#1967 = FACE_OUTER_BOUND ( 'NONE', #220, .T. ) ;
#1968 = CIRCLE ( 'NONE', #2008, 1.000000000000000888 ) ;
#1969 = EDGE_CURVE ( 'NONE', #117, #1981, #918, .T. ) ;
#1970 = FACE_OUTER_BOUND ( 'NONE', #466, .T. ) ;
#1971 = VERTEX_POINT ( 'NONE', #73 ) ;
#1972 = EDGE_LOOP ( 'NONE', ( #553, #283, #413, #1489 ) ) ;
#1973 = VERTEX_POINT ( 'NONE', #1017 ) ;
#1974 = CARTESIAN_POINT ( 'NONE',  ( 2.510525938252074324E-14, 30.00000000000000000, 205.0000000000000000 ) ) ;
#1975 = DIRECTION ( 'NONE',  ( 0.000000000000000000, 1.000000000000000000, 0.000000000000000000 ) ) ;
#1976 = DIRECTION ( 'NONE',  ( 0.000000000000000000, -1.000000000000000000, 0.000000000000000000 ) ) ;
#1977 = CARTESIAN_POINT ( 'NONE',  ( -12.49987623321337793, 0.000000000000000000, 204.9443748766639146 ) ) ;
#1978 = CARTESIAN_POINT ( 'NONE',  ( 0.000000000000000000, 19.99999999999999645, 197.9999999999999716 ) ) ;
#1979 = EDGE_LOOP ( 'NONE', ( #1115, #1188, #94, #1423 ) ) ;
#1980 =( NAMED_UNIT ( * ) PLANE_ANGLE_UNIT ( ) SI_UNIT ( $, .RADIAN. ) );
#1981 = VERTEX_POINT ( 'NONE', #64 ) ;
#1982 = EDGE_LOOP ( 'NONE', ( #1230, #886, #1961, #1065, #1821 ) ) ;
#1983 = CARTESIAN_POINT ( 'NONE',  ( 0.000000000000000000, -0.2818479132245116370, 0.000000000000000000 ) ) ;
#1984 = FACE_OUTER_BOUND ( 'NONE', #1844, .T. ) ;
#1985 = ORIENTED_EDGE ( 'NONE', *, *, #1289, .T. ) ;
#1986 = DIRECTION ( 'NONE',  ( 0.000000000000000000, 1.000000000000000000, 0.000000000000000000 ) ) ;
#1987 = CARTESIAN_POINT ( 'NONE',  ( 1.347111479062088405E-15, 27.99999999999999645, -11.00000000000000000 ) ) ;
#1988 = DIRECTION ( 'NONE',  ( -0.000000000000000000, -1.000000000000000000, -0.000000000000000000 ) ) ;
#1989 = ORIENTED_EDGE ( 'NONE', *, *, #206, .F. ) ;
#1990 = FACE_OUTER_BOUND ( 'NONE', #1733, .T. ) ;
#1991 = ORIENTED_EDGE ( 'NONE', *, *, #760, .T. ) ;
#1992 = EDGE_LOOP ( 'NONE', ( #719, #323 ) ) ;
#1993 = ADVANCED_FACE ( 'NONE', ( #1619 ), #1932, .F. ) ;
#1994 = CIRCLE ( 'NONE', #1039, 1.000000000000002442 ) ;
#1995 = CALENDAR_DATE ( 2026, 21, 4 ) ;
#1996 = ADVANCED_FACE ( 'NONE', ( #217 ), #1311, .F. ) ;
#1997 = ORIENTED_EDGE ( 'NONE', *, *, #775, .F. ) ;
#1998 = DIRECTION ( 'NONE',  ( 0.000000000000000000, -1.000000000000000000, 0.000000000000000000 ) ) ;
#1999 = DIRECTION ( 'NONE',  ( 0.000000000000000000, 1.000000000000000000, 0.000000000000000000 ) ) ;
#2000 = AXIS2_PLACEMENT_3D ( 'NONE', #669, #1641, #1293 ) ;
#2001 = ORIENTED_EDGE ( 'NONE', *, *, #1234, .T. ) ;
#2002 = VERTEX_POINT ( 'NONE', #1005 ) ;
#2003 = CARTESIAN_POINT ( 'NONE',  ( -17.44447572907034782, 30.00000000000000000, 1.392934505953398183 ) ) ;
#2004 = CYLINDRICAL_SURFACE ( 'NONE', #1087, 1.499999999999999556 ) ;
#2005 = VERTEX_POINT ( 'NONE', #1159 ) ;
#2006 = AXIS2_PLACEMENT_3D ( 'NONE', #805, #1780, #349 ) ;
#2007 = DIRECTION ( 'NONE',  ( 0.000000000000000000, 0.000000000000000000, 1.000000000000000000 ) ) ;
#2008 = AXIS2_PLACEMENT_3D ( 'NONE', #1978, #407, #1045 ) ;
#2009 = EDGE_CURVE ( 'NONE', #1509, #1314, #1630, .T. ) ;
#2010 = EDGE_LOOP ( 'NONE', ( #584, #529, #740, #1306 ) ) ;
#2011 = EDGE_LOOP ( 'NONE', ( #1148, #1508, #270, #672 ) ) ;
#2012 = ORIENTED_CLOSED_SHELL ( 'NONE', *, #199, .F. );
#2013 = VERTEX_POINT ( 'NONE', #82 ) ;
#2014 = B_SPLINE_CURVE_WITH_KNOTS ( 'NONE', 3,
 ( #1612, #675, #376, #834, #1459, #1326, #383, #1025, #1441, #996, #393, #856, #1317, #1958, #57, #826, #1450, #1301, #541, #1481, #1798, #1789 ),
 .UNSPECIFIED., .F., .F.,
 ( 4, 2, 2, 2, 2, 2, 2, 2, 2, 2, 4 ),
 ( 0.000000000000000000, 0.0009765371109295145754, 0.001464805666394266605, 0.001953074221859018742, 0.002929611332788528439, 0.003906148443718038352, 0.004882685554647548699, 0.005859222665577057745, 0.006835759776506567659, 0.007324028331971326952, 0.007812296887436087113 ),
 .UNSPECIFIED. ) ;
#2015 = FACE_OUTER_BOUND ( 'NONE', #1680, .T. ) ;
#2016 = ORIENTED_EDGE ( 'NONE', *, *, #1480, .T. ) ;
#2017 = PRODUCT ( 'Arm1_Default_sldprt', 'Arm1_Default_sldprt', '', ( #256 ) ) ;
#2018 = DIRECTION ( 'NONE',  ( 0.000000000000000000, 1.000000000000000000, 0.000000000000000000 ) ) ;
#2019 = CARTESIAN_POINT ( 'NONE',  ( -17.18209586889115315, 3.237957079345313627, 204.9961563558317152 ) ) ;
#2020 = DIRECTION ( 'NONE',  ( 0.000000000000000000, -0.000000000000000000, 1.000000000000000000 ) ) ;
ENDSEC;
END-ISO-10303-21;
