ISO-10303-21;
HEADER;
FILE_DESCRIPTION (( 'STEP AP203' ),
    '1' );
FILE_NAME ('Arm2_Default_sldprt.STEP',
    '2026-04-21T20:27:01',
    ( '' ),
    ( '' ),
    'SwSTEP 2.0',
    'SolidWorks 2025',
    '' );
FILE_SCHEMA (( 'CONFIG_CONTROL_DESIGN' ));
ENDSEC;

DATA;
#1 = CARTESIAN_POINT ( 'NONE',  ( 74.25680130091059539, 33.71000733810125638, -19.16777424660249807 ) ) ;
#2 = ORIENTED_EDGE ( 'NONE', *, *, #1686, .T. ) ;
#3 = VERTEX_POINT ( 'NONE', #71 ) ;
#4 = FACE_OUTER_BOUND ( 'NONE', #2453, .T. ) ;
#5 = CARTESIAN_POINT ( 'NONE',  ( -19.53319623933559512, 19.65125333453007173, -13.38712982635165716 ) ) ;
#6 = CARTESIAN_POINT ( 'NONE',  ( -0.005139750403642144236, 15.24029743201908893, -12.97440635897201666 ) ) ;
#7 = ADVANCED_FACE ( 'NONE', ( #2397 ), #1876, .T. ) ;
#8 = AXIS2_PLACEMENT_3D ( 'NONE', #1619, #2341, #485 ) ;
#9 = CARTESIAN_POINT ( 'NONE',  ( -19.38414445102756289, 19.21428571428572241, -6.571428571428564958 ) ) ;
#10 =( BOUNDED_CURVE ( )  B_SPLINE_CURVE ( 3, ( #2731, #1958, #591, #2203 ),
 .UNSPECIFIED., .F., .T. ) 
 B_SPLINE_CURVE_WITH_KNOTS ( ( 4, 4 ),
 ( 6.271434074403298808, 6.283185307179586232 ),
 .UNSPECIFIED. ) 
 CURVE ( )  GEOMETRIC_REPRESENTATION_ITEM ( )  RATIONAL_B_SPLINE_CURVE ( ( 1.000000000000000000, 0.9999884924104593953, 0.9999884924104593953, 1.000000000000000000 ) ) 
 REPRESENTATION_ITEM ( '' )  );
#11 = CIRCLE ( 'NONE', #493, 5.000000000000000888 ) ;
#12 = CARTESIAN_POINT ( 'NONE',  ( 110.7566017177981337, 35.00000000000000000, 28.68553390593273633 ) ) ;
#13 = CARTESIAN_POINT ( 'NONE',  ( 110.7566017177981337, 30.00000000000000355, 23.68553390593273633 ) ) ;
#14 = AXIS2_PLACEMENT_3D ( 'NONE', #1633, #1190, #1899 ) ;
#15 = CARTESIAN_POINT ( 'NONE',  ( 204.4789610478665338, 0.000000000000000000, -55.95336991259380710 ) ) ;
#16 = VERTEX_POINT ( 'NONE', #1450 ) ;
#17 = TOROIDAL_SURFACE ( 'NONE', #1558, 10.00000000000000000, 5.000000000000000000 ) ;
#18 = TOROIDAL_SURFACE ( 'NONE', #1858, 5.744562646538025952, 1.000000000000000000 ) ;
#19 = CARTESIAN_POINT ( 'NONE',  ( 108.6855339059326582, 5.000000000000000888, 28.68553390593273633 ) ) ;
#20 = ORIENTED_EDGE ( 'NONE', *, *, #2368, .T. ) ;
#21 = EDGE_LOOP ( 'NONE', ( #1708, #332, #2681, #2640 ) ) ;
#22 = CARTESIAN_POINT ( 'NONE',  ( 2.602085213965211036E-15, 14.50000000000000178, -7.996082899869604077 ) ) ;
#23 = CARTESIAN_POINT ( 'NONE',  ( 76.81742944035481457, 3.631280915352835148, -19.72152507603104965 ) ) ;
#24 = DIRECTION ( 'NONE',  ( 0.9374368665610913753, 0.000000000000000000, -0.3481553119113975359 ) ) ;
#25 = CARTESIAN_POINT ( 'NONE',  ( 0.000000000000000000, 15.50000000000000355, -6.999999999999993783 ) ) ;
#26 = PRODUCT ( 'Arm2_Default_sldprt', 'Arm2_Default_sldprt', '', ( #70 ) ) ;
#27 = CARTESIAN_POINT ( 'NONE',  ( -7.470518492302932713E-15, 0.000000000000000000, 23.68553390593270080 ) ) ;
#28 = DIRECTION ( 'NONE',  ( 0.000000000000000000, 1.000000000000000000, -0.000000000000000000 ) ) ;
#29 = EDGE_LOOP ( 'NONE', ( #243, #1133 ) ) ;
#30 = CARTESIAN_POINT ( 'NONE',  ( 198.1489438335833313, 17.50000000000000000, -35.93553390593264396 ) ) ;
#31 = EDGE_LOOP ( 'NONE', ( #1411, #2303, #418, #1372 ) ) ;
#32 = ADVANCED_FACE ( 'NONE', ( #1671 ), #2870, .F. ) ;
#33 = VERTEX_POINT ( 'NONE', #954 ) ;
#34 = DIRECTION ( 'NONE',  ( -7.930164461608260440E-16, 1.000000000000000000, 0.000000000000000000 ) ) ;
#35 = ADVANCED_FACE ( 'NONE', ( #270 ), #1419, .F. ) ;
#36 = LINE ( 'NONE', #1884, #300 ) ;
#37 = DIRECTION ( 'NONE',  ( -1.000000000000000000, 0.000000000000000000, 0.000000000000000000 ) ) ;
#38 = LINE ( 'NONE', #2800, #2740 ) ;
#39 = CARTESIAN_POINT ( 'NONE',  ( 200.4789610478665054, 35.00000000000000000, -43.68553390593266528 ) ) ;
#40 = FACE_OUTER_BOUND ( 'NONE', #947, .T. ) ;
#41 = CARTESIAN_POINT ( 'NONE',  ( 141.6855339059326582, 17.50000000000000000, 35.95336991259401316 ) ) ;
#42 = DIRECTION ( 'NONE',  ( -7.930164461608262412E-16, 1.000000000000000000, 0.000000000000000000 ) ) ;
#43 = VERTEX_POINT ( 'NONE', #2643 ) ;
#44 = DIRECTION ( 'NONE',  ( 0.1783442286512129660, -0.9839681580756585166, 0.000000000000000000 ) ) ;
#45 = VERTEX_POINT ( 'NONE', #2121 ) ;
#46 = CARTESIAN_POINT ( 'NONE',  ( 77.75127267546629639, 30.00000000000000355, 4.822340487331763903 ) ) ;
#47 = VECTOR ( 'NONE', #56, 1000.000000000000000 ) ;
#48 = EDGE_CURVE ( 'NONE', #1176, #943, #2413, .T. ) ;
#49 = DIRECTION ( 'NONE',  ( 0.7071067811865469066, -0.000000000000000000, 0.7071067811865481278 ) ) ;
#50 = EDGE_CURVE ( 'NONE', #140, #1189, #764, .T. ) ;
#51 = FACE_BOUND ( 'NONE', #2719, .T. ) ;
#52 = CARTESIAN_POINT ( 'NONE',  ( 78.46296349549290028, 0.2785878664419157991, -3.500167964539355747 ) ) ;
#53 = AXIS2_PLACEMENT_3D ( 'NONE', #1486, #2432, #1990 ) ;
#54 = DIRECTION ( 'NONE',  ( 0.000000000000000000, -0.000000000000000000, 1.000000000000000000 ) ) ;
#55 = DIRECTION ( 'NONE',  ( 1.000000000000000000, 8.673617379884027583E-16, 0.000000000000000000 ) ) ;
#56 = DIRECTION ( 'NONE',  ( -0.000000000000000000, 1.000000000000000000, -0.000000000000000000 ) ) ;
#57 = CIRCLE ( 'NONE', #1747, 4.999999999999976907 ) ;
#58 = CIRCLE ( 'NONE', #1071, 1.000000000000000888 ) ;
#59 = LINE ( 'NONE', #2562, #777 ) ;
#60 = VECTOR ( 'NONE', #2173, 1000.000000000000000 ) ;
#61 = EDGE_LOOP ( 'NONE', ( #831, #286, #2367, #169, #668, #1730, #2357, #1866, #744, #2176, #785, #2658, #1068, #1001, #2265, #2068 ) ) ;
#62 = EDGE_CURVE ( 'NONE', #1277, #2358, #2130, .T. ) ;
#63 = ORIENTED_EDGE ( 'NONE', *, *, #942, .T. ) ;
#64 = AXIS2_PLACEMENT_3D ( 'NONE', #669, #431, #1103 ) ;
#65 = AXIS2_PLACEMENT_3D ( 'NONE', #2120, #255, #2597 ) ;
#66 = CARTESIAN_POINT ( 'NONE',  ( 108.6855339059326582, 35.00000000000000000, 28.68553390593273633 ) ) ;
#67 = CARTESIAN_POINT ( 'NONE',  ( 0.000000000000000000, 30.00000000000000355, -43.68553390593266528 ) ) ;
#68 = CARTESIAN_POINT ( 'NONE',  ( 75.03734052084195127, 0.8994820305973991736, -1.799488891973453519 ) ) ;
#69 = CARTESIAN_POINT ( 'NONE',  ( 79.97314866531641542, 34.99513319558860047, -15.33207302136390382 ) ) ;
#70 = MECHANICAL_CONTEXT ( 'NONE', #1821, 'mechanical' ) ;
#71 = CARTESIAN_POINT ( 'NONE',  ( 112.6855339059326440, 0.000000000000000000, 15.93553390593275765 ) ) ;
#72 = FACE_OUTER_BOUND ( 'NONE', #360, .T. ) ;
#73 = ORIENTED_EDGE ( 'NONE', *, *, #187, .F. ) ;
#74 = DIRECTION ( 'NONE',  ( -0.000000000000000000, -0.000000000000000000, 1.000000000000000000 ) ) ;
#75 = ORIENTED_EDGE ( 'NONE', *, *, #2312, .T. ) ;
#76 = CARTESIAN_POINT ( 'NONE',  ( 110.7566017177981337, 30.00000000000000355, 23.68553390593273633 ) ) ;
#77 = CARTESIAN_POINT ( 'NONE',  ( 43.53553390593285144, 0.000000000000000000, -43.53553390593273065 ) ) ;
#78 = DESIGN_CONTEXT ( 'detailed design', #1981, 'design' ) ;
#79 = ADVANCED_FACE ( 'NONE', ( #2585 ), #315, .F. ) ;
#80 = CARTESIAN_POINT ( 'NONE',  ( 74.28506764104032811, 1.122853391075361307, -1.077501607087109514 ) ) ;
#81 = EDGE_CURVE ( 'NONE', #342, #1277, #1391, .T. ) ;
#82 = CARTESIAN_POINT ( 'NONE',  ( 74.60063397212856273, 0.9786350925517003363, -18.53933976692253083 ) ) ;
#83 = CARTESIAN_POINT ( 'NONE',  ( -23.99999999999999289, 17.50000000000000355, -6.999999999999993783 ) ) ;
#84 = EDGE_CURVE ( 'NONE', #317, #33, #1659, .T. ) ;
#85 = DIRECTION ( 'NONE',  ( -7.930164461608261426E-16, 1.000000000000000000, 0.000000000000000000 ) ) ;
#86 = CARTESIAN_POINT ( 'NONE',  ( -19.38414445102756289, 19.21428571428571885, -6.571428571428564958 ) ) ;
#87 = ORIENTED_EDGE ( 'NONE', *, *, #963, .T. ) ;
#88 = ORIENTED_EDGE ( 'NONE', *, *, #848, .F. ) ;
#89 = CARTESIAN_POINT ( 'NONE',  ( -23.99999999999999289, 17.50000000000000355, -13.42857142857142527 ) ) ;
#90 = FACE_OUTER_BOUND ( 'NONE', #2444, .T. ) ;
#91 = CARTESIAN_POINT ( 'NONE',  ( -19.65583500835754904, 20.34500905449522890, -13.00786770636951140 ) ) ;
#92 = CARTESIAN_POINT ( 'NONE',  ( -18.88945993824846070, 15.01939606611909639, -12.87972815067315224 ) ) ;
#93 = CIRCLE ( 'NONE', #152, 5.999999999999998224 ) ;
#94 = DIRECTION ( 'NONE',  ( 0.9374368665610924856, -0.3481553119113949268, 0.000000000000000000 ) ) ;
#95 = ORIENTED_EDGE ( 'NONE', *, *, #491, .F. ) ;
#96 = CARTESIAN_POINT ( 'NONE',  ( -19.35390174465124602, 14.91860529330352314, -7.181726977307001825 ) ) ;
#97 = ADVANCED_FACE ( 'NONE', ( #606 ), #2451, .T. ) ;
#98 = CARTESIAN_POINT ( 'NONE',  ( 77.75127267546629639, 34.59241817242826755, -16.79963543992498387 ) ) ;
#99 = ORIENTED_EDGE ( 'NONE', *, *, #2426, .T. ) ;
#100 = DIRECTION ( 'NONE',  ( 0.3481553119113953709, -0.9374368665610922635, 0.000000000000000000 ) ) ;
#101 = DIRECTION ( 'NONE',  ( 0.000000000000000000, 1.000000000000000000, 0.000000000000000000 ) ) ;
#102 = CIRCLE ( 'NONE', #2001, 4.999999999999999112 ) ;
#103 = EDGE_LOOP ( 'NONE', ( #2734, #2162, #919, #1370 ) ) ;
#104 = CARTESIAN_POINT ( 'NONE',  ( 204.4789610478665054, 30.00000000000000711, -43.68553390593266528 ) ) ;
#105 = CARTESIAN_POINT ( 'NONE',  ( 109.1499999999999204, 35.00000000000000000, -32.39999999999995595 ) ) ;
#106 = VERTEX_POINT ( 'NONE', #1290 ) ;
#107 = CARTESIAN_POINT ( 'NONE',  ( 75.07401581892310105, 0.8928346328201912652, -18.17205574801405277 ) ) ;
#108 = AXIS2_PLACEMENT_3D ( 'NONE', #676, #928, #2074 ) ;
#109 = CIRCLE ( 'NONE', #2741, 5.000000000000000000 ) ;
#110 = CARTESIAN_POINT ( 'NONE',  ( -18.70806905094649153, 14.50000000000000178, -12.12551992082036278 ) ) ;
#111 = CARTESIAN_POINT ( 'NONE',  ( -19.99999999999999289, 20.50000000000000355, -11.99999999999999289 ) ) ;
#112 = AXIS2_PLACEMENT_3D ( 'NONE', #713, #2113, #2852 ) ;
#113 = AXIS2_PLACEMENT_3D ( 'NONE', #2197, #1988, #1703 ) ;
#114 = DIRECTION ( 'NONE',  ( -0.000000000000000000, -0.000000000000000000, -1.000000000000000000 ) ) ;
#115 = ORIENTED_EDGE ( 'NONE', *, *, #2147, .T. ) ;
#116 = CARTESIAN_POINT ( 'NONE',  ( -18.93186331373544817, 14.74590436990355435, -7.339846814156656407 ) ) ;
#117 = CYLINDRICAL_SURFACE ( 'NONE', #1900, 5.000000000000000888 ) ;
#118 = ORIENTED_EDGE ( 'NONE', *, *, #2178, .F. ) ;
#119 = APPROVAL_STATUS ( 'not_yet_approved' ) ;
#120 = CARTESIAN_POINT ( 'NONE',  ( -18.92408986722687558, 14.89330530853543522, -7.202275109248938989 ) ) ;
#121 = CARTESIAN_POINT ( 'NONE',  ( 200.4789610478665338, 0.000000000000000000, 15.93553390593271679 ) ) ;
#122 = VERTEX_POINT ( 'NONE', #1735 ) ;
#123 = CARTESIAN_POINT ( 'NONE',  ( 76.83178798024420075, 3.660770839843639823, -0.2772185517286294143 ) ) ;
#124 = ORIENTED_EDGE ( 'NONE', *, *, #2843, .T. ) ;
#125 = DIRECTION ( 'NONE',  ( 1.000000000000000000, -2.113836175005540908E-15, 0.000000000000000000 ) ) ;
#126 = DIRECTION ( 'NONE',  ( -0.000000000000000000, -0.000000000000000000, 1.000000000000000000 ) ) ;
#127 = CARTESIAN_POINT ( 'NONE',  ( -19.35411837830824666, 14.91704401802262581, -12.81720511021435449 ) ) ;
#128 = CARTESIAN_POINT ( 'NONE',  ( -18.89005610176034722, 19.98217637566052218, -12.87891720753567526 ) ) ;
#129 = EDGE_CURVE ( 'NONE', #2369, #122, #2495, .T. ) ;
#130 = EDGE_CURVE ( 'NONE', #2253, #217, #1892, .T. ) ;
#131 = CARTESIAN_POINT ( 'NONE',  ( -19.46148856648243353, 20.91831020920859174, -11.93137708515511086 ) ) ;
#132 = DIRECTION ( 'NONE',  ( 0.000000000000000000, 0.000000000000000000, -1.000000000000000000 ) ) ;
#133 = ORIENTED_EDGE ( 'NONE', *, *, #885, .F. ) ;
#134 = CARTESIAN_POINT ( 'NONE',  ( -19.64921988582572610, 14.74566624440589813, -6.918185903464554087 ) ) ;
#135 = AXIS2_PLACEMENT_3D ( 'NONE', #67, #980, #1917 ) ;
#136 = CARTESIAN_POINT ( 'NONE',  ( 79.31863761379359801, 34.87650306750009577, -16.06930764121750599 ) ) ;
#137 = EDGE_LOOP ( 'NONE', ( #2835, #1606, #430, #1957, #1698, #2528 ) ) ;
#138 = CARTESIAN_POINT ( 'NONE',  ( -19.52768618615480989, 14.12330184083296380, -7.853033103194382747 ) ) ;
#139 = DIRECTION ( 'NONE',  ( 0.000000000000000000, -1.000000000000000000, 0.000000000000000000 ) ) ;
#140 = VERTEX_POINT ( 'NONE', #2248 ) ;
#141 = CYLINDRICAL_SURFACE ( 'NONE', #1894, 4.999999999999976907 ) ;
#142 = ORIENTED_EDGE ( 'NONE', *, *, #2104, .F. ) ;
#143 = LINE ( 'NONE', #818, #404 ) ;
#144 = EDGE_CURVE ( 'NONE', #554, #742, #289, .T. ) ;
#145 = CARTESIAN_POINT ( 'NONE',  ( -18.70814781368432378, 15.37437404160882792, -12.99999999999999467 ) ) ;
#146 = LINE ( 'NONE', #2457, #2389 ) ;
#147 = CARTESIAN_POINT ( 'NONE',  ( 74.60063397212856273, 0.9786350925517003363, -18.53933976692253083 ) ) ;
#148 = EDGE_CURVE ( 'NONE', #1640, #1254, #771, .T. ) ;
#149 = DIRECTION ( 'NONE',  ( 0.000000000000000000, 0.000000000000000000, -1.000000000000000000 ) ) ;
#150 = ORIENTED_EDGE ( 'NONE', *, *, #1750, .F. ) ;
#151 = CARTESIAN_POINT ( 'NONE',  ( -19.24298068388383598, 14.48811427860939283, -7.867023711265920483 ) ) ;
#152 = AXIS2_PLACEMENT_3D ( 'NONE', #424, #1125, #2061 ) ;
#153 = FACE_OUTER_BOUND ( 'NONE', #2776, .T. ) ;
#154 = ORIENTED_EDGE ( 'NONE', *, *, #910, .T. ) ;
#155 = DATE_AND_TIME ( #1334, #839 ) ;
#156 = EDGE_CURVE ( 'NONE', #2656, #1472, #1154, .T. ) ;
#157 = CARTESIAN_POINT ( 'NONE',  ( -0.0003809376073378887228, 14.50006904494133586, -7.988249037679344688 ) ) ;
#158 = DIRECTION ( 'NONE',  ( -0.1783442286512196551, 0.9839681580756571844, 0.000000000000000000 ) ) ;
#159 = VERTEX_POINT ( 'NONE', #157 ) ;
#160 = CARTESIAN_POINT ( 'NONE',  ( 109.1499999999999204, 0.000000000000000000, 12.40000000000003411 ) ) ;
#161 = ORIENTED_EDGE ( 'NONE', *, *, #2104, .T. ) ;
#162 = AXIS2_PLACEMENT_3D ( 'NONE', #2702, #851, #350 ) ;
#163 = CARTESIAN_POINT ( 'NONE',  ( 0.000000000000000000, 15.50000000000000355, -12.99999999999999467 ) ) ;
#164 = CYLINDRICAL_SURFACE ( 'NONE', #2497, 4.999999999999976907 ) ;
#165 = EDGE_CURVE ( 'NONE', #2764, #554, #2847, .T. ) ;
#166 = CARTESIAN_POINT ( 'NONE',  ( 74.39067047949849609, 1.039765956837372274, -18.74127176452878984 ) ) ;
#167 = AXIS2_PLACEMENT_3D ( 'NONE', #2808, #2578, #745 ) ;
#168 = CARTESIAN_POINT ( 'NONE',  ( -18.93192345937528387, 14.84253323427207150, -7.243141742449167531 ) ) ;
#169 = ORIENTED_EDGE ( 'NONE', *, *, #2148, .F. ) ;
#170 = TOROIDAL_SURFACE ( 'NONE', #960, 10.00000000000000000, 5.000000000000000000 ) ;
#171 = CARTESIAN_POINT ( 'NONE',  ( -19.60526903208168292, 19.96421032822809494, -6.740049999029356087 ) ) ;
#172 = VERTEX_POINT ( 'NONE', #2943 ) ;
#173 = ADVANCED_FACE ( 'NONE', ( #1322 ), #1338, .F. ) ;
#174 = CARTESIAN_POINT ( 'NONE',  ( 84.82234048733177190, 30.00000000000000355, -17.75127267546628573 ) ) ;
#175 = ORIENTED_EDGE ( 'NONE', *, *, #2393, .T. ) ;
#176 = PLANE ( 'NONE',  #2539 ) ;
#177 = VERTEX_POINT ( 'NONE', #2537 ) ;
#178 = DIRECTION ( 'NONE',  ( -5.551115123125782702E-15, -1.000000000000000000, 0.000000000000000000 ) ) ;
#179 = ORIENTED_EDGE ( 'NONE', *, *, #198, .F. ) ;
#180 = FACE_OUTER_BOUND ( 'NONE', #580, .T. ) ;
#181 = CARTESIAN_POINT ( 'NONE',  ( -18.77835450861184086, 14.51964836466896536, -7.763124269750066198 ) ) ;
#182 = CARTESIAN_POINT ( 'NONE',  ( -0.02251561807187148559, 14.61300054672643611, -12.52943347763745052 ) ) ;
#183 = EDGE_CURVE ( 'NONE', #2204, #1035, #93, .T. ) ;
#184 = DIRECTION ( 'NONE',  ( 0.000000000000000000, -1.000000000000000000, 0.000000000000000000 ) ) ;
#185 = APPROVAL_ROLE ( '' ) ;
#186 = EDGE_CURVE ( 'NONE', #1176, #459, #1579, .T. ) ;
#187 = EDGE_CURVE ( 'NONE', #2577, #796, #1331, .T. ) ;
#188 = CARTESIAN_POINT ( 'NONE',  ( 74.48756585681086051, 33.99710009420751788, -1.366087455544063189 ) ) ;
#189 = ORIENTED_EDGE ( 'NONE', *, *, #1131, .F. ) ;
#190 = FACE_OUTER_BOUND ( 'NONE', #1146, .T. ) ;
#191 = ORIENTED_EDGE ( 'NONE', *, *, #2409, .T. ) ;
#192 = CARTESIAN_POINT ( 'NONE',  ( 79.44152348560872667, 34.89877613176659565, -4.012422813999472204 ) ) ;
#193 = ORIENTED_EDGE ( 'NONE', *, *, #881, .T. ) ;
#194 = CARTESIAN_POINT ( 'NONE',  ( 77.75127267546629639, 5.000000000000000888, 4.822340487331763903 ) ) ;
#195 = LINE ( 'NONE', #1057, #1503 ) ;
#196 = DIRECTION ( 'NONE',  ( 0.000000000000000000, 1.000000000000000000, -2.081668171172168119E-15 ) ) ;
#197 = CARTESIAN_POINT ( 'NONE',  ( -18.87281387044025038, 19.93745602490459135, -7.098362499266578141 ) ) ;
#198 = EDGE_CURVE ( 'NONE', #856, #2476, #2425, .T. ) ;
#199 = CARTESIAN_POINT ( 'NONE',  ( 200.4789610478665054, 30.00000000000000355, -43.68553390593266528 ) ) ;
#200 = ORIENTED_EDGE ( 'NONE', *, *, #1805, .F. ) ;
#201 = ORIENTED_EDGE ( 'NONE', *, *, #2037, .F. ) ;
#202 = FACE_OUTER_BOUND ( 'NONE', #2065, .T. ) ;
#203 = EDGE_LOOP ( 'NONE', ( #1675, #1793, #1384, #2996 ) ) ;
#204 = DIRECTION ( 'NONE',  ( 0.000000000000000000, 0.000000000000000000, 1.000000000000000000 ) ) ;
#205 = DIRECTION ( 'NONE',  ( 0.000000000000000000, -0.000000000000000000, 1.000000000000000000 ) ) ;
#206 = AXIS2_PLACEMENT_3D ( 'NONE', #1951, #810, #294 ) ;
#207 = CARTESIAN_POINT ( 'NONE',  ( 200.4789610478665054, 30.00000000000000355, 23.68553390593276475 ) ) ;
#208 = CIRCLE ( 'NONE', #877, 4.999999999999976907 ) ;
#209 = AXIS2_PLACEMENT_3D ( 'NONE', #2862, #1687, #2630 ) ;
#210 = AXIS2_PLACEMENT_3D ( 'NONE', #949, #938, #1400 ) ;
#211 = DIRECTION ( 'NONE',  ( -0.000000000000000000, 1.000000000000000000, -0.000000000000000000 ) ) ;
#212 = SECURITY_CLASSIFICATION_LEVEL ( 'unclassified' ) ;
#213 = AXIS2_PLACEMENT_3D ( 'NONE', #1216, #975, #1227 ) ;
#214 = LOCAL_TIME ( 14, 27, 1.000000000000000000, #2675 ) ;
#215 = CARTESIAN_POINT ( 'NONE',  ( 0.000000000000000000, 19.49950596021972871, -6.999999999999993783 ) ) ;
#216 = ORIENTED_EDGE ( 'NONE', *, *, #2445, .F. ) ;
#217 = VERTEX_POINT ( 'NONE', #1095 ) ;
#218 = LINE ( 'NONE', #2029, #1745 ) ;
#219 = ORIENTED_EDGE ( 'NONE', *, *, #1655, .F. ) ;
#220 = ORIENTED_EDGE ( 'NONE', *, *, #130, .T. ) ;
#221 = DIRECTION ( 'NONE',  ( 0.000000000000000000, 0.000000000000000000, 1.000000000000000000 ) ) ;
#222 = EDGE_CURVE ( 'NONE', #2314, #2577, #337, .T. ) ;
#223 = DIRECTION ( 'NONE',  ( 0.000000000000000000, -1.000000000000000000, -8.673617379884035472E-16 ) ) ;
#224 = EDGE_CURVE ( 'NONE', #1343, #1254, #1108, .T. ) ;
#225 = CARTESIAN_POINT ( 'NONE',  ( -0.0003809376073374760212, 14.50006904494133586, -12.01175096232064554 ) ) ;
#226 = CARTESIAN_POINT ( 'NONE',  ( 79.43527363455032742, 0.1023566537377517544, -4.008038575405453052 ) ) ;
#227 =( BOUNDED_CURVE ( )  B_SPLINE_CURVE ( 3, ( #1380, #969, #2844, #481 ),
 .UNSPECIFIED., .F., .F. ) 
 B_SPLINE_CURVE_WITH_KNOTS ( ( 4, 4 ),
 ( 3.125560373736247399, 3.126046304855488067 ),
 .UNSPECIFIED. ) 
 CURVE ( )  GEOMETRIC_REPRESENTATION_ITEM ( )  RATIONAL_B_SPLINE_CURVE ( ( 1.000000000000000000, 0.9999999803225790851, 0.9999999803225790851, 1.000000000000000000 ) ) 
 REPRESENTATION_ITEM ( '' )  );
#228 = CARTESIAN_POINT ( 'NONE',  ( 204.4789610478665054, 31.00000000000000711, -35.93553390593263686 ) ) ;
#229 = CARTESIAN_POINT ( 'NONE',  ( -0.0003809376073374760212, 14.50006904494133586, -12.01175096232064554 ) ) ;
#230 = ORIENTED_EDGE ( 'NONE', *, *, #2576, .T. ) ;
#231 = DIRECTION ( 'NONE',  ( -0.9803413637469803321, -0.1776868721791401151, -0.08577986932786069163 ) ) ;
#232 = ORIENTED_EDGE ( 'NONE', *, *, #1791, .F. ) ;
#233 = EDGE_CURVE ( 'NONE', #2954, #486, #2773, .T. ) ;
#234 = VERTEX_POINT ( 'NONE', #237 ) ;
#235 = DIRECTION ( 'NONE',  ( -0.000000000000000000, 1.000000000000000000, 0.000000000000000000 ) ) ;
#236 = DIRECTION ( 'NONE',  ( -0.000000000000000000, -0.000000000000000000, 1.000000000000000000 ) ) ;
#237 = CARTESIAN_POINT ( 'NONE',  ( 200.4789610478665338, 0.000000000000000000, -35.93553390593264396 ) ) ;
#238 = EDGE_CURVE ( 'NONE', #666, #2656, #407, .T. ) ;
#239 = DIRECTION ( 'NONE',  ( 1.000000000000000000, 0.000000000000000000, 0.000000000000000000 ) ) ;
#240 = LINE ( 'NONE', #1170, #964 ) ;
#241 = CYLINDRICAL_SURFACE ( 'NONE', #65, 4.000000000000003553 ) ;
#242 = FACE_OUTER_BOUND ( 'NONE', #2701, .T. ) ;
#243 = ORIENTED_EDGE ( 'NONE', *, *, #2108, .T. ) ;
#244 = DIRECTION ( 'NONE',  ( 8.673617379884026597E-16, -1.000000000000000000, 0.000000000000000000 ) ) ;
#245 = ORIENTED_EDGE ( 'NONE', *, *, #1336, .F. ) ;
#246 = ORIENTED_EDGE ( 'NONE', *, *, #2766, .F. ) ;
#247 = LINE ( 'NONE', #2127, #1445 ) ;
#248 = CARTESIAN_POINT ( 'NONE',  ( -19.35390174465101509, 20.08139470669625126, -12.81827302269304347 ) ) ;
#249 = FACE_OUTER_BOUND ( 'NONE', #2401, .T. ) ;
#250 = CIRCLE ( 'NONE', #454, 4.999999999999999112 ) ;
#251 = DIRECTION ( 'NONE',  ( 0.9803413637469803321, -0.1776868721791402539, -0.08577986932786076102 ) ) ;
#252 = VECTOR ( 'NONE', #1236, 1000.000000000000000 ) ;
#253 = EDGE_CURVE ( 'NONE', #1927, #1515, #1810, .T. ) ;
#254 = CARTESIAN_POINT ( 'NONE',  ( -18.61483519286549182, 21.50000000000000000, -7.999999999999994671 ) ) ;
#255 = DIRECTION ( 'NONE',  ( 0.000000000000000000, 0.000000000000000000, -1.000000000000000000 ) ) ;
#256 = AXIS2_PLACEMENT_3D ( 'NONE', #2040, #2325, #2977 ) ;
#257 = ORIENTED_EDGE ( 'NONE', *, *, #1706, .F. ) ;
#258 = AXIS2_PLACEMENT_3D ( 'NONE', #2706, #1279, #627 ) ;
#259 = AXIS2_PLACEMENT_3D ( 'NONE', #1528, #866, #1091 ) ;
#260 = DIRECTION ( 'NONE',  ( -1.000000000000000000, 0.000000000000000000, 0.000000000000000000 ) ) ;
#261 = ORIENTED_EDGE ( 'NONE', *, *, #2699, .T. ) ;
#262 = ORIENTED_EDGE ( 'NONE', *, *, #2331, .T. ) ;
#263 = FACE_OUTER_BOUND ( 'NONE', #1129, .T. ) ;
#264 = CYLINDRICAL_SURFACE ( 'NONE', #1122, 4.000000000000003553 ) ;
#265 = FACE_OUTER_BOUND ( 'NONE', #378, .T. ) ;
#266 = CARTESIAN_POINT ( 'NONE',  ( -18.61483519286549182, 14.50000000000000355, -11.99999999999999289 ) ) ;
#267 = EDGE_CURVE ( 'NONE', #3, #1142, #2972, .T. ) ;
#268 = CARTESIAN_POINT ( 'NONE',  ( 198.1489438335833313, 17.50000000000000000, 28.68553390593270436 ) ) ;
#269 = CARTESIAN_POINT ( 'NONE',  ( -18.92271045394732454, 20.30417741334191817, -12.59849849475109096 ) ) ;
#270 = FACE_OUTER_BOUND ( 'NONE', #2560, .T. ) ;
#271 = ADVANCED_FACE ( 'NONE', ( #1814 ), #1378, .T. ) ;
#272 = EDGE_CURVE ( 'NONE', #2564, #856, #449, .T. ) ;
#273 = DIRECTION ( 'NONE',  ( -0.000000000000000000, -0.000000000000000000, -1.000000000000000000 ) ) ;
#274 = VERTEX_POINT ( 'NONE', #1612 ) ;
#275 = ORIENTED_EDGE ( 'NONE', *, *, #3012, .T. ) ;
#276 = CARTESIAN_POINT ( 'NONE',  ( 110.7566017177981905, 5.000000000000000888, -48.68553390593266528 ) ) ;
#277 = TOROIDAL_SURFACE ( 'NONE', #2363, 1.000000000000000000, 4.000000000000000000 ) ;
#278 = FACE_BOUND ( 'NONE', #653, .T. ) ;
#279 = DIRECTION ( 'NONE',  ( -0.7071067811865465735, -0.000000000000000000, -0.7071067811865484609 ) ) ;
#280 = CARTESIAN_POINT ( 'NONE',  ( -19.10439562987771822, 19.31818181818182367, -6.999999999999991118 ) ) ;
#281 = CARTESIAN_POINT ( 'NONE',  ( 78.04253667582412390, 4.854877014428945259, -19.82872195913460800 ) ) ;
#282 = ADVANCED_FACE ( 'NONE', ( #1593 ), #660, .T. ) ;
#283 = DIRECTION ( 'NONE',  ( -0.000000000000000000, 1.000000000000000000, 0.000000000000000000 ) ) ;
#284 = ORIENTED_EDGE ( 'NONE', *, *, #1251, .F. ) ;
#285 = CARTESIAN_POINT ( 'NONE',  ( 200.4789610478665338, 5.000000000000000888, 24.68553390593276475 ) ) ;
#286 = ORIENTED_EDGE ( 'NONE', *, *, #1505, .T. ) ;
#287 = VERTEX_POINT ( 'NONE', #435 ) ;
#288 = DIRECTION ( 'NONE',  ( 0.000000000000000000, 0.000000000000000000, -1.000000000000000000 ) ) ;
#289 = CIRCLE ( 'NONE', #2918, 4.923910839889737545 ) ;
#290 = CARTESIAN_POINT ( 'NONE',  ( 81.28680658139903414, 30.00000000000000355, -21.28680658139902349 ) ) ;
#291 = CARTESIAN_POINT ( 'NONE',  ( 108.6855339059327150, 30.00000000000000355, -43.68553390593266528 ) ) ;
#292 = CARTESIAN_POINT ( 'NONE',  ( 77.75127267546629639, 0.4075818275717352224, -16.79963543992498387 ) ) ;
#293 = AXIS2_PLACEMENT_3D ( 'NONE', #2216, #139, #829 ) ;
#294 = DIRECTION ( 'NONE',  ( 0.000000000000000000, 0.000000000000000000, -1.000000000000000000 ) ) ;
#295 = CARTESIAN_POINT ( 'NONE',  ( 200.4789610478665054, 30.00000000000000355, -48.68553390593266528 ) ) ;
#296 = DIRECTION ( 'NONE',  ( 0.000000000000000000, 0.000000000000000000, 1.000000000000000000 ) ) ;
#297 = VECTOR ( 'NONE', #437, 1000.000000000000114 ) ;
#298 = TOROIDAL_SURFACE ( 'NONE', #1207, 1.000000000000000000, 4.000000000000000000 ) ;
#299 = CARTESIAN_POINT ( 'NONE',  ( 110.7566017177981905, 35.00000000000000000, -43.68553390593267238 ) ) ;
#300 = VECTOR ( 'NONE', #2070, 1000.000000000000000 ) ;
#301 = ORIENTED_EDGE ( 'NONE', *, *, #1313, .T. ) ;
#302 = CYLINDRICAL_SURFACE ( 'NONE', #213, 5.000000000000000888 ) ;
#303 = ORIENTED_EDGE ( 'NONE', *, *, #539, .T. ) ;
#304 = AXIS2_PLACEMENT_3D ( 'NONE', #1471, #2398, #1707 ) ;
#305 = CIRCLE ( 'NONE', #2447, 4.000000000000003553 ) ;
#306 = CARTESIAN_POINT ( 'NONE',  ( 200.4789610478665338, 4.000000000000000000, 15.93553390593271679 ) ) ;
#307 = DIRECTION ( 'NONE',  ( -0.000000000000000000, -0.000000000000000000, 1.000000000000000000 ) ) ;
#308 = ADVANCED_FACE ( 'NONE', ( #2085 ), #1346, .F. ) ;
#309 = EDGE_CURVE ( 'NONE', #1895, #796, #1779, .T. ) ;
#310 = CARTESIAN_POINT ( 'NONE',  ( 76.45230449108474602, 0.6430198109908940030, -2.625082796347441239 ) ) ;
#311 = AXIS2_PLACEMENT_3D ( 'NONE', #854, #204, #2505 ) ;
#312 = LINE ( 'NONE', #327, #252 ) ;
#313 = PERSON_AND_ORGANIZATION ( #2667, #1705 ) ;
#314 = ADVANCED_FACE ( 'NONE', ( #2160 ), #520, .T. ) ;
#315 = PLANE ( 'NONE',  #2281 ) ;
#316 = CARTESIAN_POINT ( 'NONE',  ( 73.77372559093143423, 32.87099372357605631, -19.45520098920649943 ) ) ;
#317 = VERTEX_POINT ( 'NONE', #1650 ) ;
#318 = ORIENTED_EDGE ( 'NONE', *, *, #765, .F. ) ;
#319 = CARTESIAN_POINT ( 'NONE',  ( -19.62377482713304744, 20.70775893764395903, -7.436378343249508305 ) ) ;
#320 = CARTESIAN_POINT ( 'NONE',  ( -19.46409792687322593, 15.57043296134074595, -13.42857142746768950 ) ) ;
#321 = DIRECTION ( 'NONE',  ( 3.154042683594197093E-16, 0.000000000000000000, -1.000000000000000000 ) ) ;
#322 = EDGE_CURVE ( 'NONE', #1775, #1045, #473, .T. ) ;
#323 = CARTESIAN_POINT ( 'NONE',  ( 74.54194975827141434, 0.9892716063133002447, -18.58487124232208743 ) ) ;
#324 = CARTESIAN_POINT ( 'NONE',  ( 80.00000000000000000, 0.000000000000000000, -15.07845905230314010 ) ) ;
#325 = ORIENTED_EDGE ( 'NONE', *, *, #932, .T. ) ;
#326 = AXIS2_PLACEMENT_3D ( 'NONE', #717, #1872, #1635 ) ;
#327 = CARTESIAN_POINT ( 'NONE',  ( 107.2210678118653959, 35.00000000000000000, 27.22106781186547053 ) ) ;
#328 = ORIENTED_EDGE ( 'NONE', *, *, #539, .F. ) ;
#329 = DIRECTION ( 'NONE',  ( -1.000000000000000000, 0.000000000000000000, -3.154042683594197093E-16 ) ) ;
#330 = DIRECTION ( 'NONE',  ( 0.000000000000000000, 1.000000000000000000, -0.000000000000000000 ) ) ;
#331 = CARTESIAN_POINT ( 'NONE',  ( 74.37958181773745991, 33.96641051404474609, -18.73904623517382717 ) ) ;
#332 = ORIENTED_EDGE ( 'NONE', *, *, #1922, .T. ) ;
#333 = ORIENTED_EDGE ( 'NONE', *, *, #148, .F. ) ;
#334 = FACE_OUTER_BOUND ( 'NONE', #845, .T. ) ;
#335 = CARTESIAN_POINT ( 'NONE',  ( -18.61483519286549537, 14.50000000000000178, -11.99999999999999289 ) ) ;
#336 = CARTESIAN_POINT ( 'NONE',  ( -19.46409792687250828, 20.92857142746641941, -11.92956703865988288 ) ) ;
#337 = CIRCLE ( 'NONE', #2042, 4.999999999999999112 ) ;
#338 = CARTESIAN_POINT ( 'NONE',  ( -19.65583500865939826, 20.34500905472682675, -13.00786770658599067 ) ) ;
#339 = CARTESIAN_POINT ( 'NONE',  ( 77.95753461914007687, 0.3701968502808643535, -3.286258039965459954 ) ) ;
#340 = ORIENTED_EDGE ( 'NONE', *, *, #50, .T. ) ;
#341 = FACE_OUTER_BOUND ( 'NONE', #428, .T. ) ;
#342 = VERTEX_POINT ( 'NONE', #1389 ) ;
#343 = COORDINATED_UNIVERSAL_TIME_OFFSET ( 6, 0, .BEHIND. ) ;
#344 = CARTESIAN_POINT ( 'NONE',  ( -19.53319623933556670, 15.34874666546969202, -6.612870173648542682 ) ) ;
#345 = EDGE_CURVE ( 'NONE', #177, #1722, #1624, .T. ) ;
#346 = EDGE_CURVE ( 'NONE', #2310, #2416, #2318, .T. ) ;
#347 = DIRECTION ( 'NONE',  ( -1.000000000000000000, 0.000000000000000000, 0.000000000000000000 ) ) ;
#348 = AXIS2_PLACEMENT_3D ( 'NONE', #2610, #2410, #2448 ) ;
#349 = ORIENTED_EDGE ( 'NONE', *, *, #2598, .F. ) ;
#350 = DIRECTION ( 'NONE',  ( 0.000000000000000000, 0.000000000000000000, 1.000000000000000000 ) ) ;
#351 = ORIENTED_EDGE ( 'NONE', *, *, #2387, .F. ) ;
#352 = CIRCLE ( 'NONE', #1501, 4.000000000000003553 ) ;
#353 = CIRCLE ( 'NONE', #968, 5.000000000000000888 ) ;
#354 = CARTESIAN_POINT ( 'NONE',  ( -18.92435325781132249, 14.89207129699276599, -12.79682522382085708 ) ) ;
#355 = LINE ( 'NONE', #2487, #2342 ) ;
#356 = CIRCLE ( 'NONE', #2143, 5.000000000000000000 ) ;
#357 = VECTOR ( 'NONE', #1875, 1000.000000000000000 ) ;
#358 = CARTESIAN_POINT ( 'NONE',  ( -19.52768618615481344, 20.87669815916704152, -12.14696689680560304 ) ) ;
#359 = CARTESIAN_POINT ( 'NONE',  ( 79.99999999999997158, -6.755087754353043971E-17, -15.20556924634972518 ) ) ;
#360 = EDGE_LOOP ( 'NONE', ( #219, #559, #2647, #739, #1309 ) ) ;
#361 = DIRECTION ( 'NONE',  ( -0.7071067811865482389, 0.000000000000000000, 0.7071067811865470176 ) ) ;
#362 = VERTEX_POINT ( 'NONE', #2115 ) ;
#363 = PERSON_AND_ORGANIZATION ( #2667, #1705 ) ;
#364 = CARTESIAN_POINT ( 'NONE',  ( 74.80442726606838733, 33.05780840219462391, -0.4546126142190158315 ) ) ;
#365 = DIRECTION ( 'NONE',  ( -1.000000000000000000, -0.000000000000000000, -0.000000000000000000 ) ) ;
#366 = VERTEX_POINT ( 'NONE', #2854 ) ;
#367 = ADVANCED_FACE ( 'NONE', ( #1220, #249, #961 ), #2822, .F. ) ;
#368 = CARTESIAN_POINT ( 'NONE',  ( -18.61483519286549182, 19.50000000000000355, -6.999999999999993783 ) ) ;
#369 = ORIENTED_EDGE ( 'NONE', *, *, #322, .F. ) ;
#370 = ADVANCED_FACE ( 'NONE', ( #265 ), #492, .T. ) ;
#371 = CARTESIAN_POINT ( 'NONE',  ( 0.000000000000000000, 15.50049403978028373, -12.99999999999999467 ) ) ;
#372 = LINE ( 'NONE', #2912, #1700 ) ;
#373 = CARTESIAN_POINT ( 'NONE',  ( 146.6855339059326298, 17.50000000000000000, -35.93553390593265107 ) ) ;
#374 = CARTESIAN_POINT ( 'NONE',  ( 77.75127267546592691, 4.563335008765804446, -19.80323635910326985 ) ) ;
#375 = ORIENTED_EDGE ( 'NONE', *, *, #2302, .F. ) ;
#376 = CARTESIAN_POINT ( 'NONE',  ( -18.89460478188558312, 14.62906028041720319, -7.504044608749653733 ) ) ;
#377 = CARTESIAN_POINT ( 'NONE',  ( -18.70806905094687878, 20.50000000000000355, -7.874480079179790870 ) ) ;
#378 = EDGE_LOOP ( 'NONE', ( #1285, #826, #1881, #2603 ) ) ;
#379 = CARTESIAN_POINT ( 'NONE',  ( 75.99556502401476621, 32.11508201133708695, -0.3503880603987070130 ) ) ;
#380 = EDGE_CURVE ( 'NONE', #811, #317, #1165, .T. ) ;
#381 = CARTESIAN_POINT ( 'NONE',  ( 77.89681665827106372, 30.29139985481683084, -19.81597145759872092 ) ) ;
#382 = ORIENTED_EDGE ( 'NONE', *, *, #1243, .F. ) ;
#383 = CARTESIAN_POINT ( 'NONE',  ( 74.80442726606835890, 1.942191597805359438, -0.4546126142190180519 ) ) ;
#384 = ORIENTED_EDGE ( 'NONE', *, *, #2058, .F. ) ;
#385 = CARTESIAN_POINT ( 'NONE',  ( -19.24298068388383598, 15.36702371126580502, -13.01188572139060362 ) ) ;
#386 = FACE_OUTER_BOUND ( 'NONE', #1925, .T. ) ;
#387 = CARTESIAN_POINT ( 'NONE',  ( -19.55718890659927567, 19.75542443158027694, -13.34480328619458867 ) ) ;
#388 = ADVANCED_FACE ( 'NONE', ( #1179, #51, #1403 ), #1204, .F. ) ;
#389 = CARTESIAN_POINT ( 'NONE',  ( 200.4789610478665054, 31.00000000000000355, -43.68553390593266528 ) ) ;
#390 = ORIENTED_EDGE ( 'NONE', *, *, #224, .F. ) ;
#391 = CARTESIAN_POINT ( 'NONE',  ( -19.64944564909364288, 20.25644920377654401, -6.919728189911119820 ) ) ;
#392 = ORIENTED_EDGE ( 'NONE', *, *, #1841, .F. ) ;
#393 = DATE_AND_TIME ( #858, #1907 ) ;
#394 = CARTESIAN_POINT ( 'NONE',  ( -18.78872894671124527, 15.24510222162905748, -7.024174267988112064 ) ) ;
#395 = LINE ( 'NONE', #2498, #2289 ) ;
#396 = ORIENTED_EDGE ( 'NONE', *, *, #2393, .F. ) ;
#397 = CARTESIAN_POINT ( 'NONE',  ( -18.89005610176034722, 20.37891720753568947, -7.517823624339478705 ) ) ;
#398 = ORIENTED_EDGE ( 'NONE', *, *, #156, .F. ) ;
#399 = VECTOR ( 'NONE', #2906, 1000.000000000000114 ) ;
#400 = CARTESIAN_POINT ( 'NONE',  ( 200.4789610478665338, 0.000000000000000000, -43.68553390593266528 ) ) ;
#401 = AXIS2_PLACEMENT_3D ( 'NONE', #721, #2784, #1181 ) ;
#402 = ORIENTED_EDGE ( 'NONE', *, *, #2802, .T. ) ;
#403 = CARTESIAN_POINT ( 'NONE',  ( 141.6855339059326866, 5.000000000000000888, -48.68553390593266528 ) ) ;
#404 = VECTOR ( 'NONE', #1052, 1000.000000000000000 ) ;
#405 = CARTESIAN_POINT ( 'NONE',  ( -19.38414445102756289, 14.07142857142857650, -11.71428571428570642 ) ) ;
#406 = AXIS2_PLACEMENT_3D ( 'NONE', #2305, #2536, #2809 ) ;
#407 = LINE ( 'NONE', #2306, #1296 ) ;
#408 = EDGE_CURVE ( 'NONE', #1895, #2314, #478, .T. ) ;
#409 = EDGE_CURVE ( 'NONE', #1307, #1734, #760, .T. ) ;
#410 = CC_DESIGN_APPROVAL ( #2030, ( #2149 ) ) ;
#411 = CARTESIAN_POINT ( 'NONE',  ( -19.36033164864565137, 20.14892998092939180, -7.234664304918771549 ) ) ;
#412 = PERSON_AND_ORGANIZATION_ROLE ( 'design_supplier' ) ;
#413 = DIRECTION ( 'NONE',  ( 0.9374368665610924856, 0.3481553119113949268, 0.000000000000000000 ) ) ;
#414 = CARTESIAN_POINT ( 'NONE',  ( -18.61483519286549537, 15.50000000000000178, -5.999999999999992006 ) ) ;
#415 = ORIENTED_EDGE ( 'NONE', *, *, #932, .F. ) ;
#416 = AXIS2_PLACEMENT_3D ( 'NONE', #194, #235, #2014 ) ;
#417 = DIRECTION ( 'NONE',  ( 0.9839681580756584056, -0.1783442286512131603, 0.000000000000000000 ) ) ;
#418 = ORIENTED_EDGE ( 'NONE', *, *, #1117, .F. ) ;
#419 = CARTESIAN_POINT ( 'NONE',  ( -2.808037979330237466, 18.99054907646612023, -7.245703323191388101 ) ) ;
#420 = ORIENTED_EDGE ( 'NONE', *, *, #2371, .T. ) ;
#421 = CARTESIAN_POINT ( 'NONE',  ( -23.99999999999999289, 14.07142857142857650, -9.999999999999992895 ) ) ;
#422 = ADVANCED_FACE ( 'NONE', ( #2129 ), #1905, .T. ) ;
#423 = DIRECTION ( 'NONE',  ( 1.000000000000000000, 0.000000000000000000, 3.154042683594197093E-16 ) ) ;
#424 = CARTESIAN_POINT ( 'NONE',  ( -23.99999999999999289, 17.50000000000000355, -9.999999999999992895 ) ) ;
#425 = CARTESIAN_POINT ( 'NONE',  ( -19.32967850388451225, 19.94081092301003366, -7.096423460462347954 ) ) ;
#426 = VECTOR ( 'NONE', #114, 1000.000000000000000 ) ;
#427 = DIRECTION ( 'NONE',  ( -0.7071067811865479058, 0.000000000000000000, 0.7071067811865471286 ) ) ;
#428 = EDGE_LOOP ( 'NONE', ( #261, #1160, #1487, #2678 ) ) ;
#429 = DIRECTION ( 'NONE',  ( -0.000000000000000000, 1.000000000000000000, -0.000000000000000000 ) ) ;
#430 = ORIENTED_EDGE ( 'NONE', *, *, #1407, .T. ) ;
#431 = DIRECTION ( 'NONE',  ( -0.7071067811865473507, 0.000000000000000000, 0.7071067811865477948 ) ) ;
#432 = EDGE_LOOP ( 'NONE', ( #1811, #1264, #728, #1846, #1819 ) ) ;
#433 = DIRECTION ( 'NONE',  ( -0.000000000000000000, -1.000000000000000000, 0.000000000000000000 ) ) ;
#434 = DIRECTION ( 'NONE',  ( 0.000000000000000000, 0.000000000000000000, 1.000000000000000000 ) ) ;
#435 = CARTESIAN_POINT ( 'NONE',  ( 198.1489438335833313, 17.50000000000000000, 15.93553390593271679 ) ) ;
#436 = CARTESIAN_POINT ( 'NONE',  ( 200.4789610478665338, 5.000000000000000888, -44.68553390593265817 ) ) ;
#437 = DIRECTION ( 'NONE',  ( -0.7071067811865481278, -0.000000000000000000, 0.7071067811865469066 ) ) ;
#438 = VERTEX_POINT ( 'NONE', #2390 ) ;
#439 = CARTESIAN_POINT ( 'NONE',  ( -19.52765033918367266, 20.87672798720234724, -7.853156608076997003 ) ) ;
#440 = ORIENTED_EDGE ( 'NONE', *, *, #1433, .T. ) ;
#441 = EDGE_CURVE ( 'NONE', #1556, #106, #2606, .T. ) ;
#442 = ADVANCED_FACE ( 'NONE', ( #992 ), #2145, .T. ) ;
#443 = CARTESIAN_POINT ( 'NONE',  ( -19.38414445102756289, 15.78571428571428825, -13.42857142857142172 ) ) ;
#444 = EDGE_LOOP ( 'NONE', ( #1715, #2449, #1248, #1199 ) ) ;
#445 = VERTEX_POINT ( 'NONE', #1678 ) ;
#446 = CARTESIAN_POINT ( 'NONE',  ( 112.6855339059326866, 35.00000000000000000, -35.93553390593266528 ) ) ;
#447 = CIRCLE ( 'NONE', #1693, 1.000000000000001332 ) ;
#448 = CIRCLE ( 'NONE', #875, 4.999999999999976907 ) ;
#449 = LINE ( 'NONE', #2739, #2071 ) ;
#450 = AXIS2_PLACEMENT_3D ( 'NONE', #421, #433, #1344 ) ;
#451 = CIRCLE ( 'NONE', #2987, 4.000000000000003553 ) ;
#452 = CARTESIAN_POINT ( 'NONE',  ( 79.93503183738999951, 0.01177547947306685147, -4.577697743232641336 ) ) ;
#453 = APPROVAL_DATE_TIME ( #155, #902 ) ;
#454 = AXIS2_PLACEMENT_3D ( 'NONE', #2200, #1047, #1017 ) ;
#455 = AXIS2_PLACEMENT_3D ( 'NONE', #2659, #1255, #797 ) ;
#456 = CARTESIAN_POINT ( 'NONE',  ( -7.470518492302932713E-15, 0.000000000000000000, 23.68553390593270080 ) ) ;
#457 = EDGE_CURVE ( 'NONE', #842, #551, #1930, .T. ) ;
#458 = CARTESIAN_POINT ( 'NONE',  ( 0.08310257088375870571, 14.48493765902732378, -7.980944230686374929 ) ) ;
#459 = VERTEX_POINT ( 'NONE', #549 ) ;
#460 = CARTESIAN_POINT ( 'NONE',  ( -0.0003809376073674882010, 20.49993095505866947, -7.988249037679346465 ) ) ;
#461 = ORIENTED_EDGE ( 'NONE', *, *, #2672, .T. ) ;
#462 = EDGE_CURVE ( 'NONE', #2310, #698, #2609, .T. ) ;
#463 = ORIENTED_EDGE ( 'NONE', *, *, #2754, .F. ) ;
#464 = FACE_OUTER_BOUND ( 'NONE', #935, .T. ) ;
#465 = CARTESIAN_POINT ( 'NONE',  ( 0.000000000000000000, 0.000000000000000000, 0.000000000000000000 ) ) ;
#466 = CARTESIAN_POINT ( 'NONE',  ( 0.0007202135566429511719, 15.36883766297517973, -12.99999999999999645 ) ) ;
#467 = CARTESIAN_POINT ( 'NONE',  ( -0.01383440176268434067, 14.99973164474603138, -7.124543371008211778 ) ) ;
#468 = CARTESIAN_POINT ( 'NONE',  ( 188.1489438335833881, 17.50000000000000000, -48.68553390593266528 ) ) ;
#469 = CARTESIAN_POINT ( 'NONE',  ( 193.1489438335833597, 17.50000000000000000, -48.68553390593266528 ) ) ;
#470 = ORIENTED_EDGE ( 'NONE', *, *, #898, .T. ) ;
#471 = EDGE_CURVE ( 'NONE', #2859, #957, #2441, .T. ) ;
#472 = CARTESIAN_POINT ( 'NONE',  ( 200.4789610478665338, 0.000000000000000000, -35.93553390593263686 ) ) ;
#473 = CIRCLE ( 'NONE', #2271, 5.000000000000000000 ) ;
#474 = VERTEX_POINT ( 'NONE', #1964 ) ;
#475 = ORIENTED_EDGE ( 'NONE', *, *, #898, .F. ) ;
#476 = CYLINDRICAL_SURFACE ( 'NONE', #691, 4.999999999999998224 ) ;
#477 = CARTESIAN_POINT ( 'NONE',  ( 141.6855339059326866, 30.00000000000000355, -43.68553390593266528 ) ) ;
#478 = LINE ( 'NONE', #731, #2901 ) ;
#479 = EDGE_CURVE ( 'NONE', #1142, #43, #1006, .T. ) ;
#480 = DIRECTION ( 'NONE',  ( 7.930164461608260440E-16, -1.000000000000000000, 2.501207719983424710E-31 ) ) ;
#481 = CARTESIAN_POINT ( 'NONE',  ( 0.000000000000000000, 19.49950596021973226, -12.99999999999999467 ) ) ;
#482 = CARTESIAN_POINT ( 'NONE',  ( -18.77835450861183730, 20.48035163533105063, -12.23687573024992581 ) ) ;
#483 = VERTEX_POINT ( 'NONE', #1232 ) ;
#484 = CARTESIAN_POINT ( 'NONE',  ( 77.75127267546629639, 30.00000000000000355, -24.82234048733176479 ) ) ;
#485 = DIRECTION ( 'NONE',  ( 0.000000000000000000, 1.000000000000000000, 0.000000000000000000 ) ) ;
#486 = VERTEX_POINT ( 'NONE', #373 ) ;
#487 = B_SPLINE_CURVE_WITH_KNOTS ( 'NONE', 3,
 ( #1299, #2000, #1514, #2953, #2935, #855, #168, #2724, #630, #1531, #1546, #181, #2272, #2459 ),
 .UNSPECIFIED., .F., .F.,
 ( 4, 2, 2, 2, 2, 2, 4 ),
 ( 0.000000000000000000, 0.0004285086962841978581, 0.0006427630444262963805, 0.0008570173925683949572, 0.001071271740710493317, 0.001285526088852591894, 0.001714034785136790999 ),
 .UNSPECIFIED. ) ;
#488 = ORIENTED_EDGE ( 'NONE', *, *, #2471, .F. ) ;
#489 = CARTESIAN_POINT ( 'NONE',  ( 0.000000000000000000, 14.50000000000000355, -7.999999999999992895 ) ) ;
#490 = CARTESIAN_POINT ( 'NONE',  ( 109.1499999999999204, 35.00000000000000000, -32.39999999999995595 ) ) ;
#491 = EDGE_CURVE ( 'NONE', #1739, #2806, #2208, .T. ) ;
#492 = CYLINDRICAL_SURFACE ( 'NONE', #2166, 4.000000000000003553 ) ;
#493 = AXIS2_PLACEMENT_3D ( 'NONE', #1684, #2465, #1214 ) ;
#494 = CARTESIAN_POINT ( 'NONE',  ( -0.0003809376073649527942, 20.49993095505866947, -12.01175096232064377 ) ) ;
#495 = EDGE_CURVE ( 'NONE', #342, #1423, #1112, .T. ) ;
#496 = EDGE_CURVE ( 'NONE', #1739, #856, #1184, .T. ) ;
#497 = AXIS2_PLACEMENT_3D ( 'NONE', #1679, #579, #94 ) ;
#498 = DIRECTION ( 'NONE',  ( 0.9374368665610922635, 0.000000000000000000, 0.3481553119113957595 ) ) ;
#499 = CARTESIAN_POINT ( 'NONE',  ( 198.1489438335833313, 17.50000000000000000, -48.68553390593266528 ) ) ;
#500 = AXIS2_PLACEMENT_3D ( 'NONE', #2311, #2561, #667 ) ;
#501 = CARTESIAN_POINT ( 'NONE',  ( 200.4789610478665054, 35.00000000000007105, -44.68553390593265817 ) ) ;
#502 = APPROVAL_PERSON_ORGANIZATION ( #901, #902, #185 ) ;
#503 = CARTESIAN_POINT ( 'NONE',  ( 200.4789610478665054, 30.00000000000000355, -43.68553390593266528 ) ) ;
#504 = VERTEX_POINT ( 'NONE', #2405 ) ;
#505 = ORIENTED_EDGE ( 'NONE', *, *, #2109, .T. ) ;
#506 = CARTESIAN_POINT ( 'NONE',  ( 200.4789610478665054, 30.00000000000000355, 23.68553390593276475 ) ) ;
#507 = CARTESIAN_POINT ( 'NONE',  ( -19.24298068388337057, 20.51188572139131239, -12.13297628873418965 ) ) ;
#508 = DIRECTION ( 'NONE',  ( 0.000000000000000000, -1.000000000000000000, -0.000000000000000000 ) ) ;
#509 = ADVANCED_FACE ( 'NONE', ( #822 ), #277, .T. ) ;
#510 = DIRECTION ( 'NONE',  ( 0.000000000000000000, -1.000000000000000000, 0.000000000000000000 ) ) ;
#511 = CARTESIAN_POINT ( 'NONE',  ( 107.2210678118653959, 30.00000000000000355, 27.22106781186547053 ) ) ;
#512 = DIRECTION ( 'NONE',  ( 8.673617379884026597E-16, -1.000000000000000000, 0.000000000000000000 ) ) ;
#513 = ORIENTED_EDGE ( 'NONE', *, *, #2302, .T. ) ;
#514 = CARTESIAN_POINT ( 'NONE',  ( 84.82234048733177190, 35.00000000000000000, -17.75127267546628929 ) ) ;
#515 = ORIENTED_EDGE ( 'NONE', *, *, #622, .F. ) ;
#516 = CARTESIAN_POINT ( 'NONE',  ( 193.1489438335833597, 17.50000000000000000, -48.68553390593266528 ) ) ;
#517 = ORIENTED_EDGE ( 'NONE', *, *, #1566, .T. ) ;
#518 = CARTESIAN_POINT ( 'NONE',  ( -0.0003809376073674882010, 20.49993095505866947, -7.988249037679346465 ) ) ;
#519 = CARTESIAN_POINT ( 'NONE',  ( -18.92435325781108446, 20.29682522382083221, -12.60792870300728907 ) ) ;
#520 = CYLINDRICAL_SURFACE ( 'NONE', #1826, 1.000000000000000888 ) ;
#521 = CARTESIAN_POINT ( 'NONE',  ( 74.30879270010659354, 1.440423415444273214, -0.6742843720687394793 ) ) ;
#522 = DIRECTION ( 'NONE',  ( 0.000000000000000000, -1.000000000000000000, 0.000000000000000000 ) ) ;
#523 = FACE_OUTER_BOUND ( 'NONE', #592, .T. ) ;
#524 = DIRECTION ( 'NONE',  ( -1.000000000000000000, 0.000000000000000000, 0.000000000000000000 ) ) ;
#525 = DIRECTION ( 'NONE',  ( 0.7071067811865481278, -0.000000000000000000, -0.7071067811865469066 ) ) ;
#526 = ORIENTED_EDGE ( 'NONE', *, *, #2568, .F. ) ;
#527 = EDGE_CURVE ( 'NONE', #2716, #1561, #599, .T. ) ;
#528 = ORIENTED_EDGE ( 'NONE', *, *, #2280, .T. ) ;
#529 = FACE_OUTER_BOUND ( 'NONE', #1837, .T. ) ;
#530 = EDGE_CURVE ( 'NONE', #2954, #817, #1694, .T. ) ;
#531 =( BOUNDED_SURFACE ( )  B_SPLINE_SURFACE ( 3, 2, ( 
 ( #911, #1839, #2821 ),
 ( #2554, #730, #1148 ),
 ( #2084, #1646, #5 ),
 ( #1345, #923, #1857 ),
 ( #2797, #2285, #2329 ),
 ( #1388, #248, #759 ),
 ( #1901, #2880, #91 ),
 ( #2620, #2895, #2128 ),
 ( #519, #1201, #2404 ),
 ( #1428, #2419, #1459 ),
 ( #2605, #978, #2142 ),
 ( #1692, #507, #789 ),
 ( #1219, #1677, #336 ),
 ( #2592, #1916, #2372 ) ),
 .UNSPECIFIED., .F., .F., .F. ) 
 B_SPLINE_SURFACE_WITH_KNOTS ( ( 4, 2, 2, 2, 2, 2, 4 ),
 ( 3, 3 ),
 ( 0.000000000000000000, 0.0008020106466150478831, 0.001203015969922571933, 0.001604021293230095766, 0.002005026616537619599, 0.002406031939845143866, 0.003208042586460191532 ),
 ( 0.000000000000000000, 1.000000000000000000 ),
 .UNSPECIFIED. ) 
 GEOMETRIC_REPRESENTATION_ITEM ( )  RATIONAL_B_SPLINE_SURFACE ( (
 ( 1.000000000000000000, 0.8864052604279185621, 1.000000000000000000),
 ( 1.000000000000000000, 0.8965350965807770134, 1.000000000000000000),
 ( 1.000000000000000000, 0.9048241968490166043, 1.000000000000000000),
 ( 1.000000000000000000, 0.9133148069615008025, 1.000000000000000000),
 ( 1.000000000000000000, 0.9154744156294580826, 1.000000000000000000),
 ( 1.000000000000000000, 0.9184174850787973909, 1.000000000000000000),
 ( 1.000000000000000000, 0.9191749491871638034, 1.000000000000000000),
 ( 1.000000000000000000, 0.9191804436809593026, 1.000000000000000000),
 ( 1.000000000000000000, 0.9184434926536845234, 1.000000000000000000),
 ( 1.000000000000000000, 0.9154944279080964309, 1.000000000000000000),
 ( 1.000000000000000000, 0.9133259281714608546, 1.000000000000000000),
 ( 1.000000000000000000, 0.9048231316724510975, 1.000000000000000000),
 ( 1.000000000000000000, 0.8965413739432639417, 1.000000000000000000),
 ( 1.000000000000000000, 0.8864052604279181180, 1.000000000000000000) ) ) 
 REPRESENTATION_ITEM ( '' )  SURFACE ( )  );
#532 = LINE ( 'NONE', #2159, #2689 ) ;
#533 = DIRECTION ( 'NONE',  ( 0.000000000000000000, 0.000000000000000000, -1.000000000000000000 ) ) ;
#534 = CARTESIAN_POINT ( 'NONE',  ( 74.25680130091065223, 1.289992661898769599, -0.8322257533974721788 ) ) ;
#535 = VECTOR ( 'NONE', #2093, 1000.000000000000000 ) ;
#536 = DIRECTION ( 'NONE',  ( 1.000000000000000000, 0.000000000000000000, 3.154042683594197093E-16 ) ) ;
#537 = DIRECTION ( 'NONE',  ( 0.000000000000000000, 0.000000000000000000, -1.000000000000000000 ) ) ;
#538 = AXIS2_PLACEMENT_3D ( 'NONE', #2919, #2151, #1669 ) ;
#539 = EDGE_CURVE ( 'NONE', #2051, #2599, #720, .T. ) ;
#540 = CIRCLE ( 'NONE', #14, 4.999999999999976907 ) ;
#541 = CARTESIAN_POINT ( 'NONE',  ( 204.4789610478665338, 5.000000000000004441, 23.68553390593276475 ) ) ;
#542 = CIRCLE ( 'NONE', #927, 5.000000000000000000 ) ;
#543 = ORIENTED_EDGE ( 'NONE', *, *, #2060, .T. ) ;
#544 = ORIENTED_EDGE ( 'NONE', *, *, #1731, .F. ) ;
#545 = CARTESIAN_POINT ( 'NONE',  ( -19.65583500865939470, 20.50786770658600133, -7.154990945273179470 ) ) ;
#546 = APPROVAL_PERSON_ORGANIZATION ( #363, #2030, #984 ) ;
#547 = CARTESIAN_POINT ( 'NONE',  ( 136.6855339059326866, 17.50000000000000000, 1.793398282201843275 ) ) ;
#548 = DIRECTION ( 'NONE',  ( 1.000000000000000000, 0.000000000000000000, -8.673617379884027583E-16 ) ) ;
#549 = CARTESIAN_POINT ( 'NONE',  ( 112.6855339059326866, 0.000000000000000000, -35.93553390593266528 ) ) ;
#550 = DIRECTION ( 'NONE',  ( 1.000000000000000000, 7.930164461608261426E-16, 0.000000000000000000 ) ) ;
#551 = VERTEX_POINT ( 'NONE', #2057 ) ;
#552 = DIRECTION ( 'NONE',  ( -0.9803413637469802211, 0.1776868721791402816, 0.08577986932786074714 ) ) ;
#553 = DIRECTION ( 'NONE',  ( 0.000000000000000000, 0.000000000000000000, -1.000000000000000000 ) ) ;
#554 = VERTEX_POINT ( 'NONE', #2535 ) ;
#555 =( NAMED_UNIT ( * ) PLANE_ANGLE_UNIT ( ) SI_UNIT ( $, .RADIAN. ) );
#556 = CARTESIAN_POINT ( 'NONE',  ( -23.99999999999999289, 20.50000000000000355, -9.999999999999992895 ) ) ;
#557 = DIRECTION ( 'NONE',  ( 0.000000000000000000, 1.000000000000000000, -0.000000000000000000 ) ) ;
#558 = EDGE_LOOP ( 'NONE', ( #2575, #1801, #99, #2923 ) ) ;
#559 = ORIENTED_EDGE ( 'NONE', *, *, #1933, .F. ) ;
#560 = CARTESIAN_POINT ( 'NONE',  ( -19.10439562987771822, 14.50000000000000355, -11.81818181818181479 ) ) ;
#561 = DIRECTION ( 'NONE',  ( -4.785444071660157944E-16, 0.000000000000000000, -1.000000000000000000 ) ) ;
#562 = CARTESIAN_POINT ( 'NONE',  ( -19.55721380163375756, 20.84479226538821095, -12.25550046064484988 ) ) ;
#563 = CARTESIAN_POINT ( 'NONE',  ( 204.4789610478665338, 4.000000000000004441, 23.68553390593276475 ) ) ;
#564 = EDGE_LOOP ( 'NONE', ( #2468, #1952, #2478, #2315 ) ) ;
#565 = AXIS2_PLACEMENT_3D ( 'NONE', #1840, #2799, #1547 ) ;
#566 = DIRECTION ( 'NONE',  ( 0.000000000000000000, 0.000000000000000000, 1.000000000000000000 ) ) ;
#567 = EDGE_CURVE ( 'NONE', #287, #172, #2122, .T. ) ;
#568 = EDGE_CURVE ( 'NONE', #2502, #1749, #671, .T. ) ;
#569 = CARTESIAN_POINT ( 'NONE',  ( 193.1489438335833597, 17.50000000000000000, 28.68553390593270436 ) ) ;
#570 = VERTEX_POINT ( 'NONE', #909 ) ;
#571 = CARTESIAN_POINT ( 'NONE',  ( -18.89440396693825974, 15.00455403381961617, -7.128807286204330573 ) ) ;
#572 = B_SPLINE_CURVE_WITH_KNOTS ( 'NONE', 3,
 ( #1717, #2869, #69, #582, #2657, #1986, #1209, #136, #1044, #778, #1680, #1701, #1920, #1497 ),
 .UNSPECIFIED., .F., .F.,
 ( 4, 2, 2, 2, 2, 2, 4 ),
 ( 0.000000000000000000, 0.0003781376330657247489, 0.0007562752661314494978, 0.001134412899197174193, 0.001512550532262898996, 0.002268825798394315425, 0.003025101064525732072 ),
 .UNSPECIFIED. ) ;
#573 = ORIENTED_EDGE ( 'NONE', *, *, #2109, .F. ) ;
#574 = DIRECTION ( 'NONE',  ( 0.1783442286512130770, -0.9839681580756584056, 0.000000000000000000 ) ) ;
#575 = ORIENTED_EDGE ( 'NONE', *, *, #2916, .F. ) ;
#576 = CARTESIAN_POINT ( 'NONE',  ( -18.93180750984639005, 14.74541050448697987, -12.65958861525277435 ) ) ;
#577 = CARTESIAN_POINT ( 'NONE',  ( -18.77848855531810912, 19.73701933621818227, -12.98038514891937822 ) ) ;
#578 = CARTESIAN_POINT ( 'NONE',  ( -18.61483519286549537, 15.50000000000000355, -12.99999999999999467 ) ) ;
#579 = DIRECTION ( 'NONE',  ( -0.3481553119113953709, -0.9374368665610922635, 0.000000000000000000 ) ) ;
#580 = EDGE_LOOP ( 'NONE', ( #1948, #175, #2153, #1725, #1823, #369 ) ) ;
#581 = ADVANCED_FACE ( 'NONE', ( #2045 ), #1374, .F. ) ;
#582 = CARTESIAN_POINT ( 'NONE',  ( 79.86977871621212444, 34.97639739231344436, -15.56246064490030712 ) ) ;
#583 = ORIENTED_EDGE ( 'NONE', *, *, #48, .T. ) ;
#584 = DIRECTION ( 'NONE',  ( -0.9961937174961129626, 0.000000000000000000, -0.08716695028090980235 ) ) ;
#585 = ADVANCED_FACE ( 'NONE', ( #1135 ), #3007, .T. ) ;
#586 = CARTESIAN_POINT ( 'NONE',  ( -19.55721380163375400, 14.15520773461180148, -7.744499539355140350 ) ) ;
#587 = AXIS2_PLACEMENT_3D ( 'NONE', #2872, #557, #2677 ) ;
#588 = CARTESIAN_POINT ( 'NONE',  ( -0.01383549295681171624, 20.00029302418226962, -12.87556842461086148 ) ) ;
#589 = CIRCLE ( 'NONE', #2783, 1.000000000000001110 ) ;
#590 = ORIENTED_EDGE ( 'NONE', *, *, #48, .F. ) ;
#591 = CARTESIAN_POINT ( 'NONE',  ( -6.071532165918824830E-15, 20.50000000000000000, -12.00391710013037994 ) ) ;
#592 = EDGE_LOOP ( 'NONE', ( #1358, #1554, #1702, #1173 ) ) ;
#593 = CIRCLE ( 'NONE', #1800, 6.000000000000000000 ) ;
#594 = VECTOR ( 'NONE', #1440, 1000.000000000000000 ) ;
#595 = AXIS2_PLACEMENT_3D ( 'NONE', #76, #2853, #1441 ) ;
#596 = CARTESIAN_POINT ( 'NONE',  ( 4.514880900257107139E-07, 15.50016476607719973, -6.999999999999993783 ) ) ;
#597 = AXIS2_PLACEMENT_3D ( 'NONE', #2027, #1993, #2454 ) ;
#598 = CIRCLE ( 'NONE', #2939, 5.744562646538025952 ) ;
#599 = LINE ( 'NONE', #2223, #2762 ) ;
#600 = CARTESIAN_POINT ( 'NONE',  ( 80.00000000000000000, 0.000000000000000000, -15.07845905230314010 ) ) ;
#601 = VERTEX_POINT ( 'NONE', #686 ) ;
#602 = EDGE_CURVE ( 'NONE', #2703, #2476, #1562, .T. ) ;
#603 = FACE_OUTER_BOUND ( 'NONE', #444, .T. ) ;
#604 = ORIENTED_EDGE ( 'NONE', *, *, #2087, .T. ) ;
#605 = APPROVAL_DATE_TIME ( #1970, #1569 ) ;
#606 = FACE_OUTER_BOUND ( 'NONE', #755, .T. ) ;
#607 = CARTESIAN_POINT ( 'NONE',  ( 110.7566017177981337, 5.000000000000000888, 28.68553390593273633 ) ) ;
#608 = VERTEX_POINT ( 'NONE', #403 ) ;
#609 = FACE_OUTER_BOUND ( 'NONE', #2893, .T. ) ;
#610 = ORIENTED_EDGE ( 'NONE', *, *, #2875, .T. ) ;
#611 = DIRECTION ( 'NONE',  ( 1.000000000000000000, 0.000000000000000000, 0.000000000000000000 ) ) ;
#612 = CARTESIAN_POINT ( 'NONE',  ( -18.92408986722664110, 14.70227510924900294, -12.60669469146464294 ) ) ;
#613 = DIRECTION ( 'NONE',  ( -0.000000000000000000, 1.000000000000000000, 0.000000000000000000 ) ) ;
#614 = CARTESIAN_POINT ( 'NONE',  ( -19.62929664774112481, 20.71752886924372206, -12.56856526216154712 ) ) ;
#615 = CARTESIAN_POINT ( 'NONE',  ( -19.42454828724140015, 14.07142857142856762, -11.82307637271169476 ) ) ;
#616 = ORIENTED_EDGE ( 'NONE', *, *, #2791, .F. ) ;
#617 = CARTESIAN_POINT ( 'NONE',  ( -19.46409792687287421, 14.07142857253289492, -8.070432961340515021 ) ) ;
#618 = CARTESIAN_POINT ( 'NONE',  ( -18.93180750984615912, 20.25458949551288512, -7.340411384747070223 ) ) ;
#619 = ORIENTED_EDGE ( 'NONE', *, *, #1020, .T. ) ;
#620 = CARTESIAN_POINT ( 'NONE',  ( -19.60517424131172248, 15.03623337429604945, -6.739849793891499630 ) ) ;
#621 = LINE ( 'NONE', #1816, #297 ) ;
#622 = EDGE_CURVE ( 'NONE', #1663, #2993, #2069, .T. ) ;
#623 = VERTEX_POINT ( 'NONE', #2723 ) ;
#624 = FACE_OUTER_BOUND ( 'NONE', #1822, .T. ) ;
#625 = ORIENTED_EDGE ( 'NONE', *, *, #1977, .F. ) ;
#626 = LINE ( 'NONE', #1541, #1362 ) ;
#627 = DIRECTION ( 'NONE',  ( 1.000000000000000000, 0.000000000000000000, 0.000000000000000000 ) ) ;
#628 = ADVANCED_FACE ( 'NONE', ( #464 ), #1081, .F. ) ;
#629 = EDGE_CURVE ( 'NONE', #140, #2920, #658, .T. ) ;
#630 = CARTESIAN_POINT ( 'NONE',  ( -18.92271045394732454, 14.69582258665809427, -7.401501505248895718 ) ) ;
#631 = CC_DESIGN_PERSON_AND_ORGANIZATION_ASSIGNMENT ( #2904, #1448, ( #2948 ) ) ;
#632 = AXIS2_PLACEMENT_3D ( 'NONE', #827, #2905, #1084 ) ;
#633 = CARTESIAN_POINT ( 'NONE',  ( 110.7566017177981337, 35.00000000000000000, 23.68553390593273633 ) ) ;
#634 = B_SPLINE_CURVE_WITH_KNOTS ( 'NONE', 3,
 ( #2114, #23, #1870, #1123 ),
 .UNSPECIFIED., .F., .F.,
 ( 4, 4 ),
 ( 0.0006015628554183875300, 0.004552065855512925363 ),
 .UNSPECIFIED. ) ;
#635 = CARTESIAN_POINT ( 'NONE',  ( -18.61483519286549182, 15.50000000000000355, -6.999999999999993783 ) ) ;
#636 = CARTESIAN_POINT ( 'NONE',  ( 74.60063397212854852, 34.02136490744830155, -1.460660233077458070 ) ) ;
#637 = ORIENTED_EDGE ( 'NONE', *, *, #165, .T. ) ;
#638 = ORIENTED_EDGE ( 'NONE', *, *, #2541, .T. ) ;
#639 = ADVANCED_FACE ( 'NONE', ( #180 ), #1457, .T. ) ;
#640 = AXIS2_PLACEMENT_3D ( 'NONE', #2946, #801, #2680 ) ;
#641 = CARTESIAN_POINT ( 'NONE',  ( 204.4789610478665338, 5.000000000000004441, -44.68553390593265817 ) ) ;
#642 = AXIS2_PLACEMENT_3D ( 'NONE', #995, #2886, #1030 ) ;
#643 = ORIENTED_EDGE ( 'NONE', *, *, #2933, .T. ) ;
#644 = DIRECTION ( 'NONE',  ( 0.7071067811865484609, 0.000000000000000000, -0.7071067811865465735 ) ) ;
#645 = VECTOR ( 'NONE', #2222, 1000.000000000000000 ) ;
#646 = VECTOR ( 'NONE', #1662, 1000.000000000000000 ) ;
#647 = DIRECTION ( 'NONE',  ( 0.000000000000000000, 0.000000000000000000, -1.000000000000000000 ) ) ;
#648 = VECTOR ( 'NONE', #2884, 1000.000000000000000 ) ;
#649 = DIRECTION ( 'NONE',  ( 0.000000000000000000, 0.000000000000000000, -1.000000000000000000 ) ) ;
#650 = TOROIDAL_SURFACE ( 'NONE', #113, 5.744562646538027728, 1.000000000000000000 ) ;
#651 = CARTESIAN_POINT ( 'NONE',  ( -18.87270328106855288, 20.40175428687675208, -7.562802801623599969 ) ) ;
#652 = DIRECTION ( 'NONE',  ( -0.000000000000000000, -0.000000000000000000, 1.000000000000000000 ) ) ;
#653 = EDGE_LOOP ( 'NONE', ( #1621, #2750 ) ) ;
#654 = CARTESIAN_POINT ( 'NONE',  ( -19.38414445102756289, 20.92857142857143060, -8.285714285714279370 ) ) ;
#655 = ORIENTED_EDGE ( 'NONE', *, *, #1760, .T. ) ;
#656 = CARTESIAN_POINT ( 'NONE',  ( 77.70836630750719110, 34.58464139323567821, -3.183409352841400697 ) ) ;
#657 = ORIENTED_EDGE ( 'NONE', *, *, #2619, .T. ) ;
#658 = LINE ( 'NONE', #1121, #2015 ) ;
#659 = LINE ( 'NONE', #1079, #1208 ) ;
#660 = CYLINDRICAL_SURFACE ( 'NONE', #1626, 5.000000000000001776 ) ;
#661 = CARTESIAN_POINT ( 'NONE',  ( 198.1489438335833313, 17.50000000000000000, -48.68553390593266528 ) ) ;
#662 = ADVANCED_FACE ( 'NONE', ( #1105 ), #895, .T. ) ;
#663 = EDGE_CURVE ( 'NONE', #2416, #2764, #1016, .T. ) ;
#664 = VECTOR ( 'NONE', #703, 1000.000000000000000 ) ;
#665 = CARTESIAN_POINT ( 'NONE',  ( 77.75127267546592691, 30.43666499123419555, -19.80323635910326985 ) ) ;
#666 = VERTEX_POINT ( 'NONE', #2997 ) ;
#667 = DIRECTION ( 'NONE',  ( 0.000000000000000000, 0.000000000000000000, 1.000000000000000000 ) ) ;
#668 = ORIENTED_EDGE ( 'NONE', *, *, #479, .F. ) ;
#669 = CARTESIAN_POINT ( 'NONE',  ( 112.6855339059326440, 35.00000000000000000, 15.93553390593275765 ) ) ;
#670 = ORIENTED_EDGE ( 'NONE', *, *, #2823, .F. ) ;
#671 = CIRCLE ( 'NONE', #1567, 4.999999999999999112 ) ;
#672 = ORIENTED_EDGE ( 'NONE', *, *, #1963, .T. ) ;
#673 = DIRECTION ( 'NONE',  ( 1.000000000000000000, 0.000000000000000000, -6.938893903907260918E-16 ) ) ;
#674 = FACE_OUTER_BOUND ( 'NONE', #862, .T. ) ;
#675 = CARTESIAN_POINT ( 'NONE',  ( -0.01760612109998635141, 14.88936388331469374, -12.80242787360434953 ) ) ;
#676 = CARTESIAN_POINT ( 'NONE',  ( 141.6855339059326582, 17.50000000000000000, 28.68553390593270436 ) ) ;
#677 = VECTOR ( 'NONE', #870, 1000.000000000000000 ) ;
#678 = EDGE_CURVE ( 'NONE', #1043, #1176, #1824, .T. ) ;
#679 = CARTESIAN_POINT ( 'NONE',  ( -19.99999999999999289, 19.50000000000000355, -7.999999999999992895 ) ) ;
#680 = CARTESIAN_POINT ( 'NONE',  ( -19.99999999999999289, 15.50000000000000355, -7.999999999999992895 ) ) ;
#681 = ORIENTED_EDGE ( 'NONE', *, *, #2512, .F. ) ;
#682 = LINE ( 'NONE', #1618, #1607 ) ;
#683 = FACE_OUTER_BOUND ( 'NONE', #2504, .T. ) ;
#684 = ORIENTED_EDGE ( 'NONE', *, *, #1335, .F. ) ;
#685 = ORIENTED_EDGE ( 'NONE', *, *, #2933, .F. ) ;
#686 = CARTESIAN_POINT ( 'NONE',  ( -19.38414445102756645, 15.78571428571428825, -13.42857142857142172 ) ) ;
#687 = CIRCLE ( 'NONE', #2493, 5.000000000000000888 ) ;
#688 = CARTESIAN_POINT ( 'NONE',  ( 200.4789610478665054, 31.00000000000000355, 23.68553390593276475 ) ) ;
#689 = AXIS2_PLACEMENT_3D ( 'NONE', #254, #1657, #498 ) ;
#690 = DIRECTION ( 'NONE',  ( 1.000000000000000000, 0.000000000000000000, 3.154042683594197093E-16 ) ) ;
#691 = AXIS2_PLACEMENT_3D ( 'NONE', #1147, #1855, #2796 ) ;
#692 = VECTOR ( 'NONE', #1025, 1000.000000000000000 ) ;
#693 = DIRECTION ( 'NONE',  ( 0.1783442286512197106, 0.9839681580756571844, 0.000000000000000000 ) ) ;
#694 = EDGE_CURVE ( 'NONE', #106, #2328, #2881, .T. ) ;
#695 = VECTOR ( 'NONE', #365, 1000.000000000000000 ) ;
#696 = DIRECTION ( 'NONE',  ( 0.000000000000000000, -1.000000000000000000, 0.000000000000000000 ) ) ;
#697 = CARTESIAN_POINT ( 'NONE',  ( 193.1489438335833597, 17.50000000000000000, 28.68553390593270436 ) ) ;
#698 = VERTEX_POINT ( 'NONE', #2082 ) ;
#699 = VERTEX_POINT ( 'NONE', #2819 ) ;
#700 = ORIENTED_EDGE ( 'NONE', *, *, #2966, .F. ) ;
#701 = DIRECTION ( 'NONE',  ( 1.000000000000000000, 7.930164461608260440E-16, -0.000000000000000000 ) ) ;
#702 = FACE_OUTER_BOUND ( 'NONE', #61, .T. ) ;
#703 = DIRECTION ( 'NONE',  ( 0.9803413637469803321, 0.1776868721791401429, 0.08577986932786066387 ) ) ;
#704 = DIRECTION ( 'NONE',  ( 7.930164461608260440E-16, -1.000000000000000000, -3.794935851009331612E-31 ) ) ;
#705 = LINE ( 'NONE', #2596, #1067 ) ;
#706 =( BOUNDED_CURVE ( )  B_SPLINE_CURVE ( 3, ( #1003, #2474, #1387, #1073 ),
 .UNSPECIFIED., .F., .F. ) 
 B_SPLINE_CURVE_WITH_KNOTS ( ( 4, 4 ),
 ( 0.000000000000000000, 0.01175123277628386913 ),
 .UNSPECIFIED. ) 
 CURVE ( )  GEOMETRIC_REPRESENTATION_ITEM ( )  RATIONAL_B_SPLINE_CURVE ( ( 1.000000000000000000, 0.9999884924104593953, 0.9999884924104593953, 1.000000000000000000 ) ) 
 REPRESENTATION_ITEM ( '' )  );
#707 = DIRECTION ( 'NONE',  ( -0.000000000000000000, -0.000000000000000000, -1.000000000000000000 ) ) ;
#708 = ORIENTED_EDGE ( 'NONE', *, *, #899, .T. ) ;
#709 = ADVANCED_FACE ( 'NONE', ( #4 ), #921, .F. ) ;
#710 = DIRECTION ( 'NONE',  ( 0.9374368665610922635, 0.000000000000000000, 0.3481553119113957595 ) ) ;
#711 = ORIENTED_EDGE ( 'NONE', *, *, #1861, .T. ) ;
#712 = EDGE_LOOP ( 'NONE', ( #1070, #976, #2191, #95 ) ) ;
#713 = CARTESIAN_POINT ( 'NONE',  ( 110.7566017177981337, 5.000000000000000888, 23.68553390593273633 ) ) ;
#714 = ADVANCED_FACE ( 'NONE', ( #263 ), #476, .T. ) ;
#715 = FACE_OUTER_BOUND ( 'NONE', #2296, .T. ) ;
#716 = EDGE_CURVE ( 'NONE', #159, #2716, #1751, .T. ) ;
#717 = CARTESIAN_POINT ( 'NONE',  ( 141.6855339059326866, 35.00000000000000000, -35.93553390593265817 ) ) ;
#718 = CARTESIAN_POINT ( 'NONE',  ( 77.75127267546629639, 1.565954809576205439E-15, -24.82234048733176479 ) ) ;
#719 = ADVANCED_FACE ( 'NONE', ( #2345 ), #298, .T. ) ;
#720 = B_SPLINE_CURVE_WITH_KNOTS ( 'NONE', 3,
 ( #147, #323, #1297, #166, #2238, #1077, #2032, #1544, #2751, #2270, #2765, #1794, #2489, #1838 ),
 .UNSPECIFIED., .F., .F.,
 ( 4, 2, 2, 2, 2, 2, 4 ),
 ( 4.336808689942017736E-19, 0.0002232367845925850764, 0.0004464735691851697192, 0.0006697103537777543891, 0.0008929471383703390048, 0.001339420707555498804, 0.001785894276740658494 ),
 .UNSPECIFIED. ) ;
#721 = CARTESIAN_POINT ( 'NONE',  ( 141.6855339059326866, 5.000000000000000000, -43.68553390593266528 ) ) ;
#722 = CARTESIAN_POINT ( 'NONE',  ( -18.93174613878104751, 20.25831941102182299, -12.65578093974065865 ) ) ;
#723 = VECTOR ( 'NONE', #1911, 1000.000000000000000 ) ;
#724 = ORIENTED_EDGE ( 'NONE', *, *, #1545, .F. ) ;
#725 = DIRECTION ( 'NONE',  ( 2.392722035830077986E-16, 0.000000000000000000, -1.000000000000000000 ) ) ;
#726 = ORIENTED_EDGE ( 'NONE', *, *, #62, .F. ) ;
#727 = ADVANCED_FACE ( 'NONE', ( #529 ), #1557, .T. ) ;
#728 = ORIENTED_EDGE ( 'NONE', *, *, #1861, .F. ) ;
#729 = DIRECTION ( 'NONE',  ( -1.000000000000000000, 0.000000000000000000, 0.000000000000000000 ) ) ;
#730 = CARTESIAN_POINT ( 'NONE',  ( -19.17712500622654659, 19.46889902266855543, -13.02255631535640035 ) ) ;
#731 = CARTESIAN_POINT ( 'NONE',  ( 81.28680658139904835, 30.00000000000000355, 1.286806581399043914 ) ) ;
#732 = CIRCLE ( 'NONE', #401, 4.999999999999997335 ) ;
#733 = DIRECTION ( 'NONE',  ( 0.000000000000000000, 0.000000000000000000, -1.000000000000000000 ) ) ;
#734 = CIRCLE ( 'NONE', #2686, 10.00000000000000000 ) ;
#735 = VECTOR ( 'NONE', #2580, 1000.000000000000000 ) ;
#736 = DIRECTION ( 'NONE',  ( -1.000000000000000000, -0.000000000000000000, -3.154042683594197093E-16 ) ) ;
#737 = CARTESIAN_POINT ( 'NONE',  ( -7.470518492302932713E-15, 30.00000000000000355, 23.68553390593270080 ) ) ;
#738 = AXIS2_PLACEMENT_3D ( 'NONE', #1002, #1995, #2926 ) ;
#739 = ORIENTED_EDGE ( 'NONE', *, *, #2736, .F. ) ;
#740 = AXIS2_PLACEMENT_3D ( 'NONE', #697, #1616, #1171 ) ;
#741 = DIRECTION ( 'NONE',  ( 1.000000000000000000, 0.000000000000000000, 3.154042683594197093E-16 ) ) ;
#742 = VERTEX_POINT ( 'NONE', #977 ) ;
#743 = CYLINDRICAL_SURFACE ( 'NONE', #1502, 1.000000000000000000 ) ;
#744 = ORIENTED_EDGE ( 'NONE', *, *, #1888, .T. ) ;
#745 = DIRECTION ( 'NONE',  ( -0.9961937174961129626, 0.000000000000000000, 0.08716695028090985786 ) ) ;
#746 = PLANE ( 'NONE',  #1446 ) ;
#747 = DIRECTION ( 'NONE',  ( -7.930164461608261426E-16, 1.000000000000000000, -0.000000000000000000 ) ) ;
#748 = CARTESIAN_POINT ( 'NONE',  ( 74.80442726606835890, 1.942191597805359438, -0.4546126142190180519 ) ) ;
#749 = ADVANCED_FACE ( 'NONE', ( #2565 ), #948, .T. ) ;
#750 = CARTESIAN_POINT ( 'NONE',  ( 141.6855339059326582, 17.50000000000000000, 15.93553390593274344 ) ) ;
#751 = CARTESIAN_POINT ( 'NONE',  ( 204.4789610478665338, 4.000000000000004441, -43.68553390593266528 ) ) ;
#752 = ADVANCED_FACE ( 'NONE', ( #2618 ), #1664, .T. ) ;
#753 = ORIENTED_EDGE ( 'NONE', *, *, #224, .T. ) ;
#754 = DIRECTION ( 'NONE',  ( -1.000000000000000000, 0.000000000000000000, 4.785444071660157944E-16 ) ) ;
#755 = EDGE_LOOP ( 'NONE', ( #1629, #767, #2816, #2343, #2664, #655 ) ) ;
#756 = FACE_OUTER_BOUND ( 'NONE', #946, .T. ) ;
#757 = ORIENTED_EDGE ( 'NONE', *, *, #1963, .F. ) ;
#758 = CARTESIAN_POINT ( 'NONE',  ( 112.6855339059326866, 35.00000000000000000, -35.93553390593266528 ) ) ;
#759 = CARTESIAN_POINT ( 'NONE',  ( -19.64921988582568346, 20.25433375559398996, -13.08181409653546901 ) ) ;
#760 = LINE ( 'NONE', #1193, #1723 ) ;
#761 = DIRECTION ( 'NONE',  ( -0.7071067811865477948, 0.000000000000000000, -0.7071067811865471286 ) ) ;
#762 = CYLINDRICAL_SURFACE ( 'NONE', #1205, 5.000000000000003553 ) ;
#763 = CARTESIAN_POINT ( 'NONE',  ( 0.6078461777019681378, 4.838737759411114887E-17, -6.946813459451070649 ) ) ;
#764 = LINE ( 'NONE', #1682, #47 ) ;
#765 = EDGE_CURVE ( 'NONE', #608, #811, #247, .T. ) ;
#766 = DIRECTION ( 'NONE',  ( 1.000000000000000000, 7.930164461608260440E-16, -0.000000000000000000 ) ) ;
#767 = ORIENTED_EDGE ( 'NONE', *, *, #1504, .T. ) ;
#768 = FACE_OUTER_BOUND ( 'NONE', #2978, .T. ) ;
#769 = ORIENTED_EDGE ( 'NONE', *, *, #885, .T. ) ;
#770 = CARTESIAN_POINT ( 'NONE',  ( -19.62929664774112126, 20.06856526216155956, -6.782471130756280608 ) ) ;
#771 = CIRCLE ( 'NONE', #1991, 1.000000000000001110 ) ;
#772 = DIRECTION ( 'NONE',  ( -0.000000000000000000, 1.000000000000000000, 0.000000000000000000 ) ) ;
#773 = FACE_BOUND ( 'NONE', #2324, .T. ) ;
#774 = CARTESIAN_POINT ( 'NONE',  ( -18.77848855531811623, 14.51961485108061645, -12.23701933621817162 ) ) ;
#775 = CARTESIAN_POINT ( 'NONE',  ( 76.94804141015298171, 0.5531674944097738633, -2.856433727451183735 ) ) ;
#776 = ORIENTED_EDGE ( 'NONE', *, *, #881, .F. ) ;
#777 = VECTOR ( 'NONE', #2848, 1000.000000000000000 ) ;
#778 = CARTESIAN_POINT ( 'NONE',  ( 78.88640053373597993, 34.79816009673965738, -16.31033333155506071 ) ) ;
#779 = CARTESIAN_POINT ( 'NONE',  ( 0.000000000000000000, 19.50000000000000355, -12.99999999999999467 ) ) ;
#780 = ORIENTED_EDGE ( 'NONE', *, *, #1131, .T. ) ;
#781 = AXIS2_PLACEMENT_3D ( 'NONE', #679, #2025, #861 ) ;
#782 = AXIS2_PLACEMENT_3D ( 'NONE', #484, #1600, #1352 ) ;
#783 = CARTESIAN_POINT ( 'NONE',  ( 0.000000000000000000, 19.50000000000000355, -12.99999999999999467 ) ) ;
#784 = CIRCLE ( 'NONE', #835, 4.000000000000003553 ) ;
#785 = ORIENTED_EDGE ( 'NONE', *, *, #441, .T. ) ;
#786 = EDGE_LOOP ( 'NONE', ( #1076, #724, #20, #2107 ) ) ;
#787 = CIRCLE ( 'NONE', #2990, 5.000000000000000888 ) ;
#788 = DIRECTION ( 'NONE',  ( -0.000000000000000000, -0.000000000000000000, 1.000000000000000000 ) ) ;
#789 = CARTESIAN_POINT ( 'NONE',  ( -19.53318618684641095, 20.88721339807915101, -12.15114552699530748 ) ) ;
#790 = EDGE_CURVE ( 'NONE', #2399, #2534, #1413, .T. ) ;
#791 = CARTESIAN_POINT ( 'NONE',  ( -19.38414445102756289, 20.92857142857143060, -11.71428571428570642 ) ) ;
#792 = CARTESIAN_POINT ( 'NONE',  ( 74.57349703600038993, 1.757176317022273171, -0.4918741249959571737 ) ) ;
#793 = ORIENTED_EDGE ( 'NONE', *, *, #1576, .T. ) ;
#794 = DIRECTION ( 'NONE',  ( 0.000000000000000000, -1.000000000000000000, -0.000000000000000000 ) ) ;
#795 = CARTESIAN_POINT ( 'NONE',  ( 74.60063397212876168, 34.02136490744834418, -18.53933976692237451 ) ) ;
#796 = VERTEX_POINT ( 'NONE', #1162 ) ;
#797 = DIRECTION ( 'NONE',  ( 1.000000000000000000, 0.000000000000000000, 0.000000000000000000 ) ) ;
#798 = CARTESIAN_POINT ( 'NONE',  ( 75.41903890528456600, 32.60938039045525727, -0.4008340957875993760 ) ) ;
#799 = CARTESIAN_POINT ( 'NONE',  ( -0.02251561807189796788, 20.38699945327356744, -12.52943347763744875 ) ) ;
#800 = ORIENTED_EDGE ( 'NONE', *, *, #1405, .F. ) ;
#801 = DIRECTION ( 'NONE',  ( -0.000000000000000000, -0.000000000000000000, -1.000000000000000000 ) ) ;
#802 = ORIENTED_EDGE ( 'NONE', *, *, #2430, .F. ) ;
#803 = CARTESIAN_POINT ( 'NONE',  ( -19.31166032001535271, 14.56249569489603068, -12.36567602766733387 ) ) ;
#804 = CARTESIAN_POINT ( 'NONE',  ( 80.00000000000000000, 35.00000000000000000, -20.00000000000000000 ) ) ;
#805 = DIRECTION ( 'NONE',  ( 7.930164461608260440E-16, -1.000000000000000000, 2.501207719983424710E-31 ) ) ;
#806 = EDGE_CURVE ( 'NONE', #1556, #274, #2292, .T. ) ;
#807 = ADVANCED_FACE ( 'NONE', ( #937 ), #2604, .F. ) ;
#808 = CARTESIAN_POINT ( 'NONE',  ( 79.53847184817615812, 0.08365197751807371129, -15.93547882874411137 ) ) ;
#809 = EDGE_LOOP ( 'NONE', ( #1183, #2573, #88, #303 ) ) ;
#810 = DIRECTION ( 'NONE',  ( 1.000000000000000000, -0.000000000000000000, 0.000000000000000000 ) ) ;
#811 = VERTEX_POINT ( 'NONE', #276 ) ;
#812 = DIRECTION ( 'NONE',  ( -3.154042683594197586E-16, 0.000000000000000000, 1.000000000000000000 ) ) ;
#813 = CARTESIAN_POINT ( 'NONE',  ( -23.99999999999999289, 17.50000000000000355, -6.571428571428565846 ) ) ;
#814 = CARTESIAN_POINT ( 'NONE',  ( 33.53553390593266670, 0.000000000000000000, 33.53553390593272354 ) ) ;
#815 = EDGE_LOOP ( 'NONE', ( #2760, #73, #3003, #1766 ) ) ;
#816 = PLANE ( 'NONE',  #971 ) ;
#817 = VERTEX_POINT ( 'NONE', #1676 ) ;
#818 = CARTESIAN_POINT ( 'NONE',  ( 141.6855339059326866, 0.000000000000000000, -35.93553390593265817 ) ) ;
#819 = CARTESIAN_POINT ( 'NONE',  ( -18.78871721863105293, 15.24516510946237702, -12.97587448187821124 ) ) ;
#820 = FACE_OUTER_BOUND ( 'NONE', #2795, .T. ) ;
#821 = EDGE_CURVE ( 'NONE', #2314, #2253, #356, .T. ) ;
#822 = FACE_OUTER_BOUND ( 'NONE', #824, .T. ) ;
#823 = CARTESIAN_POINT ( 'NONE',  ( 200.4789610478665054, 35.00000000000000000, 23.68553390593276831 ) ) ;
#824 = EDGE_LOOP ( 'NONE', ( #1436, #1704, #2941, #1620 ) ) ;
#825 = CARTESIAN_POINT ( 'NONE',  ( -19.36028568503429170, 20.26593955000263847, -7.351778394331423883 ) ) ;
#826 = ORIENTED_EDGE ( 'NONE', *, *, #1760, .F. ) ;
#827 = CARTESIAN_POINT ( 'NONE',  ( 204.4789610478665054, 35.00000000000000000, 35.95336991259401316 ) ) ;
#828 = CIRCLE ( 'NONE', #162, 10.00000000000000000 ) ;
#829 = DIRECTION ( 'NONE',  ( 0.000000000000000000, 0.000000000000000000, -1.000000000000000000 ) ) ;
#830 = VECTOR ( 'NONE', #1844, 1000.000000000000000 ) ;
#831 = ORIENTED_EDGE ( 'NONE', *, *, #1060, .T. ) ;
#832 = CARTESIAN_POINT ( 'NONE',  ( 77.91906504930690858, 4.730933748280791384, -0.1820818081856449000 ) ) ;
#833 = ORIENTED_EDGE ( 'NONE', *, *, #1667, .F. ) ;
#834 = CARTESIAN_POINT ( 'NONE',  ( -23.99999999999999289, 17.50000000000000355, -12.99999999999999467 ) ) ;
#835 = AXIS2_PLACEMENT_3D ( 'NONE', #1005, #1245, #2651 ) ;
#836 = CARTESIAN_POINT ( 'NONE',  ( -19.36033164864541689, 14.85107001907085156, -12.76533569508133148 ) ) ;
#837 = DIRECTION ( 'NONE',  ( 1.000000000000000000, 0.000000000000000000, 0.000000000000000000 ) ) ;
#838 = VECTOR ( 'NONE', #1396, 1000.000000000000000 ) ;
#839 = LOCAL_TIME ( 14, 27, 1.000000000000000000, #888 ) ;
#840 = DIRECTION ( 'NONE',  ( -7.930164461608262412E-16, 1.000000000000000000, 0.000000000000000000 ) ) ;
#841 = LINE ( 'NONE', #1813, #1950 ) ;
#842 = VERTEX_POINT ( 'NONE', #518 ) ;
#843 =( BOUNDED_CURVE ( )  B_SPLINE_CURVE ( 3, ( #371, #2469, #1053, #163 ),
 .UNSPECIFIED., .F., .T. ) 
 B_SPLINE_CURVE_WITH_KNOTS ( ( 4, 4 ),
 ( 3.157139002324093724, 3.157624933443345050 ),
 .UNSPECIFIED. ) 
 CURVE ( )  GEOMETRIC_REPRESENTATION_ITEM ( )  RATIONAL_B_SPLINE_CURVE ( ( 1.000000000000000000, 0.9999999803225790851, 0.9999999803225790851, 1.000000000000000000 ) ) 
 REPRESENTATION_ITEM ( '' )  );
#844 = CARTESIAN_POINT ( 'NONE',  ( -19.60517424126714303, 20.76015020605166228, -7.536233374302076626 ) ) ;
#845 = EDGE_LOOP ( 'NONE', ( #1833, #2217, #2067, #161 ) ) ;
#846 = CARTESIAN_POINT ( 'NONE',  ( -19.38414445102756289, 15.78571428571428825, -6.571428571428564958 ) ) ;
#847 = EDGE_CURVE ( 'NONE', #1722, #1412, #540, .T. ) ;
#848 = EDGE_CURVE ( 'NONE', #2051, #1749, #1683, .T. ) ;
#849 = CARTESIAN_POINT ( 'NONE',  ( 188.1489438335833881, 17.50000000000000000, -35.93553390593264396 ) ) ;
#850 = ORIENTED_EDGE ( 'NONE', *, *, #1602, .F. ) ;
#851 = DIRECTION ( 'NONE',  ( -0.000000000000000000, 1.000000000000000000, 0.000000000000000000 ) ) ;
#852 = ORIENTED_EDGE ( 'NONE', *, *, #2371, .F. ) ;
#853 = PLANE ( 'NONE',  #1211 ) ;
#854 = CARTESIAN_POINT ( 'NONE',  ( -23.99999999999999289, 17.50000000000000355, -13.99999999999999467 ) ) ;
#855 = CARTESIAN_POINT ( 'NONE',  ( -18.92324096133168609, 14.89906057843900378, -7.197590300057775892 ) ) ;
#856 = VERTEX_POINT ( 'NONE', #1490 ) ;
#857 = CARTESIAN_POINT ( 'NONE',  ( -19.35390174465101865, 20.31827302269293867, -7.418605293303453863 ) ) ;
#858 = CALENDAR_DATE ( 2026, 21, 4 ) ;
#859 = CARTESIAN_POINT ( 'NONE',  ( -19.55718890659927212, 15.24457556841973194, -6.655196713805403341 ) ) ;
#860 = ADVANCED_FACE ( 'NONE', ( #334 ), #2704, .F. ) ;
#861 = DIRECTION ( 'NONE',  ( 0.000000000000000000, 0.000000000000000000, -1.000000000000000000 ) ) ;
#862 = EDGE_LOOP ( 'NONE', ( #1517, #2982, #997, #1913 ) ) ;
#863 = FACE_OUTER_BOUND ( 'NONE', #1959, .T. ) ;
#864 = ORIENTED_EDGE ( 'NONE', *, *, #2335, .F. ) ;
#865 = CARTESIAN_POINT ( 'NONE',  ( 79.96703710872813531, 34.99402547595698110, -4.642215886535740133 ) ) ;
#866 = DIRECTION ( 'NONE',  ( 0.000000000000000000, -1.000000000000000000, 0.000000000000000000 ) ) ;
#867 = EDGE_LOOP ( 'NONE', ( #711, #708, #2293, #2111, #2732, #1759, #2631 ) ) ;
#868 = DIRECTION ( 'NONE',  ( 0.000000000000000000, 0.000000000000000000, 1.000000000000000000 ) ) ;
#869 = LINE ( 'NONE', #1780, #2547 ) ;
#870 = DIRECTION ( 'NONE',  ( -0.000000000000000000, -1.000000000000000000, -0.000000000000000000 ) ) ;
#871 = DIRECTION ( 'NONE',  ( 1.000000000000000000, 8.673617379884027583E-16, 0.000000000000000000 ) ) ;
#872 = CARTESIAN_POINT ( 'NONE',  ( 74.60063397212876168, 34.02136490744834418, -18.53933976692237451 ) ) ;
#873 = EDGE_LOOP ( 'NONE', ( #753, #2177, #1489, #2225, #340, #2818 ) ) ;
#874 = ORIENTED_EDGE ( 'NONE', *, *, #602, .T. ) ;
#875 = AXIS2_PLACEMENT_3D ( 'NONE', #750, #1392, #2827 ) ;
#876 = CARTESIAN_POINT ( 'NONE',  ( 75.03203590421142621, 34.09955650763831869, -1.795373185112254300 ) ) ;
#877 = AXIS2_PLACEMENT_3D ( 'NONE', #1625, #1151, #2825 ) ;
#878 = EDGE_LOOP ( 'NONE', ( #2529, #1350, #154, #63, #2381, #193, #2868 ) ) ;
#879 = DIRECTION ( 'NONE',  ( 0.000000000000000000, 0.000000000000000000, 1.000000000000000000 ) ) ;
#880 = CIRCLE ( 'NONE', #406, 4.999999999999997335 ) ;
#881 = EDGE_CURVE ( 'NONE', #1423, #2204, #967, .T. ) ;
#882 = ADVANCED_BREP_SHAPE_REPRESENTATION ( 'Arm2_Default_sldprt', ( #905, #455 ), #2499 ) ;
#883 = CIRCLE ( 'NONE', #2786, 4.923910839889735769 ) ;
#884 = CARTESIAN_POINT ( 'NONE',  ( 141.6855339059326298, 0.000000000000000000, 15.93553390593274344 ) ) ;
#885 = EDGE_CURVE ( 'NONE', #438, #3, #990, .T. ) ;
#886 = CARTESIAN_POINT ( 'NONE',  ( -0.01383549295678312280, 14.99970697581774104, -12.87556842461086148 ) ) ;
#887 = DIRECTION ( 'NONE',  ( -0.7071067811865475727, 0.000000000000000000, -0.7071067811865475727 ) ) ;
#888 = COORDINATED_UNIVERSAL_TIME_OFFSET ( 6, 0, .BEHIND. ) ;
#889 = CARTESIAN_POINT ( 'NONE',  ( 77.75127267546629639, 34.59241817242826755, -16.79963543992498387 ) ) ;
#890 = ORIENTED_EDGE ( 'NONE', *, *, #2736, .T. ) ;
#891 = ORIENTED_EDGE ( 'NONE', *, *, #530, .T. ) ;
#892 = CARTESIAN_POINT ( 'NONE',  ( 79.20909406840777933, 34.85664829989890734, -3.864222520677109696 ) ) ;
#893 = EDGE_CURVE ( 'NONE', #459, #234, #143, .T. ) ;
#894 = ORIENTED_EDGE ( 'NONE', *, *, #2147, .F. ) ;
#895 = CYLINDRICAL_SURFACE ( 'NONE', #1310, 4.999999999999997335 ) ;
#896 = CARTESIAN_POINT ( 'NONE',  ( 146.6855339059326298, 17.50000000000000000, 28.68553390593270436 ) ) ;
#897 = DIRECTION ( 'NONE',  ( -0.7071067811865479058, 0.000000000000000000, 0.7071067811865471286 ) ) ;
#898 = EDGE_CURVE ( 'NONE', #811, #1975, #2054, .T. ) ;
#899 = EDGE_CURVE ( 'NONE', #698, #2958, #1806, .T. ) ;
#900 = DIRECTION ( 'NONE',  ( 1.526664374287787402E-17, -1.000000000000000000, -1.526664374287784628E-17 ) ) ;
#901 = PERSON_AND_ORGANIZATION ( #2667, #1705 ) ;
#902 = APPROVAL ( #1595, 'UNSPECIFIED' ) ;
#903 = DIRECTION ( 'NONE',  ( 0.7071067811865465735, 0.000000000000000000, 0.7071067811865484609 ) ) ;
#904 = ORIENTED_EDGE ( 'NONE', *, *, #129, .T. ) ;
#905 = MANIFOLD_SOLID_BREP ( 'Redondeo3', #2579 ) ;
#906 = DIRECTION ( 'NONE',  ( -0.000000000000000000, -0.000000000000000000, -1.000000000000000000 ) ) ;
#907 = VERTEX_POINT ( 'NONE', #2183 ) ;
#908 = ORIENTED_EDGE ( 'NONE', *, *, #962, .F. ) ;
#909 = CARTESIAN_POINT ( 'NONE',  ( 200.4789610478665054, 35.00000000000000000, 15.93553390593271679 ) ) ;
#910 = EDGE_CURVE ( 'NONE', #1640, #1113, #1287, .T. ) ;
#911 = CARTESIAN_POINT ( 'NONE',  ( -18.61483519286549182, 19.50000000000000355, -12.99999999999999467 ) ) ;
#912 = DIRECTION ( 'NONE',  ( 0.000000000000000000, 0.000000000000000000, 1.000000000000000000 ) ) ;
#913 = CARTESIAN_POINT ( 'NONE',  ( -18.25543735346196783, 17.50000000000000355, -13.99999999999999467 ) ) ;
#914 = LINE ( 'NONE', #468, #2092 ) ;
#915 = LINE ( 'NONE', #1670, #357 ) ;
#916 = ORIENTED_EDGE ( 'NONE', *, *, #1118, .F. ) ;
#917 = CARTESIAN_POINT ( 'NONE',  ( -19.46146899607645508, 20.91831521061512689, -8.068679885439731692 ) ) ;
#918 = CARTESIAN_POINT ( 'NONE',  ( 74.25057762802036621, 33.75730733421872998, -19.10892412269797092 ) ) ;
#919 = ORIENTED_EDGE ( 'NONE', *, *, #2426, .F. ) ;
#920 = ORIENTED_EDGE ( 'NONE', *, *, #1785, .F. ) ;
#921 = CYLINDRICAL_SURFACE ( 'NONE', #1259, 4.999999999999976907 ) ;
#922 = VECTOR ( 'NONE', #273, 1000.000000000000000 ) ;
#923 = CARTESIAN_POINT ( 'NONE',  ( -19.31166032001535626, 19.86567602766769625, -12.93750430510396576 ) ) ;
#924 = AXIS2_PLACEMENT_3D ( 'NONE', #2163, #522, #1222 ) ;
#925 = CARTESIAN_POINT ( 'NONE',  ( -18.61483519286549182, 14.50000000000000178, -7.999999999999992895 ) ) ;
#926 = AXIS2_PLACEMENT_3D ( 'NONE', #1360, #2304, #221 ) ;
#927 = AXIS2_PLACEMENT_3D ( 'NONE', #2207, #1542, #178 ) ;
#928 = DIRECTION ( 'NONE',  ( -0.000000000000000000, -0.000000000000000000, -1.000000000000000000 ) ) ;
#929 = DIRECTION ( 'NONE',  ( 0.000000000000000000, 0.000000000000000000, 1.000000000000000000 ) ) ;
#930 = CARTESIAN_POINT ( 'NONE',  ( -18.70089243307219107, 20.50000000000000711, -12.11585810534004892 ) ) ;
#931 = ORIENTED_EDGE ( 'NONE', *, *, #530, .F. ) ;
#932 = EDGE_CURVE ( 'NONE', #1328, #2656, #2989, .T. ) ;
#933 = EDGE_CURVE ( 'NONE', #796, #2703, #682, .T. ) ;
#934 = CARTESIAN_POINT ( 'NONE',  ( 141.6855339059326298, 30.00000000000000355, 28.68553390593274699 ) ) ;
#935 = EDGE_LOOP ( 'NONE', ( #700, #2378, #776, #2937 ) ) ;
#936 = ORIENTED_EDGE ( 'NONE', *, *, #1385, .T. ) ;
#937 = FACE_OUTER_BOUND ( 'NONE', #1215, .T. ) ;
#938 = DIRECTION ( 'NONE',  ( -1.000000000000000000, -0.000000000000000000, 0.000000000000000000 ) ) ;
#939 = CARTESIAN_POINT ( 'NONE',  ( 200.4789610478665054, 31.00000000000000355, 0.000000000000000000 ) ) ;
#940 = DIRECTION ( 'NONE',  ( 0.000000000000000000, -1.000000000000000000, -1.224646799147353207E-16 ) ) ;
#941 = DIRECTION ( 'NONE',  ( 0.3481553119113939831, -0.9374368665610929297, 0.000000000000000000 ) ) ;
#942 = EDGE_CURVE ( 'NONE', #1113, #342, #883, .T. ) ;
#943 = VERTEX_POINT ( 'NONE', #2548 ) ;
#944 = CARTESIAN_POINT ( 'NONE',  ( 0.000000000000000000, 15.50000000000000355, -12.99999999999999467 ) ) ;
#945 = AXIS2_PLACEMENT_3D ( 'NONE', #291, #2840, #2621 ) ;
#946 = EDGE_LOOP ( 'NONE', ( #1786, #1571, #257, #1473, #920 ) ) ;
#947 = EDGE_LOOP ( 'NONE', ( #3005, #1540, #2327 ) ) ;
#948 = SPHERICAL_SURFACE ( 'NONE', #1753, 5.999999999999998224 ) ;
#949 = CARTESIAN_POINT ( 'NONE',  ( 108.6855339059327150, 5.000000000000000888, -43.68553390593266528 ) ) ;
#950 = DIRECTION ( 'NONE',  ( 4.785444071660157944E-16, -0.000000000000000000, 1.000000000000000000 ) ) ;
#951 = CARTESIAN_POINT ( 'NONE',  ( -23.99999999999999289, 17.50000000000000355, -9.999999999999992895 ) ) ;
#952 = DIRECTION ( 'NONE',  ( -1.000000000000000000, 0.000000000000000000, 0.000000000000000000 ) ) ;
#953 = FACE_OUTER_BOUND ( 'NONE', #564, .T. ) ;
#954 = CARTESIAN_POINT ( 'NONE',  ( 141.6855339059327150, 30.00000000000000355, -48.68553390593266528 ) ) ;
#955 = FACE_OUTER_BOUND ( 'NONE', #31, .T. ) ;
#956 = EDGE_LOOP ( 'NONE', ( #201, #349, #1340 ) ) ;
#957 = VERTEX_POINT ( 'NONE', #1803 ) ;
#958 = DIRECTION ( 'NONE',  ( 0.000000000000000000, 0.000000000000000000, -1.000000000000000000 ) ) ;
#959 = SPHERICAL_SURFACE ( 'NONE', #2006, 5.000000000000000000 ) ;
#960 = AXIS2_PLACEMENT_3D ( 'NONE', #1893, #2832, #2588 ) ;
#961 = FACE_BOUND ( 'NONE', #1011, .T. ) ;
#962 = EDGE_CURVE ( 'NONE', #2358, #2859, #1100, .T. ) ;
#963 = EDGE_CURVE ( 'NONE', #2863, #811, #2096, .T. ) ;
#964 = VECTOR ( 'NONE', #2105, 1000.000000000000000 ) ;
#965 = FACE_OUTER_BOUND ( 'NONE', #1688, .T. ) ;
#966 = CIRCLE ( 'NONE', #1401, 4.000000000000003553 ) ;
#967 = CIRCLE ( 'NONE', #2743, 4.923910839889737545 ) ;
#968 = AXIS2_PLACEMENT_3D ( 'NONE', #1743, #423, #132 ) ;
#969 = CARTESIAN_POINT ( 'NONE',  ( 4.514880553380842676E-07, 19.49983523392280915, -12.99999999999999467 ) ) ;
#970 = CARTESIAN_POINT ( 'NONE',  ( 136.6855339059326866, 17.50000000000000000, -35.93553390593265107 ) ) ;
#971 = AXIS2_PLACEMENT_3D ( 'NONE', #1036, #574, #1758 ) ;
#972 = CARTESIAN_POINT ( 'NONE',  ( 141.6855339059326866, 30.00000000000000355, -48.68553390593266528 ) ) ;
#973 = CARTESIAN_POINT ( 'NONE',  ( -19.38414445102756645, 19.21428571428571885, -13.42857142857142350 ) ) ;
#974 = ORIENTED_EDGE ( 'NONE', *, *, #847, .F. ) ;
#975 = DIRECTION ( 'NONE',  ( 1.000000000000000000, 0.000000000000000000, 3.154042683594197093E-16 ) ) ;
#976 = ORIENTED_EDGE ( 'NONE', *, *, #272, .F. ) ;
#977 = CARTESIAN_POINT ( 'NONE',  ( -19.07608916011025713, 17.50000000000000355, -6.571428571428565846 ) ) ;
#978 = CARTESIAN_POINT ( 'NONE',  ( -19.31175046408325002, 20.43738262960041041, -12.36600494032954423 ) ) ;
#979 = ADVANCED_FACE ( 'NONE', ( #190 ), #1585, .F. ) ;
#980 = DIRECTION ( 'NONE',  ( 1.000000000000000000, 0.000000000000000000, -0.000000000000000000 ) ) ;
#981 = DIRECTION ( 'NONE',  ( 0.000000000000000000, 0.000000000000000000, 1.000000000000000000 ) ) ;
#982 = EDGE_CURVE ( 'NONE', #2599, #1237, #2559, .T. ) ;
#983 = CARTESIAN_POINT ( 'NONE',  ( -23.99999999999999289, 17.50000000000000355, -9.999999999999992895 ) ) ;
#984 = APPROVAL_ROLE ( '' ) ;
#985 = DIRECTION ( 'NONE',  ( 0.000000000000000000, 0.000000000000000000, -1.000000000000000000 ) ) ;
#986 = EDGE_CURVE ( 'NONE', #2233, #2577, #2388, .T. ) ;
#987 = CYLINDRICAL_SURFACE ( 'NONE', #2049, 1.000000000000001332 ) ;
#988 = VERTEX_POINT ( 'NONE', #1480 ) ;
#989 = ORIENTED_EDGE ( 'NONE', *, *, #2472, .F. ) ;
#990 = LINE ( 'NONE', #1710, #2934 ) ;
#991 = CARTESIAN_POINT ( 'NONE',  ( -19.99999999999999289, 14.50000000000000355, -11.99999999999999289 ) ) ;
#992 = FACE_OUTER_BOUND ( 'NONE', #2590, .T. ) ;
#993 = EDGE_CURVE ( 'NONE', #1673, #445, #2423, .T. ) ;
#994 = CARTESIAN_POINT ( 'NONE',  ( 74.48308048940023696, 0.9999416612962059858, -1.369453703157689661 ) ) ;
#995 = CARTESIAN_POINT ( 'NONE',  ( 110.7566017177981905, 5.000000000000000000, -43.68553390593265817 ) ) ;
#996 =( LENGTH_UNIT ( ) NAMED_UNIT ( * ) SI_UNIT ( .MILLI., .METRE. ) );
#997 = ORIENTED_EDGE ( 'NONE', *, *, #2871, .F. ) ;
#998 = ADVANCED_FACE ( 'NONE', ( #242 ), #1156, .T. ) ;
#999 = ORIENTED_EDGE ( 'NONE', *, *, #1843, .F. ) ;
#1000 = LINE ( 'NONE', #2138, #1167 ) ;
#1001 = ORIENTED_EDGE ( 'NONE', *, *, #1187, .T. ) ;
#1002 = CARTESIAN_POINT ( 'NONE',  ( 110.7566017177981905, 5.000000000000000888, -43.68553390593267238 ) ) ;
#1003 = CARTESIAN_POINT ( 'NONE',  ( 0.000000000000000000, 20.50000000000000355, -7.999999999999992895 ) ) ;
#1004 = CARTESIAN_POINT ( 'NONE',  ( 0.000000000000000000, 35.00000000000000000, 0.000000000000000000 ) ) ;
#1005 = CARTESIAN_POINT ( 'NONE',  ( 200.4789610478665054, 31.00000000000000355, 15.93553390593271857 ) ) ;
#1006 = LINE ( 'NONE', #1246, #2117 ) ;
#1007 = CARTESIAN_POINT ( 'NONE',  ( 80.00000000000000000, 0.000000000000000000, -4.921540947696859902 ) ) ;
#1008 = ORIENTED_EDGE ( 'NONE', *, *, #3018, .F. ) ;
#1009 = CIRCLE ( 'NONE', #1252, 4.999999999999976907 ) ;
#1010 = FACE_OUTER_BOUND ( 'NONE', #432, .T. ) ;
#1011 = EDGE_LOOP ( 'NONE', ( #2081, #619 ) ) ;
#1012 = PERSON_AND_ORGANIZATION_ROLE ( 'design_owner' ) ;
#1013 = EDGE_CURVE ( 'NONE', #1734, #483, #58, .T. ) ;
#1014 = CIRCLE ( 'NONE', #2339, 4.999999999999976907 ) ;
#1015 = AXIS2_PLACEMENT_3D ( 'NONE', #2811, #251, #693 ) ;
#1016 = CIRCLE ( 'NONE', #450, 4.923910839889735769 ) ;
#1017 = DIRECTION ( 'NONE',  ( 0.000000000000000000, 0.000000000000000000, 1.000000000000000000 ) ) ;
#1018 = APPROVAL_PERSON_ORGANIZATION ( #1681, #1569, #2696 ) ;
#1019 = ORIENTED_EDGE ( 'NONE', *, *, #790, .F. ) ;
#1020 = EDGE_CURVE ( 'NONE', #486, #2954, #1949, .T. ) ;
#1021 = CARTESIAN_POINT ( 'NONE',  ( -19.38414445102756289, 20.92857142857143060, -8.285714285714279370 ) ) ;
#1022 = ORIENTED_EDGE ( 'NONE', *, *, #491, .T. ) ;
#1023 = EDGE_CURVE ( 'NONE', #2552, #1142, #1000, .T. ) ;
#1024 = CARTESIAN_POINT ( 'NONE',  ( 0.000000000000000000, 15.50049403978028373, -12.99999999999999467 ) ) ;
#1025 = DIRECTION ( 'NONE',  ( -1.000000000000000000, -0.000000000000000000, -0.000000000000000000 ) ) ;
#1026 = CARTESIAN_POINT ( 'NONE',  ( -18.93192345937528387, 14.74314174244917552, -12.65746676572792495 ) ) ;
#1027 = CARTESIAN_POINT ( 'NONE',  ( 79.32571160607326988, 0.1222147713992191576, -16.07045827914548397 ) ) ;
#1028 = VERTEX_POINT ( 'NONE', #1188 ) ;
#1029 = CARTESIAN_POINT ( 'NONE',  ( -18.93180750984615912, 14.84041138474716703, -7.245410504487028724 ) ) ;
#1030 = DIRECTION ( 'NONE',  ( -0.7071067811865475727, 0.000000000000000000, -0.7071067811865475727 ) ) ;
#1031 = ORIENTED_EDGE ( 'NONE', *, *, #716, .F. ) ;
#1032 = CALENDAR_DATE ( 2026, 21, 4 ) ;
#1033 = DIRECTION ( 'NONE',  ( -0.000000000000000000, -0.000000000000000000, -1.000000000000000000 ) ) ;
#1034 = ADVANCED_FACE ( 'NONE', ( #768 ), #302, .T. ) ;
#1035 = VERTEX_POINT ( 'NONE', #2169 ) ;
#1036 = CARTESIAN_POINT ( 'NONE',  ( 80.00000000000000000, 35.00000000000000000, 0.000000000000000000 ) ) ;
#1037 = ORIENTED_EDGE ( 'NONE', *, *, #2511, .T. ) ;
#1038 = DIRECTION ( 'NONE',  ( -0.000000000000000000, -1.000000000000000000, -0.000000000000000000 ) ) ;
#1039 = CARTESIAN_POINT ( 'NONE',  ( -18.89460478188558312, 15.00404460874958090, -12.87093971958273997 ) ) ;
#1040 = CARTESIAN_POINT ( 'NONE',  ( -18.92324096133168609, 20.10093942156100510, -12.80240969994221167 ) ) ;
#1041 = CARTESIAN_POINT ( 'NONE',  ( -19.60517424131171893, 19.96376662570395411, -13.26015020610848971 ) ) ;
#1042 = CARTESIAN_POINT ( 'NONE',  ( -19.46148856648244063, 15.56862291484488381, -13.41831020920858464 ) ) ;
#1043 = VERTEX_POINT ( 'NONE', #105 ) ;
#1044 = CARTESIAN_POINT ( 'NONE',  ( 79.21210394007231059, 34.85719383913809821, -16.13273222737361223 ) ) ;
#1045 = VERTEX_POINT ( 'NONE', #2850 ) ;
#1046 = CARTESIAN_POINT ( 'NONE',  ( -19.62377482713304744, 14.93637834324951896, -6.792241062356040082 ) ) ;
#1047 = DIRECTION ( 'NONE',  ( -1.000000000000000000, -0.000000000000000000, 0.000000000000000000 ) ) ;
#1048 = EDGE_LOOP ( 'NONE', ( #2411, #488, #150, #2907 ) ) ;
#1049 = CARTESIAN_POINT ( 'NONE',  ( 141.6855339059326582, 17.50000000000000000, -35.93553390593265107 ) ) ;
#1050 = CARTESIAN_POINT ( 'NONE',  ( 75.99556502401476621, 2.884917988662904609, -0.3503880603987081233 ) ) ;
#1051 = ORIENTED_EDGE ( 'NONE', *, *, #1149, .F. ) ;
#1052 = DIRECTION ( 'NONE',  ( 1.000000000000000000, -0.000000000000000000, 2.392722035830077986E-16 ) ) ;
#1053 = CARTESIAN_POINT ( 'NONE',  ( 4.514880553071975289E-07, 15.50016476607720328, -12.99999999999999467 ) ) ;
#1054 = DIRECTION ( 'NONE',  ( -0.000000000000000000, -0.000000000000000000, 1.000000000000000000 ) ) ;
#1055 = VECTOR ( 'NONE', #2035, 1000.000000000000000 ) ;
#1056 = CARTESIAN_POINT ( 'NONE',  ( -18.86617953602826603, 14.59068028235618719, -12.42127301432077857 ) ) ;
#1057 = CARTESIAN_POINT ( 'NONE',  ( 78.18710742687083837, 35.00000000000000000, -0.1586281001488016318 ) ) ;
#1058 = ORIENTED_EDGE ( 'NONE', *, *, #183, .F. ) ;
#1059 = ADVANCED_FACE ( 'NONE', ( #756 ), #743, .T. ) ;
#1060 = EDGE_CURVE ( 'NONE', #907, #1339, #2156, .T. ) ;
#1061 = CARTESIAN_POINT ( 'NONE',  ( 112.6855339059326866, 0.000000000000000000, -35.93553390593266528 ) ) ;
#1062 = ORIENTED_EDGE ( 'NONE', *, *, #2368, .F. ) ;
#1063 = CARTESIAN_POINT ( 'NONE',  ( -19.65590675585755065, 14.41197290712689494, -7.234968518255781689 ) ) ;
#1064 = CIRCLE ( 'NONE', #1599, 4.999999999999976907 ) ;
#1065 = ADVANCED_FACE ( 'NONE', ( #1674 ), #2602, .F. ) ;
#1066 = FACE_OUTER_BOUND ( 'NONE', #2382, .T. ) ;
#1067 = VECTOR ( 'NONE', #1155, 1000.000000000000114 ) ;
#1068 = ORIENTED_EDGE ( 'NONE', *, *, #1336, .T. ) ;
#1069 = DIRECTION ( 'NONE',  ( -4.785444071660157944E-16, 0.000000000000000000, -1.000000000000000000 ) ) ;
#1070 = ORIENTED_EDGE ( 'NONE', *, *, #496, .T. ) ;
#1071 = AXIS2_PLACEMENT_3D ( 'NONE', #104, #2434, #2679 ) ;
#1072 = CIRCLE ( 'NONE', #2637, 4.999999999999976907 ) ;
#1073 = CARTESIAN_POINT ( 'NONE',  ( -0.0003809376073674882010, 20.49993095505866947, -7.988249037679346465 ) ) ;
#1074 = CARTESIAN_POINT ( 'NONE',  ( -2.602116385780381230E-14, 15.50032944353153930, -6.999999999999993783 ) ) ;
#1075 = TOROIDAL_SURFACE ( 'NONE', #53, 10.00000000000000000, 5.000000000000000000 ) ;
#1076 = ORIENTED_EDGE ( 'NONE', *, *, #2087, .F. ) ;
#1077 = CARTESIAN_POINT ( 'NONE',  ( 74.28563112201251784, 1.122158902373773692, -18.92117424362409395 ) ) ;
#1078 = ADVANCED_FACE ( 'NONE', ( #1424 ), #1926, .F. ) ;
#1079 = CARTESIAN_POINT ( 'NONE',  ( 78.40123148930550201, 0.2897767925633773500, -18.87189204967551603 ) ) ;
#1080 = VERTEX_POINT ( 'NONE', #1523 ) ;
#1081 = TOROIDAL_SURFACE ( 'NONE', #311, 5.744562646538025064, 1.000000000000000000 ) ;
#1082 = DIRECTION ( 'NONE',  ( 0.000000000000000000, 0.000000000000000000, 1.000000000000000000 ) ) ;
#1083 = EDGE_LOOP ( 'NONE', ( #384, #1532, #610, #1353 ) ) ;
#1084 = DIRECTION ( 'NONE',  ( -7.930164461608261426E-16, 1.000000000000000000, 0.000000000000000000 ) ) ;
#1085 = CARTESIAN_POINT ( 'NONE',  ( 4.514880883094451976E-07, 19.49983523392280915, -6.999999999999993783 ) ) ;
#1086 = ORIENTED_EDGE ( 'NONE', *, *, #2407, .T. ) ;
#1087 = DIRECTION ( 'NONE',  ( -7.930164461608260440E-16, 1.000000000000000000, 0.000000000000000000 ) ) ;
#1088 = CARTESIAN_POINT ( 'NONE',  ( -18.92324096133168254, 20.30240969994222411, -7.399060578438991342 ) ) ;
#1089 = ORIENTED_EDGE ( 'NONE', *, *, #2058, .T. ) ;
#1090 = CARTESIAN_POINT ( 'NONE',  ( 76.95095798351545113, 34.44736113451217108, -2.857773150346376134 ) ) ;
#1091 = DIRECTION ( 'NONE',  ( 0.000000000000000000, 0.000000000000000000, -1.000000000000000000 ) ) ;
#1092 = ORIENTED_EDGE ( 'NONE', *, *, #408, .T. ) ;
#1093 = CARTESIAN_POINT ( 'NONE',  ( 108.6855339059327150, 5.000000000000000888, -43.68553390593266528 ) ) ;
#1094 = CARTESIAN_POINT ( 'NONE',  ( -19.62929664774111771, 14.93143473783844577, -13.21752886924370252 ) ) ;
#1095 = CARTESIAN_POINT ( 'NONE',  ( 74.80442726606838733, 33.05780840219462391, -0.4546126142190158315 ) ) ;
#1096 = AXIS2_PLACEMENT_3D ( 'NONE', #2753, #690, #649 ) ;
#1097 = CARTESIAN_POINT ( 'NONE',  ( -19.62394695636072228, 20.06449495780796966, -6.792674764254220676 ) ) ;
#1098 = CARTESIAN_POINT ( 'NONE',  ( 74.34846724021821274, 33.93685955817116451, -1.200326361121861085 ) ) ;
#1099 = ORIENTED_EDGE ( 'NONE', *, *, #678, .T. ) ;
#1100 = LINE ( 'NONE', #2759, #2496 ) ;
#1101 = ORIENTED_EDGE ( 'NONE', *, *, #602, .F. ) ;
#1102 = ADVANCED_FACE ( 'NONE', ( #863 ), #816, .F. ) ;
#1103 = DIRECTION ( 'NONE',  ( 0.7071067811865477948, 0.000000000000000000, 0.7071067811865473507 ) ) ;
#1104 = ORIENTED_EDGE ( 'NONE', *, *, #233, .F. ) ;
#1105 = FACE_OUTER_BOUND ( 'NONE', #203, .T. ) ;
#1106 = DIRECTION ( 'NONE',  ( 7.930164461608261426E-16, -1.000000000000000000, 0.000000000000000000 ) ) ;
#1107 = AXIS2_PLACEMENT_3D ( 'NONE', #41, #985, #2814 ) ;
#1108 = LINE ( 'NONE', #1317, #1055 ) ;
#1109 = CARTESIAN_POINT ( 'NONE',  ( 110.7566017177981337, 5.000000000000000888, 23.68553390593273633 ) ) ;
#1110 = PERSON_AND_ORGANIZATION_ROLE ( 'classification_officer' ) ;
#1111 = CARTESIAN_POINT ( 'NONE',  ( 77.19543120447654871, 34.49167190581136566, -17.03362631974234276 ) ) ;
#1112 = B_SPLINE_CURVE_WITH_KNOTS ( 'NONE', 3,
 ( #791, #1477, #131, #358, #562, #614, #2866, #338, #1945, #2913, #1041, #387, #2458, #1999, #1764, #1529 ),
 .UNSPECIFIED., .F., .F.,
 ( 4, 2, 2, 2, 2, 2, 2, 4 ),
 ( 0.000000000000000000, 0.0003438222184116780417, 0.0006876444368233560834, 0.001375288873646720623, 0.001719111092058400996, 0.002062933310470081803, 0.002406755528881761742, 0.002750577747293442548 ),
 .UNSPECIFIED. ) ;
#1113 = VERTEX_POINT ( 'NONE', #1021 ) ;
#1114 = ORIENTED_EDGE ( 'NONE', *, *, #1217, .F. ) ;
#1115 = VECTOR ( 'NONE', #696, 1000.000000000000000 ) ;
#1116 = CARTESIAN_POINT ( 'NONE',  ( 108.6855339059327150, 35.00000000000000000, -48.68553390593266528 ) ) ;
#1117 = EDGE_CURVE ( 'NONE', #2466, #1157, #2244, .T. ) ;
#1118 = EDGE_CURVE ( 'NONE', #2399, #2278, #1163, .T. ) ;
#1119 = AXIS2_PLACEMENT_3D ( 'NONE', #1390, #480, #239 ) ;
#1120 = ORIENTED_EDGE ( 'NONE', *, *, #346, .T. ) ;
#1121 = CARTESIAN_POINT ( 'NONE',  ( 73.77372559093140580, 2.129006276423962785, -0.5447990107935020143 ) ) ;
#1122 = AXIS2_PLACEMENT_3D ( 'NONE', #1363, #434, #2778 ) ;
#1123 = CARTESIAN_POINT ( 'NONE',  ( 74.80442726606838733, 1.942191597805376757, -19.54538738578098389 ) ) ;
#1124 = LOCAL_TIME ( 14, 27, 1.000000000000000000, #343 ) ;
#1125 = DIRECTION ( 'NONE',  ( 0.000000000000000000, 1.000000000000000000, -0.000000000000000000 ) ) ;
#1126 = CARTESIAN_POINT ( 'NONE',  ( -19.32951393786726513, 20.40385003639187644, -7.559839156570316021 ) ) ;
#1127 = CARTESIAN_POINT ( 'NONE',  ( 78.18710742687083837, 5.000000000000000888, -0.1586281001488018538 ) ) ;
#1128 = EDGE_LOOP ( 'NONE', ( #2139, #800, #1161, #544 ) ) ;
#1129 = EDGE_LOOP ( 'NONE', ( #1498, #1661, #232, #1218 ) ) ;
#1130 = B_SPLINE_CURVE_WITH_KNOTS ( 'NONE', 3,
 ( #1316, #2984, #1042, #2261, #1330, #1094, #2209, #2507, #1795, #2737, #2475, #2752, #1765, #1268, #615, #2708 ),
 .UNSPECIFIED., .F., .F.,
 ( 4, 2, 2, 2, 2, 2, 2, 4 ),
 ( 0.000000000000000000, 0.0003438222184116822159, 0.0006876444368233644317, 0.001375288873646726261, 0.001719111092058407068, 0.002062933310470087874, 0.002406755528881769114, 0.002750577747293449921 ),
 .UNSPECIFIED. ) ;
#1131 = EDGE_CURVE ( 'NONE', #2231, #957, #10, .T. ) ;
#1132 = CARTESIAN_POINT ( 'NONE',  ( -0.01383440176270454847, 20.00026835525396862, -7.124543371008214443 ) ) ;
#1133 = ORIENTED_EDGE ( 'NONE', *, *, #1897, .T. ) ;
#1134 = ORIENTED_EDGE ( 'NONE', *, *, #144, .F. ) ;
#1135 = FACE_OUTER_BOUND ( 'NONE', #815, .T. ) ;
#1136 = DIRECTION ( 'NONE',  ( 0.000000000000000000, 0.000000000000000000, 1.000000000000000000 ) ) ;
#1137 = DIRECTION ( 'NONE',  ( -0.7071067811865477948, 0.000000000000000000, -0.7071067811865473507 ) ) ;
#1138 = CARTESIAN_POINT ( 'NONE',  ( 79.20221727271598411, 0.1445981193202338921, -3.860260230393498304 ) ) ;
#1139 = AXIS2_PLACEMENT_3D ( 'NONE', #2102, #950, #2373 ) ;
#1140 = CARTESIAN_POINT ( 'NONE',  ( 77.75127267546592691, 4.563335008765804446, -19.80323635910326985 ) ) ;
#1141 = DIRECTION ( 'NONE',  ( 0.000000000000000000, 0.000000000000000000, -1.000000000000000000 ) ) ;
#1142 = VERTEX_POINT ( 'NONE', #160 ) ;
#1143 =( BOUNDED_SURFACE ( )  B_SPLINE_SURFACE ( 3, 2, ( 
 ( #335, #560, #1475 ),
 ( #110, #2665, #2879 ),
 ( #2894, #2221, #2418 ),
 ( #1740, #803, #2012 ),
 ( #1726, #1711, #1295 ),
 ( #612, #1244, #1458 ),
 ( #576, #1491, #2438 ),
 ( #2206, #836, #2683 ),
 ( #354, #127, #2456 ),
 ( #1039, #1762, #2403 ),
 ( #1978, #1527, #2911 ),
 ( #819, #385, #1511 ),
 ( #145, #2235, #320 ),
 ( #1230, #2172, #443 ) ),
 .UNSPECIFIED., .F., .F., .T. ) 
 B_SPLINE_SURFACE_WITH_KNOTS ( ( 4, 2, 2, 2, 2, 2, 4 ),
 ( 3, 3 ),
 ( -1.517883041479706208E-18, 0.0008020106466150460399, 0.001203015969922569765, 0.001604021293230093598, 0.002005026616537617431, 0.002406031939845141264, 0.003208042586460188930 ),
 ( 0.000000000000000000, 1.000000000000000000 ),
 .UNSPECIFIED. ) 
 GEOMETRIC_REPRESENTATION_ITEM ( )  RATIONAL_B_SPLINE_SURFACE ( (
 ( 1.000000000000000000, 0.8864052604279185621, 1.000000000000000000),
 ( 1.000000000000000000, 0.8965350965807994399, 1.000000000000000000),
 ( 1.000000000000000000, 0.9048241968489868503, 1.000000000000000000),
 ( 1.000000000000000000, 0.9133148069615156794, 1.000000000000000000),
 ( 1.000000000000000000, 0.9154744156294205570, 1.000000000000000000),
 ( 1.000000000000000000, 0.9184174850788344724, 1.000000000000000000),
 ( 1.000000000000000000, 0.9191749491871341604, 1.000000000000000000),
 ( 1.000000000000000000, 0.9191804436809889456, 1.000000000000000000),
 ( 1.000000000000000000, 0.9184434926536995114, 1.000000000000000000),
 ( 1.000000000000000000, 0.9154944279080814429, 1.000000000000000000),
 ( 1.000000000000000000, 0.9133259281714455335, 1.000000000000000000),
 ( 1.000000000000000000, 0.9048231316724804074, 1.000000000000000000),
 ( 1.000000000000000000, 0.8965413739432419593, 1.000000000000000000),
 ( 1.000000000000000000, 0.8864052604279185621, 1.000000000000000000) ) ) 
 REPRESENTATION_ITEM ( '' )  SURFACE ( )  );
#1144 = CARTESIAN_POINT ( 'NONE',  ( 79.55343424058943924, 34.91905995610684954, -4.094324822085056326 ) ) ;
#1145 = ORIENTED_EDGE ( 'NONE', *, *, #50, .F. ) ;
#1146 = EDGE_LOOP ( 'NONE', ( #1289, #2695, #1453, #1019 ) ) ;
#1147 = CARTESIAN_POINT ( 'NONE',  ( 83.53553390593273775, 5.000000000000000888, -3.535533905932733312 ) ) ;
#1148 = CARTESIAN_POINT ( 'NONE',  ( -19.46402473247763254, 19.42936995674132916, -13.42857142745585008 ) ) ;
#1149 = EDGE_CURVE ( 'NONE', #2204, #601, #1442, .T. ) ;
#1150 = CARTESIAN_POINT ( 'NONE',  ( -0.01734750220911106255, 14.50314423477541048, -12.27342974435256195 ) ) ;
#1151 = DIRECTION ( 'NONE',  ( -0.000000000000000000, -0.000000000000000000, -1.000000000000000000 ) ) ;
#1152 = EDGE_CURVE ( 'NONE', #2920, #1775, #2798, .T. ) ;
#1153 = ADVANCED_FACE ( 'NONE', ( #624 ), #1509, .T. ) ;
#1154 = CIRCLE ( 'NONE', #2820, 5.000000000000001776 ) ;
#1155 = DIRECTION ( 'NONE',  ( -0.7071067811865481278, 0.000000000000000000, 0.7071067811865469066 ) ) ;
#1156 = PLANE ( 'NONE',  #1359 ) ;
#1157 = VERTEX_POINT ( 'NONE', #2924 ) ;
#1158 = CC_DESIGN_PERSON_AND_ORGANIZATION_ASSIGNMENT ( #2959, #1829, ( #2149 ) ) ;
#1159 = DIRECTION ( 'NONE',  ( 1.000000000000000000, 8.673617379884027583E-16, 0.000000000000000000 ) ) ;
#1160 = ORIENTED_EDGE ( 'NONE', *, *, #62, .T. ) ;
#1161 = ORIENTED_EDGE ( 'NONE', *, *, #156, .T. ) ;
#1162 = CARTESIAN_POINT ( 'NONE',  ( 110.7566017177981337, 35.00000000000000000, 23.68553390593273633 ) ) ;
#1163 = CIRCLE ( 'NONE', #1203, 4.999999999999976907 ) ;
#1164 = CARTESIAN_POINT ( 'NONE',  ( 200.4789610478665338, 5.000000000000000888, 28.68553390593276475 ) ) ;
#1165 = LINE ( 'NONE', #2332, #2608 ) ;
#1166 = ADVANCED_FACE ( 'NONE', ( #2010 ), #176, .T. ) ;
#1167 = VECTOR ( 'NONE', #2181, 1000.000000000000000 ) ;
#1168 = CARTESIAN_POINT ( 'NONE',  ( 136.6855339059326866, 17.50000000000000000, 15.93553390593274699 ) ) ;
#1169 = LOCAL_TIME ( 14, 27, 1.000000000000000000, #1223 ) ;
#1170 = CARTESIAN_POINT ( 'NONE',  ( -19.99999999999999289, 15.50000000000000355, -12.99999999999999467 ) ) ;
#1171 = DIRECTION ( 'NONE',  ( 1.000000000000000000, 0.000000000000000000, 0.000000000000000000 ) ) ;
#1172 = DIRECTION ( 'NONE',  ( 1.000000000000000000, 7.930164461608260440E-16, -0.000000000000000000 ) ) ;
#1173 = ORIENTED_EDGE ( 'NONE', *, *, #1566, .F. ) ;
#1174 = CARTESIAN_POINT ( 'NONE',  ( 108.6855339059326582, 30.00000000000000355, 28.68553390593273633 ) ) ;
#1175 = ORIENTED_EDGE ( 'NONE', *, *, #222, .T. ) ;
#1176 = VERTEX_POINT ( 'NONE', #2663 ) ;
#1177 = DIRECTION ( 'NONE',  ( 0.000000000000000000, 0.000000000000000000, 1.000000000000000000 ) ) ;
#1178 = CARTESIAN_POINT ( 'NONE',  ( 74.80442726606838733, 1.942191597805376757, -19.54538738578098389 ) ) ;
#1179 = FACE_BOUND ( 'NONE', #1275, .T. ) ;
#1180 = CARTESIAN_POINT ( 'NONE',  ( 80.00000000000000000, 0.000000000000000000, -4.921540947696859902 ) ) ;
#1181 = DIRECTION ( 'NONE',  ( 0.000000000000000000, 0.000000000000000000, -1.000000000000000000 ) ) ;
#1182 = FACE_OUTER_BOUND ( 'NONE', #558, .T. ) ;
#1183 = ORIENTED_EDGE ( 'NONE', *, *, #2576, .F. ) ;
#1184 = CIRCLE ( 'NONE', #1578, 4.000000000000003553 ) ;
#1185 = CARTESIAN_POINT ( 'NONE',  ( 74.68371112286723701, 33.14588434580923604, -19.53482472325088182 ) ) ;
#1186 = ORIENTED_EDGE ( 'NONE', *, *, #942, .F. ) ;
#1187 = EDGE_CURVE ( 'NONE', #2460, #362, #828, .T. ) ;
#1188 = CARTESIAN_POINT ( 'NONE',  ( 110.7566017177981337, 30.00000000000000355, 28.68553390593273633 ) ) ;
#1189 = VERTEX_POINT ( 'NONE', #2435 ) ;
#1190 = DIRECTION ( 'NONE',  ( 2.392722035830077986E-16, 0.000000000000000000, -1.000000000000000000 ) ) ;
#1191 = EDGE_CURVE ( 'NONE', #2358, #1254, #2644, .T. ) ;
#1192 = CARTESIAN_POINT ( 'NONE',  ( 0.000000000000000000, 14.50000000000000355, -7.999999999999992895 ) ) ;
#1193 = CARTESIAN_POINT ( 'NONE',  ( 204.4789610478665054, 30.00000000000000355, -44.68553390593265817 ) ) ;
#1194 = CARTESIAN_POINT ( 'NONE',  ( 80.00000000000000000, 35.00000000000000000, -4.921540947696859902 ) ) ;
#1195 = DIRECTION ( 'NONE',  ( 0.000000000000000000, 1.000000000000000000, 0.000000000000000000 ) ) ;
#1196 = SPHERICAL_SURFACE ( 'NONE', #1560, 5.000000000000000000 ) ;
#1197 = ORIENTED_EDGE ( 'NONE', *, *, #2766, .T. ) ;
#1198 = CYLINDRICAL_SURFACE ( 'NONE', #1449, 4.999999999999997335 ) ;
#1199 = ORIENTED_EDGE ( 'NONE', *, *, #910, .F. ) ;
#1200 = ORIENTED_EDGE ( 'NONE', *, *, #986, .F. ) ;
#1201 = CARTESIAN_POINT ( 'NONE',  ( -19.35411837830801574, 20.31720511021460496, -12.58295598197749143 ) ) ;
#1202 = ADVANCED_FACE ( 'NONE', ( #609 ), #141, .F. ) ;
#1203 = AXIS2_PLACEMENT_3D ( 'NONE', #1539, #1069, #2218 ) ;
#1204 = PLANE ( 'NONE',  #1139 ) ;
#1205 = AXIS2_PLACEMENT_3D ( 'NONE', #2427, #361, #1466 ) ;
#1206 = CARTESIAN_POINT ( 'NONE',  ( 84.82234048733177190, 5.000000000000000000, -17.75127267546628929 ) ) ;
#1207 = AXIS2_PLACEMENT_3D ( 'NONE', #506, #701, #34 ) ;
#1208 = VECTOR ( 'NONE', #2490, 1000.000000000000000 ) ;
#1209 = CARTESIAN_POINT ( 'NONE',  ( 79.52389049010842825, 34.91370515133216657, -15.92623037312968215 ) ) ;
#1210 = CYLINDRICAL_SURFACE ( 'NONE', #2693, 4.999999999999976907 ) ;
#1211 = AXIS2_PLACEMENT_3D ( 'NONE', #1116, #2995, #1355 ) ;
#1212 = CARTESIAN_POINT ( 'NONE',  ( 141.6855339059326866, 35.00000000000000000, -35.93553390593265817 ) ) ;
#1213 = CC_DESIGN_SECURITY_CLASSIFICATION ( #2101, ( #2149 ) ) ;
#1214 = DIRECTION ( 'NONE',  ( 0.000000000000000000, 0.000000000000000000, 1.000000000000000000 ) ) ;
#1215 = EDGE_LOOP ( 'NONE', ( #2627, #2887, #1973, #657 ) ) ;
#1216 = CARTESIAN_POINT ( 'NONE',  ( 108.6855339059326582, 5.000000000000000888, 23.68553390593273633 ) ) ;
#1217 = EDGE_CURVE ( 'NONE', #2859, #842, #706, .T. ) ;
#1218 = ORIENTED_EDGE ( 'NONE', *, *, #441, .F. ) ;
#1219 = CARTESIAN_POINT ( 'NONE',  ( -18.70814781368523683, 20.50000000000000355, -12.12562595839108326 ) ) ;
#1220 = FACE_BOUND ( 'NONE', #1495, .T. ) ;
#1221 = CARTESIAN_POINT ( 'NONE',  ( 0.000000000000000000, 20.50000000000000355, -12.99999999999999467 ) ) ;
#1222 = DIRECTION ( 'NONE',  ( 0.000000000000000000, -0.000000000000000000, -1.000000000000000000 ) ) ;
#1223 = COORDINATED_UNIVERSAL_TIME_OFFSET ( 6, 0, .BEHIND. ) ;
#1224 = DIRECTION ( 'NONE',  ( 1.000000000000000000, -0.000000000000000000, 2.392722035830077986E-16 ) ) ;
#1225 = DIRECTION ( 'NONE',  ( 0.9803413637469803321, 0.1776868721791401984, -0.08577986932786074714 ) ) ;
#1226 = ORIENTED_EDGE ( 'NONE', *, *, #2636, .F. ) ;
#1227 = DIRECTION ( 'NONE',  ( 0.000000000000000000, 0.000000000000000000, -1.000000000000000000 ) ) ;
#1228 = EDGE_LOOP ( 'NONE', ( #2674, #470, #989, #1632 ) ) ;
#1229 = CARTESIAN_POINT ( 'NONE',  ( 193.1489438335833597, 17.50000000000000000, -48.68553390593266528 ) ) ;
#1230 = CARTESIAN_POINT ( 'NONE',  ( -18.61483519286549182, 15.50000000000000355, -12.99999999999999467 ) ) ;
#1231 = DIRECTION ( 'NONE',  ( 0.000000000000000000, 1.000000000000000000, 0.000000000000000000 ) ) ;
#1232 = CARTESIAN_POINT ( 'NONE',  ( 204.4789610478665054, 31.00000000000000711, -43.68553390593266528 ) ) ;
#1233 = CARTESIAN_POINT ( 'NONE',  ( 78.71492905525147421, 0.2329191087356738965, -3.608678101897049295 ) ) ;
#1234 = ORIENTED_EDGE ( 'NONE', *, *, #2942, .F. ) ;
#1235 = ADVANCED_FACE ( 'NONE', ( #90 ), #2705, .T. ) ;
#1236 = DIRECTION ( 'NONE',  ( -0.000000000000000000, 1.000000000000000000, -0.000000000000000000 ) ) ;
#1237 = VERTEX_POINT ( 'NONE', #1024 ) ;
#1238 = EDGE_CURVE ( 'NONE', #1294, #608, #1278, .T. ) ;
#1239 = VERTEX_POINT ( 'NONE', #1942 ) ;
#1240 = CARTESIAN_POINT ( 'NONE',  ( 74.60063397212876168, 34.02136490744834418, -18.53933976692237451 ) ) ;
#1241 = ORIENTED_EDGE ( 'NONE', *, *, #2636, .T. ) ;
#1242 = ORIENTED_EDGE ( 'NONE', *, *, #527, .T. ) ;
#1243 = EDGE_CURVE ( 'NONE', #2278, #623, #2650, .T. ) ;
#1244 = CARTESIAN_POINT ( 'NONE',  ( -19.35390174465102575, 14.68172697730706666, -12.58139470669659055 ) ) ;
#1245 = DIRECTION ( 'NONE',  ( -4.785444071660157944E-16, 0.000000000000000000, -1.000000000000000000 ) ) ;
#1246 = CARTESIAN_POINT ( 'NONE',  ( 109.1499999999999204, 0.000000000000000000, -32.39999999999995595 ) ) ;
#1247 = SPHERICAL_SURFACE ( 'NONE', #2788, 5.000000000000000000 ) ;
#1248 = ORIENTED_EDGE ( 'NONE', *, *, #1877, .F. ) ;
#1249 = CARTESIAN_POINT ( 'NONE',  ( 108.6855339059326582, 5.000000000000000888, 28.68553390593273633 ) ) ;
#1250 = CARTESIAN_POINT ( 'NONE',  ( -19.31175046408301910, 14.56261737039924853, -7.633995059670386496 ) ) ;
#1251 = EDGE_CURVE ( 'NONE', #1237, #1515, #843, .T. ) ;
#1252 = AXIS2_PLACEMENT_3D ( 'NONE', #1968, #2902, #1733 ) ;
#1253 = DIRECTION ( 'NONE',  ( 1.000000000000000000, 0.000000000000000000, 0.000000000000000000 ) ) ;
#1254 = VERTEX_POINT ( 'NONE', #2928 ) ;
#1255 = DIRECTION ( 'NONE',  ( 0.000000000000000000, 0.000000000000000000, 1.000000000000000000 ) ) ;
#1256 = CARTESIAN_POINT ( 'NONE',  ( -19.32951393786702710, 15.05983915657026806, -7.096149963608183064 ) ) ;
#1257 = CIRCLE ( 'NONE', #2587, 1.000000000000000888 ) ;
#1258 = AXIS2_PLACEMENT_3D ( 'NONE', #804, #49, #1665 ) ;
#1259 = AXIS2_PLACEMENT_3D ( 'NONE', #2370, #958, #729 ) ;
#1260 = CARTESIAN_POINT ( 'NONE',  ( 141.6855339059327434, 35.00000000000000000, -43.68553390593266528 ) ) ;
#1261 = AXIS2_PLACEMENT_3D ( 'NONE', #737, #329, #812 ) ;
#1262 = ORIENTED_EDGE ( 'NONE', *, *, #1877, .T. ) ;
#1263 = CARTESIAN_POINT ( 'NONE',  ( -18.86582602025985622, 19.92046168996093769, -7.090323229166173746 ) ) ;
#1264 = ORIENTED_EDGE ( 'NONE', *, *, #462, .T. ) ;
#1265 = DIRECTION ( 'NONE',  ( 1.000000000000000000, 0.000000000000000000, 0.000000000000000000 ) ) ;
#1266 = CARTESIAN_POINT ( 'NONE',  ( -18.86617953602826603, 19.92127301432079989, -12.90931971764380926 ) ) ;
#1267 = CARTESIAN_POINT ( 'NONE',  ( 200.4789610478665054, 30.00000000000000355, 24.68553390593276475 ) ) ;
#1268 = CARTESIAN_POINT ( 'NONE',  ( -19.46146899607644798, 14.08168478938488377, -11.93132011456025410 ) ) ;
#1269 = ORIENTED_EDGE ( 'NONE', *, *, #993, .F. ) ;
#1270 = FACE_OUTER_BOUND ( 'NONE', #1788, .T. ) ;
#1271 = ORIENTED_EDGE ( 'NONE', *, *, #1767, .T. ) ;
#1272 = DIRECTION ( 'NONE',  ( 0.08716695028090981623, 6.938893903907226837E-18, -0.9961937174961130737 ) ) ;
#1273 = CARTESIAN_POINT ( 'NONE',  ( 204.4789610478665338, 4.000000000000003553, 15.93553390593271679 ) ) ;
#1274 = FACE_OUTER_BOUND ( 'NONE', #1373, .T. ) ;
#1275 = EDGE_LOOP ( 'NONE', ( #1425, #1089 ) ) ;
#1276 = CARTESIAN_POINT ( 'NONE',  ( 77.75127267546592691, 30.43666499123419555, -19.80323635910326985 ) ) ;
#1277 = VERTEX_POINT ( 'NONE', #2634 ) ;
#1278 = LINE ( 'NONE', #1960, #1847 ) ;
#1279 = DIRECTION ( 'NONE',  ( 0.000000000000000000, 1.000000000000000000, 0.000000000000000000 ) ) ;
#1280 = ADVANCED_FACE ( 'NONE', ( #1996 ), #1143, .F. ) ;
#1281 = ADVANCED_FACE ( 'NONE', ( #683 ), #1820, .F. ) ;
#1282 = DIRECTION ( 'NONE',  ( 1.000000000000000000, 8.673617379884027583E-16, 0.000000000000000000 ) ) ;
#1283 = AXIS2_PLACEMENT_3D ( 'NONE', #2286, #1859, #912 ) ;
#1284 = DIRECTION ( 'NONE',  ( 0.000000000000000000, 1.000000000000000000, 0.000000000000000000 ) ) ;
#1285 = ORIENTED_EDGE ( 'NONE', *, *, #2202, .F. ) ;
#1286 = CARTESIAN_POINT ( 'NONE',  ( -19.62394695636072228, 14.29267476425428818, -7.435505042191968172 ) ) ;
#1287 = B_SPLINE_CURVE_WITH_KNOTS ( 'NONE', 3,
 ( #1525, #1928, #2417, #2158, #2864, #770, #1689, #545, #1456, #319, #2402, #1834, #439, #917, #1818, #654 ),
 .UNSPECIFIED., .F., .F.,
 ( 4, 2, 2, 2, 2, 2, 2, 4 ),
 ( 0.000000000000000000, 0.0003438222184116792885, 0.0006876444368233585770, 0.001375288873646727562, 0.001719111092058407718, 0.002062933310470087440, 0.002406755528881767379, 0.002750577747293447319 ),
 .UNSPECIFIED. ) ;
#1288 = DIRECTION ( 'NONE',  ( -1.000000000000000000, 0.000000000000000000, 0.000000000000000000 ) ) ;
#1289 = ORIENTED_EDGE ( 'NONE', *, *, #1118, .T. ) ;
#1290 = CARTESIAN_POINT ( 'NONE',  ( 84.82234048733177190, 0.000000000000000000, -2.248727324533703165 ) ) ;
#1291 = CARTESIAN_POINT ( 'NONE',  ( 78.04253667582143805, 30.14512298556833869, -19.82872195913437352 ) ) ;
#1292 = EDGE_LOOP ( 'NONE', ( #382, #672, #1467, #2137 ) ) ;
#1293 = CARTESIAN_POINT ( 'NONE',  ( -18.77848855531811267, 20.48038514891938178, -7.762980663781813284 ) ) ;
#1294 = VERTEX_POINT ( 'NONE', #1587 ) ;
#1295 = CARTESIAN_POINT ( 'NONE',  ( -19.62377482917300497, 14.29224106016956952, -12.56362165751151849 ) ) ;
#1296 = VECTOR ( 'NONE', #2047, 1000.000000000000000 ) ;
#1297 = CARTESIAN_POINT ( 'NONE',  ( 74.48756585681088893, 1.002899905792482560, -18.63391254445592793 ) ) ;
#1298 = EDGE_CURVE ( 'NONE', #1343, #842, #2250, .T. ) ;
#1299 = CARTESIAN_POINT ( 'NONE',  ( -18.61483519286549182, 15.50000000000000355, -6.999999999999993783 ) ) ;
#1300 = VERTEX_POINT ( 'NONE', #2733 ) ;
#1301 = CARTESIAN_POINT ( 'NONE',  ( -18.89460478188557957, 19.99595539125020949, -7.129060280417102824 ) ) ;
#1302 = ORIENTED_EDGE ( 'NONE', *, *, #1831, .T. ) ;
#1303 = CARTESIAN_POINT ( 'NONE',  ( 78.18710742687083837, 30.00000000000000355, -0.1586281001488016595 ) ) ;
#1304 = TOROIDAL_SURFACE ( 'NONE', #2780, 1.000000000000000000, 4.000000000000000000 ) ;
#1305 = LINE ( 'NONE', #2991, #2878 ) ;
#1306 = VECTOR ( 'NONE', #2336, 1000.000000000000000 ) ;
#1307 = VERTEX_POINT ( 'NONE', #641 ) ;
#1308 = CARTESIAN_POINT ( 'NONE',  ( -18.93174613878104751, 20.15578093974066931, -7.241680588978181454 ) ) ;
#1309 = ORIENTED_EDGE ( 'NONE', *, *, #1536, .F. ) ;
#1310 = AXIS2_PLACEMENT_3D ( 'NONE', #1093, #2519, #879 ) ;
#1311 = CARTESIAN_POINT ( 'NONE',  ( 193.1489438335833597, 17.50000000000000000, -48.68553390593266528 ) ) ;
#1312 = CYLINDRICAL_SURFACE ( 'NONE', #1947, 1.000000000000000888 ) ;
#1313 = EDGE_CURVE ( 'NONE', #551, #2233, #2384, .T. ) ;
#1314 = ORIENTED_EDGE ( 'NONE', *, *, #1191, .T. ) ;
#1315 = DIRECTION ( 'NONE',  ( -0.7071067811865489050, 0.000000000000000000, 0.7071067811865461294 ) ) ;
#1316 = CARTESIAN_POINT ( 'NONE',  ( -19.38414445102756645, 15.78571428571428825, -13.42857142857142172 ) ) ;
#1317 = CARTESIAN_POINT ( 'NONE',  ( -19.99999999999999289, 19.50000000000000355, -6.999999999999993783 ) ) ;
#1318 = VECTOR ( 'NONE', #1608, 1000.000000000000000 ) ;
#1319 = CARTESIAN_POINT ( 'NONE',  ( -18.70814781368494195, 19.62562595839115787, -6.999999999999992895 ) ) ;
#1320 = DATE_TIME_ROLE ( 'classification_date' ) ;
#1321 = EDGE_CURVE ( 'NONE', #217, #1189, #1573, .T. ) ;
#1322 = FACE_OUTER_BOUND ( 'NONE', #1048, .T. ) ;
#1323 = CARTESIAN_POINT ( 'NONE',  ( 74.54194975827144276, 34.01072839368669776, -1.415128757677902804 ) ) ;
#1324 = ORIENTED_EDGE ( 'NONE', *, *, #2073, .F. ) ;
#1325 = CARTESIAN_POINT ( 'NONE',  ( -18.86617953602826958, 20.40931971764382169, -7.578726985679205441 ) ) ;
#1326 = ORIENTED_EDGE ( 'NONE', *, *, #1385, .F. ) ;
#1327 = CARTESIAN_POINT ( 'NONE',  ( -0.005199002265930658014, 19.76133644016753266, -7.026143746975594517 ) ) ;
#1328 = VERTEX_POINT ( 'NONE', #2967 ) ;
#1329 = CARTESIAN_POINT ( 'NONE',  ( -19.99999999999999289, 19.50000000000000355, -12.99999999999999467 ) ) ;
#1330 = CARTESIAN_POINT ( 'NONE',  ( -19.55721380163375045, 15.24449953935514657, -13.34479226538819319 ) ) ;
#1331 = LINE ( 'NONE', #2492, #1637 ) ;
#1332 = ADVANCED_FACE ( 'NONE', ( #2066, #2761, #202 ), #853, .F. ) ;
#1333 = DIRECTION ( 'NONE',  ( 8.673617379884026597E-16, -1.000000000000000000, 0.000000000000000000 ) ) ;
#1334 = CALENDAR_DATE ( 2026, 21, 4 ) ;
#1335 = EDGE_CURVE ( 'NONE', #177, #2201, #1064, .T. ) ;
#1336 = EDGE_CURVE ( 'NONE', #2328, #2460, #218, .T. ) ;
#1337 = DIRECTION ( 'NONE',  ( 1.526664374287787402E-17, -1.000000000000000000, -1.526664374287784628E-17 ) ) ;
#1338 =( BOUNDED_SURFACE ( )  B_SPLINE_SURFACE ( 3, 2, ( 
 ( #635, #2004, #846 ),
 ( #1535, #2479, #1720 ),
 ( #394, #1550, #344 ),
 ( #1954, #2888, #2660 ),
 ( #571, #1256, #2198 ),
 ( #120, #96, #134 ),
 ( #1029, #2018, #2955 ),
 ( #116, #2725, #1746 ),
 ( #2691, #1716, #1481 ),
 ( #376, #2424, #1286 ),
 ( #1967, #1250, #2192 ),
 ( #2226, #151, #2710 ),
 ( #2899, #1781, #617 ),
 ( #925, #1796, #2509 ) ),
 .UNSPECIFIED., .F., .F., .T. ) 
 B_SPLINE_SURFACE_WITH_KNOTS ( ( 4, 2, 2, 2, 2, 2, 4 ),
 ( 3, 3 ),
 ( 0.000000000000000000, 0.0008020106466150476662, 0.001203015969922571499, 0.001604021293230095332, 0.002005026616537619166, 0.002406031939845142999, 0.003208042586460190665 ),
 ( 0.000000000000000000, 1.000000000000000000 ),
 .UNSPECIFIED. ) 
 GEOMETRIC_REPRESENTATION_ITEM ( )  RATIONAL_B_SPLINE_SURFACE ( (
 ( 1.000000000000000000, 0.8864052604279183400, 1.000000000000000000),
 ( 1.000000000000000000, 0.8965350965807779016, 1.000000000000000000),
 ( 1.000000000000000000, 0.9048241968490166043, 1.000000000000000000),
 ( 1.000000000000000000, 0.9133148069615008025, 1.000000000000000000),
 ( 1.000000000000000000, 0.9154744156294277735, 1.000000000000000000),
 ( 1.000000000000000000, 0.9184174850788268119, 1.000000000000000000),
 ( 1.000000000000000000, 0.9191749491871414879, 1.000000000000000000),
 ( 1.000000000000000000, 0.9191804436809816181, 1.000000000000000000),
 ( 1.000000000000000000, 0.9184434926536997335, 1.000000000000000000),
 ( 1.000000000000000000, 0.9154944279080816649, 1.000000000000000000),
 ( 1.000000000000000000, 0.9133259281714753985, 1.000000000000000000),
 ( 1.000000000000000000, 0.9048231316724207884, 1.000000000000000000),
 ( 1.000000000000000000, 0.8965413739432869233, 1.000000000000000000),
 ( 1.000000000000000000, 0.8864052604279185621, 1.000000000000000000) ) ) 
 REPRESENTATION_ITEM ( '' )  SURFACE ( )  );
#1339 = VERTEX_POINT ( 'NONE', #400 ) ;
#1340 = ORIENTED_EDGE ( 'NONE', *, *, #2199, .T. ) ;
#1341 = CARTESIAN_POINT ( 'NONE',  ( -0.02046738189215124848, 20.36975620696211209, -7.489661976334936355 ) ) ;
#1342 = CC_DESIGN_DATE_AND_TIME_ASSIGNMENT ( #1518, #2450, ( #2948 ) ) ;
#1343 = VERTEX_POINT ( 'NONE', #3004 ) ;
#1344 = DIRECTION ( 'NONE',  ( -2.113836175005541697E-15, 0.000000000000000000, 1.000000000000000000 ) ) ;
#1345 = CARTESIAN_POINT ( 'NONE',  ( -18.87270328106855288, 19.93719719837650928, -12.90175428687669701 ) ) ;
#1346 = CYLINDRICAL_SURFACE ( 'NONE', #1283, 5.000000000000000000 ) ;
#1347 = CARTESIAN_POINT ( 'NONE',  ( 200.4789610478665054, 31.00000000000000355, -35.93553390593264396 ) ) ;
#1348 = EDGE_CURVE ( 'NONE', #699, #1994, #2551, .T. ) ;
#1349 = CARTESIAN_POINT ( 'NONE',  ( 188.1489438335833881, 17.50000000000000000, 28.68553390593270436 ) ) ;
#1350 = ORIENTED_EDGE ( 'NONE', *, *, #1962, .T. ) ;
#1351 = AXIS2_PLACEMENT_3D ( 'NONE', #541, #2414, #101 ) ;
#1352 = DIRECTION ( 'NONE',  ( 0.000000000000000000, 0.000000000000000000, 1.000000000000000000 ) ) ;
#1353 = ORIENTED_EDGE ( 'NONE', *, *, #2522, .F. ) ;
#1354 = VECTOR ( 'NONE', #736, 1000.000000000000000 ) ;
#1355 = DIRECTION ( 'NONE',  ( 1.000000000000000000, 0.000000000000000000, -0.000000000000000000 ) ) ;
#1356 = ORIENTED_EDGE ( 'NONE', *, *, #2019, .T. ) ;
#1357 = AXIS2_PLACEMENT_3D ( 'NONE', #633, #184, #2274 ) ;
#1358 = ORIENTED_EDGE ( 'NONE', *, *, #1476, .T. ) ;
#1359 = AXIS2_PLACEMENT_3D ( 'NONE', #15, #1172, #1087 ) ;
#1360 = CARTESIAN_POINT ( 'NONE',  ( 77.75127267546629639, 0.000000000000000000, 4.822340487331763903 ) ) ;
#1361 = AXIS2_PLACEMENT_3D ( 'NONE', #306, #561, #548 ) ;
#1362 = VECTOR ( 'NONE', #2486, 1000.000000000000000 ) ;
#1363 = CARTESIAN_POINT ( 'NONE',  ( 200.4789610478665054, 31.00000000000000355, -55.95336991259380710 ) ) ;
#1364 = VECTOR ( 'NONE', #2352, 1000.000000000000000 ) ;
#1365 = B_SPLINE_CURVE_WITH_KNOTS ( 'NONE', 3,
 ( #2557, #281, #2321, #1140 ),
 .UNSPECIFIED., .F., .F.,
 ( 4, 4 ),
 ( -1.414213562406311341E-05, 0.0006015628554183875300 ),
 .UNSPECIFIED. ) ;
#1366 = CARTESIAN_POINT ( 'NONE',  ( 112.6855339059326866, 35.00000000000000000, -35.93553390593266528 ) ) ;
#1367 = CARTESIAN_POINT ( 'NONE',  ( 79.54875008082714771, 0.08178904785008150879, -4.090575930811202632 ) ) ;
#1368 = CARTESIAN_POINT ( 'NONE',  ( -18.61483519286549182, 19.50000000000000355, -13.99999999999999467 ) ) ;
#1369 = FACE_OUTER_BOUND ( 'NONE', #1292, .T. ) ;
#1370 = ORIENTED_EDGE ( 'NONE', *, *, #1636, .F. ) ;
#1371 = CARTESIAN_POINT ( 'NONE',  ( 0.000000000000000000, 19.50000000000000355, -6.999999999999993783 ) ) ;
#1372 = ORIENTED_EDGE ( 'NONE', *, *, #1536, .T. ) ;
#1373 = EDGE_LOOP ( 'NONE', ( #1262, #726, #1534, #1186 ) ) ;
#1374 = PLANE ( 'NONE',  #2645 ) ;
#1375 = EDGE_CURVE ( 'NONE', #2863, #907, #626, .T. ) ;
#1376 = PLANE ( 'NONE',  #2190 ) ;
#1377 = ADVANCED_FACE ( 'NONE', ( #2256 ), #1304, .T. ) ;
#1378 = CYLINDRICAL_SURFACE ( 'NONE', #1096, 5.000000000000000888 ) ;
#1379 = DIRECTION ( 'NONE',  ( 0.000000000000000000, -1.000000000000000000, -0.000000000000000000 ) ) ;
#1380 = CARTESIAN_POINT ( 'NONE',  ( 0.000000000000000000, 19.50000000000000355, -12.99999999999999467 ) ) ;
#1381 = DIRECTION ( 'NONE',  ( -0.000000000000000000, -0.000000000000000000, 1.000000000000000000 ) ) ;
#1382 = ORIENTED_EDGE ( 'NONE', *, *, #1520, .T. ) ;
#1383 = LINE ( 'NONE', #1174, #2491 ) ;
#1384 = ORIENTED_EDGE ( 'NONE', *, *, #1060, .F. ) ;
#1385 = EDGE_CURVE ( 'NONE', #2436, #1739, #2380, .T. ) ;
#1386 = ORIENTED_EDGE ( 'NONE', *, *, #2916, .T. ) ;
#1387 = CARTESIAN_POINT ( 'NONE',  ( -0.0001269806636983039508, 20.49997698475470287, -7.992165867353786979 ) ) ;
#1388 = CARTESIAN_POINT ( 'NONE',  ( -18.92408986722663755, 20.10669469146443333, -12.79772489075113562 ) ) ;
#1389 = CARTESIAN_POINT ( 'NONE',  ( -19.38414445102756289, 20.92857142857143060, -11.71428571428570642 ) ) ;
#1390 = CARTESIAN_POINT ( 'NONE',  ( 200.4789610478665054, 35.00000000000007105, 24.68553390593276475 ) ) ;
#1391 = CIRCLE ( 'NONE', #2530, 1.000000000000001776 ) ;
#1392 = DIRECTION ( 'NONE',  ( -4.785444071660157944E-16, 0.000000000000000000, -1.000000000000000000 ) ) ;
#1393 = CARTESIAN_POINT ( 'NONE',  ( 80.00000000000000000, 35.00000000000000000, 0.000000000000000000 ) ) ;
#1394 = ORIENTED_EDGE ( 'NONE', *, *, #2956, .F. ) ;
#1395 = DIRECTION ( 'NONE',  ( 1.000000000000000000, 0.000000000000000000, 0.000000000000000000 ) ) ;
#1396 = DIRECTION ( 'NONE',  ( 0.000000000000000000, 0.000000000000000000, 1.000000000000000000 ) ) ;
#1397 = EDGE_LOOP ( 'NONE', ( #515, #2601, #2709, #189, #793 ) ) ;
#1398 = ORIENTED_EDGE ( 'NONE', *, *, #933, .T. ) ;
#1399 = CARTESIAN_POINT ( 'NONE',  ( -0.0001269806636895484220, 14.50002301524529713, -7.992165867353785202 ) ) ;
#1400 = DIRECTION ( 'NONE',  ( 0.000000000000000000, 0.000000000000000000, 1.000000000000000000 ) ) ;
#1401 = AXIS2_PLACEMENT_3D ( 'NONE', #436, #1333, #871 ) ;
#1402 = VECTOR ( 'NONE', #1984, 1000.000000000000000 ) ;
#1403 = FACE_OUTER_BOUND ( 'NONE', #2484, .T. ) ;
#1404 = CARTESIAN_POINT ( 'NONE',  ( -0.008864049127526819546, 14.50160660890436937, -7.857412280648892633 ) ) ;
#1405 = EDGE_CURVE ( 'NONE', #2656, #16, #1630, .T. ) ;
#1406 = DIRECTION ( 'NONE',  ( -0.000000000000000000, -0.000000000000000000, 1.000000000000000000 ) ) ;
#1407 = EDGE_CURVE ( 'NONE', #856, #2408, #1660, .T. ) ;
#1408 = CARTESIAN_POINT ( 'NONE',  ( 1.606873609812686565, 15.20924819800172934, -13.14060144085861381 ) ) ;
#1409 = DIRECTION ( 'NONE',  ( 0.000000000000000000, 0.000000000000000000, 1.000000000000000000 ) ) ;
#1410 = FACE_OUTER_BOUND ( 'NONE', #1228, .T. ) ;
#1411 = ORIENTED_EDGE ( 'NONE', *, *, #1695, .F. ) ;
#1412 = VERTEX_POINT ( 'NONE', #30 ) ;
#1413 = LINE ( 'NONE', #2140, #594 ) ;
#1414 = DIRECTION ( 'NONE',  ( 1.000000000000000000, 0.000000000000000000, 0.000000000000000000 ) ) ;
#1415 = DIRECTION ( 'NONE',  ( 0.000000000000000000, 0.000000000000000000, -1.000000000000000000 ) ) ;
#1416 = CARTESIAN_POINT ( 'NONE',  ( 79.95981994228964140, 0.007282635460002784104, -4.644734964711264347 ) ) ;
#1417 = DIRECTION ( 'NONE',  ( -0.000000000000000000, -0.000000000000000000, 1.000000000000000000 ) ) ;
#1418 = CARTESIAN_POINT ( 'NONE',  ( -23.99999999999999289, 17.50000000000000355, -12.99999999999999467 ) ) ;
#1419 = CYLINDRICAL_SURFACE ( 'NONE', #1107, 4.999999999999976907 ) ;
#1420 = ADVANCED_FACE ( 'NONE', ( #955 ), #170, .T. ) ;
#1421 = EDGE_CURVE ( 'NONE', #2053, #2716, #2805, .T. ) ;
#1422 = DIRECTION ( 'NONE',  ( -0.3481553119113958705, 0.000000000000000000, 0.9374368665610921525 ) ) ;
#1423 = VERTEX_POINT ( 'NONE', #973 ) ;
#1424 = FACE_OUTER_BOUND ( 'NONE', #873, .T. ) ;
#1425 = ORIENTED_EDGE ( 'NONE', *, *, #567, .T. ) ;
#1426 = CARTESIAN_POINT ( 'NONE',  ( 74.60063397212856273, 0.9786350925517003363, -18.53933976692253083 ) ) ;
#1427 = CC_DESIGN_PERSON_AND_ORGANIZATION_ASSIGNMENT ( #313, #1012, ( #26 ) ) ;
#1428 = CARTESIAN_POINT ( 'NONE',  ( -18.89460478188581405, 20.37093971958278971, -12.49595539125036225 ) ) ;
#1429 =( BOUNDED_CURVE ( )  B_SPLINE_CURVE ( 3, ( #1777, #2722, #2968, #229 ),
 .UNSPECIFIED., .F., .T. ) 
 B_SPLINE_CURVE_WITH_KNOTS ( ( 4, 4 ),
 ( 0.000000000000000000, 0.01175123277628913575 ),
 .UNSPECIFIED. ) 
 CURVE ( )  GEOMETRIC_REPRESENTATION_ITEM ( )  RATIONAL_B_SPLINE_CURVE ( ( 1.000000000000000000, 0.9999884924104593953, 0.9999884924104593953, 1.000000000000000000 ) ) 
 REPRESENTATION_ITEM ( '' )  );
#1430 = DIRECTION ( 'NONE',  ( -0.7071067811865465735, -0.000000000000000000, -0.7071067811865484609 ) ) ;
#1431 = CARTESIAN_POINT ( 'NONE',  ( 74.25057762802038042, 1.242692665781293559, -0.8910758773020053258 ) ) ;
#1432 = CYLINDRICAL_SURFACE ( 'NONE', #206, 1.000000000000000888 ) ;
#1433 = EDGE_CURVE ( 'NONE', #1412, #1722, #2873, .T. ) ;
#1434 = CARTESIAN_POINT ( 'NONE',  ( 200.4789610478665054, 30.00000000000000355, -44.68553390593265817 ) ) ;
#1435 = AXIS2_PLACEMENT_3D ( 'NONE', #1937, #296, #2134 ) ;
#1436 = ORIENTED_EDGE ( 'NONE', *, *, #2178, .T. ) ;
#1437 = DIRECTION ( 'NONE',  ( 0.000000000000000000, 0.000000000000000000, -1.000000000000000000 ) ) ;
#1438 = ORIENTED_EDGE ( 'NONE', *, *, #1962, .F. ) ;
#1439 = EDGE_LOOP ( 'NONE', ( #2500, #2787, #2044, #398, #415, #1851 ) ) ;
#1440 = DIRECTION ( 'NONE',  ( -0.000000000000000000, -0.000000000000000000, 1.000000000000000000 ) ) ;
#1441 = DIRECTION ( 'NONE',  ( 0.000000000000000000, 0.000000000000000000, 1.000000000000000000 ) ) ;
#1442 = CIRCLE ( 'NONE', #640, 4.923910839889737545 ) ;
#1443 = CARTESIAN_POINT ( 'NONE',  ( 77.75127267546629639, 5.000000000000000888, 4.822340487331763903 ) ) ;
#1444 = CARTESIAN_POINT ( 'NONE',  ( 74.26460212125333271, 1.159203574289821681, -1.013599937652611471 ) ) ;
#1445 = VECTOR ( 'NONE', #2837, 1000.000000000000000 ) ;
#1446 = AXIS2_PLACEMENT_3D ( 'NONE', #66, #321, #1943 ) ;
#1447 = CARTESIAN_POINT ( 'NONE',  ( 110.7566017177981905, 30.00000000000000355, -43.68553390593266528 ) ) ;
#1448 = PERSON_AND_ORGANIZATION_ROLE ( 'creator' ) ;
#1449 = AXIS2_PLACEMENT_3D ( 'NONE', #299, #2815, #1437 ) ;
#1450 = CARTESIAN_POINT ( 'NONE',  ( 107.2210678118654670, 30.00000000000000355, -47.22106781186541014 ) ) ;
#1451 = VECTOR ( 'NONE', #707, 1000.000000000000000 ) ;
#1452 = CARTESIAN_POINT ( 'NONE',  ( -18.61483519286549182, 14.50000000000000355, -7.999999999999992895 ) ) ;
#1453 = ORIENTED_EDGE ( 'NONE', *, *, #2237, .F. ) ;
#1454 = DIRECTION ( 'NONE',  ( -1.000000000000000000, 0.000000000000000000, 0.000000000000000000 ) ) ;
#1455 = ORIENTED_EDGE ( 'NONE', *, *, #821, .F. ) ;
#1456 = CARTESIAN_POINT ( 'NONE',  ( -19.64921988786472795, 20.58181409872165446, -7.245666243644778959 ) ) ;
#1457 = TOROIDAL_SURFACE ( 'NONE', #416, 10.00000000000000000, 5.000000000000000000 ) ;
#1458 = CARTESIAN_POINT ( 'NONE',  ( -19.64921988582567991, 14.41818590346463758, -12.75433375559410365 ) ) ;
#1459 = CARTESIAN_POINT ( 'NONE',  ( -19.62394695636071873, 20.70732523574565320, -12.56449495780810288 ) ) ;
#1460 = DIRECTION ( 'NONE',  ( 1.000000000000000000, 7.930164461608261426E-16, 0.000000000000000000 ) ) ;
#1461 = EDGE_CURVE ( 'NONE', #445, #2564, #1641, .T. ) ;
#1462 = EDGE_CURVE ( 'NONE', #2408, #1028, #1383, .T. ) ;
#1463 = CARTESIAN_POINT ( 'NONE',  ( 193.1489438335833597, 17.50000000000000000, -48.68553390593266528 ) ) ;
#1464 = ORIENTED_EDGE ( 'NONE', *, *, #2791, .T. ) ;
#1465 = CARTESIAN_POINT ( 'NONE',  ( 77.75127267546629639, 35.00000000000000000, 4.822340487331763903 ) ) ;
#1466 = DIRECTION ( 'NONE',  ( 0.7071067811865473507, 0.000000000000000000, 0.7071067811865476838 ) ) ;
#1467 = ORIENTED_EDGE ( 'NONE', *, *, #790, .T. ) ;
#1468 = CARTESIAN_POINT ( 'NONE',  ( 200.4789610478665338, 5.000000000000000888, 23.68553390593276475 ) ) ;
#1469 = EDGE_CURVE ( 'NONE', #570, #438, #1912, .T. ) ;
#1470 = DIRECTION ( 'NONE',  ( 0.000000000000000000, -1.000000000000000000, 0.000000000000000000 ) ) ;
#1471 = CARTESIAN_POINT ( 'NONE',  ( 200.4789610478665338, 5.000000000000000888, -43.68553390593266528 ) ) ;
#1472 = VERTEX_POINT ( 'NONE', #514 ) ;
#1473 = ORIENTED_EDGE ( 'NONE', *, *, #1321, .F. ) ;
#1474 = VECTOR ( 'NONE', #1430, 1000.000000000000114 ) ;
#1475 = CARTESIAN_POINT ( 'NONE',  ( -19.38414445102756645, 14.07142857142857473, -11.71428571428570820 ) ) ;
#1476 = EDGE_CURVE ( 'NONE', #1561, #2764, #447, .T. ) ;
#1477 = CARTESIAN_POINT ( 'NONE',  ( -19.42455828292957420, 20.92857142857143415, -11.82310328692578594 ) ) ;
#1478 = CARTESIAN_POINT ( 'NONE',  ( 74.37958181773744570, 1.033589485955261456, -1.260953764826166168 ) ) ;
#1479 = ORIENTED_EDGE ( 'NONE', *, *, #2754, .T. ) ;
#1480 = CARTESIAN_POINT ( 'NONE',  ( -18.61483519286549182, 15.50000000000000355, -6.999999999999993783 ) ) ;
#1481 = CARTESIAN_POINT ( 'NONE',  ( -19.64944564909364999, 14.41972818991107452, -7.243550796223516386 ) ) ;
#1482 = DIRECTION ( 'NONE',  ( 0.000000000000000000, 0.000000000000000000, 1.000000000000000000 ) ) ;
#1483 = ORIENTED_EDGE ( 'NONE', *, *, #629, .T. ) ;
#1484 = PLANE ( 'NONE',  #1507 ) ;
#1485 = CARTESIAN_POINT ( 'NONE',  ( -19.42454828724140725, 15.67692362728829991, -6.571428571428565846 ) ) ;
#1486 = CARTESIAN_POINT ( 'NONE',  ( 77.75127267546629639, 5.000000000000000000, -24.82234048733176479 ) ) ;
#1487 = ORIENTED_EDGE ( 'NONE', *, *, #962, .T. ) ;
#1488 = CARTESIAN_POINT ( 'NONE',  ( 75.86790274915159671, 32.28188395497663521, -19.63844149055076471 ) ) ;
#1489 = ORIENTED_EDGE ( 'NONE', *, *, #1983, .T. ) ;
#1490 = CARTESIAN_POINT ( 'NONE',  ( 200.4789610478665054, 30.00000000000000355, 28.68553390593276475 ) ) ;
#1491 = CARTESIAN_POINT ( 'NONE',  ( -19.36028568503452618, 14.73406044999714126, -12.64822160566844467 ) ) ;
#1492 = CARTESIAN_POINT ( 'NONE',  ( -19.38414445102756645, 14.07142857142857473, -8.285714285714279370 ) ) ;
#1493 = CARTESIAN_POINT ( 'NONE',  ( -18.92324096133168254, 14.69759030005778655, -12.60093942156099445 ) ) ;
#1494 = FACE_OUTER_BOUND ( 'NONE', #1643, .T. ) ;
#1495 = EDGE_LOOP ( 'NONE', ( #440, #1804 ) ) ;
#1496 = VECTOR ( 'NONE', #1337, 1000.000000000000000 ) ;
#1497 = CARTESIAN_POINT ( 'NONE',  ( 77.75127267546629639, 34.59241817242826755, -16.79963543992498387 ) ) ;
#1498 = ORIENTED_EDGE ( 'NONE', *, *, #806, .T. ) ;
#1499 = CALENDAR_DATE ( 2026, 21, 4 ) ;
#1500 = CARTESIAN_POINT ( 'NONE',  ( -19.65583500865940181, 14.65499094527318746, -6.992132293413997779 ) ) ;
#1501 = AXIS2_PLACEMENT_3D ( 'NONE', #1347, #1568, #1288 ) ;
#1502 = AXIS2_PLACEMENT_3D ( 'NONE', #1880, #2817, #44 ) ;
#1503 = VECTOR ( 'NONE', #1577, 1000.000000000000000 ) ;
#1504 = EDGE_CURVE ( 'NONE', #699, #2903, #59, .T. ) ;
#1505 = EDGE_CURVE ( 'NONE', #1339, #234, #2123, .T. ) ;
#1506 = CARTESIAN_POINT ( 'NONE',  ( -0.005139750403666711390, 19.75970256798093061, -12.97440635897201666 ) ) ;
#1507 = AXIS2_PLACEMENT_3D ( 'NONE', #763, #1272, #584 ) ;
#1508 = ORIENTED_EDGE ( 'NONE', *, *, #982, .T. ) ;
#1509 = CYLINDRICAL_SURFACE ( 'NONE', #597, 4.000000000000003553 ) ;
#1510 = ORIENTED_EDGE ( 'NONE', *, *, #1505, .F. ) ;
#1511 = CARTESIAN_POINT ( 'NONE',  ( -19.53318618684640740, 15.34885447300420758, -13.38721339807879396 ) ) ;
#1512 = DIRECTION ( 'NONE',  ( 0.000000000000000000, 0.000000000000000000, 1.000000000000000000 ) ) ;
#1513 = CARTESIAN_POINT ( 'NONE',  ( 136.6855339059326866, 17.50000000000000000, 35.95336991259401316 ) ) ;
#1514 = CARTESIAN_POINT ( 'NONE',  ( -18.77848855531811623, 15.26298066378182661, -7.019614851080604900 ) ) ;
#1515 = VERTEX_POINT ( 'NONE', #944 ) ;
#1516 = DIRECTION ( 'NONE',  ( 0.7071067811865475727, 0.000000000000000000, -0.7071067811865475727 ) ) ;
#1517 = ORIENTED_EDGE ( 'NONE', *, *, #479, .T. ) ;
#1518 = DATE_AND_TIME ( #1499, #214 ) ;
#1519 = CARTESIAN_POINT ( 'NONE',  ( 77.10574892667224844, 31.07485444324867174, -0.2532469689161739868 ) ) ;
#1520 = EDGE_CURVE ( 'NONE', #2476, #570, #2366, .T. ) ;
#1521 = LINE ( 'NONE', #1260, #695 ) ;
#1522 = ORIENTED_EDGE ( 'NONE', *, *, #1313, .F. ) ;
#1523 = CARTESIAN_POINT ( 'NONE',  ( 204.4789610478665054, 31.00000000000000711, 15.93553390593271857 ) ) ;
#1524 = ORIENTED_EDGE ( 'NONE', *, *, #1433, .F. ) ;
#1525 = CARTESIAN_POINT ( 'NONE',  ( -19.38414445102756289, 19.21428571428571885, -6.571428571428564958 ) ) ;
#1526 = EDGE_CURVE ( 'NONE', #2806, #2564, #2682, .T. ) ;
#1527 = CARTESIAN_POINT ( 'NONE',  ( -19.31175046408301910, 15.13399505967045222, -12.93738262960074792 ) ) ;
#1528 = CARTESIAN_POINT ( 'NONE',  ( 110.7566017177981337, 30.00000000000000355, 23.68553390593273633 ) ) ;
#1529 = CARTESIAN_POINT ( 'NONE',  ( -19.38414445102756645, 19.21428571428571885, -13.42857142857142350 ) ) ;
#1530 = ADVANCED_FACE ( 'NONE', ( #1410 ), #1198, .T. ) ;
#1531 = CARTESIAN_POINT ( 'NONE',  ( -18.88945993824846425, 14.62027184932684420, -7.519396066119091060 ) ) ;
#1532 = ORIENTED_EDGE ( 'NONE', *, *, #1919, .T. ) ;
#1533 = CARTESIAN_POINT ( 'NONE',  ( -19.35411837830847759, 20.08295598197761933, -7.182794889785574455 ) ) ;
#1534 = ORIENTED_EDGE ( 'NONE', *, *, #81, .F. ) ;
#1535 = CARTESIAN_POINT ( 'NONE',  ( -18.70806905094765682, 15.37448007918056270, -6.999999999999993783 ) ) ;
#1536 = EDGE_CURVE ( 'NONE', #2466, #2094, #2355, .T. ) ;
#1537 = CARTESIAN_POINT ( 'NONE',  ( 74.80442726606838733, 33.05780840219462391, -0.4546126142190158315 ) ) ;
#1538 = VERTEX_POINT ( 'NONE', #2661 ) ;
#1539 = CARTESIAN_POINT ( 'NONE',  ( 141.6855339059326582, 17.50000000000000000, 15.93553390593274344 ) ) ;
#1540 = ORIENTED_EDGE ( 'NONE', *, *, #2824, .F. ) ;
#1541 = CARTESIAN_POINT ( 'NONE',  ( -0.000000000000000000, 0.000000000000000000, -43.68553390593266528 ) ) ;
#1542 = DIRECTION ( 'NONE',  ( -1.000000000000000000, 5.551115123125782702E-15, 0.000000000000000000 ) ) ;
#1543 = ORIENTED_EDGE ( 'NONE', *, *, #2445, .T. ) ;
#1544 = CARTESIAN_POINT ( 'NONE',  ( 74.25056731162739254, 1.241372044173155942, -19.10715746372041224 ) ) ;
#1545 = EDGE_CURVE ( 'NONE', #362, #2863, #2860, .T. ) ;
#1546 = CARTESIAN_POINT ( 'NONE',  ( -18.86582602025985977, 14.59032322916618440, -7.579538310039059645 ) ) ;
#1547 = DIRECTION ( 'NONE',  ( -0.7071067811865477948, 0.000000000000000000, 0.7071067811865471286 ) ) ;
#1548 = DIRECTION ( 'NONE',  ( 0.7071067811865531239, -0.000000000000000000, -0.7071067811865420216 ) ) ;
#1549 = PERSON_AND_ORGANIZATION ( #2667, #1705 ) ;
#1550 = CARTESIAN_POINT ( 'NONE',  ( -19.24299146938999527, 15.36693972220971816, -6.988174537165774858 ) ) ;
#1551 = VECTOR ( 'NONE', #754, 1000.000000000000000 ) ;
#1552 = CARTESIAN_POINT ( 'NONE',  ( 77.75127267546629639, 0.4075818275717352224, -16.79963543992498387 ) ) ;
#1553 = CIRCLE ( 'NONE', #1603, 4.000000000000003553 ) ;
#1554 = ORIENTED_EDGE ( 'NONE', *, *, #663, .F. ) ;
#1555 = CARTESIAN_POINT ( 'NONE',  ( 77.64885564923974925, 4.459694402713642702, -0.2057251306915210132 ) ) ;
#1556 = VERTEX_POINT ( 'NONE', #1736 ) ;
#1557 = TOROIDAL_SURFACE ( 'NONE', #2687, 10.00000000000000000, 5.000000000000000000 ) ;
#1558 = AXIS2_PLACEMENT_3D ( 'NONE', #2439, #613, #2077 ) ;
#1559 = CARTESIAN_POINT ( 'NONE',  ( 74.60063397212854852, 34.02136490744830155, -1.460660233077458070 ) ) ;
#1560 = AXIS2_PLACEMENT_3D ( 'NONE', #13, #1863, #2803 ) ;
#1561 = VERTEX_POINT ( 'NONE', #1452 ) ;
#1562 = LINE ( 'NONE', #1778, #1318 ) ;
#1563 = DIRECTION ( 'NONE',  ( -1.000000000000000000, 0.000000000000000000, 0.000000000000000000 ) ) ;
#1564 = DIRECTION ( 'NONE',  ( -7.930164461608260440E-16, 1.000000000000000000, -2.501207719983424710E-31 ) ) ;
#1565 = EDGE_CURVE ( 'NONE', #2080, #1157, #250, .T. ) ;
#1566 = EDGE_CURVE ( 'NONE', #1561, #2310, #1944, .T. ) ;
#1567 = AXIS2_PLACEMENT_3D ( 'NONE', #2777, #1812, #868 ) ;
#1568 = DIRECTION ( 'NONE',  ( -2.392722035830077986E-16, -0.000000000000000000, 1.000000000000000000 ) ) ;
#1569 = APPROVAL ( #119, 'UNSPECIFIED' ) ;
#1570 = CARTESIAN_POINT ( 'NONE',  ( 74.57184789057180296, 33.24452137849355182, -0.4926202338228310440 ) ) ;
#1571 = ORIENTED_EDGE ( 'NONE', *, *, #1298, .F. ) ;
#1572 = ORIENTED_EDGE ( 'NONE', *, *, #2485, .T. ) ;
#1573 = LINE ( 'NONE', #419, #2927 ) ;
#1574 = VERTEX_POINT ( 'NONE', #121 ) ;
#1575 = CARTESIAN_POINT ( 'NONE',  ( 193.1489438335833597, 17.50000000000000000, 15.93553390593271857 ) ) ;
#1576 = EDGE_CURVE ( 'NONE', #2231, #2993, #2900, .T. ) ;
#1577 = DIRECTION ( 'NONE',  ( 7.633321871438900030E-18, 1.000000000000000000, 7.633321871438920060E-18 ) ) ;
#1578 = AXIS2_PLACEMENT_3D ( 'NONE', #1267, #2652, #1282 ) ;
#1579 = LINE ( 'NONE', #1366, #677 ) ;
#1580 = CARTESIAN_POINT ( 'NONE',  ( -18.61483519286549182, 20.50000000000000355, -7.999999999999992895 ) ) ;
#1581 = ADVANCED_FACE ( 'NONE', ( #1721 ), #1906, .T. ) ;
#1582 = DIRECTION ( 'NONE',  ( 0.000000000000000000, -0.000000000000000000, 1.000000000000000000 ) ) ;
#1583 = AXIS2_PLACEMENT_3D ( 'NONE', #1575, #2952, #673 ) ;
#1584 = ORIENTED_EDGE ( 'NONE', *, *, #982, .F. ) ;
#1585 = CYLINDRICAL_SURFACE ( 'NONE', #256, 4.999999999999976907 ) ;
#1586 = ORIENTED_EDGE ( 'NONE', *, *, #1636, .T. ) ;
#1587 = CARTESIAN_POINT ( 'NONE',  ( 200.4789610478665338, 5.000000000000000888, -48.68553390593266528 ) ) ;
#1588 = ORIENTED_EDGE ( 'NONE', *, *, #1238, .T. ) ;
#1589 = ORIENTED_EDGE ( 'NONE', *, *, #457, .T. ) ;
#1590 = DIRECTION ( 'NONE',  ( 0.7071067811865531239, -0.000000000000000000, -0.7071067811865420216 ) ) ;
#1591 = DIRECTION ( 'NONE',  ( -1.000000000000000000, 0.000000000000000000, 0.000000000000000000 ) ) ;
#1592 = AXIS2_PLACEMENT_3D ( 'NONE', #556, #1470, #537 ) ;
#1593 = FACE_OUTER_BOUND ( 'NONE', #1128, .T. ) ;
#1594 = CARTESIAN_POINT ( 'NONE',  ( -19.46409792687338225, 19.42956703865990420, -6.571428572532405532 ) ) ;
#1595 = APPROVAL_STATUS ( 'not_yet_approved' ) ;
#1596 = CARTESIAN_POINT ( 'NONE',  ( 78.18710742687083837, 1.496565870537133156E-15, -19.84137189985119676 ) ) ;
#1597 = SPHERICAL_SURFACE ( 'NONE', #258, 5.000000000000000000 ) ;
#1598 = ORIENTED_EDGE ( 'NONE', *, *, #2260, .T. ) ;
#1599 = AXIS2_PLACEMENT_3D ( 'NONE', #1311, #2299, #2774 ) ;
#1600 = DIRECTION ( 'NONE',  ( -0.000000000000000000, 1.000000000000000000, 0.000000000000000000 ) ) ;
#1601 = EDGE_CURVE ( 'NONE', #1294, #1339, #2549, .T. ) ;
#1602 = EDGE_CURVE ( 'NONE', #1853, #2772, #1521, .T. ) ;
#1603 = AXIS2_PLACEMENT_3D ( 'NONE', #2076, #1862, #952 ) ;
#1604 = CARTESIAN_POINT ( 'NONE',  ( 79.08872919538903545, 34.83483216666427751, -3.798106322604243523 ) ) ;
#1605 = ORIENTED_EDGE ( 'NONE', *, *, #2331, .F. ) ;
#1606 = ORIENTED_EDGE ( 'NONE', *, *, #272, .T. ) ;
#1607 = VECTOR ( 'NONE', #3017, 1000.000000000000000 ) ;
#1608 = DIRECTION ( 'NONE',  ( 1.000000000000000000, -0.000000000000000000, 3.154042683594197093E-16 ) ) ;
#1609 = CIRCLE ( 'NONE', #497, 1.000000000000001110 ) ;
#1610 = AXIS2_PLACEMENT_3D ( 'NONE', #1004, #772, #1691 ) ;
#1611 = DIRECTION ( 'NONE',  ( 1.000000000000000000, -0.000000000000000000, 0.000000000000000000 ) ) ;
#1612 = CARTESIAN_POINT ( 'NONE',  ( 107.2210678118653959, 5.000000000000000888, 27.22106781186547053 ) ) ;
#1613 = CYLINDRICAL_SURFACE ( 'NONE', #1015, 1.000000000000001110 ) ;
#1614 = VECTOR ( 'NONE', #2259, 1000.000000000000000 ) ;
#1615 = LINE ( 'NONE', #27, #1354 ) ;
#1616 = DIRECTION ( 'NONE',  ( 0.000000000000000000, 0.000000000000000000, 1.000000000000000000 ) ) ;
#1617 = ORIENTED_EDGE ( 'NONE', *, *, #495, .F. ) ;
#1618 = CARTESIAN_POINT ( 'NONE',  ( 141.6855339059326298, 35.00000000000000000, 23.68553390593274699 ) ) ;
#1619 = CARTESIAN_POINT ( 'NONE',  ( 204.4789610478665054, 30.00000000000000711, 23.68553390593276475 ) ) ;
#1620 = ORIENTED_EDGE ( 'NONE', *, *, #1601, .F. ) ;
#1621 = ORIENTED_EDGE ( 'NONE', *, *, #2237, .T. ) ;
#1622 = CARTESIAN_POINT ( 'NONE',  ( 77.75127267546629639, 5.000000000000000000, -24.82234048733176479 ) ) ;
#1623 = CARTESIAN_POINT ( 'NONE',  ( 108.6855339059327150, 35.00000000000000000, -43.68553390593266528 ) ) ;
#1624 = LINE ( 'NONE', #2348, #2717 ) ;
#1625 = CARTESIAN_POINT ( 'NONE',  ( 141.6855339059326582, 17.50000000000000000, 28.68553390593270436 ) ) ;
#1626 = AXIS2_PLACEMENT_3D ( 'NONE', #2521, #2072, #3009 ) ;
#1627 = DIRECTION ( 'NONE',  ( -1.000000000000000000, 0.000000000000000000, 0.000000000000000000 ) ) ;
#1628 = CARTESIAN_POINT ( 'NONE',  ( 74.80442726606835890, 1.942191597805359438, -0.4546126142190180519 ) ) ;
#1629 = ORIENTED_EDGE ( 'NONE', *, *, #1348, .F. ) ;
#1630 = LINE ( 'NONE', #1865, #1755 ) ;
#1631 = EDGE_LOOP ( 'NONE', ( #850, #1302, #685, #638 ) ) ;
#1632 = ORIENTED_EDGE ( 'NONE', *, *, #2598, .T. ) ;
#1633 = CARTESIAN_POINT ( 'NONE',  ( 193.1489438335833597, 17.50000000000000000, -35.93553390593264396 ) ) ;
#1634 = FACE_OUTER_BOUND ( 'NONE', #2992, .T. ) ;
#1635 = DIRECTION ( 'NONE',  ( -1.000000000000000000, 0.000000000000000000, -2.392722035830077986E-16 ) ) ;
#1636 = EDGE_CURVE ( 'NONE', #2806, #2369, #2297, .T. ) ;
#1637 = VECTOR ( 'NONE', #1827, 1000.000000000000114 ) ;
#1638 = CARTESIAN_POINT ( 'NONE',  ( -0.01439563789012980599, 14.52862773216555858, -7.729155625442135857 ) ) ;
#1639 = DIRECTION ( 'NONE',  ( 1.000000000000000000, 0.000000000000000000, 0.000000000000000000 ) ) ;
#1640 = VERTEX_POINT ( 'NONE', #86 ) ;
#1641 = LINE ( 'NONE', #19, #2391 ) ;
#1642 = ORIENTED_EDGE ( 'NONE', *, *, #1897, .F. ) ;
#1643 = EDGE_LOOP ( 'NONE', ( #604, #475, #2180 ) ) ;
#1644 = DIRECTION ( 'NONE',  ( -0.000000000000000000, 1.000000000000000000, 0.000000000000000000 ) ) ;
#1645 = CIRCLE ( 'NONE', #2831, 5.000000000000000888 ) ;
#1646 = CARTESIAN_POINT ( 'NONE',  ( -19.24299146938999527, 19.63306027778957841, -13.01182546283432906 ) ) ;
#1647 = ADVANCED_FACE ( 'NONE', ( #1956 ), #1075, .T. ) ;
#1648 = CIRCLE ( 'NONE', #108, 4.999999999999976907 ) ;
#1649 = CIRCLE ( 'NONE', #2144, 1.000000000000000000 ) ;
#1650 = CARTESIAN_POINT ( 'NONE',  ( 110.7566017177981905, 30.00000000000000355, -48.68553390593266528 ) ) ;
#1651 = VECTOR ( 'NONE', #1590, 1000.000000000000000 ) ;
#1652 = TOROIDAL_SURFACE ( 'NONE', #2347, 5.744562646538025064, 1.000000000000000000 ) ;
#1653 = B_SPLINE_CURVE_WITH_KNOTS ( 'NONE', 3,
 ( #636, #1323, #188, #2944, #1098, #2038, #2757, #2974, #1771, #2063, #1799, #1570, #2770, #1537 ),
 .UNSPECIFIED., .F., .F.,
 ( 4, 2, 2, 2, 2, 2, 4 ),
 ( 2.168404344971008868E-18, 0.0002232367845925845615, 0.0004464735691851669545, 0.0006697103537777492933, 0.0008929471383703317406, 0.001339420707555486877, 0.001785894276740642231 ),
 .UNSPECIFIED. ) ;
#1654 = CARTESIAN_POINT ( 'NONE',  ( 79.99999999999998579, 0.000000000000000000, -4.850613120293674640 ) ) ;
#1655 = EDGE_CURVE ( 'NONE', #2155, #2466, #2700, .T. ) ;
#1656 = ADVANCED_FACE ( 'NONE', ( #1274 ), #2136, .F. ) ;
#1657 = DIRECTION ( 'NONE',  ( -0.3481553119113964812, 1.626193739669667869E-15, 0.9374368665610919304 ) ) ;
#1658 = CARTESIAN_POINT ( 'NONE',  ( 77.75127267546629639, 30.00000000000000355, 4.822340487331763903 ) ) ;
#1659 = LINE ( 'NONE', #972, #723 ) ;
#1660 = LINE ( 'NONE', #934, #535 ) ;
#1661 = ORIENTED_EDGE ( 'NONE', *, *, #1767, .F. ) ;
#1662 = DIRECTION ( 'NONE',  ( 1.000000000000000000, 0.000000000000000000, -0.000000000000000000 ) ) ;
#1663 = VERTEX_POINT ( 'NONE', #1972 ) ;
#1664 = PLANE ( 'NONE',  #167 ) ;
#1665 = DIRECTION ( 'NONE',  ( 0.7071067811865481278, 0.000000000000000000, -0.7071067811865469066 ) ) ;
#1666 = DIRECTION ( 'NONE',  ( 0.3481553119113972028, -0.000000000000000000, 0.9374368665610915974 ) ) ;
#1667 = EDGE_CURVE ( 'NONE', #2408, #2703, #687, .T. ) ;
#1668 = DIRECTION ( 'NONE',  ( 1.000000000000000000, 0.000000000000000000, 0.000000000000000000 ) ) ;
#1669 = DIRECTION ( 'NONE',  ( 1.000000000000000000, 0.000000000000000000, -6.938893903907260918E-16 ) ) ;
#1670 = CARTESIAN_POINT ( 'NONE',  ( 204.4789610478665054, 30.00000000000000355, -48.68553390593266528 ) ) ;
#1671 = FACE_OUTER_BOUND ( 'NONE', #867, .T. ) ;
#1672 = CARTESIAN_POINT ( 'NONE',  ( 74.57349703600037572, 33.24282368297778589, -19.50812587500402628 ) ) ;
#1673 = VERTEX_POINT ( 'NONE', #607 ) ;
#1674 = FACE_OUTER_BOUND ( 'NONE', #1083, .T. ) ;
#1675 = ORIENTED_EDGE ( 'NONE', *, *, #1238, .F. ) ;
#1676 = CARTESIAN_POINT ( 'NONE',  ( 136.6855339059326866, 17.50000000000000000, -48.68553390593266528 ) ) ;
#1677 = CARTESIAN_POINT ( 'NONE',  ( -19.17718850768898875, 20.52257600973353391, -11.96903061683480907 ) ) ;
#1678 = CARTESIAN_POINT ( 'NONE',  ( 141.6855339059326582, 5.000000000000000888, 28.68553390593274699 ) ) ;
#1679 = CARTESIAN_POINT ( 'NONE',  ( -18.61483519286549537, 15.50000000000000355, -13.99999999999999467 ) ) ;
#1680 = CARTESIAN_POINT ( 'NONE',  ( 78.66132991051864565, 34.75736604628152548, -16.41225563348692162 ) ) ;
#1681 = PERSON_AND_ORGANIZATION ( #2667, #1705 ) ;
#1682 = CARTESIAN_POINT ( 'NONE',  ( 0.000000000000000000, 20.50000000000000355, -6.999999999999993783 ) ) ;
#1683 = B_SPLINE_CURVE_WITH_KNOTS ( 'NONE', 3,
 ( #1426, #107, #2171, #1976, #2220, #2632 ),
 .UNSPECIFIED., .F., .F.,
 ( 4, 2, 4 ),
 ( 0.001352572690160847111, 0.003167876615594809528, 0.004983180541028772378 ),
 .UNSPECIFIED. ) ;
#1684 = CARTESIAN_POINT ( 'NONE',  ( 77.75127267546629639, 5.000000000000000000, -24.82234048733176479 ) ) ;
#1685 = ORIENTED_EDGE ( 'NONE', *, *, #1805, .T. ) ;
#1686 = EDGE_CURVE ( 'NONE', #666, #504, #11, .T. ) ;
#1687 = DIRECTION ( 'NONE',  ( -0.000000000000000000, 0.000000000000000000, -1.000000000000000000 ) ) ;
#1688 = EDGE_LOOP ( 'NONE', ( #513, #616, #396, #2095, #670 ) ) ;
#1689 = CARTESIAN_POINT ( 'NONE',  ( -19.65590675585755776, 20.26503148174422009, -6.911972907126886057 ) ) ;
#1690 = ADVANCED_FACE ( 'NONE', ( #72 ), #987, .T. ) ;
#1691 = DIRECTION ( 'NONE',  ( 0.000000000000000000, -0.000000000000000000, 1.000000000000000000 ) ) ;
#1692 = CARTESIAN_POINT ( 'NONE',  ( -18.78871721863058752, 20.47587448187840309, -12.25483489053717712 ) ) ;
#1693 = AXIS2_PLACEMENT_3D ( 'NONE', #2110, #1422, #710 ) ;
#1694 = LINE ( 'NONE', #1513, #2034 ) ;
#1695 = EDGE_CURVE ( 'NONE', #2080, #2094, #2538, .T. ) ;
#1696 = CIRCLE ( 'NONE', #2931, 5.000000000000000888 ) ;
#1697 = CARTESIAN_POINT ( 'NONE',  ( 74.68371112286725122, 1.854115654190765072, -0.4651752767491184049 ) ) ;
#1698 = ORIENTED_EDGE ( 'NONE', *, *, #1883, .T. ) ;
#1699 = AXIS2_PLACEMENT_3D ( 'NONE', #1229, #1941, #1265 ) ;
#1700 = VECTOR ( 'NONE', #1763, 1000.000000000000000 ) ;
#1701 = CARTESIAN_POINT ( 'NONE',  ( 78.20787607113504691, 34.67517753789324075, -16.60922106731306513 ) ) ;
#1702 = ORIENTED_EDGE ( 'NONE', *, *, #346, .F. ) ;
#1703 = DIRECTION ( 'NONE',  ( -1.000000000000000000, 0.000000000000000000, 0.000000000000000000 ) ) ;
#1704 = ORIENTED_EDGE ( 'NONE', *, *, #2400, .F. ) ;
#1705 = ORGANIZATION ( 'UNSPECIFIED', 'UNSPECIFIED', '' ) ;
#1706 = EDGE_CURVE ( 'NONE', #1189, #1343, #2930, .T. ) ;
#1707 = DIRECTION ( 'NONE',  ( 0.000000000000000000, 1.000000000000000000, 0.000000000000000000 ) ) ;
#1708 = ORIENTED_EDGE ( 'NONE', *, *, #2472, .T. ) ;
#1709 = ORIENTED_EDGE ( 'NONE', *, *, #1469, .F. ) ;
#1710 = CARTESIAN_POINT ( 'NONE',  ( 112.6855339059326440, 35.00000000000000000, 15.93553390593275765 ) ) ;
#1711 = CARTESIAN_POINT ( 'NONE',  ( -19.32951393786726513, 14.59614996360813066, -12.44016084342961292 ) ) ;
#1712 = LINE ( 'NONE', #991, #60 ) ;
#1713 = DIRECTION ( 'NONE',  ( 0.000000000000000000, 0.000000000000000000, -1.000000000000000000 ) ) ;
#1714 = CARTESIAN_POINT ( 'NONE',  ( 78.89065752832298983, 0.2010683229914621006, -16.30833060787643873 ) ) ;
#1715 = ORIENTED_EDGE ( 'NONE', *, *, #148, .T. ) ;
#1716 = CARTESIAN_POINT ( 'NONE',  ( -19.35411837830825021, 14.68279488978575920, -7.417044018022615148 ) ) ;
#1717 = CARTESIAN_POINT ( 'NONE',  ( 80.00000000000000000, 35.00000000000000000, -15.07845905230314010 ) ) ;
#1718 = EDGE_LOOP ( 'NONE', ( #684, #2026, #1524, #1234 ) ) ;
#1719 = APPLICATION_PROTOCOL_DEFINITION ( 'international standard', 'config_control_design', 1994, #1981 ) ;
#1720 = CARTESIAN_POINT ( 'NONE',  ( -19.46402473247785281, 15.57063004325892486, -6.571428572543720925 ) ) ;
#1721 = FACE_OUTER_BOUND ( 'NONE', #103, .T. ) ;
#1722 = VERTEX_POINT ( 'NONE', #849 ) ;
#1723 = VECTOR ( 'NONE', #747, 1000.000000000000000 ) ;
#1724 = CARTESIAN_POINT ( 'NONE',  ( 75.41903890528455179, 2.390619609544716972, -0.4008340957876021515 ) ) ;
#1725 = ORIENTED_EDGE ( 'NONE', *, *, #694, .F. ) ;
#1726 = CARTESIAN_POINT ( 'NONE',  ( -18.89440396693849067, 14.62880728620428705, -12.49544596618029857 ) ) ;
#1727 = CARTESIAN_POINT ( 'NONE',  ( -18.61483519286549182, 19.50000000000000355, -12.99999999999999467 ) ) ;
#1728 = CARTESIAN_POINT ( 'NONE',  ( -18.77835450861184441, 15.26312426975007597, -12.98035163533103464 ) ) ;
#1729 = CARTESIAN_POINT ( 'NONE',  ( 79.87066554348601244, 0.02344187024315672399, -15.56111901325686553 ) ) ;
#1730 = ORIENTED_EDGE ( 'NONE', *, *, #267, .F. ) ;
#1731 = EDGE_CURVE ( 'NONE', #1538, #1472, #621, .T. ) ;
#1732 = ADVANCED_FACE ( 'NONE', ( #1066 ), #2264, .T. ) ;
#1733 = DIRECTION ( 'NONE',  ( 1.000000000000000000, 0.000000000000000000, 0.000000000000000000 ) ) ;
#1734 = VERTEX_POINT ( 'NONE', #1784 ) ;
#1735 = CARTESIAN_POINT ( 'NONE',  ( 204.4789610478665338, 4.000000000000003553, 15.93553390593271857 ) ) ;
#1736 = CARTESIAN_POINT ( 'NONE',  ( 110.7566017177981337, 0.000000000000000000, 23.68553390593273633 ) ) ;
#1737 = ORIENTED_EDGE ( 'NONE', *, *, #2526, .F. ) ;
#1738 = CARTESIAN_POINT ( 'NONE',  ( 74.80442726606830206, 33.05780840219468075, -19.54538738578097679 ) ) ;
#1739 = VERTEX_POINT ( 'NONE', #3001 ) ;
#1740 = CARTESIAN_POINT ( 'NONE',  ( -18.87270328106855288, 14.59824571312321773, -12.43719719837629434 ) ) ;
#1741 = CARTESIAN_POINT ( 'NONE',  ( 141.6855339059326582, 17.50000000000000000, 1.793398282201843275 ) ) ;
#1742 = CARTESIAN_POINT ( 'NONE',  ( 200.4789610478665338, 5.000000000000000888, -43.68553390593266528 ) ) ;
#1743 = CARTESIAN_POINT ( 'NONE',  ( 110.7566017177981337, 5.000000000000000888, 23.68553390593273633 ) ) ;
#1744 = VERTEX_POINT ( 'NONE', #1349 ) ;
#1745 = VECTOR ( 'NONE', #906, 1000.000000000000000 ) ;
#1746 = CARTESIAN_POINT ( 'NONE',  ( -19.65588284042659950, 14.49297891961079543, -7.154023109758769650 ) ) ;
#1747 = AXIS2_PLACEMENT_3D ( 'NONE', #2132, #54, #1889 ) ;
#1748 = CARTESIAN_POINT ( 'NONE',  ( -18.93186331373544817, 20.16015318584343063, -7.245904369903632514 ) ) ;
#1749 = VERTEX_POINT ( 'NONE', #1552 ) ;
#1750 = EDGE_CURVE ( 'NONE', #554, #988, #2586, .T. ) ;
#1751 =( BOUNDED_CURVE ( )  B_SPLINE_CURVE ( 3, ( #2591, #1399, #22, #489 ),
 .UNSPECIFIED., .F., .T. ) 
 B_SPLINE_CURVE_WITH_KNOTS ( ( 4, 4 ),
 ( 6.271434074403300585, 6.283185307179586232 ),
 .UNSPECIFIED. ) 
 CURVE ( )  GEOMETRIC_REPRESENTATION_ITEM ( )  RATIONAL_B_SPLINE_CURVE ( ( 1.000000000000000000, 0.9999884924104593953, 0.9999884924104593953, 1.000000000000000000 ) ) 
 REPRESENTATION_ITEM ( '' )  );
#1752 = CARTESIAN_POINT ( 'NONE',  ( -19.38414445102756645, 14.07142857142857473, -8.285714285714279370 ) ) ;
#1753 = AXIS2_PLACEMENT_3D ( 'NONE', #1915, #2097, #288 ) ;
#1754 = CIRCLE ( 'NONE', #2833, 4.000000000000000000 ) ;
#1755 = VECTOR ( 'NONE', #525, 1000.000000000000114 ) ;
#1756 = DIRECTION ( 'NONE',  ( 0.000000000000000000, 0.000000000000000000, 1.000000000000000000 ) ) ;
#1757 = ORIENTED_EDGE ( 'NONE', *, *, #1149, .T. ) ;
#1758 = DIRECTION ( 'NONE',  ( 0.9839681580756584056, 0.1783442286512130770, 0.000000000000000000 ) ) ;
#1759 = ORIENTED_EDGE ( 'NONE', *, *, #2387, .T. ) ;
#1760 = EDGE_CURVE ( 'NONE', #483, #1994, #1305, .T. ) ;
#1761 = DIRECTION ( 'NONE',  ( 0.000000000000000000, 0.000000000000000000, 1.000000000000000000 ) ) ;
#1762 = CARTESIAN_POINT ( 'NONE',  ( -19.32967850388475739, 15.05918907698974429, -12.90357653953769912 ) ) ;
#1763 = DIRECTION ( 'NONE',  ( -7.633321871438900030E-18, -1.000000000000000000, -7.633321871438920060E-18 ) ) ;
#1764 = CARTESIAN_POINT ( 'NONE',  ( -19.42454828724140370, 19.32307637271170719, -13.42857142857142172 ) ) ;
#1765 = CARTESIAN_POINT ( 'NONE',  ( -19.52765033918366555, 14.12327201279765987, -12.14684339192298701 ) ) ;
#1766 = ORIENTED_EDGE ( 'NONE', *, *, #408, .F. ) ;
#1767 = EDGE_CURVE ( 'NONE', #1045, #274, #395, .T. ) ;
#1768 = CARTESIAN_POINT ( 'NONE',  ( -19.62377482917293747, 20.70775893983037008, -7.436378342488490389 ) ) ;
#1769 = ORIENTED_EDGE ( 'NONE', *, *, #2471, .T. ) ;
#1770 = DIRECTION ( 'NONE',  ( 0.000000000000000000, 0.000000000000000000, 1.000000000000000000 ) ) ;
#1771 = CARTESIAN_POINT ( 'NONE',  ( 74.25662343628368944, 33.71088251423772419, -0.8332567188759770760 ) ) ;
#1772 =( BOUNDED_CURVE ( )  B_SPLINE_CURVE ( 3, ( #2929, #596, #1074, #2013 ),
 .UNSPECIFIED., .F., .T. ) 
 B_SPLINE_CURVE_WITH_KNOTS ( ( 4, 4 ),
 ( 6.267153027326041403, 6.267638958445286512 ),
 .UNSPECIFIED. ) 
 CURVE ( )  GEOMETRIC_REPRESENTATION_ITEM ( )  RATIONAL_B_SPLINE_CURVE ( ( 1.000000000000000000, 0.9999999803225790851, 0.9999999803225790851, 1.000000000000000000 ) ) 
 REPRESENTATION_ITEM ( '' )  );
#1773 = ORIENTED_EDGE ( 'NONE', *, *, #238, .F. ) ;
#1774 = CARTESIAN_POINT ( 'NONE',  ( 77.10574892667224844, 3.925145556751311382, -0.2532469689161757076 ) ) ;
#1775 = VERTEX_POINT ( 'NONE', #1127 ) ;
#1776 = CARTESIAN_POINT ( 'NONE',  ( 204.4789610478665054, 35.00000000000000000, -35.93553390593263686 ) ) ;
#1777 = CARTESIAN_POINT ( 'NONE',  ( 0.000000000000000000, 14.50000000000000355, -11.99999999999999289 ) ) ;
#1778 = CARTESIAN_POINT ( 'NONE',  ( 204.4789610478665054, 35.00000000000000000, 23.68553390593276831 ) ) ;
#1779 = CIRCLE ( 'NONE', #565, 5.000000000000000000 ) ;
#1780 = CARTESIAN_POINT ( 'NONE',  ( 200.4789610478665338, 4.999999999999997335, -48.68553390593266528 ) ) ;
#1781 = CARTESIAN_POINT ( 'NONE',  ( -19.17718850768754280, 14.47742399026736493, -8.030969383164356046 ) ) ;
#1782 = LINE ( 'NONE', #1061, #2986 ) ;
#1783 = CARTESIAN_POINT ( 'NONE',  ( -19.52765033918367621, 15.35315660807700588, -6.623272012797648323 ) ) ;
#1784 = CARTESIAN_POINT ( 'NONE',  ( 204.4789610478665054, 30.00000000000000711, -44.68553390593266528 ) ) ;
#1785 = EDGE_CURVE ( 'NONE', #551, #217, #1653, .T. ) ;
#1786 = ORIENTED_EDGE ( 'NONE', *, *, #457, .F. ) ;
#1787 = CARTESIAN_POINT ( 'NONE',  ( 76.81742944035478615, 31.36871908464717507, -19.72152507603104610 ) ) ;
#1788 = EDGE_LOOP ( 'NONE', ( #1269, #1898, #625, #1479 ) ) ;
#1789 = CARTESIAN_POINT ( 'NONE',  ( -0.01762188724481702010, 20.11118654679778572, -7.197989843468866056 ) ) ;
#1790 = DIRECTION ( 'NONE',  ( 1.000000000000000000, 0.000000000000000000, 0.000000000000000000 ) ) ;
#1791 = EDGE_CURVE ( 'NONE', #106, #1045, #102, .T. ) ;
#1792 = EDGE_CURVE ( 'NONE', #1574, #1239, #1832, .T. ) ;
#1793 = ORIENTED_EDGE ( 'NONE', *, *, #1601, .T. ) ;
#1794 = CARTESIAN_POINT ( 'NONE',  ( 74.57184789057180296, 1.755478621506436410, -19.50737976617715930 ) ) ;
#1795 = CARTESIAN_POINT ( 'NONE',  ( -19.64921988786473150, 14.41818590127835087, -12.75433375635520861 ) ) ;
#1796 = CARTESIAN_POINT ( 'NONE',  ( -19.10439562987771822, 14.50000000000000355, -8.181818181818172775 ) ) ;
#1797 = CARTESIAN_POINT ( 'NONE',  ( 204.4789610478665054, 31.00000000000000711, -55.95336991259380710 ) ) ;
#1798 = CIRCLE ( 'NONE', #689, 1.000000000000001332 ) ;
#1799 = CARTESIAN_POINT ( 'NONE',  ( 74.38522346944678532, 33.45053597211043694, -0.5963012940436278608 ) ) ;
#1800 = AXIS2_PLACEMENT_3D ( 'NONE', #951, #940, #733 ) ;
#1801 = ORIENTED_EDGE ( 'NONE', *, *, #129, .F. ) ;
#1802 = AXIS2_PLACEMENT_3D ( 'NONE', #465, #2346, #205 ) ;
#1803 = CARTESIAN_POINT ( 'NONE',  ( 0.000000000000000000, 20.50000000000000355, -11.99999999999999289 ) ) ;
#1804 = ORIENTED_EDGE ( 'NONE', *, *, #847, .T. ) ;
#1805 = EDGE_CURVE ( 'NONE', #1328, #504, #2513, .T. ) ;
#1806 = CIRCLE ( 'NONE', #2545, 5.744562646538025952 ) ;
#1807 = CC_DESIGN_APPROVAL ( #1569, ( #2948 ) ) ;
#1808 = B_SPLINE_CURVE_WITH_KNOTS ( 'NONE', 3,
 ( #665, #381, #1291, #2230 ),
 .UNSPECIFIED., .F., .F.,
 ( 4, 4 ),
 ( 0.005380402101893685604, 0.005996107092936109849 ),
 .UNSPECIFIED. ) ;
#1809 = CARTESIAN_POINT ( 'NONE',  ( 76.45125707292906725, 34.35679034446838642, -2.624727264503359692 ) ) ;
#1810 = B_SPLINE_CURVE_WITH_KNOTS ( 'NONE', 3,
 ( #225, #1150, #182, #675, #886, #6, #466, #2985 ),
 .UNSPECIFIED., .F., .F.,
 ( 4, 2, 2, 4 ),
 ( 0.000000000000000000, 0.0007822358284919657271, 0.001173353742737946910, 0.001564471656983927985 ),
 .UNSPECIFIED. ) ;
#1811 = ORIENTED_EDGE ( 'NONE', *, *, #2649, .F. ) ;
#1812 = DIRECTION ( 'NONE',  ( -1.000000000000000000, -0.000000000000000000, 0.000000000000000000 ) ) ;
#1813 = CARTESIAN_POINT ( 'NONE',  ( 107.2210678118654670, 35.00000000000000000, -47.22106781186541014 ) ) ;
#1814 = FACE_OUTER_BOUND ( 'NONE', #2804, .T. ) ;
#1815 = CARTESIAN_POINT ( 'NONE',  ( -19.53318618684613384, 19.65114552699500194, -6.612786601920988439 ) ) ;
#1816 = CARTESIAN_POINT ( 'NONE',  ( 84.82234048733178611, 35.00000000000000000, -17.75127267546629994 ) ) ;
#1817 = ORIENTED_EDGE ( 'NONE', *, *, #2568, .T. ) ;
#1818 = CARTESIAN_POINT ( 'NONE',  ( -19.42454828724140370, 20.92857142857143060, -8.176923627288285701 ) ) ;
#1819 = ORIENTED_EDGE ( 'NONE', *, *, #2843, .F. ) ;
#1820 = PLANE ( 'NONE',  #64 ) ;
#1821 = APPLICATION_CONTEXT ( 'configuration controlled 3d designs of mechanical parts and assemblies' ) ;
#1822 = EDGE_LOOP ( 'NONE', ( #2846, #1510, #543, #2455 ) ) ;
#1823 = ORIENTED_EDGE ( 'NONE', *, *, #1791, .T. ) ;
#1824 = LINE ( 'NONE', #446, #1651 ) ;
#1825 = DIRECTION ( 'NONE',  ( 0.000000000000000000, 0.000000000000000000, -1.000000000000000000 ) ) ;
#1826 = AXIS2_PLACEMENT_3D ( 'NONE', #2361, #1886, #533 ) ;
#1827 = DIRECTION ( 'NONE',  ( 0.7071067811865465735, 0.000000000000000000, 0.7071067811865484609 ) ) ;
#1828 = CARTESIAN_POINT ( 'NONE',  ( 79.75044048573019495, 0.04523266196140463685, -4.280225478162749120 ) ) ;
#1829 = PERSON_AND_ORGANIZATION_ROLE ( 'creator' ) ;
#1830 = EDGE_CURVE ( 'NONE', #1157, #1328, #1808, .T. ) ;
#1831 = EDGE_CURVE ( 'NONE', #1853, #2965, #1696, .T. ) ;
#1832 = LINE ( 'NONE', #2480, #2385 ) ;
#1833 = ORIENTED_EDGE ( 'NONE', *, *, #1919, .F. ) ;
#1834 = CARTESIAN_POINT ( 'NONE',  ( -19.55718890659927922, 20.84480328619460110, -7.744575568419723055 ) ) ;
#1835 = CARTESIAN_POINT ( 'NONE',  ( 0.0007200844441082208600, 19.63113877922865669, -6.999999999999992895 ) ) ;
#1836 = ORIENTED_EDGE ( 'NONE', *, *, #1867, .T. ) ;
#1837 = EDGE_LOOP ( 'NONE', ( #2031, #999, #2078, #1062, #2428, #864 ) ) ;
#1838 = CARTESIAN_POINT ( 'NONE',  ( 74.80442726606838733, 1.942191597805376757, -19.54538738578098389 ) ) ;
#1839 = CARTESIAN_POINT ( 'NONE',  ( -19.10439562987771822, 19.31818181818182367, -12.99999999999999467 ) ) ;
#1840 = CARTESIAN_POINT ( 'NONE',  ( 110.7566017177981337, 30.00000000000000355, 23.68553390593273633 ) ) ;
#1841 = EDGE_CURVE ( 'NONE', #907, #608, #732, .T. ) ;
#1842 = FACE_OUTER_BOUND ( 'NONE', #712, .T. ) ;
#1843 = EDGE_CURVE ( 'NONE', #504, #2502, #1365, .T. ) ;
#1844 = DIRECTION ( 'NONE',  ( 0.000000000000000000, 0.000000000000000000, -1.000000000000000000 ) ) ;
#1845 = DIRECTION ( 'NONE',  ( 0.000000000000000000, 0.000000000000000000, 1.000000000000000000 ) ) ;
#1846 = ORIENTED_EDGE ( 'NONE', *, *, #253, .F. ) ;
#1847 = VECTOR ( 'NONE', #2184, 1000.000000000000000 ) ;
#1848 = CARTESIAN_POINT ( 'NONE',  ( -23.99999999999999289, 20.92857142857143415, -9.999999999999992895 ) ) ;
#1849 = CIRCLE ( 'NONE', #538, 4.999999999999976907 ) ;
#1850 = CARTESIAN_POINT ( 'NONE',  ( 74.26460212125331850, 33.84079642571018809, -18.98640006234737143 ) ) ;
#1851 = ORIENTED_EDGE ( 'NONE', *, *, #1830, .F. ) ;
#1852 = CC_DESIGN_PERSON_AND_ORGANIZATION_ASSIGNMENT ( #1549, #1110, ( #2101 ) ) ;
#1853 = VERTEX_POINT ( 'NONE', #39 ) ;
#1854 = AXIS2_PLACEMENT_3D ( 'NONE', #758, #2359, #1882 ) ;
#1855 = DIRECTION ( 'NONE',  ( 0.7071067811865466846, 0.000000000000000000, 0.7071067811865485719 ) ) ;
#1856 = CIRCLE ( 'NONE', #2443, 4.999999999999997335 ) ;
#1857 = CARTESIAN_POINT ( 'NONE',  ( -19.60517424126720698, 19.96376662569794647, -13.26015020605171912 ) ) ;
#1858 = AXIS2_PLACEMENT_3D ( 'NONE', #1890, #28, #2152 ) ;
#1859 = DIRECTION ( 'NONE',  ( 7.633321871438898489E-18, 1.000000000000000000, 7.633321871438918519E-18 ) ) ;
#1860 = CARTESIAN_POINT ( 'NONE',  ( 0.000000000000000000, 15.50000000000000355, -6.999999999999993783 ) ) ;
#1861 = EDGE_CURVE ( 'NONE', #1515, #698, #240, .T. ) ;
#1862 = DIRECTION ( 'NONE',  ( -2.392722035830077986E-16, -0.000000000000000000, 1.000000000000000000 ) ) ;
#1863 = DIRECTION ( 'NONE',  ( 0.000000000000000000, 1.000000000000000000, 0.000000000000000000 ) ) ;
#1864 = ORIENTED_EDGE ( 'NONE', *, *, #2855, .F. ) ;
#1865 = CARTESIAN_POINT ( 'NONE',  ( 103.6855339059327292, 30.00000000000000355, -43.68553390593268659 ) ) ;
#1866 = ORIENTED_EDGE ( 'NONE', *, *, #1792, .T. ) ;
#1867 = EDGE_CURVE ( 'NONE', #234, #699, #1553, .T. ) ;
#1868 = EDGE_LOOP ( 'NONE', ( #262, #1985 ) ) ;
#1869 = DIRECTION ( 'NONE',  ( -0.000000000000000000, 1.000000000000000000, 0.000000000000000000 ) ) ;
#1870 = CARTESIAN_POINT ( 'NONE',  ( 75.86790274915163934, 2.718116045023403426, -19.63844149055076826 ) ) ;
#1871 =( BOUNDED_SURFACE ( )  B_SPLINE_SURFACE ( 3, 2, ( 
 ( #1580, #2940, #2461 ),
 ( #377, #2742, #2227 ),
 ( #2957, #2523, #2288 ),
 ( #651, #2020, #844 ),
 ( #2510, #1126, #1768 ),
 ( #2062, #857, #2711 ),
 ( #618, #825, #2477 ),
 ( #1748, #411, #2973 ),
 ( #2694, #1533, #391 ),
 ( #1301, #425, #1097 ),
 ( #197, #2988, #171 ),
 ( #2048, #2494, #1815 ),
 ( #1319, #1887, #1594 ),
 ( #2116, #280, #9 ) ),
 .UNSPECIFIED., .F., .F., .T. ) 
 B_SPLINE_SURFACE_WITH_KNOTS ( ( 4, 2, 2, 2, 2, 2, 4 ),
 ( 3, 3 ),
 ( -1.517883041479706208E-18, 0.0008020106466150469073, 0.001203015969922571066, 0.001604021293230095332, 0.002005026616537619599, 0.002406031939845143866, 0.003208042586460192400 ),
 ( 0.000000000000000000, 1.000000000000000000 ),
 .UNSPECIFIED. ) 
 GEOMETRIC_REPRESENTATION_ITEM ( )  RATIONAL_B_SPLINE_SURFACE ( (
 ( 1.000000000000000000, 0.8864052604279182290, 1.000000000000000000),
 ( 1.000000000000000000, 0.8965350965807991068, 1.000000000000000000),
 ( 1.000000000000000000, 0.9048241968489868503, 1.000000000000000000),
 ( 1.000000000000000000, 0.9133148069615156794, 1.000000000000000000),
 ( 1.000000000000000000, 0.9154744156294423174, 1.000000000000000000),
 ( 1.000000000000000000, 0.9184174850788113798, 1.000000000000000000),
 ( 1.000000000000000000, 0.9191749491871489264, 1.000000000000000000),
 ( 1.000000000000000000, 0.9191804436809741796, 1.000000000000000000),
 ( 1.000000000000000000, 0.9184434926537144994, 1.000000000000000000),
 ( 1.000000000000000000, 0.9154944279080664549, 1.000000000000000000),
 ( 1.000000000000000000, 0.9133259281714530831, 1.000000000000000000),
 ( 1.000000000000000000, 0.9048231316724656415, 1.000000000000000000),
 ( 1.000000000000000000, 0.8965413739432532836, 1.000000000000000000),
 ( 1.000000000000000000, 0.8864052604279186731, 1.000000000000000000) ) ) 
 REPRESENTATION_ITEM ( '' )  SURFACE ( )  );
#1872 = DIRECTION ( 'NONE',  ( 2.392722035830077986E-16, 0.000000000000000000, -1.000000000000000000 ) ) ;
#1873 = CARTESIAN_POINT ( 'NONE',  ( -0.02046738189212793727, 14.63024379303789502, -7.489661976334935467 ) ) ;
#1874 = DIRECTION ( 'NONE',  ( 0.9374368665610924856, 0.3481553119113949268, 0.000000000000000000 ) ) ;
#1875 = DIRECTION ( 'NONE',  ( 1.000000000000000000, 0.000000000000000000, -0.000000000000000000 ) ) ;
#1876 = CYLINDRICAL_SURFACE ( 'NONE', #1936, 4.000000000000003553 ) ;
#1877 = EDGE_CURVE ( 'NONE', #1113, #2358, #1798, .T. ) ;
#1878 = CARTESIAN_POINT ( 'NONE',  ( 141.6855339059326298, 35.00000000000000000, 15.93553390593274344 ) ) ;
#1879 = ORIENTED_EDGE ( 'NONE', *, *, #186, .T. ) ;
#1880 = CARTESIAN_POINT ( 'NONE',  ( -2.720871029049328538, 18.99054907646612378, -8.241897040687499398 ) ) ;
#1881 = ORIENTED_EDGE ( 'NONE', *, *, #2511, .F. ) ;
#1882 = DIRECTION ( 'NONE',  ( -0.7071067811865531239, 0.000000000000000000, 0.7071067811865420216 ) ) ;
#1883 = EDGE_CURVE ( 'NONE', #1028, #1673, #2801, .T. ) ;
#1884 = CARTESIAN_POINT ( 'NONE',  ( 109.1499999999999204, 35.00000000000000000, -32.39999999999995595 ) ) ;
#1885 = EDGE_CURVE ( 'NONE', #943, #1853, #2571, .T. ) ;
#1886 = DIRECTION ( 'NONE',  ( 1.000000000000000000, 0.000000000000000000, -0.000000000000000000 ) ) ;
#1887 = CARTESIAN_POINT ( 'NONE',  ( -19.17718850768709160, 19.46903061683583402, -6.977423990266828469 ) ) ;
#1888 = EDGE_CURVE ( 'NONE', #1239, #474, #1615, .T. ) ;
#1889 = DIRECTION ( 'NONE',  ( 1.000000000000000000, 0.000000000000000000, 0.000000000000000000 ) ) ;
#1890 = CARTESIAN_POINT ( 'NONE',  ( -23.99999999999999289, 13.50000000000000533, -9.999999999999992895 ) ) ;
#1891 = DIRECTION ( 'NONE',  ( 0.9374368665610918194, 0.000000000000000000, -0.3481553119113964256 ) ) ;
#1892 = B_SPLINE_CURVE_WITH_KNOTS ( 'NONE', 3,
 ( #1303, #1971, #2697, #1519, #2464, #379, #798, #364 ),
 .UNSPECIFIED., .F., .F.,
 ( 4, 2, 2, 4 ),
 ( -1.414213562394619237E-05, 0.001127409862160303226, 0.002268961859944552961, 0.004552065855513051998 ),
 .UNSPECIFIED. ) ;
#1893 = CARTESIAN_POINT ( 'NONE',  ( 77.75127267546629639, 30.00000000000000355, -24.82234048733176479 ) ) ;
#1894 = AXIS2_PLACEMENT_3D ( 'NONE', #2467, #126, #2234 ) ;
#1895 = VERTEX_POINT ( 'NONE', #511 ) ;
#1896 = CARTESIAN_POINT ( 'NONE',  ( -0.000000000000000000, 0.000000000000000000, -43.68553390593266528 ) ) ;
#1897 = EDGE_CURVE ( 'NONE', #1300, #817, #57, .T. ) ;
#1898 = ORIENTED_EDGE ( 'NONE', *, *, #2512, .T. ) ;
#1899 = DIRECTION ( 'NONE',  ( -1.000000000000000000, 0.000000000000000000, 0.000000000000000000 ) ) ;
#1900 = AXIS2_PLACEMENT_3D ( 'NONE', #2376, #536, #2641 ) ;
#1901 = CARTESIAN_POINT ( 'NONE',  ( -18.93180750984615912, 20.15958861525290047, -12.75458949551289933 ) ) ;
#1902 = AXIS2_PLACEMENT_3D ( 'NONE', #2002, #1516, #887 ) ;
#1903 = AXIS2_PLACEMENT_3D ( 'NONE', #516, #74, #2616 ) ;
#1904 = AXIS2_PLACEMENT_3D ( 'NONE', #2016, #149, #2971 ) ;
#1905 = CYLINDRICAL_SURFACE ( 'NONE', #945, 4.999999999999997335 ) ;
#1906 = TOROIDAL_SURFACE ( 'NONE', #2287, 1.000000000000000000, 4.000000000000000000 ) ;
#1907 = LOCAL_TIME ( 14, 27, 1.000000000000000000, #2727 ) ;
#1908 = CYLINDRICAL_SURFACE ( 'NONE', #2052, 1.000000000000000000 ) ;
#1909 = CARTESIAN_POINT ( 'NONE',  ( 107.2210678118654670, 5.000000000000000888, -47.22106781186541014 ) ) ;
#1910 = CARTESIAN_POINT ( 'NONE',  ( 0.000000000000000000, 20.50000000000000355, -7.999999999999992895 ) ) ;
#1911 = DIRECTION ( 'NONE',  ( 1.000000000000000000, -0.000000000000000000, -0.000000000000000000 ) ) ;
#1912 = LINE ( 'NONE', #1878, #1551 ) ;
#1913 = ORIENTED_EDGE ( 'NONE', *, *, #1023, .T. ) ;
#1914 = EDGE_LOOP ( 'NONE', ( #2876, #528, #1058, #1757, #1572, #2219, #637 ) ) ;
#1915 = CARTESIAN_POINT ( 'NONE',  ( -23.99999999999999289, 17.50000000000000355, -9.999999999999992895 ) ) ;
#1916 = CARTESIAN_POINT ( 'NONE',  ( -19.10439562987771822, 20.50000000000000355, -11.81818181818181479 ) ) ;
#1917 = DIRECTION ( 'NONE',  ( 0.000000000000000000, 0.000000000000000000, -1.000000000000000000 ) ) ;
#1918 = DIRECTION ( 'NONE',  ( 0.7071067811865472397, 0.000000000000000000, -0.7071067811865479058 ) ) ;
#1919 = EDGE_CURVE ( 'NONE', #172, #1744, #914, .T. ) ;
#1920 = CARTESIAN_POINT ( 'NONE',  ( 77.97919824948316148, 34.63372968271882257, -16.70368630985715441 ) ) ;
#1921 = CALENDAR_DATE ( 2026, 21, 4 ) ;
#1922 = EDGE_CURVE ( 'NONE', #1975, #666, #705, .T. ) ;
#1923 = ORIENTED_EDGE ( 'NONE', *, *, #1655, .T. ) ;
#1924 = CARTESIAN_POINT ( 'NONE',  ( 74.48308048940023696, 34.00005833870380201, -18.63054629684230434 ) ) ;
#1925 = EDGE_LOOP ( 'NONE', ( #2563, #681, #894 ) ) ;
#1926 = PLANE ( 'NONE',  #209 ) ;
#1927 = VERTEX_POINT ( 'NONE', #3013 ) ;
#1928 = CARTESIAN_POINT ( 'NONE',  ( -19.42455828292957776, 19.32310328692580370, -6.571428571428564069 ) ) ;
#1929 = FACE_OUTER_BOUND ( 'NONE', #956, .T. ) ;
#1930 = LINE ( 'NONE', #2569, #664 ) ;
#1931 = CARTESIAN_POINT ( 'NONE',  ( 74.60063397212876168, 0.9786350925516610344, -1.460660233077628156 ) ) ;
#1932 = EDGE_LOOP ( 'NONE', ( #802, #2891, #246, #2829 ) ) ;
#1933 = EDGE_CURVE ( 'NONE', #2993, #2155, #227, .T. ) ;
#1934 = DIRECTION ( 'NONE',  ( -0.000000000000000000, -1.000000000000000000, -0.000000000000000000 ) ) ;
#1935 = DIRECTION ( 'NONE',  ( 0.000000000000000000, 1.000000000000000000, 0.000000000000000000 ) ) ;
#1936 = AXIS2_PLACEMENT_3D ( 'NONE', #501, #85, #524 ) ;
#1937 = CARTESIAN_POINT ( 'NONE',  ( -19.99999999999999289, 20.50000000000000355, -12.99999999999999467 ) ) ;
#1938 = CARTESIAN_POINT ( 'NONE',  ( 141.6855339059326298, 30.00000000000000355, 23.68553390593274699 ) ) ;
#1939 = ORIENTED_EDGE ( 'NONE', *, *, #1020, .F. ) ;
#1940 = ORIENTED_EDGE ( 'NONE', *, *, #496, .F. ) ;
#1941 = DIRECTION ( 'NONE',  ( -0.000000000000000000, -0.000000000000000000, 1.000000000000000000 ) ) ;
#1942 = CARTESIAN_POINT ( 'NONE',  ( 200.4789610478665338, 0.000000000000000000, 23.68553390593276475 ) ) ;
#1943 = DIRECTION ( 'NONE',  ( -1.000000000000000000, 0.000000000000000000, -3.154042683594197093E-16 ) ) ;
#1944 = CIRCLE ( 'NONE', #587, 5.744562646538025952 ) ;
#1945 = CARTESIAN_POINT ( 'NONE',  ( -19.64921988786472440, 20.25433375635521571, -13.08181409872164380 ) ) ;
#1946 = CARTESIAN_POINT ( 'NONE',  ( 77.70373076325932971, 0.4161987991592493441, -3.181458599898661976 ) ) ;
#1947 = AXIS2_PLACEMENT_3D ( 'NONE', #680, #2771, #1141 ) ;
#1948 = ORIENTED_EDGE ( 'NONE', *, *, #1152, .F. ) ;
#1949 = CIRCLE ( 'NONE', #2836, 4.999999999999976907 ) ;
#1950 = VECTOR ( 'NONE', #2046, 1000.000000000000000 ) ;
#1951 = CARTESIAN_POINT ( 'NONE',  ( -19.99999999999999289, 15.50000000000000355, -11.99999999999999289 ) ) ;
#1952 = ORIENTED_EDGE ( 'NONE', *, *, #2654, .T. ) ;
#1953 = DIRECTION ( 'NONE',  ( -1.000000000000000000, 0.000000000000000000, 0.000000000000000000 ) ) ;
#1954 = CARTESIAN_POINT ( 'NONE',  ( -18.87270328106855288, 15.06280280162374119, -7.098245713123191081 ) ) ;
#1955 = CIRCLE ( 'NONE', #2550, 5.744562646538025952 ) ;
#1956 = FACE_OUTER_BOUND ( 'NONE', #809, .T. ) ;
#1957 = ORIENTED_EDGE ( 'NONE', *, *, #1462, .T. ) ;
#1958 = CARTESIAN_POINT ( 'NONE',  ( -0.0001269806636981450881, 20.49997698475470287, -12.00783413264620236 ) ) ;
#1959 = EDGE_LOOP ( 'NONE', ( #2344, #1589, #301, #1987, #1356, #2124, #890, #780, #2170 ) ) ;
#1960 = CARTESIAN_POINT ( 'NONE',  ( 108.6855339059327150, 5.000000000000000888, -48.68553390593266528 ) ) ;
#1961 = FACE_OUTER_BOUND ( 'NONE', #21, .T. ) ;
#1962 = EDGE_CURVE ( 'NONE', #742, #1640, #2440, .T. ) ;
#1963 = EDGE_CURVE ( 'NONE', #2278, #2399, #448, .T. ) ;
#1964 = CARTESIAN_POINT ( 'NONE',  ( 141.6855339059326298, 0.000000000000000000, 23.68553390593274699 ) ) ;
#1965 = CARTESIAN_POINT ( 'NONE',  ( 75.49725206997945293, 0.8161230623162225584, -2.096067761413098918 ) ) ;
#1966 = ORIENTED_EDGE ( 'NONE', *, *, #2802, .F. ) ;
#1967 = CARTESIAN_POINT ( 'NONE',  ( -18.87281387044001590, 14.59836249926655505, -7.562543975095489479 ) ) ;
#1968 = CARTESIAN_POINT ( 'NONE',  ( 141.6855339059326582, 17.50000000000000000, -48.68553390593266528 ) ) ;
#1969 = EDGE_LOOP ( 'NONE', ( #2615, #2763, #420, #1051 ) ) ;
#1970 = DATE_AND_TIME ( #1032, #1124 ) ;
#1971 = CARTESIAN_POINT ( 'NONE',  ( 77.91906504930813071, 30.26906625172045651, -0.1820818081855356541 ) ) ;
#1972 = CARTESIAN_POINT ( 'NONE',  ( -18.61483519286549182, 19.50000000000000355, -12.99999999999999467 ) ) ;
#1973 = ORIENTED_EDGE ( 'NONE', *, *, #678, .F. ) ;
#1974 = CARTESIAN_POINT ( 'NONE',  ( -18.61483519286549182, 20.50000000000000355, -7.999999999999992895 ) ) ;
#1975 = VERTEX_POINT ( 'NONE', #1909 ) ;
#1976 = CARTESIAN_POINT ( 'NONE',  ( 76.64336296995770681, 0.6083904616951656408, -17.27880339937137677 ) ) ;
#1977 = EDGE_CURVE ( 'NONE', #474, #1556, #2543, .T. ) ;
#1978 = CARTESIAN_POINT ( 'NONE',  ( -18.87281387044001590, 15.06254397509555965, -12.90163750073346627 ) ) ;
#1979 = CARTESIAN_POINT ( 'NONE',  ( -18.93192345937527676, 20.15746676572793561, -12.75685825755081915 ) ) ;
#1980 = CARTESIAN_POINT ( 'NONE',  ( -18.70102153417331792, 14.50000000000000888, -12.11603191301664495 ) ) ;
#1981 = APPLICATION_CONTEXT ( 'configuration controlled 3d designs of mechanical parts and assemblies' ) ;
#1982 = EDGE_CURVE ( 'NONE', #1663, #1423, #589, .T. ) ;
#1983 = EDGE_CURVE ( 'NONE', #988, #2258, #2812, .T. ) ;
#1984 = DIRECTION ( 'NONE',  ( -1.000000000000000000, 0.000000000000000000, 4.785444071660157944E-16 ) ) ;
#1985 = ORIENTED_EDGE ( 'NONE', *, *, #1335, .T. ) ;
#1986 = CARTESIAN_POINT ( 'NONE',  ( 79.62165125888050454, 34.93142429067210486, -15.84718720469695263 ) ) ;
#1987 = ORIENTED_EDGE ( 'NONE', *, *, #2956, .T. ) ;
#1988 = DIRECTION ( 'NONE',  ( -0.000000000000000000, -0.000000000000000000, -1.000000000000000000 ) ) ;
#1989 = CARTESIAN_POINT ( 'NONE',  ( -18.61483519286549182, 19.50000000000000355, -5.999999999999992895 ) ) ;
#1990 = DIRECTION ( 'NONE',  ( 0.000000000000000000, 0.000000000000000000, 1.000000000000000000 ) ) ;
#1991 = AXIS2_PLACEMENT_3D ( 'NONE', #1989, #100, #413 ) ;
#1992 = ORIENTED_EDGE ( 'NONE', *, *, #130, .F. ) ;
#1993 = DIRECTION ( 'NONE',  ( 0.000000000000000000, -0.000000000000000000, 1.000000000000000000 ) ) ;
#1994 = VERTEX_POINT ( 'NONE', #228 ) ;
#1995 = DIRECTION ( 'NONE',  ( 0.000000000000000000, 1.000000000000000000, -0.000000000000000000 ) ) ;
#1996 = FACE_OUTER_BOUND ( 'NONE', #2969, .T. ) ;
#1997 = CARTESIAN_POINT ( 'NONE',  ( 141.6855339059328003, 35.00000000000000000, -43.68553390593266528 ) ) ;
#1998 = ADVANCED_FACE ( 'NONE', ( #2583 ), #2195, .T. ) ;
#1999 = CARTESIAN_POINT ( 'NONE',  ( -19.46146899607645153, 19.43132011456026831, -13.41831521061511090 ) ) ;
#2000 = CARTESIAN_POINT ( 'NONE',  ( -18.70102153417331436, 15.38396808698335683, -6.999999999999996447 ) ) ;
#2001 = AXIS2_PLACEMENT_3D ( 'NONE', #2290, #2715, #427 ) ;
#2002 = CARTESIAN_POINT ( 'NONE',  ( 110.7566017177982047, 30.00000000000000355, -43.68553390593267238 ) ) ;
#2003 = ORIENTED_EDGE ( 'NONE', *, *, #1461, .F. ) ;
#2004 = CARTESIAN_POINT ( 'NONE',  ( -19.10439562987771467, 15.68181818181818343, -6.999999999999992895 ) ) ;
#2005 = VECTOR ( 'NONE', #552, 1000.000000000000114 ) ;
#2006 = AXIS2_PLACEMENT_3D ( 'NONE', #2185, #1231, #1414 ) ;
#2007 = AXIS2_PLACEMENT_3D ( 'NONE', #285, #244, #1159 ) ;
#2008 = DIRECTION ( 'NONE',  ( -0.3481553119113953154, -0.9374368665610921525, -2.834100125387109054E-15 ) ) ;
#2009 = ORIENTED_EDGE ( 'NONE', *, *, #1520, .F. ) ;
#2010 = FACE_OUTER_BOUND ( 'NONE', #2712, .T. ) ;
#2011 = ORIENTED_EDGE ( 'NONE', *, *, #2335, .T. ) ;
#2012 = CARTESIAN_POINT ( 'NONE',  ( -19.60517424126717145, 14.23984979394825245, -12.46376662569783456 ) ) ;
#2013 = CARTESIAN_POINT ( 'NONE',  ( 0.000000000000000000, 15.50049403978028373, -6.999999999999993783 ) ) ;
#2014 = DIRECTION ( 'NONE',  ( 0.000000000000000000, 0.000000000000000000, 1.000000000000000000 ) ) ;
#2015 = VECTOR ( 'NONE', #2316, 1000.000000000000000 ) ;
#2016 = CARTESIAN_POINT ( 'NONE',  ( 200.4789610478665338, 4.000000000000000888, 23.68553390593276475 ) ) ;
#2017 = VERTEX_POINT ( 'NONE', #268 ) ;
#2018 = CARTESIAN_POINT ( 'NONE',  ( -19.36028568503428815, 14.85177839433131552, -7.234060449997072872 ) ) ;
#2019 = EDGE_CURVE ( 'NONE', #366, #2080, #572, .T. ) ;
#2020 = CARTESIAN_POINT ( 'NONE',  ( -19.31166032001535626, 20.43750430510386096, -7.634323972332536457 ) ) ;
#2021 = ORIENTED_EDGE ( 'NONE', *, *, #2202, .T. ) ;
#2022 = DIRECTION ( 'NONE',  ( -1.000000000000000000, 0.000000000000000000, 0.000000000000000000 ) ) ;
#2023 = ADVANCED_FACE ( 'NONE', ( #2211 ), #762, .T. ) ;
#2024 = ADVANCED_FACE ( 'NONE', ( #1270 ), #117, .T. ) ;
#2025 = DIRECTION ( 'NONE',  ( 1.000000000000000000, 0.000000000000000000, 0.000000000000000000 ) ) ;
#2026 = ORIENTED_EDGE ( 'NONE', *, *, #345, .T. ) ;
#2027 = CARTESIAN_POINT ( 'NONE',  ( 200.4789610478665338, 4.000000000000000000, 35.95336991259401316 ) ) ;
#2028 = ORIENTED_EDGE ( 'NONE', *, *, #1883, .F. ) ;
#2029 = CARTESIAN_POINT ( 'NONE',  ( 80.00000000000000000, 0.000000000000000000, 0.000000000000000000 ) ) ;
#2030 = APPROVAL ( #2463, 'UNSPECIFIED' ) ;
#2031 = ORIENTED_EDGE ( 'NONE', *, *, #568, .F. ) ;
#2032 = CARTESIAN_POINT ( 'NONE',  ( 74.26497709317746398, 1.158389344212059413, -18.98502926535403290 ) ) ;
#2033 = LINE ( 'NONE', #884, #1402 ) ;
#2034 = VECTOR ( 'NONE', #1713, 1000.000000000000000 ) ;
#2035 = DIRECTION ( 'NONE',  ( -1.000000000000000000, -0.000000000000000000, -0.000000000000000000 ) ) ;
#2036 = DIRECTION ( 'NONE',  ( 0.000000000000000000, 0.000000000000000000, -1.000000000000000000 ) ) ;
#2037 = EDGE_CURVE ( 'NONE', #317, #1538, #2340, .T. ) ;
#2038 = CARTESIAN_POINT ( 'NONE',  ( 74.28563112201251784, 33.87784109762623785, -1.078825756375908940 ) ) ;
#2039 = ORIENTED_EDGE ( 'NONE', *, *, #1407, .F. ) ;
#2040 = CARTESIAN_POINT ( 'NONE',  ( 141.6855339059326582, 17.50000000000000000, 1.793398282201843275 ) ) ;
#2041 = EDGE_LOOP ( 'NONE', ( #2775, #1008, #333, #1438, #1134 ) ) ;
#2042 = AXIS2_PLACEMENT_3D ( 'NONE', #2768, #2779, #897 ) ;
#2043 = CARTESIAN_POINT ( 'NONE',  ( 77.96244592325983547, 34.63069332359086161, -3.288293304175428311 ) ) ;
#2044 = ORIENTED_EDGE ( 'NONE', *, *, #2242, .F. ) ;
#2045 = FACE_OUTER_BOUND ( 'NONE', #2849, .T. ) ;
#2046 = DIRECTION ( 'NONE',  ( 0.000000000000000000, -1.000000000000000000, 0.000000000000000000 ) ) ;
#2047 = DIRECTION ( 'NONE',  ( -1.526664374287787710E-17, 1.000000000000000000, 1.526664374287784936E-17 ) ) ;
#2048 = CARTESIAN_POINT ( 'NONE',  ( -18.78871721863058752, 19.75483489053734942, -7.024125518121660861 ) ) ;
#2049 = AXIS2_PLACEMENT_3D ( 'NONE', #2628, #2527, #158 ) ;
#2050 = CARTESIAN_POINT ( 'NONE',  ( 75.08050227572849167, 34.10834103747579604, -18.16702308370702923 ) ) ;
#2051 = VERTEX_POINT ( 'NONE', #82 ) ;
#2052 = AXIS2_PLACEMENT_3D ( 'NONE', #2841, #2392, #2375 ) ;
#2053 = VERTEX_POINT ( 'NONE', #2857 ) ;
#2054 = CIRCLE ( 'NONE', #738, 4.999999999999997335 ) ;
#2055 = CARTESIAN_POINT ( 'NONE',  ( 80.00000000000000000, 35.00000000000000000, -4.921540947696859902 ) ) ;
#2056 = EDGE_LOOP ( 'NONE', ( #2415, #2009, #526, #573 ) ) ;
#2057 = CARTESIAN_POINT ( 'NONE',  ( 74.60063397212854852, 34.02136490744830155, -1.460660233077458070 ) ) ;
#2058 = EDGE_CURVE ( 'NONE', #172, #287, #1849, .T. ) ;
#2059 = PLANE ( 'NONE',  #1802 ) ;
#2060 = EDGE_CURVE ( 'NONE', #1339, #2903, #2245, .T. ) ;
#2061 = DIRECTION ( 'NONE',  ( 0.000000000000000000, 0.000000000000000000, 1.000000000000000000 ) ) ;
#2062 = CARTESIAN_POINT ( 'NONE',  ( -18.92408986722663755, 20.29772489075103792, -7.393305308535398801 ) ) ;
#2063 = CARTESIAN_POINT ( 'NONE',  ( 74.30817860560603094, 33.56064233565906818, -0.6751822664562083798 ) ) ;
#2064 = ORIENTED_EDGE ( 'NONE', *, *, #1469, .T. ) ;
#2065 = EDGE_LOOP ( 'NONE', ( #643, #1543, #1588, #2758, #2168, #2182 ) ) ;
#2066 = FACE_BOUND ( 'NONE', #1868, .T. ) ;
#2067 = ORIENTED_EDGE ( 'NONE', *, *, #2522, .T. ) ;
#2068 = ORIENTED_EDGE ( 'NONE', *, *, #1375, .T. ) ;
#2069 = LINE ( 'NONE', #1329, #1614 ) ;
#2070 = DIRECTION ( 'NONE',  ( -0.000000000000000000, -1.000000000000000000, -0.000000000000000000 ) ) ;
#2071 = VECTOR ( 'NONE', #1564, 1000.000000000000000 ) ;
#2072 = DIRECTION ( 'NONE',  ( 0.7071067811865482389, 0.000000000000000000, -0.7071067811865470176 ) ) ;
#2073 = EDGE_CURVE ( 'NONE', #274, #1895, #312, .T. ) ;
#2074 = DIRECTION ( 'NONE',  ( -1.000000000000000000, 0.000000000000000000, 0.000000000000000000 ) ) ;
#2075 = ADVANCED_FACE ( 'NONE', ( #341 ), #2175, .F. ) ;
#2076 = CARTESIAN_POINT ( 'NONE',  ( 200.4789610478665338, 4.000000000000000000, -35.93553390593263686 ) ) ;
#2077 = DIRECTION ( 'NONE',  ( 0.000000000000000000, 0.000000000000000000, 1.000000000000000000 ) ) ;
#2078 = ORIENTED_EDGE ( 'NONE', *, *, #1686, .F. ) ;
#2079 = CARTESIAN_POINT ( 'NONE',  ( 74.30879270010650828, 33.55957658455576365, -19.32571562793123476 ) ) ;
#2080 = VERTEX_POINT ( 'NONE', #98 ) ;
#2081 = ORIENTED_EDGE ( 'NONE', *, *, #233, .T. ) ;
#2082 = CARTESIAN_POINT ( 'NONE',  ( -18.61483519286549537, 15.50000000000000355, -12.99999999999999467 ) ) ;
#2083 = ADVANCED_FACE ( 'NONE', ( #1010 ), #1432, .T. ) ;
#2084 = CARTESIAN_POINT ( 'NONE',  ( -18.78872894671124527, 19.75489777837047356, -12.97582573201206912 ) ) ;
#2085 = FACE_OUTER_BOUND ( 'NONE', #1932, .T. ) ;
#2086 = DIRECTION ( 'NONE',  ( -1.387778780781445676E-15, 0.000000000000000000, 1.000000000000000000 ) ) ;
#2087 = EDGE_CURVE ( 'NONE', #2863, #1975, #2633, .T. ) ;
#2088 = CARTESIAN_POINT ( 'NONE',  ( -23.99999999999999289, 17.50000000000000355, -6.571428571428565846 ) ) ;
#2089 = CYLINDRICAL_SURFACE ( 'NONE', #1261, 5.000000000000000888 ) ;
#2090 = ORIENTED_EDGE ( 'NONE', *, *, #2260, .F. ) ;
#2091 = VECTOR ( 'NONE', #2721, 1000.000000000000000 ) ;
#2092 = VECTOR ( 'NONE', #1417, 1000.000000000000000 ) ;
#2093 = DIRECTION ( 'NONE',  ( -1.000000000000000000, 0.000000000000000000, -3.154042683594197093E-16 ) ) ;
#2094 = VERTEX_POINT ( 'NONE', #795 ) ;
#2095 = ORIENTED_EDGE ( 'NONE', *, *, #629, .F. ) ;
#2096 = CIRCLE ( 'NONE', #500, 4.999999999999997335 ) ;
#2097 = DIRECTION ( 'NONE',  ( -0.000000000000000000, -1.000000000000000000, -0.000000000000000000 ) ) ;
#2098 = CIRCLE ( 'NONE', #1904, 4.000000000000003553 ) ;
#2099 = B_SPLINE_CURVE_WITH_KNOTS ( 'NONE', 3,
 ( #25, #3000, #2556, #467, #2320, #2540, #1873, #1638, #1404, #2350 ),
 .UNSPECIFIED., .F., .F.,
 ( 4, 2, 2, 2, 4 ),
 ( 0.000000000000000000, 0.0003910474262677302590, 0.0007820948525354605180, 0.001173142278803190885, 0.001564189705070921036 ),
 .UNSPECIFIED. ) ;
#2100 = DIRECTION ( 'NONE',  ( 7.523163845262632169E-31, -8.673617379884034486E-16, 1.000000000000000000 ) ) ;
#2101 = SECURITY_CLASSIFICATION ( '', '', #212 ) ;
#2102 = CARTESIAN_POINT ( 'NONE',  ( 141.6855339059326298, 35.00000000000000000, 15.93553390593274344 ) ) ;
#2103 = DIRECTION ( 'NONE',  ( 0.000000000000000000, 0.000000000000000000, -1.000000000000000000 ) ) ;
#2104 = EDGE_CURVE ( 'NONE', #2017, #1744, #1014, .T. ) ;
#2105 = DIRECTION ( 'NONE',  ( -1.000000000000000000, -0.000000000000000000, -0.000000000000000000 ) ) ;
#2106 = FACE_OUTER_BOUND ( 'NONE', #1718, .T. ) ;
#2107 = ORIENTED_EDGE ( 'NONE', *, *, #1922, .F. ) ;
#2108 = EDGE_CURVE ( 'NONE', #817, #1300, #1009, .T. ) ;
#2109 = EDGE_CURVE ( 'NONE', #1080, #2436, #2673, .T. ) ;
#2110 = CARTESIAN_POINT ( 'NONE',  ( -18.61483519286549182, 13.50000000000000533, -7.999999999999992895 ) ) ;
#2111 = ORIENTED_EDGE ( 'NONE', *, *, #622, .T. ) ;
#2112 = ORIENTED_EDGE ( 'NONE', *, *, #1831, .F. ) ;
#2113 = DIRECTION ( 'NONE',  ( -0.7071067811865472397, -0.000000000000000000, -0.7071067811865479058 ) ) ;
#2114 = CARTESIAN_POINT ( 'NONE',  ( 77.75127267546592691, 4.563335008765804446, -19.80323635910326985 ) ) ;
#2115 = CARTESIAN_POINT ( 'NONE',  ( 84.82234048733178611, 0.000000000000000000, -17.75127267546628218 ) ) ;
#2116 = CARTESIAN_POINT ( 'NONE',  ( -18.61483519286549182, 19.50000000000000355, -6.999999999999992895 ) ) ;
#2117 = VECTOR ( 'NONE', #2896, 1000.000000000000000 ) ;
#2118 = DIRECTION ( 'NONE',  ( -1.000000000000000000, -7.930164461608261426E-16, -0.000000000000000000 ) ) ;
#2119 = ADVANCED_FACE ( 'NONE', ( #153 ), #2726, .T. ) ;
#2120 = CARTESIAN_POINT ( 'NONE',  ( 200.4789610478665338, 4.000000000000000000, 0.000000000000000000 ) ) ;
#2121 = CARTESIAN_POINT ( 'NONE',  ( 74.60063397212876168, 0.9786350925516610344, -1.460660233077628156 ) ) ;
#2122 = CIRCLE ( 'NONE', #1583, 4.999999999999976907 ) ;
#2123 = LINE ( 'NONE', #472, #2241 ) ;
#2124 = ORIENTED_EDGE ( 'NONE', *, *, #1695, .T. ) ;
#2125 = DIRECTION ( 'NONE',  ( 2.392722035830077986E-16, 0.000000000000000000, -1.000000000000000000 ) ) ;
#2126 = ORIENTED_EDGE ( 'NONE', *, *, #1117, .T. ) ;
#2127 = CARTESIAN_POINT ( 'NONE',  ( 108.6855339059327150, 5.000000000000000888, -48.68553390593266528 ) ) ;
#2128 = CARTESIAN_POINT ( 'NONE',  ( -19.65588284042668121, 20.50702108038927562, -12.84597689024127831 ) ) ;
#2129 = FACE_OUTER_BOUND ( 'NONE', #1631, .T. ) ;
#2130 = CIRCLE ( 'NONE', #1592, 5.744562646538027728 ) ;
#2131 = CARTESIAN_POINT ( 'NONE',  ( 74.60063397212876168, 0.9786350925516610344, -1.460660233077628156 ) ) ;
#2132 = CARTESIAN_POINT ( 'NONE',  ( 141.6855339059326582, 17.50000000000000000, -48.68553390593266528 ) ) ;
#2133 = CARTESIAN_POINT ( 'NONE',  ( 109.1499999999999204, 35.00000000000000000, -32.39999999999995595 ) ) ;
#2134 = DIRECTION ( 'NONE',  ( 1.000000000000000000, 0.000000000000000000, -0.000000000000000000 ) ) ;
#2135 = DIRECTION ( 'NONE',  ( 1.000000000000000000, 7.930164461608261426E-16, 0.000000000000000000 ) ) ;
#2136 = TOROIDAL_SURFACE ( 'NONE', #293, 5.744562646538025952, 1.000000000000000000 ) ;
#2137 = ORIENTED_EDGE ( 'NONE', *, *, #2215, .F. ) ;
#2138 = CARTESIAN_POINT ( 'NONE',  ( 109.1499999999999204, 35.00000000000000000, 12.40000000000003411 ) ) ;
#2139 = ORIENTED_EDGE ( 'NONE', *, *, #2199, .F. ) ;
#2140 = CARTESIAN_POINT ( 'NONE',  ( 146.6855339059326298, 17.50000000000000000, 1.793398282201843275 ) ) ;
#2141 = VECTOR ( 'NONE', #1639, 1000.000000000000000 ) ;
#2142 = CARTESIAN_POINT ( 'NONE',  ( -19.60526903208154792, 20.75995000097056931, -12.46421032822792263 ) ) ;
#2143 = AXIS2_PLACEMENT_3D ( 'NONE', #46, #1644, #2383 ) ;
#2144 = AXIS2_PLACEMENT_3D ( 'NONE', #2867, #550, #1284 ) ;
#2145 = CYLINDRICAL_SURFACE ( 'NONE', #135, 4.999999999999997335 ) ;
#2146 = UNCERTAINTY_MEASURE_WITH_UNIT (LENGTH_MEASURE( 1.000000000000000082E-05 ), #996, 'distance_accuracy_value', 'NONE');
#2147 = EDGE_CURVE ( 'NONE', #274, #1673, #1645, .T. ) ;
#2148 = EDGE_CURVE ( 'NONE', #43, #459, #1782, .T. ) ;
#2149 = PRODUCT_DEFINITION_FORMATION_WITH_SPECIFIED_SOURCE ( 'ANY', '', #26, .NOT_KNOWN. ) ;
#2150 = LINE ( 'NONE', #1221, #648 ) ;
#2151 = DIRECTION ( 'NONE',  ( 4.785444071660157944E-16, -0.000000000000000000, 1.000000000000000000 ) ) ;
#2152 = DIRECTION ( 'NONE',  ( 0.000000000000000000, 0.000000000000000000, 1.000000000000000000 ) ) ;
#2153 = ORIENTED_EDGE ( 'NONE', *, *, #2312, .F. ) ;
#2154 = CARTESIAN_POINT ( 'NONE',  ( -0.01760612110000401090, 20.11063611668531692, -12.80242787360434598 ) ) ;
#2155 = VERTEX_POINT ( 'NONE', #2263 ) ;
#2156 = LINE ( 'NONE', #1896, #646 ) ;
#2157 = ORIENTED_EDGE ( 'NONE', *, *, #2942, .T. ) ;
#2158 = CARTESIAN_POINT ( 'NONE',  ( -19.52768618615481699, 19.64696689680561192, -6.623301840832954923 ) ) ;
#2159 = CARTESIAN_POINT ( 'NONE',  ( 146.6855339059326298, 17.50000000000000000, 35.95336991259401316 ) ) ;
#2160 = FACE_OUTER_BOUND ( 'NONE', #1397, .T. ) ;
#2161 = DIRECTION ( 'NONE',  ( 0.000000000000000000, 1.000000000000000000, 0.000000000000000000 ) ) ;
#2162 = ORIENTED_EDGE ( 'NONE', *, *, #3012, .F. ) ;
#2163 = CARTESIAN_POINT ( 'NONE',  ( -19.99999999999999289, 20.50000000000000355, -12.99999999999999467 ) ) ;
#2164 = FACE_OUTER_BOUND ( 'NONE', #2041, .T. ) ;
#2165 = CARTESIAN_POINT ( 'NONE',  ( -19.99999999999999289, 14.50000000000000355, -12.99999999999999467 ) ) ;
#2166 = AXIS2_PLACEMENT_3D ( 'NONE', #939, #1415, #37 ) ;
#2167 = CARTESIAN_POINT ( 'NONE',  ( -0.0003809376073649527942, 20.49993095505866947, -12.01175096232064377 ) ) ;
#2168 = ORIENTED_EDGE ( 'NONE', *, *, #380, .T. ) ;
#2169 = CARTESIAN_POINT ( 'NONE',  ( -29.99999999999999289, 17.50000000000000355, -9.999999999999992895 ) ) ;
#2170 = ORIENTED_EDGE ( 'NONE', *, *, #471, .F. ) ;
#2171 = CARTESIAN_POINT ( 'NONE',  ( 75.58013558809167876, 0.8011004246583830479, -17.85054282380533763 ) ) ;
#2172 = CARTESIAN_POINT ( 'NONE',  ( -19.10439562987771822, 15.68181818181818521, -12.99999999999999467 ) ) ;
#2173 = DIRECTION ( 'NONE',  ( 1.000000000000000000, -0.000000000000000000, 0.000000000000000000 ) ) ;
#2174 = CARTESIAN_POINT ( 'NONE',  ( 77.97994245629374177, 0.3661354297967567839, -16.70337302339786589 ) ) ;
#2175 = PLANE ( 'NONE',  #924 ) ;
#2176 = ORIENTED_EDGE ( 'NONE', *, *, #1977, .T. ) ;
#2177 = ORIENTED_EDGE ( 'NONE', *, *, #3018, .T. ) ;
#2178 = EDGE_CURVE ( 'NONE', #1294, #1307, #966, .T. ) ;
#2179 = CARTESIAN_POINT ( 'NONE',  ( 200.4789610478665338, 5.000000000000000888, 23.68553390593276475 ) ) ;
#2180 = ORIENTED_EDGE ( 'NONE', *, *, #963, .F. ) ;
#2181 = DIRECTION ( 'NONE',  ( -0.000000000000000000, -1.000000000000000000, -0.000000000000000000 ) ) ;
#2182 = ORIENTED_EDGE ( 'NONE', *, *, #84, .T. ) ;
#2183 = CARTESIAN_POINT ( 'NONE',  ( 141.6855339059324592, 0.000000000000000000, -43.68553390593266528 ) ) ;
#2184 = DIRECTION ( 'NONE',  ( -1.000000000000000000, -0.000000000000000000, 0.000000000000000000 ) ) ;
#2185 = CARTESIAN_POINT ( 'NONE',  ( 110.7566017177981905, 30.00000000000000355, -43.68553390593267238 ) ) ;
#2186 = AXIS2_PLACEMENT_3D ( 'NONE', #2088, #929, #1627 ) ;
#2187 = CARTESIAN_POINT ( 'NONE',  ( -18.70089243307219107, 15.38414189465994220, -12.99999999999999289 ) ) ;
#2188 = AXIS2_PLACEMENT_3D ( 'NONE', #718, #900, #2307 ) ;
#2189 = CARTESIAN_POINT ( 'NONE',  ( 79.08181835459498643, 0.1664204232296582486, -3.794409310641657207 ) ) ;
#2190 = AXIS2_PLACEMENT_3D ( 'NONE', #490, #1591, #1136 ) ;
#2191 = ORIENTED_EDGE ( 'NONE', *, *, #1526, .F. ) ;
#2192 = CARTESIAN_POINT ( 'NONE',  ( -19.60526903208156568, 14.24004999902927615, -7.535789671772257670 ) ) ;
#2193 = VECTOR ( 'NONE', #2323, 1000.000000000000000 ) ;
#2194 = CC_DESIGN_APPROVAL ( #902, ( #2101 ) ) ;
#2195 = SPHERICAL_SURFACE ( 'NONE', #2542, 5.999999999999998224 ) ;
#2196 = ORIENTED_EDGE ( 'NONE', *, *, #1888, .F. ) ;
#2197 = CARTESIAN_POINT ( 'NONE',  ( -23.99999999999999289, 17.50000000000000355, -5.999999999999993783 ) ) ;
#2198 = CARTESIAN_POINT ( 'NONE',  ( -19.62377482917295524, 14.93637834248847263, -6.792241060169633471 ) ) ;
#2199 = EDGE_CURVE ( 'NONE', #16, #1538, #2291, .T. ) ;
#2200 = CARTESIAN_POINT ( 'NONE',  ( 77.75127267546629639, 30.00000000000000355, -14.82234048733176301 ) ) ;
#2201 = VERTEX_POINT ( 'NONE', #661 ) ;
#2202 = EDGE_CURVE ( 'NONE', #1994, #943, #352, .T. ) ;
#2203 = CARTESIAN_POINT ( 'NONE',  ( 0.000000000000000000, 20.50000000000000355, -11.99999999999999289 ) ) ;
#2204 = VERTEX_POINT ( 'NONE', #2756 ) ;
#2205 = ADVANCED_FACE ( 'NONE', ( #603 ), #1871, .F. ) ;
#2206 = CARTESIAN_POINT ( 'NONE',  ( -18.93186331373521725, 14.83984681415672569, -12.75409563009650071 ) ) ;
#2207 = CARTESIAN_POINT ( 'NONE',  ( 141.6855339059326582, 5.000000000000000000, 23.68553390593274699 ) ) ;
#2208 = LINE ( 'NONE', #2420, #2517 ) ;
#2209 = CARTESIAN_POINT ( 'NONE',  ( -19.65590675585755420, 14.73496851825579057, -13.08802709287309973 ) ) ;
#2210 = ORIENTED_EDGE ( 'NONE', *, *, #81, .T. ) ;
#2211 = FACE_OUTER_BOUND ( 'NONE', #786, .T. ) ;
#2212 = ORIENTED_EDGE ( 'NONE', *, *, #198, .T. ) ;
#2213 = DIRECTION ( 'NONE',  ( -1.000000000000000000, -7.930164461608260440E-16, 0.000000000000000000 ) ) ;
#2214 = CARTESIAN_POINT ( 'NONE',  ( -19.64921988786472440, 14.74566624364478429, -6.918185901278340211 ) ) ;
#2215 = EDGE_CURVE ( 'NONE', #623, #2534, #1648, .T. ) ;
#2216 = CARTESIAN_POINT ( 'NONE',  ( -23.99999999999999289, 21.50000000000000355, -9.999999999999992895 ) ) ;
#2217 = ORIENTED_EDGE ( 'NONE', *, *, #567, .F. ) ;
#2218 = DIRECTION ( 'NONE',  ( 1.000000000000000000, 0.000000000000000000, -6.938893903907260918E-16 ) ) ;
#2219 = ORIENTED_EDGE ( 'NONE', *, *, #663, .T. ) ;
#2220 = CARTESIAN_POINT ( 'NONE',  ( 77.19533018466965757, 0.5083464040286246322, -17.03366884574072415 ) ) ;
#2221 = CARTESIAN_POINT ( 'NONE',  ( -19.24299146938998817, 14.48817453716566561, -12.13306027779027119 ) ) ;
#2222 = DIRECTION ( 'NONE',  ( -0.9803413637469803321, 0.1776868721791402261, -0.08577986932786066387 ) ) ;
#2223 = CARTESIAN_POINT ( 'NONE',  ( -19.99999999999999289, 14.50000000000000355, -7.999999999999992895 ) ) ;
#2224 = CARTESIAN_POINT ( 'NONE',  ( 141.6855339059326298, 30.00000000000000355, 28.68553390593270436 ) ) ;
#2225 = ORIENTED_EDGE ( 'NONE', *, *, #2823, .T. ) ;
#2226 = CARTESIAN_POINT ( 'NONE',  ( -18.78871721863105293, 14.52412551812173724, -7.745165109462486264 ) ) ;
#2227 = CARTESIAN_POINT ( 'NONE',  ( -19.46402473247666265, 20.92857142745440768, -8.070630043258377739 ) ) ;
#2228 = ORIENTED_EDGE ( 'NONE', *, *, #1023, .F. ) ;
#2229 = DIRECTION ( 'NONE',  ( -0.7071067811865475727, 0.000000000000000000, -0.7071067811865475727 ) ) ;
#2230 = CARTESIAN_POINT ( 'NONE',  ( 78.18710742687083837, 30.00000000000000355, -19.84137189985119676 ) ) ;
#2231 = VERTEX_POINT ( 'NONE', #494 ) ;
#2232 = CARTESIAN_POINT ( 'NONE',  ( -18.77835450861183730, 19.73687573024993114, -7.019648364668952034 ) ) ;
#2233 = VERTEX_POINT ( 'NONE', #1194 ) ;
#2234 = DIRECTION ( 'NONE',  ( 1.000000000000000000, 0.000000000000000000, 0.000000000000000000 ) ) ;
#2235 = CARTESIAN_POINT ( 'NONE',  ( -19.17718850768771333, 15.53096938316467401, -13.02257600973360852 ) ) ;
#2236 = CARTESIAN_POINT ( 'NONE',  ( 204.4789610478665338, 5.000000000000004441, 24.68553390593276475 ) ) ;
#2237 = EDGE_CURVE ( 'NONE', #2534, #623, #208, .T. ) ;
#2238 = CARTESIAN_POINT ( 'NONE',  ( 74.34846724021825537, 1.063140441828839711, -18.79967363887813647 ) ) ;
#2239 = CARTESIAN_POINT ( 'NONE',  ( 74.80442726606830206, 33.05780840219468075, -19.54538738578097679 ) ) ;
#2240 = ORIENTED_EDGE ( 'NONE', *, *, #1785, .T. ) ;
#2241 = VECTOR ( 'NONE', #2574, 1000.000000000000000 ) ;
#2242 = EDGE_CURVE ( 'NONE', #1472, #366, #734, .T. ) ;
#2243 = ADVANCED_FACE ( 'NONE', ( #2781 ), #2582, .F. ) ;
#2244 = B_SPLINE_CURVE_WITH_KNOTS ( 'NONE', 3,
 ( #1738, #1488, #1787, #1276 ),
 .UNSPECIFIED., .F., .F.,
 ( 4, 4 ),
 ( 0.001429899101799038483, 0.005380402101893685604 ),
 .UNSPECIFIED. ) ;
#2245 = CIRCLE ( 'NONE', #348, 4.000000000000003553 ) ;
#2246 = ORIENTED_EDGE ( 'NONE', *, *, #1830, .T. ) ;
#2247 = PERSON_AND_ORGANIZATION ( #2667, #1705 ) ;
#2248 = CARTESIAN_POINT ( 'NONE',  ( 0.000000000000000000, 15.50049403978028373, -6.999999999999993783 ) ) ;
#2249 = CIRCLE ( 'NONE', #1361, 4.000000000000003553 ) ;
#2250 = B_SPLINE_CURVE_WITH_KNOTS ( 'NONE', 3,
 ( #1371, #1835, #1327, #1132, #1789, #2516, #1341, #2282, #2748, #460 ),
 .UNSPECIFIED., .F., .F.,
 ( 4, 2, 2, 2, 4 ),
 ( 0.000000000000000000, 0.0003910474262677297711, 0.0007820948525354595423, 0.001173142278803189368, 0.001564189705070919085 ),
 .UNSPECIFIED. ) ;
#2251 = EDGE_CURVE ( 'NONE', #2958, #2204, #1257, .T. ) ;
#2252 = CARTESIAN_POINT ( 'NONE',  ( 0.000000000000000000, 19.50000000000000355, -6.999999999999993783 ) ) ;
#2253 = VERTEX_POINT ( 'NONE', #2769 ) ;
#2254 = CARTESIAN_POINT ( 'NONE',  ( -18.88945993824845715, 19.98060393388090716, -7.120271849326830882 ) ) ;
#2255 = ORIENTED_EDGE ( 'NONE', *, *, #2871, .T. ) ;
#2256 = FACE_OUTER_BOUND ( 'NONE', #3006, .T. ) ;
#2257 = DIRECTION ( 'NONE',  ( -0.7071067811865477948, 0.000000000000000000, -0.7071067811865473507 ) ) ;
#2258 = VERTEX_POINT ( 'NONE', #1860 ) ;
#2259 = DIRECTION ( 'NONE',  ( 1.000000000000000000, 0.000000000000000000, -0.000000000000000000 ) ) ;
#2260 = EDGE_CURVE ( 'NONE', #1080, #122, #38, .T. ) ;
#2261 = CARTESIAN_POINT ( 'NONE',  ( -19.52768618615481699, 15.35303310319439163, -13.37669815916703087 ) ) ;
#2262 = DIRECTION ( 'NONE',  ( -1.000000000000000000, 0.000000000000000000, 0.000000000000000000 ) ) ;
#2263 = CARTESIAN_POINT ( 'NONE',  ( 0.000000000000000000, 19.49950596021973226, -12.99999999999999467 ) ) ;
#2264 = CYLINDRICAL_SURFACE ( 'NONE', #781, 1.000000000000000888 ) ;
#2265 = ORIENTED_EDGE ( 'NONE', *, *, #1545, .T. ) ;
#2266 = CARTESIAN_POINT ( 'NONE',  ( -18.93192345937526966, 20.25685825755082448, -7.342533234272060838 ) ) ;
#2267 = ORIENTED_EDGE ( 'NONE', *, *, #1421, .F. ) ;
#2268 = CARTESIAN_POINT ( 'NONE',  ( 75.49057638563446915, 34.18266696989625331, -2.092143561021697185 ) ) ;
#2269 = ORIENTED_EDGE ( 'NONE', *, *, #1321, .T. ) ;
#2270 = CARTESIAN_POINT ( 'NONE',  ( 74.30817860560603094, 1.439357664340935372, -19.32481773354378163 ) ) ;
#2271 = AXIS2_PLACEMENT_3D ( 'NONE', #1443, #508, #2581 ) ;
#2272 = CARTESIAN_POINT ( 'NONE',  ( -18.70089243307219462, 14.50000000000000711, -7.884141894659936867 ) ) ;
#2273 = DIRECTION ( 'NONE',  ( -1.000000000000000000, -7.930164461608260440E-16, 0.000000000000000000 ) ) ;
#2274 = DIRECTION ( 'NONE',  ( 0.000000000000000000, 0.000000000000000000, -1.000000000000000000 ) ) ;
#2275 = SHAPE_DEFINITION_REPRESENTATION ( #3016, #882 ) ;
#2276 = CARTESIAN_POINT ( 'NONE',  ( 75.58842119702748619, 34.20040134196123915, -17.84577869828257590 ) ) ;
#2277 = ORIENTED_EDGE ( 'NONE', *, *, #187, .T. ) ;
#2278 = VERTEX_POINT ( 'NONE', #1168 ) ;
#2279 = ADVANCED_FACE ( 'NONE', ( #1842 ), #2570, .T. ) ;
#2280 = EDGE_CURVE ( 'NONE', #742, #1035, #593, .T. ) ;
#2281 = AXIS2_PLACEMENT_3D ( 'NONE', #2165, #330, #1409 ) ;
#2282 = CARTESIAN_POINT ( 'NONE',  ( -0.01439563789015592399, 20.47137226783445385, -7.729155625442137634 ) ) ;
#2283 = ORIENTED_EDGE ( 'NONE', *, *, #1885, .T. ) ;
#2284 = DIRECTION ( 'NONE',  ( -0.7071067811865465735, 0.000000000000000000, -0.7071067811865484609 ) ) ;
#2285 = CARTESIAN_POINT ( 'NONE',  ( -19.32951393786725802, 19.94016084342996464, -12.90385003639174499 ) ) ;
#2286 = CARTESIAN_POINT ( 'NONE',  ( 77.75127267546629639, 35.00000000000000000, 4.822340487331763903 ) ) ;
#2287 = AXIS2_PLACEMENT_3D ( 'NONE', #2179, #766, #2890 ) ;
#2288 = CARTESIAN_POINT ( 'NONE',  ( -19.53319623933572302, 20.88712982635180637, -7.848746665469881201 ) ) ;
#2289 = VECTOR ( 'NONE', #903, 1000.000000000000114 ) ;
#2290 = CARTESIAN_POINT ( 'NONE',  ( 84.82234048733177190, 5.000000000000000000, -2.248727324533703165 ) ) ;
#2291 = CIRCLE ( 'NONE', #1902, 5.000000000000001776 ) ;
#2292 = CIRCLE ( 'NONE', #112, 5.000000000000000000 ) ;
#2293 = ORIENTED_EDGE ( 'NONE', *, *, #2966, .T. ) ;
#2294 = VECTOR ( 'NONE', #236, 1000.000000000000000 ) ;
#2295 = DIRECTION ( 'NONE',  ( 7.046120583351804998E-16, 0.000000000000000000, -1.000000000000000000 ) ) ;
#2296 = EDGE_LOOP ( 'NONE', ( #2210, #1864, #2671, #1617 ) ) ;
#2297 = CIRCLE ( 'NONE', #1351, 1.000000000000000000 ) ;
#2298 = CIRCLE ( 'NONE', #259, 5.000000000000000888 ) ;
#2299 = DIRECTION ( 'NONE',  ( 0.000000000000000000, 0.000000000000000000, 1.000000000000000000 ) ) ;
#2300 = ADVANCED_FACE ( 'NONE', ( #2333 ), #1613, .T. ) ;
#2301 = ORIENTED_EDGE ( 'NONE', *, *, #409, .F. ) ;
#2302 = EDGE_CURVE ( 'NONE', #2258, #159, #2099, .T. ) ;
#2303 = ORIENTED_EDGE ( 'NONE', *, *, #1565, .T. ) ;
#2304 = DIRECTION ( 'NONE',  ( -0.000000000000000000, 1.000000000000000000, 0.000000000000000000 ) ) ;
#2305 = CARTESIAN_POINT ( 'NONE',  ( 110.7566017177981905, 30.00000000000000355, -43.68553390593267238 ) ) ;
#2306 = CARTESIAN_POINT ( 'NONE',  ( 81.28680658139903414, 35.00000000000000000, -21.28680658139902349 ) ) ;
#2307 = DIRECTION ( 'NONE',  ( 1.000000000000000000, 1.526664374287786785E-17, 0.000000000000000000 ) ) ;
#2308 = CARTESIAN_POINT ( 'NONE',  ( -19.99999999999999289, 15.50000000000000355, -6.999999999999993783 ) ) ;
#2309 = DIRECTION ( 'NONE',  ( -0.9803413637469803321, -0.1776868721791401429, 0.08577986932786076102 ) ) ;
#2310 = VERTEX_POINT ( 'NONE', #266 ) ;
#2311 = CARTESIAN_POINT ( 'NONE',  ( 110.7566017177981905, 5.000000000000000888, -43.68553390593266528 ) ) ;
#2312 = EDGE_CURVE ( 'NONE', #2328, #45, #2354, .T. ) ;
#2313 = CARTESIAN_POINT ( 'NONE',  ( 80.00000000000001421, 35.00000000000001421, -4.780728202518011116 ) ) ;
#2314 = VERTEX_POINT ( 'NONE', #2856 ) ;
#2315 = ORIENTED_EDGE ( 'NONE', *, *, #1667, .T. ) ;
#2316 = DIRECTION ( 'NONE',  ( 0.9803413637469803321, -0.1776868721791402261, 0.08577986932786069163 ) ) ;
#2317 = CARTESIAN_POINT ( 'NONE',  ( 84.82234048733175769, 35.00000000000000000, -2.248727324533695615 ) ) ;
#2318 = CIRCLE ( 'NONE', #2963, 0.9999999999999985567 ) ;
#2319 = CARTESIAN_POINT ( 'NONE',  ( 141.6855339059326582, 17.50000000000000000, -35.93553390593265107 ) ) ;
#2320 = CARTESIAN_POINT ( 'NONE',  ( -0.01762188724479936061, 14.88881345320222671, -7.197989843468863391 ) ) ;
#2321 = CARTESIAN_POINT ( 'NONE',  ( 77.89681665827104950, 4.708600145183178931, -19.81597145759872092 ) ) ;
#2322 = DIRECTION ( 'NONE',  ( 0.000000000000000000, 0.000000000000000000, 1.000000000000000000 ) ) ;
#2323 = DIRECTION ( 'NONE',  ( 1.000000000000000000, 0.000000000000000000, 3.154042683594197093E-16 ) ) ;
#2324 = EDGE_LOOP ( 'NONE', ( #142, #2951 ) ) ;
#2325 = DIRECTION ( 'NONE',  ( -0.000000000000000000, -0.000000000000000000, 1.000000000000000000 ) ) ;
#2326 = CARTESIAN_POINT ( 'NONE',  ( 200.4789610478665054, 35.00000000000000000, 0.000000000000000000 ) ) ;
#2327 = ORIENTED_EDGE ( 'NONE', *, *, #2654, .F. ) ;
#2328 = VERTEX_POINT ( 'NONE', #1007 ) ;
#2329 = CARTESIAN_POINT ( 'NONE',  ( -19.62377482917299432, 20.06362165751164639, -13.20775893983031679 ) ) ;
#2330 = VECTOR ( 'NONE', #1033, 1000.000000000000000 ) ;
#2331 = EDGE_CURVE ( 'NONE', #2201, #177, #1072, .T. ) ;
#2332 = CARTESIAN_POINT ( 'NONE',  ( 110.7566017177981905, 35.00000000000000000, -48.68553390593266528 ) ) ;
#2333 = FACE_OUTER_BOUND ( 'NONE', #2462, .T. ) ;
#2334 = ADVANCED_FACE ( 'NONE', ( #1494 ), #1247, .T. ) ;
#2335 = EDGE_CURVE ( 'NONE', #1749, #2460, #2826, .T. ) ;
#2336 = DIRECTION ( 'NONE',  ( -1.000000000000000000, -0.000000000000000000, -3.154042683594197093E-16 ) ) ;
#2337 = LINE ( 'NONE', #1393, #1364 ) ;
#2338 = EDGE_LOOP ( 'NONE', ( #1386, #2301, #118, #216 ) ) ;
#2339 = AXIS2_PLACEMENT_3D ( 'NONE', #569, #1482, #1253 ) ;
#2340 = CIRCLE ( 'NONE', #2830, 4.999999999999997335 ) ;
#2341 = DIRECTION ( 'NONE',  ( 1.000000000000000000, 7.930164461608260440E-16, -0.000000000000000000 ) ) ;
#2342 = VECTOR ( 'NONE', #2257, 999.9999999999998863 ) ;
#2343 = ORIENTED_EDGE ( 'NONE', *, *, #409, .T. ) ;
#2344 = ORIENTED_EDGE ( 'NONE', *, *, #1217, .T. ) ;
#2345 = FACE_OUTER_BOUND ( 'NONE', #3002, .T. ) ;
#2346 = DIRECTION ( 'NONE',  ( -0.000000000000000000, 1.000000000000000000, 0.000000000000000000 ) ) ;
#2347 = AXIS2_PLACEMENT_3D ( 'NONE', #3014, #1512, #1790 ) ;
#2348 = CARTESIAN_POINT ( 'NONE',  ( 188.1489438335833881, 17.50000000000000000, -48.68553390593266528 ) ) ;
#2349 = ADVANCED_FACE ( 'NONE', ( #965 ), #1908, .T. ) ;
#2350 = CARTESIAN_POINT ( 'NONE',  ( -0.0003809376073378887228, 14.50006904494133586, -7.988249037679344688 ) ) ;
#2351 = CARTESIAN_POINT ( 'NONE',  ( 200.4789610478665054, 35.00000000000000000, 0.000000000000000000 ) ) ;
#2352 = DIRECTION ( 'NONE',  ( -0.000000000000000000, -0.000000000000000000, -1.000000000000000000 ) ) ;
#2353 = CARTESIAN_POINT ( 'NONE',  ( -18.61483519286549182, 21.50000000000000000, -11.99999999999999112 ) ) ;
#2354 = B_SPLINE_CURVE_WITH_KNOTS ( 'NONE', 3,
 ( #1180, #1654, #2594, #1416, #452, #2362, #1828, #1367, #226, #1138, #2189, #1233, #52, #339, #1946, #775, #310, #1965, #68, #2131 ),
 .UNSPECIFIED., .F., .F.,
 ( 4, 2, 2, 2, 2, 2, 2, 2, 2, 4 ),
 ( 0.000000000000000000, 0.0002098048090904841307, 0.0004196096181809682614, 0.0008392192363619387996, 0.001258828854542909338, 0.001678438472723879768, 0.002517657709085820844, 0.003356876945447761704, 0.005035315418171643423, 0.006713753890895525142 ),
 .UNSPECIFIED. ) ;
#2355 = B_SPLINE_CURVE_WITH_KNOTS ( 'NONE', 3,
 ( #2356, #1185, #1672, #2614, #2079, #1, #918, #1850, #2646, #331, #1924, #1240 ),
 .UNSPECIFIED., .F., .F.,
 ( 4, 2, 2, 2, 2, 4 ),
 ( 5.518493204274439689E-17, 0.0004442446308730319806, 0.0008884892617460087754, 0.001110611577182488933, 0.001332733892618969199, 0.001776978523491920840 ),
 .UNSPECIFIED. ) ;
#2356 = CARTESIAN_POINT ( 'NONE',  ( 74.80442726606830206, 33.05780840219468075, -19.54538738578097679 ) ) ;
#2357 = ORIENTED_EDGE ( 'NONE', *, *, #2409, .F. ) ;
#2358 = VERTEX_POINT ( 'NONE', #2607 ) ;
#2359 = DIRECTION ( 'NONE',  ( -0.7071067811865420216, 0.000000000000000000, -0.7071067811865531239 ) ) ;
#2360 = FACE_OUTER_BOUND ( 'NONE', #137, .T. ) ;
#2361 = CARTESIAN_POINT ( 'NONE',  ( -19.99999999999999289, 19.50000000000000355, -11.99999999999999289 ) ) ;
#2362 = CARTESIAN_POINT ( 'NONE',  ( 79.84089108599546591, 0.02883849066331796093, -4.390436367271266960 ) ) ;
#2363 = AXIS2_PLACEMENT_3D ( 'NONE', #1742, #1460, #840 ) ;
#2364 = CARTESIAN_POINT ( 'NONE',  ( -18.88945993824845715, 20.37972815067315580, -12.48060393388088407 ) ) ;
#2365 = DIRECTION ( 'NONE',  ( 0.3481553119113964812, -1.626193739669667869E-15, 0.9374368665610919304 ) ) ;
#2366 = LINE ( 'NONE', #2326, #922 ) ;
#2367 = ORIENTED_EDGE ( 'NONE', *, *, #893, .F. ) ;
#2368 = EDGE_CURVE ( 'NONE', #362, #666, #109, .T. ) ;
#2369 = VERTEX_POINT ( 'NONE', #563 ) ;
#2370 = CARTESIAN_POINT ( 'NONE',  ( 141.6855339059326582, 17.50000000000000000, 35.95336991259401316 ) ) ;
#2371 = EDGE_CURVE ( 'NONE', #698, #601, #1609, .T. ) ;
#2372 = CARTESIAN_POINT ( 'NONE',  ( -19.38414445102756289, 20.92857142857143415, -11.71428571428570820 ) ) ;
#2373 = DIRECTION ( 'NONE',  ( 1.000000000000000000, 0.000000000000000000, -4.785444071660157944E-16 ) ) ;
#2374 = AXIS2_PLACEMENT_3D ( 'NONE', #207, #2273, #196 ) ;
#2375 = DIRECTION ( 'NONE',  ( -0.1783442286512129660, -0.9839681580756585166, 0.000000000000000000 ) ) ;
#2376 = CARTESIAN_POINT ( 'NONE',  ( 108.6855339059326582, 5.000000000000000888, 23.68553390593273633 ) ) ;
#2377 = CARTESIAN_POINT ( 'NONE',  ( -18.61483519286549182, 20.50000000000000355, -11.99999999999999289 ) ) ;
#2378 = ORIENTED_EDGE ( 'NONE', *, *, #2251, .T. ) ;
#2379 = CARTESIAN_POINT ( 'NONE',  ( 193.1489438335833597, 17.50000000000000000, -35.93553390593264396 ) ) ;
#2380 = CIRCLE ( 'NONE', #8, 1.000000000000000888 ) ;
#2381 = ORIENTED_EDGE ( 'NONE', *, *, #495, .T. ) ;
#2382 = EDGE_LOOP ( 'NONE', ( #908, #1314, #390, #2518, #1114 ) ) ;
#2383 = DIRECTION ( 'NONE',  ( 0.000000000000000000, 0.000000000000000000, 1.000000000000000000 ) ) ;
#2384 = B_SPLINE_CURVE_WITH_KNOTS ( 'NONE', 3,
 ( #1559, #876, #2268, #1809, #1090, #656, #2043, #2531, #2503, #1604, #892, #192, #1144, #2949, #2979, #865, #2313, #2055 ),
 .UNSPECIFIED., .F., .F.,
 ( 4, 2, 2, 2, 2, 2, 2, 2, 4 ),
 ( 0.001352572690160819139, 0.003006893881505034831, 0.004661215072849250740, 0.005488375668521338312, 0.006315536264193425883, 0.006729116562029470103, 0.007142696859865516057, 0.007556277157701560276, 0.007969857455537606231 ),
 .UNSPECIFIED. ) ;
#2385 = VECTOR ( 'NONE', #1582, 1000.000000000000000 ) ;
#2386 = PLANE ( 'NONE',  #1258 ) ;
#2387 = EDGE_CURVE ( 'NONE', #2155, #1237, #2150, .T. ) ;
#2388 = CIRCLE ( 'NONE', #2446, 10.00000000000000178 ) ;
#2389 = VECTOR ( 'NONE', #2309, 1000.000000000000000 ) ;
#2390 = CARTESIAN_POINT ( 'NONE',  ( 112.6855339059326440, 35.00000000000000000, 15.93553390593275765 ) ) ;
#2391 = VECTOR ( 'NONE', #741, 1000.000000000000000 ) ;
#2392 = DIRECTION ( 'NONE',  ( -0.9803413637469802211, 0.1776868721791402261, -0.08577986932786067775 ) ) ;
#2393 = EDGE_CURVE ( 'NONE', #2920, #45, #2508, .T. ) ;
#2394 = CC_DESIGN_PERSON_AND_ORGANIZATION_ASSIGNMENT ( #2247, #412, ( #2149 ) ) ;
#2395 = DIRECTION ( 'NONE',  ( 1.000000000000000000, 0.000000000000000000, -0.000000000000000000 ) ) ;
#2396 = DATE_AND_TIME ( #1921, #1169 ) ;
#2397 = FACE_OUTER_BOUND ( 'NONE', #2338, .T. ) ;
#2398 = DIRECTION ( 'NONE',  ( -1.000000000000000000, -7.930164461608261426E-16, -0.000000000000000000 ) ) ;
#2399 = VERTEX_POINT ( 'NONE', #2639 ) ;
#2400 = EDGE_CURVE ( 'NONE', #2903, #1307, #1649, .T. ) ;
#2401 = EDGE_LOOP ( 'NONE', ( #2433, #1836, #3015, #2021, #590, #1879 ) ) ;
#2402 = CARTESIAN_POINT ( 'NONE',  ( -19.60517424131172248, 20.76015020610849859, -7.536233374296042342 ) ) ;
#2403 = CARTESIAN_POINT ( 'NONE',  ( -19.62394695636074005, 14.93550504219193087, -13.20732523574569584 ) ) ;
#2404 = CARTESIAN_POINT ( 'NONE',  ( -19.64944564909364644, 20.58027181008900186, -12.75644920377638769 ) ) ;
#2405 = CARTESIAN_POINT ( 'NONE',  ( 78.18710742687083837, 5.000000000000000000, -19.84137189985119676 ) ) ;
#2406 = CARTESIAN_POINT ( 'NONE',  ( 78.20925221797556048, 0.3245730354919293958, -16.60865826319182403 ) ) ;
#2407 = EDGE_CURVE ( 'NONE', #1927, #2051, #659, .T. ) ;
#2408 = VERTEX_POINT ( 'NONE', #2224 ) ;
#2409 = EDGE_CURVE ( 'NONE', #1574, #3, #2033, .T. ) ;
#2410 = DIRECTION ( 'NONE',  ( -0.000000000000000000, 0.000000000000000000, 1.000000000000000000 ) ) ;
#2411 = ORIENTED_EDGE ( 'NONE', *, *, #1476, .F. ) ;
#2412 = DIRECTION ( 'NONE',  ( -0.000000000000000000, -0.000000000000000000, -1.000000000000000000 ) ) ;
#2413 = LINE ( 'NONE', #1212, #2481 ) ;
#2414 = DIRECTION ( 'NONE',  ( 1.000000000000000000, 7.930164461608260440E-16, -0.000000000000000000 ) ) ;
#2415 = ORIENTED_EDGE ( 'NONE', *, *, #2653, .F. ) ;
#2416 = VERTEX_POINT ( 'NONE', #405 ) ;
#2417 = CARTESIAN_POINT ( 'NONE',  ( -19.46148856648243353, 19.43137708515512685, -6.581689790791402928 ) ) ;
#2418 = CARTESIAN_POINT ( 'NONE',  ( -19.53319623933566263, 14.11287017364839080, -12.15125333453025469 ) ) ;
#2419 = CARTESIAN_POINT ( 'NONE',  ( -19.32967850388498832, 20.40357653953747885, -12.44081092301013314 ) ) ;
#2420 = CARTESIAN_POINT ( 'NONE',  ( 204.4789610478665338, 5.000000000000000888, 24.68553390593276475 ) ) ;
#2421 = CARTESIAN_POINT ( 'NONE',  ( 79.97382927436437683, 0.004743444021457405603, -15.32991150554866699 ) ) ;
#2422 = ORIENTED_EDGE ( 'NONE', *, *, #1602, .T. ) ;
#2423 = LINE ( 'NONE', #1249, #2193 ) ;
#2424 = CARTESIAN_POINT ( 'NONE',  ( -19.32967850388476094, 14.59642346046218186, -7.559189076989735412 ) ) ;
#2425 = CIRCLE ( 'NONE', #2374, 5.000000000000000888 ) ;
#2426 = EDGE_CURVE ( 'NONE', #2369, #1239, #2098, .T. ) ;
#2427 = CARTESIAN_POINT ( 'NONE',  ( 83.53553390593273775, 5.000000000000000888, -16.46446609406725869 ) ) ;
#2428 = ORIENTED_EDGE ( 'NONE', *, *, #1187, .F. ) ;
#2429 = APPLICATION_PROTOCOL_DEFINITION ( 'international standard', 'config_control_design', 1994, #1821 ) ;
#2430 = EDGE_CURVE ( 'NONE', #1775, #2253, #195, .T. ) ;
#2431 = CARTESIAN_POINT ( 'NONE',  ( -19.62929664774112481, 14.28247113075629215, -7.431434737838437776 ) ) ;
#2432 = DIRECTION ( 'NONE',  ( -0.000000000000000000, 1.000000000000000000, 0.000000000000000000 ) ) ;
#2433 = ORIENTED_EDGE ( 'NONE', *, *, #893, .T. ) ;
#2434 = DIRECTION ( 'NONE',  ( 1.000000000000000000, 7.930164461608261426E-16, 0.000000000000000000 ) ) ;
#2435 = CARTESIAN_POINT ( 'NONE',  ( 0.000000000000000000, 19.49950596021972871, -6.999999999999993783 ) ) ;
#2436 = VERTEX_POINT ( 'NONE', #2520 ) ;
#2437 = CC_DESIGN_DATE_AND_TIME_ASSIGNMENT ( #393, #1320, ( #2101 ) ) ;
#2438 = CARTESIAN_POINT ( 'NONE',  ( -19.65583500835774444, 14.49213229363034117, -12.84500905449535857 ) ) ;
#2439 = CARTESIAN_POINT ( 'NONE',  ( 77.75127267546629639, 30.00000000000000355, -24.82234048733176479 ) ) ;
#2440 = CIRCLE ( 'NONE', #2186, 4.923910839889737545 ) ;
#2441 = LINE ( 'NONE', #2882, #426 ) ;
#2442 = CARTESIAN_POINT ( 'NONE',  ( 110.7566017177981905, 5.000000000000000888, -43.68553390593267238 ) ) ;
#2443 = AXIS2_PLACEMENT_3D ( 'NONE', #477, #1611, #1825 ) ;
#2444 = EDGE_LOOP ( 'NONE', ( #583, #2283, #2422, #2947, #2690, #2746, #1394, #2553, #2277, #1398, #874, #1382, #2064, #402, #2255, #1099 ) ) ;
#2445 = EDGE_CURVE ( 'NONE', #2965, #1294, #869, .T. ) ;
#2446 = AXIS2_PLACEMENT_3D ( 'NONE', #1465, #794, #566 ) ;
#2447 = AXIS2_PLACEMENT_3D ( 'NONE', #1434, #512, #55 ) ;
#2448 = DIRECTION ( 'NONE',  ( 1.000000000000000000, 0.000000000000000000, 0.000000000000000000 ) ) ;
#2449 = ORIENTED_EDGE ( 'NONE', *, *, #1191, .F. ) ;
#2450 = DATE_TIME_ROLE ( 'creation_date' ) ;
#2451 = PLANE ( 'NONE',  #632 ) ;
#2452 = CARTESIAN_POINT ( 'NONE',  ( -0.01734750220914333188, 20.49685576522460551, -12.27342974435255840 ) ) ;
#2453 = EDGE_LOOP ( 'NONE', ( #1939, #1241, #2794, #931 ) ) ;
#2454 = DIRECTION ( 'NONE',  ( 1.000000000000000000, 0.000000000000000000, 0.000000000000000000 ) ) ;
#2455 = ORIENTED_EDGE ( 'NONE', *, *, #1504, .F. ) ;
#2456 = CARTESIAN_POINT ( 'NONE',  ( -19.64944564909363223, 14.74355079622357323, -13.08027181008893791 ) ) ;
#2457 = CARTESIAN_POINT ( 'NONE',  ( 0.08310257088377934198, 20.51506234097269044, -12.01905576931361885 ) ) ;
#2458 = CARTESIAN_POINT ( 'NONE',  ( -19.52765033918366555, 19.64684339192300300, -13.37672798720233658 ) ) ;
#2459 = CARTESIAN_POINT ( 'NONE',  ( -18.61483519286549182, 14.50000000000000355, -7.999999999999992895 ) ) ;
#2460 = VERTEX_POINT ( 'NONE', #600 ) ;
#2461 = CARTESIAN_POINT ( 'NONE',  ( -19.38414445102756289, 20.92857142857143415, -8.285714285714277594 ) ) ;
#2462 = EDGE_LOOP ( 'NONE', ( #284, #1584, #328, #2976, #2925 ) ) ;
#2463 = APPROVAL_STATUS ( 'not_yet_approved' ) ;
#2464 = CARTESIAN_POINT ( 'NONE',  ( 76.83178798024422917, 31.33922916015634996, -0.2772185517286289702 ) ) ;
#2465 = DIRECTION ( 'NONE',  ( 0.000000000000000000, -1.000000000000000000, -0.000000000000000000 ) ) ;
#2466 = VERTEX_POINT ( 'NONE', #2239 ) ;
#2467 = CARTESIAN_POINT ( 'NONE',  ( 193.1489438335833597, 17.50000000000000000, -48.68553390593266528 ) ) ;
#2468 = ORIENTED_EDGE ( 'NONE', *, *, #933, .F. ) ;
#2469 = CARTESIAN_POINT ( 'NONE',  ( -6.071468505169531397E-14, 15.50032944353154463, -12.99999999999999467 ) ) ;
#2470 = FACE_OUTER_BOUND ( 'NONE', #1439, .T. ) ;
#2471 = EDGE_CURVE ( 'NONE', #988, #1561, #487, .T. ) ;
#2472 = EDGE_CURVE ( 'NONE', #16, #1975, #841, .T. ) ;
#2473 = DIRECTION ( 'NONE',  ( -1.000000000000000000, -0.000000000000000000, -0.000000000000000000 ) ) ;
#2474 = CARTESIAN_POINT ( 'NONE',  ( -6.071532165918824830E-15, 20.50000000000000000, -7.996082899869604077 ) ) ;
#2475 = CARTESIAN_POINT ( 'NONE',  ( -19.60517424131172604, 14.23984979389151384, -12.46376662570394700 ) ) ;
#2476 = VERTEX_POINT ( 'NONE', #823 ) ;
#2477 = CARTESIAN_POINT ( 'NONE',  ( -19.65583500835754904, 20.50786770636941014, -7.154990945504658306 ) ) ;
#2478 = ORIENTED_EDGE ( 'NONE', *, *, #1462, .F. ) ;
#2479 = CARTESIAN_POINT ( 'NONE',  ( -19.17712500622911165, 15.53110097733313388, -6.977443684643936272 ) ) ;
#2480 = CARTESIAN_POINT ( 'NONE',  ( 200.4789610478665338, 0.000000000000000000, 23.68553390593276831 ) ) ;
#2481 = VECTOR ( 'NONE', #1224, 1000.000000000000000 ) ;
#2482 = EDGE_LOOP ( 'NONE', ( #1145, #1483, #2834, #2589, #220, #2269 ) ) ;
#2483 = DIRECTION ( 'NONE',  ( -0.1783442286512131603, -0.9839681580756584056, 0.000000000000000000 ) ) ;
#2484 = EDGE_LOOP ( 'NONE', ( #1598, #461, #191, #133, #1709, #2898 ) ) ;
#2485 = EDGE_CURVE ( 'NONE', #601, #2416, #1130, .T. ) ;
#2486 = DIRECTION ( 'NONE',  ( 1.000000000000000000, 0.000000000000000000, -0.000000000000000000 ) ) ;
#2487 = CARTESIAN_POINT ( 'NONE',  ( 112.6855339059326440, 35.00000000000000000, 15.93553390593275765 ) ) ;
#2488 = ORIENTED_EDGE ( 'NONE', *, *, #1983, .F. ) ;
#2489 = CARTESIAN_POINT ( 'NONE',  ( 74.68362814007039674, 1.854055108948438502, -19.53481746225615723 ) ) ;
#2490 = DIRECTION ( 'NONE',  ( 0.9803413637469803321, -0.1776868721791402261, -0.08577986932786076102 ) ) ;
#2491 = VECTOR ( 'NONE', #2793, 1000.000000000000000 ) ;
#2492 = CARTESIAN_POINT ( 'NONE',  ( 107.2210678118654101, 35.00000000000000000, 20.15000000000001634 ) ) ;
#2493 = AXIS2_PLACEMENT_3D ( 'NONE', #1938, #347, #1756 ) ;
#2494 = CARTESIAN_POINT ( 'NONE',  ( -19.24298068388336347, 19.63297628873420564, -6.988114278609031338 ) ) ;
#2495 = LINE ( 'NONE', #1273, #2330 ) ;
#2496 = VECTOR ( 'NONE', #1395, 1000.000000000000000 ) ;
#2497 = AXIS2_PLACEMENT_3D ( 'NONE', #1741, #1054, #837 ) ;
#2498 = CARTESIAN_POINT ( 'NONE',  ( 80.00000000000000000, 5.000000000000000888, 0.000000000000000000 ) ) ;
#2499 =( GEOMETRIC_REPRESENTATION_CONTEXT ( 3 ) GLOBAL_UNCERTAINTY_ASSIGNED_CONTEXT ( ( #2146 ) ) GLOBAL_UNIT_ASSIGNED_CONTEXT ( ( #996, #555, #2626 ) ) REPRESENTATION_CONTEXT ( 'NONE', 'WORKASPACE' ) );
#2500 = ORIENTED_EDGE ( 'NONE', *, *, #1565, .F. ) ;
#2501 = CARTESIAN_POINT ( 'NONE',  ( 78.18710742687083837, 5.000000000000000888, -0.1586281001488018538 ) ) ;
#2502 = VERTEX_POINT ( 'NONE', #374 ) ;
#2503 = CARTESIAN_POINT ( 'NONE',  ( 78.72147354287065468, 34.76826707964530527, -3.611610120112029421 ) ) ;
#2504 = EDGE_LOOP ( 'NONE', ( #2874, #2228, #1966, #769 ) ) ;
#2505 = DIRECTION ( 'NONE',  ( 1.000000000000000000, 0.000000000000000000, 0.000000000000000000 ) ) ;
#2506 = AXIS2_PLACEMENT_3D ( 'NONE', #2983, #2735, #1315 ) ;
#2507 = CARTESIAN_POINT ( 'NONE',  ( -19.65583500865939470, 14.49213229341400755, -12.84500905472680543 ) ) ;
#2508 = B_SPLINE_CURVE_WITH_KNOTS ( 'NONE', 3,
 ( #748, #1697, #792, #2623, #521, #534, #1431, #1444, #80, #1478, #994, #1931 ),
 .UNSPECIFIED., .F., .F.,
 ( 4, 2, 2, 2, 2, 4 ),
 ( 1.355252715606880543E-18, 0.0004442446308729818363, 0.0008884892617459622631, 0.001110611577182447299, 0.001332733892618932336, 0.001776978523491901107 ),
 .UNSPECIFIED. ) ;
#2509 = CARTESIAN_POINT ( 'NONE',  ( -19.38414445102756289, 14.07142857142857473, -8.285714285714277594 ) ) ;
#2510 = CARTESIAN_POINT ( 'NONE',  ( -18.89440396693848712, 20.37119271379568630, -7.504554033819635706 ) ) ;
#2511 = EDGE_CURVE ( 'NONE', #1853, #483, #451, .T. ) ;
#2512 = EDGE_CURVE ( 'NONE', #1673, #1556, #353, .T. ) ;
#2513 = LINE ( 'NONE', #1596, #1496 ) ;
#2514 = EDGE_LOOP ( 'NONE', ( #1522, #2240, #1992, #1455, #1175, #1200 ) ) ;
#2515 = ORIENTED_EDGE ( 'NONE', *, *, #1421, .T. ) ;
#2516 = CARTESIAN_POINT ( 'NONE',  ( -0.02088085921225384806, 20.29531517818491082, -7.380126582668365742 ) ) ;
#2517 = VECTOR ( 'NONE', #805, 1000.000000000000000 ) ;
#2518 = ORIENTED_EDGE ( 'NONE', *, *, #1298, .T. ) ;
#2519 = DIRECTION ( 'NONE',  ( -1.000000000000000000, -0.000000000000000000, 0.000000000000000000 ) ) ;
#2520 = CARTESIAN_POINT ( 'NONE',  ( 204.4789610478665054, 31.00000000000000711, 23.68553390593276475 ) ) ;
#2521 = CARTESIAN_POINT ( 'NONE',  ( 33.53553390593266670, 30.00000000000000355, 33.53553390593272354 ) ) ;
#2522 = EDGE_CURVE ( 'NONE', #287, #2017, #2914, .T. ) ;
#2523 = CARTESIAN_POINT ( 'NONE',  ( -19.24299146938999527, 20.51182546283457953, -7.866939722209949970 ) ) ;
#2524 = B_SPLINE_CURVE_WITH_KNOTS ( 'NONE', 3,
 ( #1727, #2666, #577, #1266, #128, #1040, #1979, #722, #269, #2364, #2611, #482, #930, #2377 ),
 .UNSPECIFIED., .F., .F.,
 ( 4, 2, 2, 2, 2, 2, 4 ),
 ( 0.000000000000000000, 0.0004285086962841923829, 0.0006427630444262921522, 0.0008570173925683920299, 0.001071271740710491799, 0.001285526088852591460, 0.001714034785136791215 ),
 .UNSPECIFIED. ) ;
#2525 = ADVANCED_FACE ( 'NONE', ( #702 ), #2059, .F. ) ;
#2526 = EDGE_CURVE ( 'NONE', #2772, #1538, #2998, .T. ) ;
#2527 = DIRECTION ( 'NONE',  ( 0.9803413637469803321, 0.1776868721791401706, -0.08577986932786076102 ) ) ;
#2528 = ORIENTED_EDGE ( 'NONE', *, *, #993, .T. ) ;
#2529 = ORIENTED_EDGE ( 'NONE', *, *, #2280, .F. ) ;
#2530 = AXIS2_PLACEMENT_3D ( 'NONE', #2353, #2365, #1891 ) ;
#2531 = CARTESIAN_POINT ( 'NONE',  ( 78.46865359857530109, 34.72244346474177235, -3.502620389766049946 ) ) ;
#2532 = EDGE_LOOP ( 'NONE', ( #2642, #230, #1508, #351, #1923, #2126, #2246, #1685 ) ) ;
#2533 = PRODUCT_RELATED_PRODUCT_CATEGORY ( 'detail', '', ( #26 ) ) ;
#2534 = VERTEX_POINT ( 'NONE', #896 ) ;
#2535 = CARTESIAN_POINT ( 'NONE',  ( -19.38414445102756645, 15.78571428571428825, -6.571428571428565846 ) ) ;
#2536 = DIRECTION ( 'NONE',  ( -0.000000000000000000, -1.000000000000000000, 0.000000000000000000 ) ) ;
#2537 = CARTESIAN_POINT ( 'NONE',  ( 188.1489438335833881, 17.50000000000000000, -48.68553390593266528 ) ) ;
#2538 = B_SPLINE_CURVE_WITH_KNOTS ( 'NONE', 3,
 ( #889, #1111, #2729, #2276, #2050, #872 ),
 .UNSPECIFIED., .F., .F.,
 ( 4, 2, 4 ),
 ( 0.003025101064525732072, 0.004869427477710627089, 0.006713753890895521673 ),
 .UNSPECIFIED. ) ;
#2539 = AXIS2_PLACEMENT_3D ( 'NONE', #2964, #2483, #417 ) ;
#2540 = CARTESIAN_POINT ( 'NONE',  ( -0.02088085921223285096, 14.70468482181509806, -7.380126582668361301 ) ) ;
#2541 = EDGE_CURVE ( 'NONE', #33, #2772, #1856, .T. ) ;
#2542 = AXIS2_PLACEMENT_3D ( 'NONE', #983, #1934, #553 ) ;
#2543 = LINE ( 'NONE', #456, #1306 ) ;
#2544 = LINE ( 'NONE', #458, #645 ) ;
#2545 = AXIS2_PLACEMENT_3D ( 'NONE', #834, #1761, #611 ) ;
#2546 = ORIENTED_EDGE ( 'NONE', *, *, #2485, .F. ) ;
#2547 = VECTOR ( 'NONE', #1106, 1000.000000000000000 ) ;
#2548 = CARTESIAN_POINT ( 'NONE',  ( 200.4789610478665054, 35.00000000000000000, -35.93553390593264396 ) ) ;
#2549 = CIRCLE ( 'NONE', #304, 5.000000000000000888 ) ;
#2550 = AXIS2_PLACEMENT_3D ( 'NONE', #1418, #1845, #2785 ) ;
#2551 = LINE ( 'NONE', #1776, #2091 ) ;
#2552 = VERTEX_POINT ( 'NONE', #3008 ) ;
#2553 = ORIENTED_EDGE ( 'NONE', *, *, #986, .T. ) ;
#2554 = CARTESIAN_POINT ( 'NONE',  ( -18.70806905094652350, 19.62551992082065055, -12.99999999999999467 ) ) ;
#2555 = CARTESIAN_POINT ( 'NONE',  ( 112.6855339059326440, 0.000000000000000000, 15.93553390593275765 ) ) ;
#2556 = CARTESIAN_POINT ( 'NONE',  ( -0.005199002265915168668, 15.23866355983248511, -7.026143746975590965 ) ) ;
#2557 = CARTESIAN_POINT ( 'NONE',  ( 78.18710742687083837, 5.000000000000000000, -19.84137189985119676 ) ) ;
#2558 = FACE_OUTER_BOUND ( 'NONE', #2514, .T. ) ;
#2559 = LINE ( 'NONE', #1408, #2005 ) ;
#2560 = EDGE_LOOP ( 'NONE', ( #1226, #1104, #891, #1642 ) ) ;
#2561 = DIRECTION ( 'NONE',  ( 1.000000000000000000, 0.000000000000000000, -0.000000000000000000 ) ) ;
#2562 = CARTESIAN_POINT ( 'NONE',  ( 204.4789610478665338, 4.000000000000003553, -43.68553390593265817 ) ) ;
#2563 = ORIENTED_EDGE ( 'NONE', *, *, #806, .F. ) ;
#2564 = VERTEX_POINT ( 'NONE', #1164 ) ;
#2565 = FACE_OUTER_BOUND ( 'NONE', #878, .T. ) ;
#2566 = ADVANCED_FACE ( 'NONE', ( #2767 ), #264, .T. ) ;
#2567 = CYLINDRICAL_SURFACE ( 'NONE', #210, 4.999999999999997335 ) ;
#2568 = EDGE_CURVE ( 'NONE', #2436, #2476, #1754, .T. ) ;
#2569 = CARTESIAN_POINT ( 'NONE',  ( 80.08310257088376716, 35.01506234097269044, -0.9809442306863818128 ) ) ;
#2570 = CYLINDRICAL_SURFACE ( 'NONE', #1119, 4.000000000000003553 ) ;
#2571 = LINE ( 'NONE', #2351, #830 ) ;
#2572 = CARTESIAN_POINT ( 'NONE',  ( 110.7566017177981905, 0.000000000000000000, -43.68553390593266528 ) ) ;
#2573 = ORIENTED_EDGE ( 'NONE', *, *, #568, .T. ) ;
#2574 = DIRECTION ( 'NONE',  ( -0.000000000000000000, -0.000000000000000000, 1.000000000000000000 ) ) ;
#2575 = ORIENTED_EDGE ( 'NONE', *, *, #2672, .F. ) ;
#2576 = EDGE_CURVE ( 'NONE', #2502, #2599, #634, .T. ) ;
#2577 = VERTEX_POINT ( 'NONE', #2317 ) ;
#2578 = DIRECTION ( 'NONE',  ( -0.08716695028090987174, 1.387778780781445521E-17, -0.9961937174961130737 ) ) ;
#2579 = CLOSED_SHELL ( 'NONE', ( #1065, #2877, #709, #628, #1420, #1647, #1998, #979, #1102, #1166, #2525, #581, #2720, #388, #1281, #2595, #807, #367, #1332, #2668, #1235, #2981, #2024, #2119, #1530, #442, #2613, #2749, #32, #79, #1078, #2075, #3011, #752, #749, #2243, #308, #2789, #714, #639, #2980, #585, #2889, #727, #2023, #2334, #2755, #282, #2698, #1690, #314, #2083, #2300, #2782, #2349, #1059, #1732, #173, #2994, #2917, #2205, #1280, #1656, #2842, #2625, #998, #1034, #271, #35, #97, #662, #422, #1202, #860, #370, #1377, #7, #509, #1153, #2566, #719, #2279, #1581, #2975 ) ) ;
#2580 = DIRECTION ( 'NONE',  ( -1.000000000000000000, -0.000000000000000000, 0.000000000000000000 ) ) ;
#2581 = DIRECTION ( 'NONE',  ( 2.775557561562891351E-15, 0.000000000000000000, 1.000000000000000000 ) ) ;
#2582 = CYLINDRICAL_SURFACE ( 'NONE', #2188, 5.000000000000004441 ) ;
#2583 = FACE_OUTER_BOUND ( 'NONE', #1914, .T. ) ;
#2584 = DIRECTION ( 'NONE',  ( 1.000000000000000000, 0.000000000000000000, 0.000000000000000000 ) ) ;
#2585 = FACE_OUTER_BOUND ( 'NONE', #2861, .T. ) ;
#2586 = CIRCLE ( 'NONE', #2684, 1.000000000000001110 ) ;
#2587 = AXIS2_PLACEMENT_3D ( 'NONE', #913, #510, #2103 ) ;
#2588 = DIRECTION ( 'NONE',  ( 0.000000000000000000, 0.000000000000000000, 1.000000000000000000 ) ) ;
#2589 = ORIENTED_EDGE ( 'NONE', *, *, #2430, .T. ) ;
#2590 = EDGE_LOOP ( 'NONE', ( #2915, #2662, #1737, #2851 ) ) ;
#2591 = CARTESIAN_POINT ( 'NONE',  ( -0.0003809376073378887228, 14.50006904494133586, -7.988249037679344688 ) ) ;
#2592 = CARTESIAN_POINT ( 'NONE',  ( -18.61483519286549182, 20.50000000000000355, -11.99999999999999467 ) ) ;
#2593 = CARTESIAN_POINT ( 'NONE',  ( -18.61483519286549182, 13.50000000000000533, -11.99999999999999289 ) ) ;
#2594 = CARTESIAN_POINT ( 'NONE',  ( 79.99210427563755843, 0.001431100040689600814, -4.781042248524387084 ) ) ;
#2595 = ADVANCED_FACE ( 'NONE', ( #674 ), #1376, .F. ) ;
#2596 = CARTESIAN_POINT ( 'NONE',  ( 80.00000000000000000, 5.000000000000000888, -20.00000000000000000 ) ) ;
#2597 = DIRECTION ( 'NONE',  ( -1.000000000000000000, 0.000000000000000000, 0.000000000000000000 ) ) ;
#2598 = EDGE_CURVE ( 'NONE', #16, #317, #880, .T. ) ;
#2599 = VERTEX_POINT ( 'NONE', #1178 ) ;
#2600 = CARTESIAN_POINT ( 'NONE',  ( 0.000000000000000000, 14.50000000000000355, -12.99999999999999467 ) ) ;
#2601 = ORIENTED_EDGE ( 'NONE', *, *, #2855, .T. ) ;
#2602 = CYLINDRICAL_SURFACE ( 'NONE', #1903, 4.999999999999976907 ) ;
#2603 = ORIENTED_EDGE ( 'NONE', *, *, #1885, .F. ) ;
#2604 = PLANE ( 'NONE',  #1854 ) ;
#2605 = CARTESIAN_POINT ( 'NONE',  ( -18.87281387044025038, 20.40163750073338633, -12.43745602490466062 ) ) ;
#2606 = LINE ( 'NONE', #77, #1474 ) ;
#2607 = CARTESIAN_POINT ( 'NONE',  ( -18.61483519286549182, 20.50000000000000355, -7.999999999999992895 ) ) ;
#2608 = VECTOR ( 'NONE', #2810, 1000.000000000000000 ) ;
#2609 = B_SPLINE_CURVE_WITH_KNOTS ( 'NONE', 3,
 ( #2932, #1980, #774, #1056, #2685, #1493, #1026, #2707, #2669, #92, #2638, #1728, #2187, #578 ),
 .UNSPECIFIED., .F., .F.,
 ( 4, 2, 2, 2, 2, 2, 4 ),
 ( 0.000000000000000000, 0.0004285086962841940092, 0.0006427630444262918269, 0.0008570173925683897530, 0.001071271740710487679, 0.001285526088852585389, 0.001714034785136785578 ),
 .UNSPECIFIED. ) ;
#2610 = CARTESIAN_POINT ( 'NONE',  ( 200.4789610478665338, 4.000000000000000888, -43.68553390593266528 ) ) ;
#2611 = CARTESIAN_POINT ( 'NONE',  ( -18.86582602025985977, 20.40967677083382270, -12.42046168996092881 ) ) ;
#2612 = ORIENTED_EDGE ( 'NONE', *, *, #345, .F. ) ;
#2613 = ADVANCED_FACE ( 'NONE', ( #1634 ), #2567, .T. ) ;
#2614 = CARTESIAN_POINT ( 'NONE',  ( 74.38491979964430811, 33.45074927138465171, -19.40369887948769545 ) ) ;
#2615 = ORIENTED_EDGE ( 'NONE', *, *, #2251, .F. ) ;
#2616 = DIRECTION ( 'NONE',  ( 1.000000000000000000, 0.000000000000000000, 0.000000000000000000 ) ) ;
#2617 = ORIENTED_EDGE ( 'NONE', *, *, #2649, .T. ) ;
#2618 = FACE_OUTER_BOUND ( 'NONE', #2532, .T. ) ;
#2619 = EDGE_CURVE ( 'NONE', #1043, #43, #36, .T. ) ;
#2620 = CARTESIAN_POINT ( 'NONE',  ( -18.93186331373544817, 20.25409563009639413, -12.66015318584338800 ) ) ;
#2621 = DIRECTION ( 'NONE',  ( 0.000000000000000000, 0.000000000000000000, 1.000000000000000000 ) ) ;
#2622 = AXIS2_PLACEMENT_3D ( 'NONE', #2319, #2999, #2262 ) ;
#2623 = CARTESIAN_POINT ( 'NONE',  ( 74.38491979964435075, 1.549250728615382711, -0.5963011205122877856 ) ) ;
#2624 = DIRECTION ( 'NONE',  ( 0.000000000000000000, 0.000000000000000000, -1.000000000000000000 ) ) ;
#2625 = ADVANCED_FACE ( 'NONE', ( #715 ), #531, .F. ) ;
#2626 =( NAMED_UNIT ( * ) SI_UNIT ( $, .STERADIAN. ) SOLID_ANGLE_UNIT ( ) );
#2627 = ORIENTED_EDGE ( 'NONE', *, *, #2148, .T. ) ;
#2628 = CARTESIAN_POINT ( 'NONE',  ( 78.57957571795671470, 33.72625504936097229, -18.87189204967551959 ) ) ;
#2629 = EDGE_LOOP ( 'NONE', ( #1773, #2, #200, #325 ) ) ;
#2630 = DIRECTION ( 'NONE',  ( -1.000000000000000000, 0.000000000000000000, 0.000000000000000000 ) ) ;
#2631 = ORIENTED_EDGE ( 'NONE', *, *, #1251, .T. ) ;
#2632 = CARTESIAN_POINT ( 'NONE',  ( 77.75127267546629639, 0.4075818275717352224, -16.79963543992498387 ) ) ;
#2633 = CIRCLE ( 'NONE', #642, 5.000000000000001776 ) ;
#2634 = CARTESIAN_POINT ( 'NONE',  ( -18.61483519286549182, 20.50000000000000355, -11.99999999999999289 ) ) ;
#2635 = LINE ( 'NONE', #111, #692 ) ;
#2636 = EDGE_CURVE ( 'NONE', #486, #1300, #532, .T. ) ;
#2637 = AXIS2_PLACEMENT_3D ( 'NONE', #1463, #981, #2897 ) ;
#2638 = CARTESIAN_POINT ( 'NONE',  ( -18.86582602025986688, 15.07953831003907474, -12.90967677083381382 ) ) ;
#2639 = CARTESIAN_POINT ( 'NONE',  ( 146.6855339059326298, 17.50000000000000000, 15.93553390593273988 ) ) ;
#2640 = ORIENTED_EDGE ( 'NONE', *, *, #1405, .T. ) ;
#2641 = DIRECTION ( 'NONE',  ( 0.000000000000000000, 0.000000000000000000, -1.000000000000000000 ) ) ;
#2642 = ORIENTED_EDGE ( 'NONE', *, *, #1843, .T. ) ;
#2643 = CARTESIAN_POINT ( 'NONE',  ( 109.1499999999999204, 0.000000000000000000, -32.39999999999995595 ) ) ;
#2644 = B_SPLINE_CURVE_WITH_KNOTS ( 'NONE', 3,
 ( #1974, #2718, #1293, #1325, #397, #1088, #2266, #1308, #2892, #2254, #1263, #2232, #2908, #368 ),
 .UNSPECIFIED., .F., .F.,
 ( 4, 2, 2, 2, 2, 2, 4 ),
 ( 0.000000000000000000, 0.0004285086962842015444, 0.0006427630444263012595, 0.0008570173925684010287, 0.001071271740710500690, 0.001285526088852600134, 0.001714034785136789914 ),
 .UNSPECIFIED. ) ;
#2645 = AXIS2_PLACEMENT_3D ( 'NONE', #2970, #644, #2284 ) ;
#2646 = CARTESIAN_POINT ( 'NONE',  ( 74.28506764104029969, 33.87714660892465446, -18.92249839291287117 ) ) ;
#2647 = ORIENTED_EDGE ( 'NONE', *, *, #1576, .F. ) ;
#2648 = ORIENTED_EDGE ( 'NONE', *, *, #527, .F. ) ;
#2649 = EDGE_CURVE ( 'NONE', #2310, #2053, #1712, .T. ) ;
#2650 = LINE ( 'NONE', #547, #2692 ) ;
#2651 = DIRECTION ( 'NONE',  ( 1.000000000000000000, -2.602085213965208275E-15, -8.673617379884027583E-16 ) ) ;
#2652 = DIRECTION ( 'NONE',  ( 8.673617379884026597E-16, -1.000000000000000000, 0.000000000000000000 ) ) ;
#2653 = EDGE_CURVE ( 'NONE', #570, #1080, #784, .T. ) ;
#2654 = EDGE_CURVE ( 'NONE', #796, #1028, #2936, .T. ) ;
#2655 = CARTESIAN_POINT ( 'NONE',  ( 79.79711594222419535, 0.03677273547186948183, -15.66269561536626576 ) ) ;
#2656 = VERTEX_POINT ( 'NONE', #290 ) ;
#2657 = CARTESIAN_POINT ( 'NONE',  ( 79.79416859033065634, 34.96269305699744478, -15.66634987631067943 ) ) ;
#2658 = ORIENTED_EDGE ( 'NONE', *, *, #694, .T. ) ;
#2659 = CARTESIAN_POINT ( 'NONE',  ( 0.000000000000000000, 0.000000000000000000, 0.000000000000000000 ) ) ;
#2660 = CARTESIAN_POINT ( 'NONE',  ( -19.60517424126722119, 15.03623337430218676, -6.739849793948161860 ) ) ;
#2661 = CARTESIAN_POINT ( 'NONE',  ( 110.7566017177982047, 35.00000000000000000, -43.68553390593266528 ) ) ;
#2662 = ORIENTED_EDGE ( 'NONE', *, *, #2037, .T. ) ;
#2663 = CARTESIAN_POINT ( 'NONE',  ( 112.6855339059326866, 35.00000000000000000, -35.93553390593266528 ) ) ;
#2664 = ORIENTED_EDGE ( 'NONE', *, *, #1013, .T. ) ;
#2665 = CARTESIAN_POINT ( 'NONE',  ( -19.17712500622685567, 14.47744368464327103, -11.96889902266782535 ) ) ;
#2666 = CARTESIAN_POINT ( 'NONE',  ( -18.70102153417331792, 19.61603191301665561, -12.99999999999999645 ) ) ;
#2667 = PERSON ( 'UNSPECIFIED', 'UNSPECIFIED', 'UNSPECIFIED', ('UNSPECIFIED'), ('UNSPECIFIED'), ('UNSPECIFIED') ) ;
#2668 = ADVANCED_FACE ( 'NONE', ( #1961 ), #2386, .F. ) ;
#2669 = CARTESIAN_POINT ( 'NONE',  ( -18.92271045394732809, 14.90150150524890549, -12.80417741334190751 ) ) ;
#2670 = CARTESIAN_POINT ( 'NONE',  ( 78.66441882915414396, 0.2420740872158130275, -16.41087861584549756 ) ) ;
#2671 = ORIENTED_EDGE ( 'NONE', *, *, #1982, .T. ) ;
#2672 = EDGE_CURVE ( 'NONE', #122, #1574, #2249, .T. ) ;
#2673 = LINE ( 'NONE', #1797, #2738 ) ;
#2674 = ORIENTED_EDGE ( 'NONE', *, *, #380, .F. ) ;
#2675 = COORDINATED_UNIVERSAL_TIME_OFFSET ( 6, 0, .BEHIND. ) ;
#2676 = CARTESIAN_POINT ( 'NONE',  ( -19.42455828292957776, 14.07142857142857117, -8.176896713074194523 ) ) ;
#2677 = DIRECTION ( 'NONE',  ( 0.000000000000000000, 0.000000000000000000, 1.000000000000000000 ) ) ;
#2678 = ORIENTED_EDGE ( 'NONE', *, *, #471, .T. ) ;
#2679 = DIRECTION ( 'NONE',  ( 0.000000000000000000, 1.000000000000000000, 0.000000000000000000 ) ) ;
#2680 = DIRECTION ( 'NONE',  ( 1.000000000000000000, 0.000000000000000000, 0.000000000000000000 ) ) ;
#2681 = ORIENTED_EDGE ( 'NONE', *, *, #238, .T. ) ;
#2682 = CIRCLE ( 'NONE', #2007, 4.000000000000003553 ) ;
#2683 = CARTESIAN_POINT ( 'NONE',  ( -19.65588284042648937, 14.65402310975886202, -13.00702108038912108 ) ) ;
#2684 = AXIS2_PLACEMENT_3D ( 'NONE', #414, #2008, #2745 ) ;
#2685 = CARTESIAN_POINT ( 'NONE',  ( -18.89005610176034722, 14.62108279246432474, -12.48217637566050975 ) ) ;
#2686 = AXIS2_PLACEMENT_3D ( 'NONE', #3010, #1379, #2086 ) ;
#2687 = AXIS2_PLACEMENT_3D ( 'NONE', #1622, #1869, #1177 ) ;
#2688 = CARTESIAN_POINT ( 'NONE',  ( 198.1489438335833313, 17.50000000000000000, -48.68553390593266528 ) ) ;
#2689 = VECTOR ( 'NONE', #2839, 1000.000000000000000 ) ;
#2690 = ORIENTED_EDGE ( 'NONE', *, *, #1731, .T. ) ;
#2691 = CARTESIAN_POINT ( 'NONE',  ( -18.92435325781132249, 14.70317477617919266, -7.392071296992672735 ) ) ;
#2692 = VECTOR ( 'NONE', #788, 1000.000000000000000 ) ;
#2693 = AXIS2_PLACEMENT_3D ( 'NONE', #469, #1381, #2584 ) ;
#2694 = CARTESIAN_POINT ( 'NONE',  ( -18.92435325781131894, 20.10792870300746316, -7.203174776179274374 ) ) ;
#2695 = ORIENTED_EDGE ( 'NONE', *, *, #1243, .T. ) ;
#2696 = APPROVAL_ROLE ( '' ) ;
#2697 = CARTESIAN_POINT ( 'NONE',  ( 77.64885564923979189, 30.54030559728634842, -0.2057251306915196254 ) ) ;
#2698 = ADVANCED_FACE ( 'NONE', ( #1929 ), #959, .T. ) ;
#2699 = EDGE_CURVE ( 'NONE', #957, #1277, #2635, .T. ) ;
#2700 = LINE ( 'NONE', #316, #2790 ) ;
#2701 = EDGE_LOOP ( 'NONE', ( #1586, #904, #2090, #505, #936, #1022 ) ) ;
#2702 = CARTESIAN_POINT ( 'NONE',  ( 77.75127267546629639, 0.000000000000000000, -24.82234048733176479 ) ) ;
#2703 = VERTEX_POINT ( 'NONE', #2865 ) ;
#2704 = CYLINDRICAL_SURFACE ( 'NONE', #1699, 4.999999999999976907 ) ;
#2705 = PLANE ( 'NONE',  #1610 ) ;
#2706 = CARTESIAN_POINT ( 'NONE',  ( 110.7566017177981337, 5.000000000000000888, 23.68553390593273633 ) ) ;
#2707 = CARTESIAN_POINT ( 'NONE',  ( -18.93174613878104040, 14.84421906025933602, -12.75831941102180878 ) ) ;
#2708 = CARTESIAN_POINT ( 'NONE',  ( -19.38414445102756289, 14.07142857142857650, -11.71428571428570642 ) ) ;
#2709 = ORIENTED_EDGE ( 'NONE', *, *, #2699, .F. ) ;
#2710 = CARTESIAN_POINT ( 'NONE',  ( -19.53318618684637542, 14.11278660192117762, -7.848854473004296395 ) ) ;
#2711 = CARTESIAN_POINT ( 'NONE',  ( -19.64921988582573675, 20.58181409653543881, -7.245666244405864376 ) ) ;
#2712 = EDGE_LOOP ( 'NONE', ( #75, #1464, #2945, #2267, #124, #1086, #2962, #2011, #245 ) ) ;
#2713 = APPROVAL_DATE_TIME ( #2396, #2030 ) ;
#2714 = DIRECTION ( 'NONE',  ( 0.7071067811865475727, -4.906538933386796256E-16, -0.7071067811865475727 ) ) ;
#2715 = DIRECTION ( 'NONE',  ( -0.7071067811865470176, -0.000000000000000000, -0.7071067811865480168 ) ) ;
#2716 = VERTEX_POINT ( 'NONE', #1192 ) ;
#2717 = VECTOR ( 'NONE', #307, 1000.000000000000000 ) ;
#2718 = CARTESIAN_POINT ( 'NONE',  ( -18.70102153417331436, 20.50000000000000355, -7.883968086983347057 ) ) ;
#2719 = EDGE_LOOP ( 'NONE', ( #916, #757 ) ) ;
#2720 = ADVANCED_FACE ( 'NONE', ( #773, #2360, #278 ), #746, .F. ) ;
#2721 = DIRECTION ( 'NONE',  ( -7.930164461608261426E-16, 1.000000000000000000, -1.897467925504665368E-31 ) ) ;
#2722 = CARTESIAN_POINT ( 'NONE',  ( 2.602085213965211036E-15, 14.50000000000000178, -12.00391710013038171 ) ) ;
#2723 = CARTESIAN_POINT ( 'NONE',  ( 136.6855339059326866, 17.50000000000000000, 28.68553390593270436 ) ) ;
#2724 = CARTESIAN_POINT ( 'NONE',  ( -18.93174613878103685, 14.74168058897818945, -7.344219060259329801 ) ) ;
#2725 = CARTESIAN_POINT ( 'NONE',  ( -19.36033164864564426, 14.73466430491889589, -7.351070019070900408 ) ) ;
#2726 = CYLINDRICAL_SURFACE ( 'NONE', #1357, 5.000000000000000888 ) ;
#2727 = COORDINATED_UNIVERSAL_TIME_OFFSET ( 6, 0, .BEHIND. ) ;
#2728 = CARTESIAN_POINT ( 'NONE',  ( -19.38414445102756645, 15.78571428571428825, -6.571428571428565846 ) ) ;
#2729 = CARTESIAN_POINT ( 'NONE',  ( 76.64532519624984275, 34.39196519182028311, -17.27805986664618132 ) ) ;
#2730 = ORIENTED_EDGE ( 'NONE', *, *, #2073, .T. ) ;
#2731 = CARTESIAN_POINT ( 'NONE',  ( -0.0003809376073649527942, 20.49993095505866947, -12.01175096232064377 ) ) ;
#2732 = ORIENTED_EDGE ( 'NONE', *, *, #1933, .T. ) ;
#2733 = CARTESIAN_POINT ( 'NONE',  ( 146.6855339059326298, 17.50000000000000000, -48.68553390593266528 ) ) ;
#2734 = ORIENTED_EDGE ( 'NONE', *, *, #1526, .T. ) ;
#2735 = DIRECTION ( 'NONE',  ( -0.7071067811865466846, 0.000000000000000000, -0.7071067811865485719 ) ) ;
#2736 = EDGE_CURVE ( 'NONE', #2094, #2231, #146, .T. ) ;
#2737 = CARTESIAN_POINT ( 'NONE',  ( -19.62377482713305099, 14.29224106235604985, -12.56362165675047748 ) ) ;
#2738 = VECTOR ( 'NONE', #1082, 1000.000000000000000 ) ;
#2739 = CARTESIAN_POINT ( 'NONE',  ( 200.4789610478665054, 30.00000000000000000, 28.68553390593276475 ) ) ;
#2740 = VECTOR ( 'NONE', #704, 1000.000000000000000 ) ;
#2741 = AXIS2_PLACEMENT_3D ( 'NONE', #1206, #1918, #761 ) ;
#2742 = CARTESIAN_POINT ( 'NONE',  ( -19.17712500622774385, 20.52255631535503255, -8.031100977332190638 ) ) ;
#2743 = AXIS2_PLACEMENT_3D ( 'NONE', #89, #2910, #125 ) ;
#2744 = AXIS2_PLACEMENT_3D ( 'NONE', #1658, #283, #2322 ) ;
#2745 = DIRECTION ( 'NONE',  ( 0.9374368665610924856, -0.3481553119113949268, 0.000000000000000000 ) ) ;
#2746 = ORIENTED_EDGE ( 'NONE', *, *, #2242, .T. ) ;
#2747 = ORIENTED_EDGE ( 'NONE', *, *, #1013, .F. ) ;
#2748 = CARTESIAN_POINT ( 'NONE',  ( -0.008864049127554850943, 20.49839339109564307, -7.857412280648894409 ) ) ;
#2749 = ADVANCED_FACE ( 'NONE', ( #1369 ), #164, .F. ) ;
#2750 = ORIENTED_EDGE ( 'NONE', *, *, #2215, .T. ) ;
#2751 = CARTESIAN_POINT ( 'NONE',  ( 74.25662343628368944, 1.289117485762279802, -19.16674328112401682 ) ) ;
#2752 = CARTESIAN_POINT ( 'NONE',  ( -19.55718890659926856, 14.15519671380541311, -12.25542443158026629 ) ) ;
#2753 = CARTESIAN_POINT ( 'NONE',  ( 108.6855339059326582, 30.00000000000000355, 23.68553390593273633 ) ) ;
#2754 = EDGE_CURVE ( 'NONE', #474, #445, #542, .T. ) ;
#2755 = ADVANCED_FACE ( 'NONE', ( #2470 ), #17, .T. ) ;
#2756 = CARTESIAN_POINT ( 'NONE',  ( -19.07608916011025713, 17.50000000000000355, -13.42857142857142527 ) ) ;
#2757 = CARTESIAN_POINT ( 'NONE',  ( 74.26497709317746398, 33.84161065578793881, -1.014970734645962658 ) ) ;
#2758 = ORIENTED_EDGE ( 'NONE', *, *, #765, .T. ) ;
#2759 = CARTESIAN_POINT ( 'NONE',  ( -19.99999999999999289, 20.50000000000000355, -7.999999999999992895 ) ) ;
#2760 = ORIENTED_EDGE ( 'NONE', *, *, #309, .T. ) ;
#2761 = FACE_BOUND ( 'NONE', #29, .T. ) ;
#2762 = VECTOR ( 'NONE', #2473, 1000.000000000000000 ) ;
#2763 = ORIENTED_EDGE ( 'NONE', *, *, #899, .F. ) ;
#2764 = VERTEX_POINT ( 'NONE', #1492 ) ;
#2765 = CARTESIAN_POINT ( 'NONE',  ( 74.38522346944678532, 1.549464027889571494, -19.40369870595636925 ) ) ;
#2766 = EDGE_CURVE ( 'NONE', #2314, #1045, #372, .T. ) ;
#2767 = FACE_OUTER_BOUND ( 'NONE', #2056, .T. ) ;
#2768 = CARTESIAN_POINT ( 'NONE',  ( 84.82234048733177190, 30.00000000000000355, -2.248727324533702721 ) ) ;
#2769 = CARTESIAN_POINT ( 'NONE',  ( 78.18710742687083837, 30.00000000000000355, -0.1586281001488016595 ) ) ;
#2770 = CARTESIAN_POINT ( 'NONE',  ( 74.68362814007039674, 33.14594489105157749, -0.4651825377438406073 ) ) ;
#2771 = DIRECTION ( 'NONE',  ( 1.000000000000000000, 0.000000000000000000, 0.000000000000000000 ) ) ;
#2772 = VERTEX_POINT ( 'NONE', #1997 ) ;
#2773 = CIRCLE ( 'NONE', #2622, 4.999999999999976907 ) ;
#2774 = DIRECTION ( 'NONE',  ( 1.000000000000000000, 0.000000000000000000, 0.000000000000000000 ) ) ;
#2775 = ORIENTED_EDGE ( 'NONE', *, *, #1750, .T. ) ;
#2776 = EDGE_LOOP ( 'NONE', ( #1324, #115, #2028, #2909 ) ) ;
#2777 = CARTESIAN_POINT ( 'NONE',  ( 77.75127267546629639, 5.000000000000000000, -14.82234048733176301 ) ) ;
#2778 = DIRECTION ( 'NONE',  ( 1.000000000000000000, 0.000000000000000000, 0.000000000000000000 ) ) ;
#2779 = DIRECTION ( 'NONE',  ( -0.7071067811865470176, -9.813077866773566874E-16, -0.7071067811865482389 ) ) ;
#2780 = AXIS2_PLACEMENT_3D ( 'NONE', #503, #2135, #42 ) ;
#2781 = FACE_OUTER_BOUND ( 'NONE', #2629, .T. ) ;
#2782 = ADVANCED_FACE ( 'NONE', ( #820 ), #1312, .T. ) ;
#2783 = AXIS2_PLACEMENT_3D ( 'NONE', #1368, #941, #1874 ) ;
#2784 = DIRECTION ( 'NONE',  ( 1.000000000000000000, 0.000000000000000000, 0.000000000000000000 ) ) ;
#2785 = DIRECTION ( 'NONE',  ( 1.000000000000000000, 0.000000000000000000, 0.000000000000000000 ) ) ;
#2786 = AXIS2_PLACEMENT_3D ( 'NONE', #1848, #429, #2295 ) ;
#2787 = ORIENTED_EDGE ( 'NONE', *, *, #2019, .F. ) ;
#2788 = AXIS2_PLACEMENT_3D ( 'NONE', #2442, #2161, #1668 ) ;
#2789 = ADVANCED_FACE ( 'NONE', ( #386 ), #1597, .T. ) ;
#2790 = VECTOR ( 'NONE', #1225, 1000.000000000000000 ) ;
#2791 = EDGE_CURVE ( 'NONE', #45, #159, #2544, .T. ) ;
#2792 = VECTOR ( 'NONE', #1406, 1000.000000000000000 ) ;
#2793 = DIRECTION ( 'NONE',  ( -1.000000000000000000, -0.000000000000000000, -3.154042683594197093E-16 ) ) ;
#2794 = ORIENTED_EDGE ( 'NONE', *, *, #2108, .F. ) ;
#2795 = EDGE_LOOP ( 'NONE', ( #2488, #1769, #2648, #1031, #375 ) ) ;
#2796 = DIRECTION ( 'NONE',  ( 0.7071067811865480168, 0.000000000000000000, -0.7071067811865469066 ) ) ;
#2797 = CARTESIAN_POINT ( 'NONE',  ( -18.89440396693848712, 19.99544596618052239, -12.87119271379556729 ) ) ;
#2798 = B_SPLINE_CURVE_WITH_KNOTS ( 'NONE', 3,
 ( #383, #1724, #1050, #123, #1774, #1555, #832, #2501 ),
 .UNSPECIFIED., .F., .F.,
 ( 4, 2, 2, 4 ),
 ( 0.001429899101799136712, 0.003713003097367651578, 0.004854555095151908035, 0.005996107092936165360 ),
 .UNSPECIFIED. ) ;
#2799 = DIRECTION ( 'NONE',  ( -0.7071067811865472397, 0.000000000000000000, -0.7071067811865479058 ) ) ;
#2800 = CARTESIAN_POINT ( 'NONE',  ( 204.4789610478665338, -2.728137783906879826E-29, 15.93553390593271857 ) ) ;
#2801 = LINE ( 'NONE', #12, #1115 ) ;
#2802 = EDGE_CURVE ( 'NONE', #438, #2552, #355, .T. ) ;
#2803 = DIRECTION ( 'NONE',  ( 1.000000000000000000, 0.000000000000000000, 0.000000000000000000 ) ) ;
#2804 = EDGE_LOOP ( 'NONE', ( #2039, #2212, #1101, #833 ) ) ;
#2805 = LINE ( 'NONE', #2600, #838 ) ;
#2806 = VERTEX_POINT ( 'NONE', #2236 ) ;
#2807 = ORIENTED_EDGE ( 'NONE', *, *, #1375, .F. ) ;
#2808 = CARTESIAN_POINT ( 'NONE',  ( -1.128857187160800191, 1.797245453495559370E-16, -12.90122499612343354 ) ) ;
#2809 = DIRECTION ( 'NONE',  ( 0.000000000000000000, 0.000000000000000000, -1.000000000000000000 ) ) ;
#2810 = DIRECTION ( 'NONE',  ( -0.000000000000000000, 1.000000000000000000, -0.000000000000000000 ) ) ;
#2811 = CARTESIAN_POINT ( 'NONE',  ( 78.57957571795671470, 1.273744950639035922, -18.87189204967551959 ) ) ;
#2812 = LINE ( 'NONE', #2308, #2141 ) ;
#2813 = LINE ( 'NONE', #499, #2792 ) ;
#2814 = DIRECTION ( 'NONE',  ( -1.000000000000000000, 0.000000000000000000, 0.000000000000000000 ) ) ;
#2815 = DIRECTION ( 'NONE',  ( -0.000000000000000000, -1.000000000000000000, 0.000000000000000000 ) ) ;
#2816 = ORIENTED_EDGE ( 'NONE', *, *, #2400, .T. ) ;
#2817 = DIRECTION ( 'NONE',  ( -0.9803413637469802211, -0.1776868721791401429, -0.08577986932786067775 ) ) ;
#2818 = ORIENTED_EDGE ( 'NONE', *, *, #1706, .T. ) ;
#2819 = CARTESIAN_POINT ( 'NONE',  ( 204.4789610478665338, 4.000000000000003553, -35.93553390593263686 ) ) ;
#2820 = AXIS2_PLACEMENT_3D ( 'NONE', #174, #2714, #2229 ) ;
#2821 = CARTESIAN_POINT ( 'NONE',  ( -19.38414445102756289, 19.21428571428571885, -13.42857142857142172 ) ) ;
#2822 = PLANE ( 'NONE',  #326 ) ;
#2823 = EDGE_CURVE ( 'NONE', #2258, #140, #1772, .T. ) ;
#2824 = EDGE_CURVE ( 'NONE', #1028, #1895, #2298, .T. ) ;
#2825 = DIRECTION ( 'NONE',  ( -1.000000000000000000, 0.000000000000000000, 0.000000000000000000 ) ) ;
#2826 = B_SPLINE_CURVE_WITH_KNOTS ( 'NONE', 3,
 ( #292, #2174, #2406, #2670, #1714, #1027, #808, #2655, #1729, #2421, #359, #324 ),
 .UNSPECIFIED., .F., .F.,
 ( 4, 2, 2, 2, 2, 4 ),
 ( 0.004983180541028772378, 0.005729849769655986046, 0.006476518998283198846, 0.007223188226910412513, 0.007596522841224015443, 0.007969857455537618374 ),
 .UNSPECIFIED. ) ;
#2827 = DIRECTION ( 'NONE',  ( 1.000000000000000000, 0.000000000000000000, -6.938893903907260918E-16 ) ) ;
#2828 = CARTESIAN_POINT ( 'NONE',  ( -18.25543735346196783, 17.50000000000000355, -12.99999999999999467 ) ) ;
#2829 = ORIENTED_EDGE ( 'NONE', *, *, #821, .T. ) ;
#2830 = AXIS2_PLACEMENT_3D ( 'NONE', #1447, #2395, #2624 ) ;
#2831 = AXIS2_PLACEMENT_3D ( 'NONE', #1109, #211, #2036 ) ;
#2832 = DIRECTION ( 'NONE',  ( -0.000000000000000000, 1.000000000000000000, 0.000000000000000000 ) ) ;
#2833 = AXIS2_PLACEMENT_3D ( 'NONE', #688, #2100, #223 ) ;
#2834 = ORIENTED_EDGE ( 'NONE', *, *, #1152, .T. ) ;
#2835 = ORIENTED_EDGE ( 'NONE', *, *, #1461, .T. ) ;
#2836 = AXIS2_PLACEMENT_3D ( 'NONE', #1049, #2125, #1454 ) ;
#2837 = DIRECTION ( 'NONE',  ( -1.000000000000000000, -0.000000000000000000, 0.000000000000000000 ) ) ;
#2838 = CIRCLE ( 'NONE', #740, 4.999999999999976907 ) ;
#2839 = DIRECTION ( 'NONE',  ( 0.000000000000000000, 0.000000000000000000, -1.000000000000000000 ) ) ;
#2840 = DIRECTION ( 'NONE',  ( -1.000000000000000000, -0.000000000000000000, 0.000000000000000000 ) ) ;
#2841 = CARTESIAN_POINT ( 'NONE',  ( 3.375911641671850649, 14.90440906446567482, -7.708428556999398218 ) ) ;
#2842 = ADVANCED_FACE ( 'NONE', ( #2950 ), #1652, .F. ) ;
#2843 = EDGE_CURVE ( 'NONE', #2053, #1927, #1429, .T. ) ;
#2844 = CARTESIAN_POINT ( 'NONE',  ( -5.897123785786735058E-14, 19.49967055646846958, -12.99999999999999467 ) ) ;
#2845 = LINE ( 'NONE', #2133, #1451 ) ;
#2846 = ORIENTED_EDGE ( 'NONE', *, *, #1867, .F. ) ;
#2847 = B_SPLINE_CURVE_WITH_KNOTS ( 'NONE', 3,
 ( #1752, #2676, #2960, #138, #586, #2431, #1063, #1500, #2214, #1046, #620, #859, #1783, #2921, #1485, #2728 ),
 .UNSPECIFIED., .F., .F.,
 ( 4, 2, 2, 2, 2, 2, 2, 4 ),
 ( 0.000000000000000000, 0.0003438222184116802643, 0.0006876444368233605286, 0.001375288873646721057, 0.001719111092058401864, 0.002062933310470083104, 0.002406755528881764344, 0.002750577747293445584 ),
 .UNSPECIFIED. ) ;
#2848 = DIRECTION ( 'NONE',  ( 0.000000000000000000, 0.000000000000000000, -1.000000000000000000 ) ) ;
#2849 = EDGE_LOOP ( 'NONE', ( #1197, #1271, #2730, #1092 ) ) ;
#2850 = CARTESIAN_POINT ( 'NONE',  ( 81.28680658139903414, 5.000000000000000888, 1.286806581399031257 ) ) ;
#2851 = ORIENTED_EDGE ( 'NONE', *, *, #2541, .F. ) ;
#2852 = DIRECTION ( 'NONE',  ( -0.7071067811865477948, 0.000000000000000000, 0.7071067811865471286 ) ) ;
#2853 = DIRECTION ( 'NONE',  ( 1.000000000000000000, -0.000000000000000000, 3.154042683594197093E-16 ) ) ;
#2854 = CARTESIAN_POINT ( 'NONE',  ( 80.00000000000000000, 35.00000000000000000, -15.07845905230314010 ) ) ;
#2855 = EDGE_CURVE ( 'NONE', #1663, #1277, #2524, .T. ) ;
#2856 = CARTESIAN_POINT ( 'NONE',  ( 81.28680658139903414, 30.00000000000000355, 1.286806581399031479 ) ) ;
#2857 = CARTESIAN_POINT ( 'NONE',  ( 0.000000000000000000, 14.50000000000000355, -11.99999999999999289 ) ) ;
#2858 = FACE_OUTER_BOUND ( 'NONE', #2482, .T. ) ;
#2859 = VERTEX_POINT ( 'NONE', #1910 ) ;
#2860 = LINE ( 'NONE', #814, #399 ) ;
#2861 = EDGE_LOOP ( 'NONE', ( #1242, #517, #2617, #2515 ) ) ;
#2862 = CARTESIAN_POINT ( 'NONE',  ( -19.99999999999999289, 20.50000000000000355, -6.999999999999993783 ) ) ;
#2863 = VERTEX_POINT ( 'NONE', #2572 ) ;
#2864 = CARTESIAN_POINT ( 'NONE',  ( -19.55721380163375400, 19.75550046064485699, -6.655207734611789938 ) ) ;
#2865 = CARTESIAN_POINT ( 'NONE',  ( 141.6855339059326298, 35.00000000000000000, 23.68553390593274699 ) ) ;
#2866 = CARTESIAN_POINT ( 'NONE',  ( -19.65590675585756131, 20.58802709287311217, -12.76503148174420765 ) ) ;
#2867 = CARTESIAN_POINT ( 'NONE',  ( 204.4789610478665338, 5.000000000000004441, -43.68553390593266528 ) ) ;
#2868 = ORIENTED_EDGE ( 'NONE', *, *, #183, .T. ) ;
#2869 = CARTESIAN_POINT ( 'NONE',  ( 80.00000000000001421, 35.00000000000000711, -15.20629444792158580 ) ) ;
#2870 = PLANE ( 'NONE',  #1435 ) ;
#2871 = EDGE_CURVE ( 'NONE', #2552, #1043, #2845, .T. ) ;
#2872 = CARTESIAN_POINT ( 'NONE',  ( -23.99999999999999289, 14.50000000000000355, -9.999999999999992895 ) ) ;
#2873 = CIRCLE ( 'NONE', #2938, 4.999999999999976907 ) ;
#2874 = ORIENTED_EDGE ( 'NONE', *, *, #267, .T. ) ;
#2875 = EDGE_CURVE ( 'NONE', #1744, #2017, #2838, .T. ) ;
#2876 = ORIENTED_EDGE ( 'NONE', *, *, #144, .T. ) ;
#2877 = ADVANCED_FACE ( 'NONE', ( #2106 ), #1210, .F. ) ;
#2878 = VECTOR ( 'NONE', #652, 1000.000000000000000 ) ;
#2879 = CARTESIAN_POINT ( 'NONE',  ( -19.46402473247727727, 14.07142857254461887, -11.92936995674129186 ) ) ;
#2880 = CARTESIAN_POINT ( 'NONE',  ( -19.36028568503428815, 20.14822160566845710, -12.76593955000284986 ) ) ;
#2881 = CIRCLE ( 'NONE', #926, 10.00000000000000178 ) ;
#2882 = CARTESIAN_POINT ( 'NONE',  ( 0.000000000000000000, 20.50000000000000355, -12.99999999999999467 ) ) ;
#2883 = TOROIDAL_SURFACE ( 'NONE', #2744, 10.00000000000000000, 5.000000000000000000 ) ;
#2884 = DIRECTION ( 'NONE',  ( 0.000000000000000000, -1.000000000000000000, 0.000000000000000000 ) ) ;
#2885 = ORIENTED_EDGE ( 'NONE', *, *, #462, .F. ) ;
#2886 = DIRECTION ( 'NONE',  ( 0.7071067811865482389, 0.000000000000000000, -0.7071067811865469066 ) ) ;
#2887 = ORIENTED_EDGE ( 'NONE', *, *, #186, .F. ) ;
#2888 = CARTESIAN_POINT ( 'NONE',  ( -19.31166032001535626, 15.13432397233265903, -7.062495694895962295 ) ) ;
#2889 = ADVANCED_FACE ( 'NONE', ( #2558 ), #2883, .T. ) ;
#2890 = DIRECTION ( 'NONE',  ( -7.930164461608260440E-16, 1.000000000000000000, 0.000000000000000000 ) ) ;
#2891 = ORIENTED_EDGE ( 'NONE', *, *, #322, .T. ) ;
#2892 = CARTESIAN_POINT ( 'NONE',  ( -18.92271045394732099, 20.09849849475110162, -7.195822586658080944 ) ) ;
#2893 = EDGE_LOOP ( 'NONE', ( #2612, #1605, #2157, #974 ) ) ;
#2894 = CARTESIAN_POINT ( 'NONE',  ( -18.78872894671124527, 14.52417426798808897, -12.25489777837085725 ) ) ;
#2895 = CARTESIAN_POINT ( 'NONE',  ( -19.36033164864564426, 20.26533569508134391, -12.64892998092914311 ) ) ;
#2896 = DIRECTION ( 'NONE',  ( -0.000000000000000000, -0.000000000000000000, -1.000000000000000000 ) ) ;
#2897 = DIRECTION ( 'NONE',  ( 1.000000000000000000, 0.000000000000000000, 0.000000000000000000 ) ) ;
#2898 = ORIENTED_EDGE ( 'NONE', *, *, #2653, .T. ) ;
#2899 = CARTESIAN_POINT ( 'NONE',  ( -18.70814781368480695, 14.50000000000000178, -7.874374041609089048 ) ) ;
#2900 = B_SPLINE_CURVE_WITH_KNOTS ( 'NONE', 3,
 ( #2167, #2452, #799, #2154, #588, #1506, #2922, #783 ),
 .UNSPECIFIED., .F., .F.,
 ( 4, 2, 2, 4 ),
 ( 0.000000000000000000, 0.0007822358284919607397, 0.001173353742737946693, 0.001564471656983932538 ),
 .UNSPECIFIED. ) ;
#2901 = VECTOR ( 'NONE', #279, 1000.000000000000114 ) ;
#2902 = DIRECTION ( 'NONE',  ( 0.000000000000000000, -0.000000000000000000, 1.000000000000000000 ) ) ;
#2903 = VERTEX_POINT ( 'NONE', #751 ) ;
#2904 = PERSON_AND_ORGANIZATION ( #2667, #1705 ) ;
#2905 = DIRECTION ( 'NONE',  ( 1.000000000000000000, 7.930164461608261426E-16, 0.000000000000000000 ) ) ;
#2906 = DIRECTION ( 'NONE',  ( 0.7071067811865481278, 0.000000000000000000, -0.7071067811865469066 ) ) ;
#2907 = ORIENTED_EDGE ( 'NONE', *, *, #165, .F. ) ;
#2908 = CARTESIAN_POINT ( 'NONE',  ( -18.70089243307219107, 19.61585810534006669, -6.999999999999994671 ) ) ;
#2909 = ORIENTED_EDGE ( 'NONE', *, *, #2824, .T. ) ;
#2910 = DIRECTION ( 'NONE',  ( -0.000000000000000000, -0.000000000000000000, -1.000000000000000000 ) ) ;
#2911 = CARTESIAN_POINT ( 'NONE',  ( -19.60526903208154792, 15.03578967177231718, -13.25995000097073451 ) ) ;
#2912 = CARTESIAN_POINT ( 'NONE',  ( 81.28680658139903414, 0.000000000000000000, 1.286806581399031257 ) ) ;
#2913 = CARTESIAN_POINT ( 'NONE',  ( -19.62377482713304389, 20.06362165675049170, -13.20775893764394660 ) ) ;
#2914 = LINE ( 'NONE', #2688, #2294 ) ;
#2915 = ORIENTED_EDGE ( 'NONE', *, *, #84, .F. ) ;
#2916 = EDGE_CURVE ( 'NONE', #2965, #1734, #305, .T. ) ;
#2917 = ADVANCED_FACE ( 'NONE', ( #523 ), #18, .F. ) ;
#2918 = AXIS2_PLACEMENT_3D ( 'NONE', #813, #1770, #2022 ) ;
#2919 = CARTESIAN_POINT ( 'NONE',  ( 193.1489438335833597, 17.50000000000000000, 15.93553390593271857 ) ) ;
#2920 = VERTEX_POINT ( 'NONE', #1628 ) ;
#2921 = CARTESIAN_POINT ( 'NONE',  ( -19.46146899607646219, 15.56867988543974590, -6.581684789384879330 ) ) ;
#2922 = CARTESIAN_POINT ( 'NONE',  ( 0.0007202135566325220143, 19.63116233702482916, -12.99999999999999822 ) ) ;
#2923 = ORIENTED_EDGE ( 'NONE', *, *, #1792, .F. ) ;
#2924 = CARTESIAN_POINT ( 'NONE',  ( 77.75127267546592691, 30.43666499123419555, -19.80323635910326985 ) ) ;
#2925 = ORIENTED_EDGE ( 'NONE', *, *, #253, .T. ) ;
#2926 = DIRECTION ( 'NONE',  ( 0.000000000000000000, 0.000000000000000000, -1.000000000000000000 ) ) ;
#2927 = VECTOR ( 'NONE', #231, 1000.000000000000000 ) ;
#2928 = CARTESIAN_POINT ( 'NONE',  ( -18.61483519286549182, 19.50000000000000355, -6.999999999999993783 ) ) ;
#2929 = CARTESIAN_POINT ( 'NONE',  ( 0.000000000000000000, 15.50000000000000355, -6.999999999999993783 ) ) ;
#2930 =( BOUNDED_CURVE ( )  B_SPLINE_CURVE ( 3, ( #215, #2961, #1085, #2252 ),
 .UNSPECIFIED., .F., .T. ) 
 B_SPLINE_CURVE_WITH_KNOTS ( ( 4, 4 ),
 ( 0.01554634873430198183, 0.01603227985354111276 ),
 .UNSPECIFIED. ) 
 CURVE ( )  GEOMETRIC_REPRESENTATION_ITEM ( )  RATIONAL_B_SPLINE_CURVE ( ( 1.000000000000000000, 0.9999999803225790851, 0.9999999803225790851, 1.000000000000000000 ) ) 
 REPRESENTATION_ITEM ( '' )  );
#2931 = AXIS2_PLACEMENT_3D ( 'NONE', #199, #2118, #1195 ) ;
#2932 = CARTESIAN_POINT ( 'NONE',  ( -18.61483519286549182, 14.50000000000000355, -11.99999999999999289 ) ) ;
#2933 = EDGE_CURVE ( 'NONE', #33, #2965, #915, .T. ) ;
#2934 = VECTOR ( 'NONE', #1038, 1000.000000000000000 ) ;
#2935 = CARTESIAN_POINT ( 'NONE',  ( -18.89005610176034367, 15.01782362433948670, -7.121082792464311417 ) ) ;
#2936 = CIRCLE ( 'NONE', #595, 5.000000000000000888 ) ;
#2937 = ORIENTED_EDGE ( 'NONE', *, *, #1982, .F. ) ;
#2938 = AXIS2_PLACEMENT_3D ( 'NONE', #2379, #725, #260 ) ;
#2939 = AXIS2_PLACEMENT_3D ( 'NONE', #83, #2412, #1953 ) ;
#2940 = CARTESIAN_POINT ( 'NONE',  ( -19.10439562987771822, 20.50000000000000000, -8.181818181818172775 ) ) ;
#2941 = ORIENTED_EDGE ( 'NONE', *, *, #2060, .F. ) ;
#2942 = EDGE_CURVE ( 'NONE', #2201, #1412, #2813, .T. ) ;
#2943 = CARTESIAN_POINT ( 'NONE',  ( 188.1489438335833881, 17.50000000000000000, 15.93553390593272212 ) ) ;
#2944 = CARTESIAN_POINT ( 'NONE',  ( 74.39067047949848188, 33.96023404316262884, -1.258728235471193724 ) ) ;
#2945 = ORIENTED_EDGE ( 'NONE', *, *, #716, .T. ) ;
#2946 = CARTESIAN_POINT ( 'NONE',  ( -23.99999999999999289, 17.50000000000000355, -13.42857142857142527 ) ) ;
#2947 = ORIENTED_EDGE ( 'NONE', *, *, #2526, .T. ) ;
#2948 = PRODUCT_DEFINITION ( 'UNKNOWN', '', #2149, #78 ) ;
#2949 = CARTESIAN_POINT ( 'NONE',  ( 79.75399199805988815, 34.95541104964835455, -4.284247991449381843 ) ) ;
#2950 = FACE_OUTER_BOUND ( 'NONE', #1969, .T. ) ;
#2951 = ORIENTED_EDGE ( 'NONE', *, *, #2875, .F. ) ;
#2952 = DIRECTION ( 'NONE',  ( 4.785444071660157944E-16, -0.000000000000000000, 1.000000000000000000 ) ) ;
#2953 = CARTESIAN_POINT ( 'NONE',  ( -18.86617953602826603, 15.07872698567921077, -7.090680282356174757 ) ) ;
#2954 = VERTEX_POINT ( 'NONE', #970 ) ;
#2955 = CARTESIAN_POINT ( 'NONE',  ( -19.65583500835763431, 14.65499094550472137, -6.992132293630413997 ) ) ;
#2956 = EDGE_CURVE ( 'NONE', #2233, #366, #2337, .T. ) ;
#2957 = CARTESIAN_POINT ( 'NONE',  ( -18.78872894671124527, 20.47582573201199097, -7.745102221629309724 ) ) ;
#2958 = VERTEX_POINT ( 'NONE', #2828 ) ;
#2959 = PERSON_AND_ORGANIZATION ( #2667, #1705 ) ;
#2960 = CARTESIAN_POINT ( 'NONE',  ( -19.46148856648243708, 14.08168979079141714, -8.068622914844876703 ) ) ;
#2961 = CARTESIAN_POINT ( 'NONE',  ( -2.775211598318467185E-14, 19.49967055646846958, -6.999999999999993783 ) ) ;
#2962 = ORIENTED_EDGE ( 'NONE', *, *, #848, .T. ) ;
#2963 = AXIS2_PLACEMENT_3D ( 'NONE', #2593, #1666, #24 ) ;
#2964 = CARTESIAN_POINT ( 'NONE',  ( 80.00000000000000000, 0.000000000000000000, 0.000000000000000000 ) ) ;
#2965 = VERTEX_POINT ( 'NONE', #295 ) ;
#2966 = EDGE_CURVE ( 'NONE', #2958, #1663, #1955, .T. ) ;
#2967 = CARTESIAN_POINT ( 'NONE',  ( 78.18710742687083837, 30.00000000000000355, -19.84137189985119676 ) ) ;
#2968 = CARTESIAN_POINT ( 'NONE',  ( -0.0001269806636894028678, 14.50002301524529713, -12.00783413264620414 ) ) ;
#2969 = EDGE_LOOP ( 'NONE', ( #1120, #2546, #852, #2885 ) ) ;
#2970 = CARTESIAN_POINT ( 'NONE',  ( 80.00000000000000000, 35.00000000000000000, 0.000000000000000000 ) ) ;
#2971 = DIRECTION ( 'NONE',  ( -1.000000000000000000, 0.000000000000000000, 0.000000000000000000 ) ) ;
#2972 = LINE ( 'NONE', #2555, #3019 ) ;
#2973 = CARTESIAN_POINT ( 'NONE',  ( -19.65588284042668121, 20.34597689024140621, -6.992978919610841615 ) ) ;
#2974 = CARTESIAN_POINT ( 'NONE',  ( 74.25056731162739254, 33.75862795582683162, -0.8928425362795752163 ) ) ;
#2975 = ADVANCED_FACE ( 'NONE', ( #1182 ), #241, .T. ) ;
#2976 = ORIENTED_EDGE ( 'NONE', *, *, #2407, .F. ) ;
#2977 = DIRECTION ( 'NONE',  ( 1.000000000000000000, 0.000000000000000000, 0.000000000000000000 ) ) ;
#2978 = EDGE_LOOP ( 'NONE', ( #2196, #275, #2003, #463 ) ) ;
#2979 = CARTESIAN_POINT ( 'NONE',  ( 79.84260051546262105, 34.97147134342760921, -4.392998118681079589 ) ) ;
#2980 = ADVANCED_FACE ( 'NONE', ( #40 ), #1196, .T. ) ;
#2981 = ADVANCED_FACE ( 'NONE', ( #953 ), #2089, .T. ) ;
#2982 = ORIENTED_EDGE ( 'NONE', *, *, #2619, .F. ) ;
#2983 = CARTESIAN_POINT ( 'NONE',  ( 43.53553390593285144, 30.00000000000000355, -43.53553390593273065 ) ) ;
#2984 = CARTESIAN_POINT ( 'NONE',  ( -19.42455828292958131, 15.67689671307420340, -13.42857142857142350 ) ) ;
#2985 = CARTESIAN_POINT ( 'NONE',  ( 0.000000000000000000, 15.50000000000000355, -12.99999999999999467 ) ) ;
#2986 = VECTOR ( 'NONE', #1548, 1000.000000000000000 ) ;
#2987 = AXIS2_PLACEMENT_3D ( 'NONE', #389, #647, #1563 ) ;
#2988 = CARTESIAN_POINT ( 'NONE',  ( -19.31175046408325358, 19.86600494032956021, -7.062617370399412842 ) ) ;
#2989 = CIRCLE ( 'NONE', #782, 5.000000000000000888 ) ;
#2990 = AXIS2_PLACEMENT_3D ( 'NONE', #1468, #2213, #1935 ) ;
#2991 = CARTESIAN_POINT ( 'NONE',  ( 204.4789610478665054, 31.00000000000000711, 35.95336991259401316 ) ) ;
#2992 = EDGE_LOOP ( 'NONE', ( #2807, #87, #318, #392 ) ) ;
#2993 = VERTEX_POINT ( 'NONE', #779 ) ;
#2994 = ADVANCED_FACE ( 'NONE', ( #2164 ), #650, .F. ) ;
#2995 = DIRECTION ( 'NONE',  ( 0.000000000000000000, 0.000000000000000000, 1.000000000000000000 ) ) ;
#2996 = ORIENTED_EDGE ( 'NONE', *, *, #1841, .T. ) ;
#2997 = CARTESIAN_POINT ( 'NONE',  ( 81.28680658139903414, 5.000000000000000888, -21.28680658139902349 ) ) ;
#2998 = LINE ( 'NONE', #1623, #735 ) ;
#2999 = DIRECTION ( 'NONE',  ( 2.392722035830077986E-16, 0.000000000000000000, -1.000000000000000000 ) ) ;
#3000 = CARTESIAN_POINT ( 'NONE',  ( 0.0007200844441231101000, 15.36886122077136108, -6.999999999999993783 ) ) ;
#3001 = CARTESIAN_POINT ( 'NONE',  ( 204.4789610478665054, 30.00000000000000711, 24.68553390593276475 ) ) ;
#3002 = EDGE_LOOP ( 'NONE', ( #1817, #179, #1940, #1326 ) ) ;
#3003 = ORIENTED_EDGE ( 'NONE', *, *, #222, .F. ) ;
#3004 = CARTESIAN_POINT ( 'NONE',  ( 0.000000000000000000, 19.50000000000000355, -6.999999999999993783 ) ) ;
#3005 = ORIENTED_EDGE ( 'NONE', *, *, #309, .F. ) ;
#3006 = EDGE_LOOP ( 'NONE', ( #1037, #2747, #575, #2112 ) ) ;
#3007 = CYLINDRICAL_SURFACE ( 'NONE', #2506, 5.000000000000001776 ) ;
#3008 = CARTESIAN_POINT ( 'NONE',  ( 109.1499999999999204, 35.00000000000000000, 12.40000000000003411 ) ) ;
#3009 = DIRECTION ( 'NONE',  ( -0.7071067811865469066, 0.000000000000000000, -0.7071067811865482389 ) ) ;
#3010 = CARTESIAN_POINT ( 'NONE',  ( 77.75127267546629639, 35.00000000000000000, -24.82234048733176479 ) ) ;
#3011 = ADVANCED_FACE ( 'NONE', ( #2858 ), #1484, .F. ) ;
#3012 = EDGE_CURVE ( 'NONE', #1239, #2564, #787, .T. ) ;
#3013 = CARTESIAN_POINT ( 'NONE',  ( -0.0003809376073374760212, 14.50006904494133586, -12.01175096232064554 ) ) ;
#3014 = CARTESIAN_POINT ( 'NONE',  ( -23.99999999999999289, 17.50000000000000355, -13.99999999999999467 ) ) ;
#3015 = ORIENTED_EDGE ( 'NONE', *, *, #1348, .T. ) ;
#3016 = PRODUCT_DEFINITION_SHAPE ( 'NONE', 'NONE',  #2948 ) ;
#3017 = DIRECTION ( 'NONE',  ( 1.000000000000000000, 0.000000000000000000, 3.154042683594197093E-16 ) ) ;
#3018 = EDGE_CURVE ( 'NONE', #1254, #988, #598, .T. ) ;
#3019 = VECTOR ( 'NONE', #1137, 999.9999999999998863 ) ;
ENDSEC;
END-ISO-10303-21;
