ISO-10303-21;
HEADER;
FILE_DESCRIPTION (( 'STEP AP203' ),
    '1' );
FILE_NAME ('Base_Default_sldprt.STEP',
    '2026-04-21T20:27:06',
    ( '' ),
    ( '' ),
    'SwSTEP 2.0',
    'SolidWorks 2025',
    '' );
FILE_SCHEMA (( 'CONFIG_CONTROL_DESIGN' ));
ENDSEC;

DATA;
#1 = VECTOR ( 'NONE', #1388, 1000.000000000000000 ) ;
#2 = CYLINDRICAL_SURFACE ( 'NONE', #1440, 1.500000000000001332 ) ;
#3 = EDGE_CURVE ( 'NONE', #1185, #971, #2911, .T. ) ;
#4 = DIRECTION ( 'NONE',  ( 0.000000000000000000, 0.000000000000000000, 1.000000000000000000 ) ) ;
#5 = VERTEX_POINT ( 'NONE', #2788 ) ;
#6 = AXIS2_PLACEMENT_3D ( 'NONE', #1509, #2813, #1885 ) ;
#7 = DIRECTION ( 'NONE',  ( -1.000000000000000000, -0.000000000000000000, -0.000000000000000000 ) ) ;
#8 = ORIENTED_EDGE ( 'NONE', *, *, #2591, .F. ) ;
#9 = CARTESIAN_POINT ( 'NONE',  ( -85.39264068711925404, -20.00000000000000000, -25.47897305784328381 ) ) ;
#10 = CARTESIAN_POINT ( 'NONE',  ( -9.000000000000001776, 8.973356250699264791, -54.94393218862703065 ) ) ;
#11 = CARTESIAN_POINT ( 'NONE',  ( -1.000000000000000000, -17.00033292080717473, -42.26381612885029426 ) ) ;
#12 = VERTEX_POINT ( 'NONE', #3137 ) ;
#13 = ORIENTED_EDGE ( 'NONE', *, *, #2794, .F. ) ;
#14 = DIRECTION ( 'NONE',  ( 0.000000000000000000, 0.000000000000000000, 1.000000000000000000 ) ) ;
#15 = EDGE_CURVE ( 'NONE', #312, #3523, #1083, .T. ) ;
#16 = FACE_OUTER_BOUND ( 'NONE', #560, .T. ) ;
#17 = VERTEX_POINT ( 'NONE', #2764 ) ;
#18 = CARTESIAN_POINT ( 'NONE',  ( 17.84999999999097398, -17.06497768081785793, -25.40790524596372890 ) ) ;
#19 = DIRECTION ( 'NONE',  ( 0.000000000000000000, -2.561630862559161035E-16, 1.000000000000000000 ) ) ;
#20 = EDGE_LOOP ( 'NONE', ( #3292, #1251, #3536, #3300 ) ) ;
#21 = EDGE_CURVE ( 'NONE', #5, #1866, #4170, .T. ) ;
#22 = VECTOR ( 'NONE', #1614, 1000.000000000000000 ) ;
#23 = ORIENTED_EDGE ( 'NONE', *, *, #878, .F. ) ;
#24 = DIRECTION ( 'NONE',  ( 1.156482317317871478E-16, 0.000000000000000000, 1.000000000000000000 ) ) ;
#25 = CARTESIAN_POINT ( 'NONE',  ( -0.2008362853415820715, 28.59909844733019213, -44.99362181388362103 ) ) ;
#26 = ORIENTED_EDGE ( 'NONE', *, *, #2522, .T. ) ;
#27 = AXIS2_PLACEMENT_3D ( 'NONE', #2770, #4133, #3727 ) ;
#28 = EDGE_CURVE ( 'NONE', #2289, #3393, #332, .T. ) ;
#29 = FACE_OUTER_BOUND ( 'NONE', #2836, .T. ) ;
#30 = AXIS2_PLACEMENT_3D ( 'NONE', #783, #3462, #997 ) ;
#31 = B_SPLINE_CURVE_WITH_KNOTS ( 'NONE', 3,
 ( #3313, #930, #4284, #1267, #1621, #2616, #978, #2937, #3270, #230, #1978, #1639, #1956, #2980 ),
 .UNSPECIFIED., .F., .F.,
 ( 4, 2, 2, 2, 2, 2, 4 ),
 ( 0.000000000000000000, 0.0006719418965673459821, 0.001343883793134691964, 0.001679854741418355469, 0.002015825689702018756, 0.002351796637985682260, 0.002687767586269345765 ),
 .UNSPECIFIED. ) ;
#32 = FACE_OUTER_BOUND ( 'NONE', #3671, .T. ) ;
#33 = DIRECTION ( 'NONE',  ( 0.000000000000000000, -0.4998335395964111361, -0.8661214884151777760 ) ) ;
#34 = CARTESIAN_POINT ( 'NONE',  ( -8.000000000000000000, 16.47368917150645373, -12.78009345761720184 ) ) ;
#35 = ORIENTED_EDGE ( 'NONE', *, *, #3267, .T. ) ;
#36 = CARTESIAN_POINT ( 'NONE',  ( -66.29999999999998295, 5.023975569927935148, -4.368302179500640925 ) ) ;
#37 = ORIENTED_EDGE ( 'NONE', *, *, #636, .F. ) ;
#38 = CARTESIAN_POINT ( 'NONE',  ( -7.000000000000000888, 5.023975569927935148, -4.368302179500640925 ) ) ;
#39 = ORIENTED_EDGE ( 'NONE', *, *, #1055, .T. ) ;
#40 = CARTESIAN_POINT ( 'NONE',  ( -1.000000000000000000, 5.023975569927935148, -4.368302179500640925 ) ) ;
#41 = DIRECTION ( 'NONE',  ( 0.000000000000000000, 0.8661214884151779980, -0.4998335395964108030 ) ) ;
#42 = CC_DESIGN_PERSON_AND_ORGANIZATION_ASSIGNMENT ( #311, #1684, ( #2019 ) ) ;
#43 =( BOUNDED_CURVE ( )  B_SPLINE_CURVE ( 3, ( #3631, #543, #588, #2620 ),
 .UNSPECIFIED., .F., .T. ) 
 B_SPLINE_CURVE_WITH_KNOTS ( ( 4, 4 ),
 ( 1.570796326794896558, 3.141592653589793116 ),
 .UNSPECIFIED. ) 
 CURVE ( )  GEOMETRIC_REPRESENTATION_ITEM ( )  RATIONAL_B_SPLINE_CURVE ( ( 1.000000000000000000, 0.8047378541243649375, 0.8047378541243649375, 1.000000000000000000 ) ) 
 REPRESENTATION_ITEM ( '' )  );
#44 = DIRECTION ( 'NONE',  ( 0.000000000000000000, 0.000000000000000000, 1.000000000000000000 ) ) ;
#45 = COORDINATED_UNIVERSAL_TIME_OFFSET ( 6, 0, .BEHIND. ) ;
#46 = ORIENTED_EDGE ( 'NONE', *, *, #1301, .F. ) ;
#47 = CARTESIAN_POINT ( 'NONE',  ( -7.017837113560940310, -19.99999999999999645, -40.63868944663450122 ) ) ;
#48 = DIRECTION ( 'NONE',  ( 0.000000000000000000, -0.4998335395964111361, -0.8661214884151777760 ) ) ;
#49 = CYLINDRICAL_SURFACE ( 'NONE', #1591, 23.96002565122392980 ) ;
#50 = EDGE_LOOP ( 'NONE', ( #406, #1347 ) ) ;
#51 = DIRECTION ( 'NONE',  ( 0.000000000000000000, 0.000000000000000000, -1.000000000000000000 ) ) ;
#52 = CARTESIAN_POINT ( 'NONE',  ( -7.000000000000000000, -19.30205600297416879, 37.33369066994576713 ) ) ;
#53 = DIRECTION ( 'NONE',  ( 0.000000000000000000, 0.000000000000000000, 1.000000000000000000 ) ) ;
#54 = DIRECTION ( 'NONE',  ( 0.000000000000000000, 0.000000000000000000, -1.000000000000000000 ) ) ;
#55 = EDGE_LOOP ( 'NONE', ( #2572, #1829, #60, #609, #912, #2058 ) ) ;
#56 = ORIENTED_EDGE ( 'NONE', *, *, #2333, .T. ) ;
#57 = ORIENTED_EDGE ( 'NONE', *, *, #827, .F. ) ;
#58 = EDGE_CURVE ( 'NONE', #784, #1073, #719, .T. ) ;
#59 = CARTESIAN_POINT ( 'NONE',  ( -3.641120320310413661, -19.88891268082864983, 38.22938603725047102 ) ) ;
#60 = ORIENTED_EDGE ( 'NONE', *, *, #2470, .F. ) ;
#61 = CARTESIAN_POINT ( 'NONE',  ( 19.02003062497827912, -19.38532287717423586, -25.35795628760945064 ) ) ;
#62 = CARTESIAN_POINT ( 'NONE',  ( 13.84999999999998899, 7.999999999999992895, 2.118555401213849887 ) ) ;
#63 = DIRECTION ( 'NONE',  ( -0.000000000000000000, 1.000000000000000000, 1.779499736546008737E-16 ) ) ;
#64 = PERSON_AND_ORGANIZATION_ROLE ( 'design_owner' ) ;
#65 = DIRECTION ( 'NONE',  ( 0.000000000000000000, 0.000000000000000000, 1.000000000000000000 ) ) ;
#66 = CARTESIAN_POINT ( 'NONE',  ( -80.14999999999997726, 7.999999999999992895, 2.592094754022191694 ) ) ;
#67 = ADVANCED_FACE ( 'NONE', ( #3741, #2065 ), #3397, .T. ) ;
#68 = FACE_OUTER_BOUND ( 'NONE', #402, .T. ) ;
#69 = CIRCLE ( 'NONE', #1151, 2.375000000000002220 ) ;
#70 = CARTESIAN_POINT ( 'NONE',  ( -57.29999999999998295, 7.973689171506451956, -20.45509345761720255 ) ) ;
#71 = EDGE_CURVE ( 'NONE', #443, #4239, #1795, .T. ) ;
#72 = ORIENTED_EDGE ( 'NONE', *, *, #1671, .F. ) ;
#73 = AXIS2_PLACEMENT_3D ( 'NONE', #696, #2370, #1750 ) ;
#74 = AXIS2_PLACEMENT_3D ( 'NONE', #2227, #1125, #1834 ) ;
#75 = CARTESIAN_POINT ( 'NONE',  ( -57.03846269547589998, -19.99999999999794298, 35.43491074199260993 ) ) ;
#76 = AXIS2_PLACEMENT_3D ( 'NONE', #2325, #583, #1576 ) ;
#77 = LINE ( 'NONE', #1454, #2341 ) ;
#78 = CARTESIAN_POINT ( 'NONE',  ( -62.70223764886898010, -18.99966707919283238, 37.15918382751083016 ) ) ;
#79 = DIRECTION ( 'NONE',  ( -1.000000000000000000, -1.734723475976807094E-15, 0.000000000000000000 ) ) ;
#80 = ORIENTED_EDGE ( 'NONE', *, *, #1798, .T. ) ;
#81 = AXIS2_PLACEMENT_3D ( 'NONE', #2722, #4077, #3376 ) ;
#82 = ORIENTED_EDGE ( 'NONE', *, *, #4022, .T. ) ;
#83 = EDGE_CURVE ( 'NONE', #165, #4112, #1863, .T. ) ;
#84 = VERTEX_POINT ( 'NONE', #2888 ) ;
#85 = FACE_OUTER_BOUND ( 'NONE', #3058, .T. ) ;
#86 = ORIENTED_EDGE ( 'NONE', *, *, #400, .F. ) ;
#87 = CARTESIAN_POINT ( 'NONE',  ( 15.84999999999998899, -17.00000000000000711, 4.592094754022180148 ) ) ;
#88 = FACE_OUTER_BOUND ( 'NONE', #2605, .T. ) ;
#89 = ORIENTED_EDGE ( 'NONE', *, *, #1475, .T. ) ;
#90 = CARTESIAN_POINT ( 'NONE',  ( -9.000000000000001776, 26.98400122115173616, -44.96581114591765527 ) ) ;
#91 = COORDINATED_UNIVERSAL_TIME_OFFSET ( 6, 0, .BEHIND. ) ;
#92 = ORIENTED_EDGE ( 'NONE', *, *, #28, .T. ) ;
#93 = CARTESIAN_POINT ( 'NONE',  ( -9.000000000000001776, -19.99999999999999645, -39.95486337595898618 ) ) ;
#94 = CARTESIAN_POINT ( 'NONE',  ( -8.321016380156104120, -19.99999999999999645, -43.90013982612656207 ) ) ;
#95 = AXIS2_PLACEMENT_3D ( 'NONE', #1384, #2731, #3771 ) ;
#96 = DIRECTION ( 'NONE',  ( 1.000000000000000000, -0.000000000000000000, -0.000000000000000000 ) ) ;
#97 = ORIENTED_EDGE ( 'NONE', *, *, #3927, .F. ) ;
#98 = CARTESIAN_POINT ( 'NONE',  ( -57.02051317233231487, -20.00000000000215294, 34.59524132483954872 ) ) ;
#99 = ORIENTED_EDGE ( 'NONE', *, *, #1802, .T. ) ;
#100 = ADVANCED_FACE ( 'NONE', ( #3196, #1147 ), #834, .T. ) ;
#101 = CARTESIAN_POINT ( 'NONE',  ( -80.13066173611562704, -17.39269422780637342, -23.44013568578522921 ) ) ;
#102 = CARTESIAN_POINT ( 'NONE',  ( 10.84999999999997833, -20.00000000000000355, -28.40790524597781896 ) ) ;
#103 = CARTESIAN_POINT ( 'NONE',  ( -58.08133235797565419, 28.57520023873271953, -44.99322176781797822 ) ) ;
#104 = ORIENTED_EDGE ( 'NONE', *, *, #3995, .T. ) ;
#105 = ADVANCED_FACE ( 'NONE', ( #2847 ), #1425, .F. ) ;
#106 = CARTESIAN_POINT ( 'NONE',  ( -58.12580026434532954, -16.80210782267677772, -41.94032759459895487 ) ) ;
#107 = ORIENTED_EDGE ( 'NONE', *, *, #3535, .T. ) ;
#108 = CARTESIAN_POINT ( 'NONE',  ( -78.97996937502065862, -19.38532287717492508, 4.542145795653638629 ) ) ;
#109 = DIRECTION ( 'NONE',  ( -1.000000000000000000, 0.000000000000000000, 0.000000000000000000 ) ) ;
#110 = CARTESIAN_POINT ( 'NONE',  ( -8.876913638942459883, -17.64100436053876919, 34.86378955354749820 ) ) ;
#111 = CARTESIAN_POINT ( 'NONE',  ( -58.29999999999998295, 7.973689171506451956, -18.95509345761719899 ) ) ;
#112 = CARTESIAN_POINT ( 'NONE',  ( -84.14999999999997726, 7.999999999999996447, -22.93436589316946339 ) ) ;
#113 = DIRECTION ( 'NONE',  ( 0.000000000000000000, 0.000000000000000000, 1.000000000000000000 ) ) ;
#114 = CARTESIAN_POINT ( 'NONE',  ( -58.29999999999998295, 16.99999999999998579, 16.38399090000327263 ) ) ;
#115 = ORIENTED_EDGE ( 'NONE', *, *, #3601, .F. ) ;
#116 = ADVANCED_FACE ( 'NONE', ( #3511 ), #2208, .T. ) ;
#117 = LINE ( 'NONE', #4241, #380 ) ;
#118 = EDGE_LOOP ( 'NONE', ( #1526, #3214, #3441, #1698 ) ) ;
#119 = CARTESIAN_POINT ( 'NONE',  ( -82.81084200580724541, -18.50345202328485428, -25.80441044946302043 ) ) ;
#120 = CARTESIAN_POINT ( 'NONE',  ( 0.005639392016329026688, -18.28643543096470836, -42.00169849769728359 ) ) ;
#121 = DIRECTION ( 'NONE',  ( -0.000000000000000000, -2.561630862559161035E-16, 1.000000000000000000 ) ) ;
#122 = ORIENTED_EDGE ( 'NONE', *, *, #2269, .T. ) ;
#123 = EDGE_LOOP ( 'NONE', ( #3517, #799, #4122, #2003, #844, #720 ) ) ;
#124 = ORIENTED_EDGE ( 'NONE', *, *, #2923, .F. ) ;
#125 = EDGE_CURVE ( 'NONE', #3630, #2123, #432, .T. ) ;
#126 = CARTESIAN_POINT ( 'NONE',  ( -57.35158825278234218, -16.72260464265502122, -40.64104663154211750 ) ) ;
#127 = CARTESIAN_POINT ( 'NONE',  ( 19.34654797690407335, -19.60349479664103356, -25.90215187415016018 ) ) ;
#128 = DIRECTION ( 'NONE',  ( -0.000000000000000000, 1.000000000000000000, 1.156482317317871725E-16 ) ) ;
#129 = DIRECTION ( 'NONE',  ( 0.000000000000000000, 0.000000000000000000, -1.000000000000000000 ) ) ;
#130 = DIRECTION ( 'NONE',  ( -1.000000000000000000, 0.000000000000000000, 0.000000000000000000 ) ) ;
#131 = DIRECTION ( 'NONE',  ( -0.000000000000000000, 1.000000000000000000, 1.779499736546008737E-16 ) ) ;
#132 = PLANE ( 'NONE',  #3692 ) ;
#133 = CARTESIAN_POINT ( 'NONE',  ( -58.29999999999998295, -0.5263108284935467118, -10.40509345761719473 ) ) ;
#134 = ORIENTED_EDGE ( 'NONE', *, *, #1089, .F. ) ;
#135 = ORIENTED_EDGE ( 'NONE', *, *, #2022, .T. ) ;
#136 = CYLINDRICAL_SURFACE ( 'NONE', #674, 2.000000000000001776 ) ;
#137 = VECTOR ( 'NONE', #3732, 1000.000000000000000 ) ;
#138 = CARTESIAN_POINT ( 'NONE',  ( -83.84586624606728833, -19.26016043476036543, -26.42542499361888275 ) ) ;
#139 = AXIS2_PLACEMENT_3D ( 'NONE', #1423, #2441, #2766 ) ;
#140 = TOROIDAL_SURFACE ( 'NONE', #2643, 21.96002565122392980, 2.000000000000000000 ) ;
#141 = CARTESIAN_POINT ( 'NONE',  ( -9.000000000000001776, 16.47368917150645373, -8.030093457617198283 ) ) ;
#142 = DIRECTION ( 'NONE',  ( 0.000000000000000000, 0.000000000000000000, -1.000000000000000000 ) ) ;
#143 = ORIENTED_EDGE ( 'NONE', *, *, #3601, .T. ) ;
#144 = VECTOR ( 'NONE', #63, 1000.000000000000000 ) ;
#145 = VERTEX_POINT ( 'NONE', #3489 ) ;
#146 = EDGE_CURVE ( 'NONE', #1957, #2184, #3622, .T. ) ;
#147 = CARTESIAN_POINT ( 'NONE',  ( -54.30000008668852729, -19.99999999999999645, -40.81850175745498888 ) ) ;
#148 = VECTOR ( 'NONE', #2331, 1000.000000000000000 ) ;
#149 = CARTESIAN_POINT ( 'NONE',  ( -81.89463052222043871, -17.96664697614132677, 4.745316440689689053 ) ) ;
#150 = CARTESIAN_POINT ( 'NONE',  ( -33.14999999999999147, -20.00000000000000355, -8.407905245977811859 ) ) ;
#151 = EDGE_CURVE ( 'NONE', #3424, #1520, #3984, .T. ) ;
#152 = CARTESIAN_POINT ( 'NONE',  ( -8.001203675648975278, 28.72027632997642854, -44.99563895783098388 ) ) ;
#153 = CALENDAR_DATE ( 2026, 21, 4 ) ;
#154 = CARTESIAN_POINT ( 'NONE',  ( -8.865587011396021566, -20.00000000000001421, 36.58469347501891633 ) ) ;
#155 = CARTESIAN_POINT ( 'NONE',  ( -80.14999999999997726, -17.00000000000000355, 2.592094754022195247 ) ) ;
#156 = DIRECTION ( 'NONE',  ( -1.000000000000000000, 0.000000000000000000, 0.000000000000000000 ) ) ;
#157 = FACE_OUTER_BOUND ( 'NONE', #549, .T. ) ;
#158 = ORIENTED_EDGE ( 'NONE', *, *, #932, .F. ) ;
#159 = ORIENTED_EDGE ( 'NONE', *, *, #2073, .T. ) ;
#160 = DIRECTION ( 'NONE',  ( 0.000000000000000000, 0.000000000000000000, 1.000000000000000000 ) ) ;
#161 = CARTESIAN_POINT ( 'NONE',  ( -84.68308600812174802, -18.83611591158256005, -25.94099125410163253 ) ) ;
#162 = AXIS2_PLACEMENT_3D ( 'NONE', #4319, #1278, #2608 ) ;
#163 = EDGE_CURVE ( 'NONE', #963, #337, #2957, .T. ) ;
#164 = CARTESIAN_POINT ( 'NONE',  ( 26.85000000000001918, -0.5263108284935467118, -10.40509345761719473 ) ) ;
#165 = VERTEX_POINT ( 'NONE', #604 ) ;
#166 = CARTESIAN_POINT ( 'NONE',  ( -7.000000000000000888, 28.98400122115187472, -44.99999899417180416 ) ) ;
#167 = ORIENTED_EDGE ( 'NONE', *, *, #3686, .F. ) ;
#168 = AXIS2_PLACEMENT_3D ( 'NONE', #1580, #2239, #611 ) ;
#169 = DIRECTION ( 'NONE',  ( -1.000000000000000000, 0.000000000000000000, 0.000000000000000000 ) ) ;
#170 = CIRCLE ( 'NONE', #2601, 2.000000000000000444 ) ;
#171 = CARTESIAN_POINT ( 'NONE',  ( -78.65345202309690364, -19.60349479664035854, 5.086341382194716765 ) ) ;
#172 = VECTOR ( 'NONE', #2673, 1000.000000000000000 ) ;
#173 = LINE ( 'NONE', #3846, #1751 ) ;
#174 = DIRECTION ( 'NONE',  ( -1.000000000000000000, 0.000000000000000000, 0.000000000000000000 ) ) ;
#175 = AXIS2_PLACEMENT_3D ( 'NONE', #2811, #4171, #2481 ) ;
#176 = DIRECTION ( 'NONE',  ( 0.000000000000000000, 1.779499736546008737E-16, -1.000000000000000000 ) ) ;
#177 = DIRECTION ( 'NONE',  ( -0.000000000000000000, 0.8661214884151779980, -0.4998335395964106920 ) ) ;
#178 = DIRECTION ( 'NONE',  ( 1.000000000000000000, 0.000000000000000000, 0.000000000000000000 ) ) ;
#179 = DIRECTION ( 'NONE',  ( 0.000000000000000000, 1.000000000000000000, 0.000000000000000000 ) ) ;
#180 = ORIENTED_EDGE ( 'NONE', *, *, #288, .T. ) ;
#181 = ORIENTED_EDGE ( 'NONE', *, *, #2137, .T. ) ;
#182 = CARTESIAN_POINT ( 'NONE',  ( -81.99008324384028867, -17.77784770429061467, -25.50385529967412879 ) ) ;
#183 = CARTESIAN_POINT ( 'NONE',  ( -58.49146089075047428, -20.00000000000001066, 38.82258097394097973 ) ) ;
#184 = CARTESIAN_POINT ( 'NONE',  ( 13.84999999999998366, -18.75735931288071967, -23.40790524597781896 ) ) ;
#185 = CARTESIAN_POINT ( 'NONE',  ( 0.2643368029819059273, -19.00230134984197150, -41.39256431015405013 ) ) ;
#186 = ORIENTED_EDGE ( 'NONE', *, *, #1038, .F. ) ;
#187 = CARTESIAN_POINT ( 'NONE',  ( -66.29999999999998295, -19.17157287525380482, -41.99605910568064360 ) ) ;
#188 = EDGE_LOOP ( 'NONE', ( #1466, #1202, #26, #92, #2046, #430 ) ) ;
#189 = VERTEX_POINT ( 'NONE', #2253 ) ;
#190 = EDGE_LOOP ( 'NONE', ( #2407, #2030, #2321, #4157 ) ) ;
#191 = CARTESIAN_POINT ( 'NONE',  ( -54.50750119368791502, -19.99999999999999645, -41.42848774695389125 ) ) ;
#192 = CARTESIAN_POINT ( 'NONE',  ( -80.14999999999997726, -17.19635176726967529, 2.592094754022761904 ) ) ;
#193 = CARTESIAN_POINT ( 'NONE',  ( 0.9106879292386040881, -19.67913724757856642, 34.89548372046188973 ) ) ;
#194 = ADVANCED_FACE ( 'NONE', ( #1975 ), #326, .T. ) ;
#195 = CARTESIAN_POINT ( 'NONE',  ( -8.082165057112977280, -18.72862860619891023, 36.63610972905803465 ) ) ;
#196 = B_SPLINE_CURVE_WITH_KNOTS ( 'NONE', 3,
 ( #614, #634, #3342, #1319, #2669, #3611, #1670, #917, #1274, #887 ),
 .UNSPECIFIED., .F., .F.,
 ( 4, 2, 2, 2, 4 ),
 ( 0.000000000000000000, 0.2500000000000000000, 0.5000000000000000000, 0.7500000000000000000, 1.000000000000000000 ),
 .UNSPECIFIED. ) ;
#197 = CARTESIAN_POINT ( 'NONE',  ( -9.000000000000007105, -20.00000000000000711, 33.69604301605744467 ) ) ;
#198 = CARTESIAN_POINT ( 'NONE',  ( -33.14999999999999147, -23.00000000000002842, -70.40790524597782962 ) ) ;
#199 = DIRECTION ( 'NONE',  ( -0.000000000000000000, -1.000000000000000000, -0.000000000000000000 ) ) ;
#200 = CARTESIAN_POINT ( 'NONE',  ( -59.29999999999998295, 14.97810195293247304, -44.53878952978850947 ) ) ;
#201 = ORIENTED_EDGE ( 'NONE', *, *, #2527, .F. ) ;
#202 = DIRECTION ( 'NONE',  ( 1.000000000000000000, 0.000000000000000000, 0.000000000000000000 ) ) ;
#203 = ADVANCED_FACE ( 'NONE', ( #2613 ), #3961, .T. ) ;
#204 = CARTESIAN_POINT ( 'NONE',  ( -57.52049713327205893, -20.00000000000001066, 38.50009607786594046 ) ) ;
#205 = DIRECTION ( 'NONE',  ( 0.000000000000000000, 0.000000000000000000, 1.000000000000000000 ) ) ;
#206 = EDGE_CURVE ( 'NONE', #3307, #211, #579, .T. ) ;
#207 = CARTESIAN_POINT ( 'NONE',  ( -57.29999999999998295, 26.98400122115186406, -4.368302179500638260 ) ) ;
#208 = VECTOR ( 'NONE', #2121, 1000.000000000000000 ) ;
#209 = CARTESIAN_POINT ( 'NONE',  ( -1.000000000000000000, 16.50016646040357671, 15.51786941158809618 ) ) ;
#210 = CARTESIAN_POINT ( 'NONE',  ( -0.08619536338471660286, -21.63004727212506140, 38.00996268861950966 ) ) ;
#211 = VERTEX_POINT ( 'NONE', #2389 ) ;
#212 = ORIENTED_EDGE ( 'NONE', *, *, #3430, .T. ) ;
#213 = ORIENTED_EDGE ( 'NONE', *, *, #2662, .F. ) ;
#214 = AXIS2_PLACEMENT_3D ( 'NONE', #3116, #3422, #1379 ) ;
#215 = VECTOR ( 'NONE', #2655, 1000.000000000000000 ) ;
#216 = CC_DESIGN_APPROVAL ( #2124, ( #4282 ) ) ;
#217 = DIRECTION ( 'NONE',  ( -0.000000000000000000, -1.000000000000000000, -1.734723475976805714E-15 ) ) ;
#218 = DIRECTION ( 'NONE',  ( 1.000000000000000000, 0.000000000000000000, 0.000000000000000000 ) ) ;
#219 = EDGE_CURVE ( 'NONE', #4096, #1027, #3087, .T. ) ;
#220 = CARTESIAN_POINT ( 'NONE',  ( -33.14999999999999147, -24.70000000000000639, -1.907905245977812525 ) ) ;
#221 = VECTOR ( 'NONE', #4230, 1000.000000000000000 ) ;
#222 = CARTESIAN_POINT ( 'NONE',  ( -82.65583519710757798, -18.32945361804927842, 4.895595872287000994 ) ) ;
#223 = ORIENTED_EDGE ( 'NONE', *, *, #1468, .F. ) ;
#224 = AXIS2_PLACEMENT_3D ( 'NONE', #4329, #3626, #2915 ) ;
#225 = CARTESIAN_POINT ( 'NONE',  ( 18.54149321814088580, -19.02179400076383331, 5.283587972163829249 ) ) ;
#226 = ADVANCED_FACE ( 'NONE', ( #4095 ), #140, .T. ) ;
#227 = CARTESIAN_POINT ( 'NONE',  ( -62.70223764886898010, -18.99966707919283238, 37.15918382751083016 ) ) ;
#228 = AXIS2_PLACEMENT_3D ( 'NONE', #2393, #2064, #3396 ) ;
#229 = PLANE ( 'NONE',  #3472 ) ;
#230 = CARTESIAN_POINT ( 'NONE',  ( -62.97694007790652648, -19.39442010307727315, 37.45320063922093112 ) ) ;
#231 = ORIENTED_EDGE ( 'NONE', *, *, #556, .T. ) ;
#232 = CARTESIAN_POINT ( 'NONE',  ( -77.54276988330204290, -20.00000000000000355, -27.75328877382749582 ) ) ;
#233 = FACE_OUTER_BOUND ( 'NONE', #1179, .T. ) ;
#234 = DIRECTION ( 'NONE',  ( 0.000000000000000000, -0.8661214884151786642, 0.4998335395964095818 ) ) ;
#235 = EDGE_CURVE ( 'NONE', #370, #3005, #3414, .T. ) ;
#236 = DIRECTION ( 'NONE',  ( 0.000000000000000000, 0.000000000000000000, 1.000000000000000000 ) ) ;
#237 = CYLINDRICAL_SURFACE ( 'NONE', #310, 0.9999999999999994449 ) ;
#238 = CARTESIAN_POINT ( 'NONE',  ( -84.14999999999997726, -20.00000000000000711, 7.592094754022193470 ) ) ;
#239 = EDGE_LOOP ( 'NONE', ( #1261, #1478 ) ) ;
#240 = CARTESIAN_POINT ( 'NONE',  ( 26.85000000000001918, 7.973689171506453732, -3.355093457617198460 ) ) ;
#241 = LINE ( 'NONE', #3347, #22 ) ;
#242 = DIRECTION ( 'NONE',  ( -0.000000000000000000, 1.000000000000000000, 1.779499736546008737E-16 ) ) ;
#243 = AXIS2_PLACEMENT_3D ( 'NONE', #2340, #2299, #646 ) ;
#244 = CARTESIAN_POINT ( 'NONE',  ( -7.996930365103436245, -18.77663659056279855, 36.72315438906616691 ) ) ;
#245 = ORIENTED_EDGE ( 'NONE', *, *, #2070, .F. ) ;
#246 = CARTESIAN_POINT ( 'NONE',  ( 19.02003062497845320, -19.38532287717435665, 4.542145795653441454 ) ) ;
#247 = DIRECTION ( 'NONE',  ( -1.000000000000000000, 0.000000000000000000, 0.000000000000000000 ) ) ;
#248 = CARTESIAN_POINT ( 'NONE',  ( -33.14999999999999147, -30.00000000000000711, -1.907905245977814079 ) ) ;
#249 = LINE ( 'NONE', #2960, #2156 ) ;
#250 = ORIENTED_EDGE ( 'NONE', *, *, #3696, .T. ) ;
#251 = CARTESIAN_POINT ( 'NONE',  ( -57.82088561258498061, -20.00000000000001066, 38.62847843746664012 ) ) ;
#252 = DIRECTION ( 'NONE',  ( -1.000000000000000000, -0.000000000000000000, 0.000000000000000000 ) ) ;
#253 = DIRECTION ( 'NONE',  ( -0.000000000000000000, 1.779499736546008737E-16, -1.000000000000000000 ) ) ;
#254 = EDGE_CURVE ( 'NONE', #909, #2874, #2300, .T. ) ;
#255 = LINE ( 'NONE', #1272, #2222 ) ;
#256 = DIRECTION ( 'NONE',  ( 0.000000000000000000, -1.000000000000000000, -1.779499736546008737E-16 ) ) ;
#257 = EDGE_LOOP ( 'NONE', ( #3151, #3076, #2055, #4012 ) ) ;
#258 = CARTESIAN_POINT ( 'NONE',  ( -12.00000000000000000, -20.00000000000001066, 33.69604301605743046 ) ) ;
#259 = DIRECTION ( 'NONE',  ( -0.000000000000000000, 1.000000000000000000, 1.779499736546008737E-16 ) ) ;
#260 = FACE_BOUND ( 'NONE', #1987, .T. ) ;
#261 = CARTESIAN_POINT ( 'NONE',  ( -7.994817391339115176, -18.77775721117714269, 36.72520599808383679 ) ) ;
#262 = ADVANCED_FACE ( 'NONE', ( #16 ), #1015, .T. ) ;
#263 = VERTEX_POINT ( 'NONE', #2802 ) ;
#264 = ORIENTED_EDGE ( 'NONE', *, *, #2334, .T. ) ;
#265 = CARTESIAN_POINT ( 'NONE',  ( 16.51084200580837091, -18.50345202328460203, 4.988599957507223515 ) ) ;
#266 = CARTESIAN_POINT ( 'NONE',  ( -82.14999999999997726, 7.999999999999992895, 4.592094754022198799 ) ) ;
#267 = CARTESIAN_POINT ( 'NONE',  ( -37.14999999999999147, -24.70000000000000639, -10.40790524597781541 ) ) ;
#268 = FACE_OUTER_BOUND ( 'NONE', #1197, .T. ) ;
#269 = ORIENTED_EDGE ( 'NONE', *, *, #2369, .T. ) ;
#270 = CARTESIAN_POINT ( 'NONE',  ( -33.14999999999999147, -30.00000000000000711, -10.40790524597781541 ) ) ;
#271 = CARTESIAN_POINT ( 'NONE',  ( -54.49943714878817502, -20.00000000000001066, 35.19204729361688067 ) ) ;
#272 = EDGE_LOOP ( 'NONE', ( #2698, #3023, #1390, #2261 ) ) ;
#273 = DIRECTION ( 'NONE',  ( 1.000000000000000000, 0.000000000000000000, -0.000000000000000000 ) ) ;
#274 = CARTESIAN_POINT ( 'NONE',  ( 15.84999999999998899, 7.999999999999996447, -23.40790524597781896 ) ) ;
#275 = CARTESIAN_POINT ( 'NONE',  ( -1.000000000000000888, -17.99999999999999645, -40.99605910568064360 ) ) ;
#276 = ORIENTED_EDGE ( 'NONE', *, *, #431, .T. ) ;
#277 = VECTOR ( 'NONE', #2471, 1000.000000000000000 ) ;
#278 = CARTESIAN_POINT ( 'NONE',  ( -11.99999993319583957, -20.00000000000001066, 34.53879085483521294 ) ) ;
#279 = CARTESIAN_POINT ( 'NONE',  ( 15.84999999999998899, 7.999999999999996447, -23.40790524597781896 ) ) ;
#280 = CARTESIAN_POINT ( 'NONE',  ( -57.79838483509335134, -20.00000000000181899, -40.67446933847551804 ) ) ;
#281 = CARTESIAN_POINT ( 'NONE',  ( -1.000000000000000000, 27.98400122115186051, -4.368302179500638260 ) ) ;
#282 = EDGE_CURVE ( 'NONE', #2549, #413, #4132, .T. ) ;
#283 = ORIENTED_EDGE ( 'NONE', *, *, #2515, .F. ) ;
#284 = CARTESIAN_POINT ( 'NONE',  ( 18.15350111826451140, -18.32945361804859274, 3.097929951130079296 ) ) ;
#285 = VECTOR ( 'NONE', #4388, 1000.000000000000000 ) ;
#286 = VECTOR ( 'NONE', #807, 1000.000000000000000 ) ;
#287 = CARTESIAN_POINT ( 'NONE',  ( 13.75404994630365429, -17.77784770429067862, 2.752011510182740928 ) ) ;
#288 = EDGE_CURVE ( 'NONE', #1367, #805, #3473, .T. ) ;
#289 = CARTESIAN_POINT ( 'NONE',  ( 13.84999999999998721, 7.999999999999992895, 2.592094754022177483 ) ) ;
#290 = VECTOR ( 'NONE', #513, 1000.000000000000000 ) ;
#291 = LINE ( 'NONE', #3290, #4064 ) ;
#292 = ORIENTED_EDGE ( 'NONE', *, *, #1225, .T. ) ;
#293 = CARTESIAN_POINT ( 'NONE',  ( -67.62340306166279902, -19.88845099427342333, 34.84579177309262832 ) ) ;
#294 = CARTESIAN_POINT ( 'NONE',  ( -58.29999999999998295, 7.973689171506453732, -0.3550934576171975166 ) ) ;
#295 = CARTESIAN_POINT ( 'NONE',  ( -57.29999999999998295, 7.973689171506453732, -10.40509345761719828 ) ) ;
#296 = CARTESIAN_POINT ( 'NONE',  ( 0.000000000000000000, -18.00000000000001066, 33.47919422529675160 ) ) ;
#297 = DIRECTION ( 'NONE',  ( 0.000000000000000000, 0.000000000000000000, 1.000000000000000000 ) ) ;
#298 = EDGE_CURVE ( 'NONE', #2286, #527, #1357, .T. ) ;
#299 = LINE ( 'NONE', #240, #385 ) ;
#300 = LINE ( 'NONE', #4045, #2171 ) ;
#301 = DIRECTION ( 'NONE',  ( 0.000000000000000000, 0.000000000000000000, 1.000000000000000000 ) ) ;
#302 = ORIENTED_EDGE ( 'NONE', *, *, #317, .F. ) ;
#303 = DIRECTION ( 'NONE',  ( -1.000000000000000000, -0.000000000000000000, -0.000000000000000000 ) ) ;
#304 = EDGE_CURVE ( 'NONE', #1073, #2433, #4117, .T. ) ;
#305 = EDGE_LOOP ( 'NONE', ( #2466, #1170, #2298 ) ) ;
#306 = CARTESIAN_POINT ( 'NONE',  ( 20.06475634561750354, -19.92191802946455326, 6.283355330050440557 ) ) ;
#307 = AXIS2_PLACEMENT_3D ( 'NONE', #2694, #1006, #1972 ) ;
#308 = CARTESIAN_POINT ( 'NONE',  ( 12.83248025235943501, -19.26016043475984318, 4.287961000090169783 ) ) ;
#309 = CARTESIAN_POINT ( 'NONE',  ( -7.000000000000000888, -17.00033292080717473, -42.26381612885029426 ) ) ;
#310 = AXIS2_PLACEMENT_3D ( 'NONE', #209, #3322, #4358 ) ;
#311 = PERSON_AND_ORGANIZATION ( #1694, #803 ) ;
#312 = VERTEX_POINT ( 'NONE', #2432 ) ;
#313 = CARTESIAN_POINT ( 'NONE',  ( -57.29999999999998295, 16.47368917150645373, -12.78009345761720184 ) ) ;
#314 = AXIS2_PLACEMENT_3D ( 'NONE', #849, #1596, #1166 ) ;
#315 = CYLINDRICAL_SURFACE ( 'NONE', #1862, 1.999999999999998890 ) ;
#316 = DIRECTION ( 'NONE',  ( 0.000000000000000000, 1.826024711554534406E-16, -1.000000000000000000 ) ) ;
#317 = EDGE_CURVE ( 'NONE', #3930, #4202, #3779, .T. ) ;
#318 = ORIENTED_EDGE ( 'NONE', *, *, #2541, .T. ) ;
#319 = DIRECTION ( 'NONE',  ( 0.000000000000000000, 0.000000000000000000, -1.000000000000000000 ) ) ;
#320 = DIRECTION ( 'NONE',  ( -5.473822126268817899E-48, -1.000000000000000000, -1.779499736546009476E-16 ) ) ;
#321 = CARTESIAN_POINT ( 'NONE',  ( -82.14999999999997726, -17.00000000000000711, 4.592094754022194358 ) ) ;
#322 = CARTESIAN_POINT ( 'NONE',  ( -57.29999999999999005, -16.77587829183704571, -40.42933723692238601 ) ) ;
#323 = ORIENTED_EDGE ( 'NONE', *, *, #21, .T. ) ;
#324 = ORIENTED_EDGE ( 'NONE', *, *, #3927, .T. ) ;
#325 = FACE_OUTER_BOUND ( 'NONE', #2426, .T. ) ;
#326 =( BOUNDED_SURFACE ( )  B_SPLINE_SURFACE ( 3, 2, ( 
 ( #4050, #624, #3599 ),
 ( #1928, #1995, #1636 ),
 ( #4344, #4005, #4326 ),
 ( #1328, #1284, #2338 ),
 ( #3308, #1599, #3001 ),
 ( #2632, #3983, #284 ),
 ( #265, #2933, #973 ),
 ( #4366, #2679, #1349 ),
 ( #3330, #952, #3667 ),
 ( #3286, #2975, #1659 ),
 ( #1953, #225, #246 ),
 ( #3019, #4029, #991 ),
 ( #4303, #644, #2020 ),
 ( #3350, #3644, #306 ),
 ( #1617, #3263, #1681 ),
 ( #4386, #2699, #1264 ) ),
 .UNSPECIFIED., .F., .F., .T. ) 
 B_SPLINE_SURFACE_WITH_KNOTS ( ( 4, 2, 2, 2, 2, 2, 2, 4 ),
 ( 3, 3 ),
 ( 6.283185307179586232, 6.479534848028948524, 6.675884388878310816, 6.872233929727672219, 7.068583470577034511, 7.264933011426396803, 7.461282552275758206, 7.853981633974482790 ),
 ( 0.000000000000000000, 1.000000000000000000 ),
 .UNSPECIFIED. ) 
 GEOMETRIC_REPRESENTATION_ITEM ( )  RATIONAL_B_SPLINE_SURFACE ( (
 ( 1.000000000000000000, 0.7071067811865475727, 1.000000000000000000),
 ( 1.000000000000000000, 0.7070717281302320023, 1.000000000000000000),
 ( 1.000000000000000000, 0.7117460028581823472, 1.000000000000000000),
 ( 1.000000000000000000, 0.7291288936851341163, 1.000000000000000000),
 ( 1.000000000000000000, 0.7418334183296040329, 1.000000000000000000),
 ( 1.000000000000000000, 0.7723968213675993510, 1.000000000000000000),
 ( 1.000000000000000000, 0.7902180090373731591, 1.000000000000000000),
 ( 1.000000000000000000, 0.8275942692059680139, 1.000000000000000000),
 ( 1.000000000000000000, 0.8471316607148569044, 1.000000000000000000),
 ( 1.000000000000000000, 0.8849191468540187344, 1.000000000000000000),
 ( 1.000000000000000000, 0.9031650995970467166, 1.000000000000000000),
 ( 1.000000000000000000, 0.9360421840893486944, 1.000000000000000000),
 ( 1.000000000000000000, 0.9506740355060258052, 1.000000000000000000),
 ( 1.000000000000000000, 0.9867291886314168980, 1.000000000000000000),
 ( 1.000000000000000000, 1.000158581237887256, 1.000000000000000000),
 ( 1.000000000000000000, 1.000000000000000000, 1.000000000000000000) ) ) 
 REPRESENTATION_ITEM ( '' )  SURFACE ( )  );
#327 = DIRECTION ( 'NONE',  ( 0.000000000000000000, 0.8661214884151779980, -0.4998335395964107475 ) ) ;
#328 = CARTESIAN_POINT ( 'NONE',  ( 15.84999999999885389, -17.19635176726981740, 4.592094754022179259 ) ) ;
#329 = EDGE_CURVE ( 'NONE', #1629, #1717, #3836, .T. ) ;
#330 = DIRECTION ( 'NONE',  ( -1.000000000000000000, 0.000000000000000000, 0.000000000000000000 ) ) ;
#331 = MECHANICAL_CONTEXT ( 'NONE', #2380, 'mechanical' ) ;
#332 = LINE ( 'NONE', #1704, #1650 ) ;
#333 = CARTESIAN_POINT ( 'NONE',  ( -59.29999999999998295, -19.30205600297416169, 37.33369066994575292 ) ) ;
#334 = DIRECTION ( 'NONE',  ( -0.000000000000000000, 1.000000000000000000, 1.156482317317871478E-16 ) ) ;
#335 = LINE ( 'NONE', #1775, #506 ) ;
#336 = ADVANCED_FACE ( 'NONE', ( #85 ), #1460, .F. ) ;
#337 = VERTEX_POINT ( 'NONE', #669 ) ;
#338 = CARTESIAN_POINT ( 'NONE',  ( 0.000000000000000000, 7.973689171506453732, -23.90509345761723736 ) ) ;
#339 = ORIENTED_EDGE ( 'NONE', *, *, #2666, .T. ) ;
#340 = EDGE_CURVE ( 'NONE', #4124, #2716, #2041, .T. ) ;
#341 = CARTESIAN_POINT ( 'NONE',  ( -6.999999999999999112, -20.00000000000001421, 38.89142680434118660 ) ) ;
#342 = CARTESIAN_POINT ( 'NONE',  ( 13.67062839114092476, -18.25977905610983854, -25.58727685483655634 ) ) ;
#343 = DIRECTION ( 'NONE',  ( 0.000000000000000000, 0.000000000000000000, -1.000000000000000000 ) ) ;
#344 = EDGE_LOOP ( 'NONE', ( #2926, #1648, #3780, #186 ) ) ;
#345 = ORIENTED_EDGE ( 'NONE', *, *, #4089, .T. ) ;
#346 = CARTESIAN_POINT ( 'NONE',  ( 15.84999999999998188, 7.999999999999996447, -23.40790524597781541 ) ) ;
#347 = EDGE_CURVE ( 'NONE', #2458, #2084, #1876, .T. ) ;
#348 = CARTESIAN_POINT ( 'NONE',  ( -3.460407767953560310, -19.15250909670908896, 37.25374066839630416 ) ) ;
#349 = ORIENTED_EDGE ( 'NONE', *, *, #1301, .T. ) ;
#350 = CARTESIAN_POINT ( 'NONE',  ( 17.86933826388425572, -17.39269422780603236, -23.44013568578480999 ) ) ;
#351 = VECTOR ( 'NONE', #4092, 1000.000000000000000 ) ;
#352 = CARTESIAN_POINT ( 'NONE',  ( 13.77893218813451348, -20.00000000000001421, 5.834735441141464030 ) ) ;
#353 = EDGE_CURVE ( 'NONE', #84, #2703, #3338, .T. ) ;
#354 = CIRCLE ( 'NONE', #427, 1.500000000000001332 ) ;
#355 = VECTOR ( 'NONE', #1130, 1000.000000000000000 ) ;
#356 = CARTESIAN_POINT ( 'NONE',  ( -33.14999999999999147, -30.00000000000000711, -10.40790524597781541 ) ) ;
#357 = CARTESIAN_POINT ( 'NONE',  ( -10.83505874220202259, -19.99999999999999645, -42.78529295453289905 ) ) ;
#358 = AXIS2_PLACEMENT_3D ( 'NONE', #3276, #3340, #236 ) ;
#359 = ORIENTED_EDGE ( 'NONE', *, *, #146, .F. ) ;
#360 = FACE_OUTER_BOUND ( 'NONE', #2101, .T. ) ;
#361 = CARTESIAN_POINT ( 'NONE',  ( -33.14999999999999147, -20.00000000000000355, -10.40790524597781364 ) ) ;
#362 = VERTEX_POINT ( 'NONE', #2882 ) ;
#363 = AXIS2_PLACEMENT_3D ( 'NONE', #724, #3744, #3117 ) ;
#364 = CARTESIAN_POINT ( 'NONE',  ( -66.29999999999998295, 28.98400122115187472, -44.99999899417180416 ) ) ;
#365 = CARTESIAN_POINT ( 'NONE',  ( -82.14999999999997726, -17.00000000000000000, -23.40790524597780831 ) ) ;
#366 = DIRECTION ( 'NONE',  ( -0.000000000000000000, 1.000000000000000000, 1.156482317317871478E-16 ) ) ;
#367 = LINE ( 'NONE', #2425, #277 ) ;
#368 = ORIENTED_EDGE ( 'NONE', *, *, #4108, .T. ) ;
#369 = CYLINDRICAL_SURFACE ( 'NONE', #1224, 2.000000000000003553 ) ;
#370 = VERTEX_POINT ( 'NONE', #3546 ) ;
#371 = CARTESIAN_POINT ( 'NONE',  ( -3.382443058407708314, -19.73505049612165863, 37.89079463107890433 ) ) ;
#372 = ORIENTED_EDGE ( 'NONE', *, *, #2995, .F. ) ;
#373 = EDGE_CURVE ( 'NONE', #1937, #2365, #2475, .T. ) ;
#374 = FACE_OUTER_BOUND ( 'NONE', #1891, .T. ) ;
#375 = DIRECTION ( 'NONE',  ( -1.000000000000000000, 0.000000000000000000, 0.000000000000000000 ) ) ;
#376 = PERSON_AND_ORGANIZATION ( #1694, #803 ) ;
#377 = CIRCLE ( 'NONE', #3936, 56.99999999999997868 ) ;
#378 = ORIENTED_EDGE ( 'NONE', *, *, #1189, .F. ) ;
#379 = CARTESIAN_POINT ( 'NONE',  ( -8.353005080097725354, -16.73410511336052409, -41.83047651596196204 ) ) ;
#380 = VECTOR ( 'NONE', #859, 1000.000000000000000 ) ;
#381 = DIRECTION ( 'NONE',  ( 0.000000000000000000, 0.000000000000000000, 1.000000000000000000 ) ) ;
#382 = CARTESIAN_POINT ( 'NONE',  ( -8.000000000000000000, 7.973689171506451956, -20.45509345761720255 ) ) ;
#383 = ORIENTED_EDGE ( 'NONE', *, *, #3114, .T. ) ;
#384 = AXIS2_PLACEMENT_3D ( 'NONE', #2557, #2229, #301 ) ;
#385 = VECTOR ( 'NONE', #2969, 1000.000000000000000 ) ;
#386 = CARTESIAN_POINT ( 'NONE',  ( -8.000000000000000000, 7.973689171506443962, -56.67617516545738710 ) ) ;
#387 = EDGE_CURVE ( 'NONE', #3307, #684, #2780, .T. ) ;
#388 = VECTOR ( 'NONE', #2345, 1000.000000000000000 ) ;
#389 = CARTESIAN_POINT ( 'NONE',  ( -84.14999999999997726, -17.00000000000000355, -23.40790524597780475 ) ) ;
#390 = CARTESIAN_POINT ( 'NONE',  ( -66.29999999999998295, -22.78332968953889548, 39.34271292875547488 ) ) ;
#391 = CARTESIAN_POINT ( 'NONE',  ( -57.29999999999998295, 7.973689171506453732, -3.355093457617198460 ) ) ;
#392 = ORIENTED_EDGE ( 'NONE', *, *, #3060, .T. ) ;
#393 = ORIENTED_EDGE ( 'NONE', *, *, #1990, .F. ) ;
#394 = CARTESIAN_POINT ( 'NONE',  ( -8.000000000000000000, 7.973689171506453732, -3.355093457617198460 ) ) ;
#395 = ORIENTED_EDGE ( 'NONE', *, *, #4150, .T. ) ;
#396 = CARTESIAN_POINT ( 'NONE',  ( -3.313726797062996443, -19.61720174605745726, 37.70976548111513438 ) ) ;
#397 = ORIENTED_EDGE ( 'NONE', *, *, #146, .T. ) ;
#398 = CARTESIAN_POINT ( 'NONE',  ( 17.54586624606798750, -19.26016043476036543, -26.42542499361889696 ) ) ;
#399 = DIRECTION ( 'NONE',  ( 0.000000000000000000, 0.000000000000000000, -1.000000000000000000 ) ) ;
#400 = EDGE_CURVE ( 'NONE', #4101, #3118, #2151, .T. ) ;
#401 = FACE_OUTER_BOUND ( 'NONE', #926, .T. ) ;
#402 = EDGE_LOOP ( 'NONE', ( #3255, #1999 ) ) ;
#403 = DIRECTION ( 'NONE',  ( 0.000000000000000000, -1.000000000000000000, -1.779499736546008737E-16 ) ) ;
#404 = CARTESIAN_POINT ( 'NONE',  ( -7.000000000000000888, -16.38381360864217839, -40.31046086333581968 ) ) ;
#405 = LINE ( 'NONE', #1403, #3198 ) ;
#406 = ORIENTED_EDGE ( 'NONE', *, *, #3784, .T. ) ;
#407 = EDGE_CURVE ( 'NONE', #1434, #2703, #3818, .T. ) ;
#408 = CARTESIAN_POINT ( 'NONE',  ( -66.29999999999998295, 7.973689171506453732, -10.40509345761719828 ) ) ;
#409 = ORIENTED_EDGE ( 'NONE', *, *, #3878, .F. ) ;
#410 = CARTESIAN_POINT ( 'NONE',  ( -80.05404994630369231, -17.77784770429039440, -23.56782200213807599 ) ) ;
#411 = CARTESIAN_POINT ( 'NONE',  ( -7.000000000000000888, 8.973356250699264791, -54.94393218862703065 ) ) ;
#412 = LINE ( 'NONE', #2449, #208 ) ;
#413 = VERTEX_POINT ( 'NONE', #1499 ) ;
#414 = ORIENTED_EDGE ( 'NONE', *, *, #2313, .T. ) ;
#415 = ORIENTED_EDGE ( 'NONE', *, *, #2089, .F. ) ;
#416 = DIRECTION ( 'NONE',  ( 0.000000000000000000, 1.734723475976806601E-16, -1.000000000000000000 ) ) ;
#417 = VERTEX_POINT ( 'NONE', #4225 ) ;
#418 = CARTESIAN_POINT ( 'NONE',  ( 15.84999999999998899, -18.75735931288072322, 4.592094754022181036 ) ) ;
#419 = CARTESIAN_POINT ( 'NONE',  ( 15.84999999999998543, 7.999999999999992895, 2.592094754022184588 ) ) ;
#420 = EDGE_CURVE ( 'NONE', #3523, #3370, #2460, .T. ) ;
#421 = CARTESIAN_POINT ( 'NONE',  ( -8.883501014772997806, -17.62130248705252811, 34.83146738791973718 ) ) ;
#422 = ORIENTED_EDGE ( 'NONE', *, *, #2897, .T. ) ;
#423 = EDGE_CURVE ( 'NONE', #3947, #4096, #4000, .T. ) ;
#424 = AXIS2_PLACEMENT_3D ( 'NONE', #709, #2077, #3410 ) ;
#425 = CARTESIAN_POINT ( 'NONE',  ( 15.84999999999998543, -17.00000000000000000, -25.40790524597781541 ) ) ;
#426 = PLANE ( 'NONE',  #1649 ) ;
#427 = AXIS2_PLACEMENT_3D ( 'NONE', #3009, #4376, #999 ) ;
#428 = AXIS2_PLACEMENT_3D ( 'NONE', #510, #2826, #1237 ) ;
#429 = LINE ( 'NONE', #3533, #4278 ) ;
#430 = ORIENTED_EDGE ( 'NONE', *, *, #3053, .F. ) ;
#431 = EDGE_CURVE ( 'NONE', #1937, #796, #3303, .T. ) ;
#432 = CIRCLE ( 'NONE', #4198, 1.500000000000000444 ) ;
#433 = CARTESIAN_POINT ( 'NONE',  ( -58.89620012374151514, -18.97509368791659057, 37.10584394458305724 ) ) ;
#434 = VERTEX_POINT ( 'NONE', #4318 ) ;
#435 = AXIS2_PLACEMENT_3D ( 'NONE', #451, #470, #3854 ) ;
#436 = CARTESIAN_POINT ( 'NONE',  ( -80.19994895836759952, -19.38532287717423586, -26.57793587095610022 ) ) ;
#437 = CARTESIAN_POINT ( 'NONE',  ( 0.01303597332764751954, -18.37546621715864603, -42.00909507900846052 ) ) ;
#438 = CARTESIAN_POINT ( 'NONE',  ( -7.000000000000000888, 14.97810195293247304, -44.53878952978850947 ) ) ;
#439 = LOCAL_TIME ( 14, 27, 6.000000000000000000, #675 ) ;
#440 = ORIENTED_EDGE ( 'NONE', *, *, #3720, .F. ) ;
#441 = ORIENTED_EDGE ( 'NONE', *, *, #1671, .T. ) ;
#442 = CARTESIAN_POINT ( 'NONE',  ( -57.84867220225407891, -16.69912018570389023, -41.72040101731728612 ) ) ;
#443 = VERTEX_POINT ( 'NONE', #2335 ) ;
#444 = CARTESIAN_POINT ( 'NONE',  ( 15.85000000000225739, -17.19635176726993109, -25.40790524597781541 ) ) ;
#445 = CARTESIAN_POINT ( 'NONE',  ( -58.29999999999998295, 7.973689171506451956, -17.45509345761719899 ) ) ;
#446 = EDGE_CURVE ( 'NONE', #1784, #540, #2109, .T. ) ;
#447 = FACE_OUTER_BOUND ( 'NONE', #188, .T. ) ;
#448 = CARTESIAN_POINT ( 'NONE',  ( -11.99999993319583957, -20.00000000000001066, 34.53879085483521294 ) ) ;
#449 = CARTESIAN_POINT ( 'NONE',  ( -8.321016380156104120, -19.99999999999999645, -43.90013982612656207 ) ) ;
#450 = CARTESIAN_POINT ( 'NONE',  ( -66.29999999999998295, -22.78332968953889548, 39.34271292875547488 ) ) ;
#451 = CARTESIAN_POINT ( 'NONE',  ( -57.29999999999998295, 5.023975569927935148, -4.368302179500640925 ) ) ;
#452 = VERTEX_POINT ( 'NONE', #573 ) ;
#453 = VECTOR ( 'NONE', #2391, 1000.000000000000000 ) ;
#454 = CARTESIAN_POINT ( 'NONE',  ( -58.43252911182569420, -18.84436338416360357, 36.84743925359078531 ) ) ;
#455 = EDGE_CURVE ( 'NONE', #452, #4239, #3654, .T. ) ;
#456 = AXIS2_PLACEMENT_3D ( 'NONE', #1031, #2097, #53 ) ;
#457 = DIRECTION ( 'NONE',  ( 0.000000000000000000, 0.000000000000000000, 1.000000000000000000 ) ) ;
#458 = CARTESIAN_POINT ( 'NONE',  ( -59.29999999999998295, 5.023975569927935148, -4.368302179500640925 ) ) ;
#459 = CIRCLE ( 'NONE', #3579, 2.000000000000001776 ) ;
#460 = EDGE_LOOP ( 'NONE', ( #2624, #4224 ) ) ;
#461 = CARTESIAN_POINT ( 'NONE',  ( -55.46494125779890538, -19.99999999999999645, -42.78529295453288483 ) ) ;
#462 = CARTESIAN_POINT ( 'NONE',  ( 20.84999999999999432, -20.00000000000000355, -28.40790524597783318 ) ) ;
#463 = CARTESIAN_POINT ( 'NONE',  ( 1.044980563415897512, -19.75898850464089307, 34.89429111650806448 ) ) ;
#464 = EDGE_LOOP ( 'NONE', ( #3819, #3860 ) ) ;
#465 = CARTESIAN_POINT ( 'NONE',  ( -8.574859059761632096, -18.25737947244421377, 35.84511194531246048 ) ) ;
#466 = DIRECTION ( 'NONE',  ( 0.000000000000000000, 0.000000000000000000, 1.000000000000000000 ) ) ;
#467 = PLANE ( 'NONE',  #1884 ) ;
#468 = EDGE_CURVE ( 'NONE', #1196, #4390, #1095, .T. ) ;
#469 = DIRECTION ( 'NONE',  ( 0.000000000000000000, 0.000000000000000000, -1.000000000000000000 ) ) ;
#470 = DIRECTION ( 'NONE',  ( 1.000000000000000000, 0.000000000000000000, 0.000000000000000000 ) ) ;
#471 = ORIENTED_EDGE ( 'NONE', *, *, #4200, .F. ) ;
#472 = ORIENTED_EDGE ( 'NONE', *, *, #3769, .T. ) ;
#473 = DIRECTION ( 'NONE',  ( 0.000000000000000000, 0.000000000000000000, 1.000000000000000000 ) ) ;
#474 = EDGE_LOOP ( 'NONE', ( #1699, #1387, #1845, #3677 ) ) ;
#475 = EDGE_CURVE ( 'NONE', #2814, #2136, #922, .T. ) ;
#476 = CARTESIAN_POINT ( 'NONE',  ( -58.29999999999998295, 7.973689171506443962, -56.67617516545738710 ) ) ;
#477 = EDGE_CURVE ( 'NONE', #3774, #3323, #299, .T. ) ;
#478 = CARTESIAN_POINT ( 'NONE',  ( 0.2023340783253656516, -18.88630241078266536, -41.29956022316908815 ) ) ;
#479 = LINE ( 'NONE', #2579, #1644 ) ;
#480 = ORIENTED_EDGE ( 'NONE', *, *, #616, .F. ) ;
#481 = AXIS2_PLACEMENT_3D ( 'NONE', #4391, #4413, #2045 ) ;
#482 = ORIENTED_EDGE ( 'NONE', *, *, #3091, .T. ) ;
#483 = CARTESIAN_POINT ( 'NONE',  ( -57.72187494119819462, -16.65513252974588809, -41.57321538058548072 ) ) ;
#484 = CARTESIAN_POINT ( 'NONE',  ( -80.14999999999996305, -17.00000000000000711, 4.592094754022194358 ) ) ;
#485 = FACE_OUTER_BOUND ( 'NONE', #1471, .T. ) ;
#486 = EDGE_CURVE ( 'NONE', #971, #417, #2996, .T. ) ;
#487 = CYLINDRICAL_SURFACE ( 'NONE', #3987, 2.000000000000001776 ) ;
#488 = EDGE_CURVE ( 'NONE', #2452, #4385, #4337, .T. ) ;
#489 = CARTESIAN_POINT ( 'NONE',  ( -7.219931133068983264, -18.99966704522389449, 37.15918380790756004 ) ) ;
#490 = CARTESIAN_POINT ( 'NONE',  ( 17.84999999999998721, 7.999999999999996447, -22.93436589316948115 ) ) ;
#491 = CARTESIAN_POINT ( 'NONE',  ( -58.29999999999998295, 7.973689171506453732, -10.40509345761719828 ) ) ;
#492 = EDGE_CURVE ( 'NONE', #796, #2286, #1256, .T. ) ;
#493 = DIRECTION ( 'NONE',  ( -1.000000000000000000, 0.000000000000000000, 0.000000000000000000 ) ) ;
#494 = ORIENTED_EDGE ( 'NONE', *, *, #2923, .T. ) ;
#495 = ORIENTED_EDGE ( 'NONE', *, *, #486, .T. ) ;
#496 = CARTESIAN_POINT ( 'NONE',  ( -1.000000000000021760, 7.973689171506455509, 2.094906542382805714 ) ) ;
#497 =( BOUNDED_SURFACE ( )  B_SPLINE_SURFACE ( 3, 2, ( 
 ( #1696, #4136, #2753 ),
 ( #1068, #2424, #1385 ),
 ( #2448, #4091, #3794 ),
 ( #1736, #3388, #3749 ),
 ( #3706, #2403, #3455 ),
 ( #1781, #3032, #3123 ),
 ( #1455, #2796, #4160 ),
 ( #662, #342, #2383 ),
 ( #3731, #708, #2714 ),
 ( #2076, #1715, #2034 ),
 ( #3056, #3409, #1201 ),
 ( #2834, #500, #3205 ),
 ( #2818, #3180, #1493 ),
 ( #1831, #2164, #3475 ),
 ( #521, #4199, #865 ),
 ( #1807, #102, #1870 ) ),
 .UNSPECIFIED., .F., .F., .T. ) 
 B_SPLINE_SURFACE_WITH_KNOTS ( ( 4, 2, 2, 2, 2, 2, 2, 4 ),
 ( 3, 3 ),
 ( 3.141592653589793116, 3.337942194439155408, 3.534291735288517255, 3.730641276137879103, 3.926990816987241395, 4.123340357836603687, 4.319689898685965090, 4.712388980384689674 ),
 ( 0.000000000000000000, 1.000000000000000000 ),
 .UNSPECIFIED. ) 
 GEOMETRIC_REPRESENTATION_ITEM ( )  RATIONAL_B_SPLINE_SURFACE ( (
 ( 1.000000000000000000, 0.7071067811865475727, 1.000000000000000000),
 ( 1.000000000000000000, 0.7070717281302176804, 1.000000000000000000),
 ( 1.000000000000000000, 0.7117460028582019982, 1.000000000000000000),
 ( 1.000000000000000000, 0.7291288936851144653, 1.000000000000000000),
 ( 1.000000000000000000, 0.7418334183296042550, 1.000000000000000000),
 ( 1.000000000000000000, 0.7723968213675995731, 1.000000000000000000),
 ( 1.000000000000000000, 0.7902180090373258636, 1.000000000000000000),
 ( 1.000000000000000000, 0.8275942692060157535, 1.000000000000000000),
 ( 1.000000000000000000, 0.8471316607149916855, 1.000000000000000000),
 ( 1.000000000000000000, 0.8849191468538863958, 1.000000000000000000),
 ( 1.000000000000000000, 0.9031650995969281448, 1.000000000000000000),
 ( 1.000000000000000000, 0.9360421840894663781, 1.000000000000000000),
 ( 1.000000000000000000, 0.9506740355059761782, 1.000000000000000000),
 ( 1.000000000000000000, 0.9867291886315155969, 1.000000000000000000),
 ( 1.000000000000000000, 1.000158581237812649, 1.000000000000000000),
 ( 1.000000000000000000, 1.000000000000000000, 1.000000000000000000) ) ) 
 REPRESENTATION_ITEM ( '' )  SURFACE ( )  );
#498 = CARTESIAN_POINT ( 'NONE',  ( -84.14999999999997726, -17.00000000000000000, -23.40790524597780831 ) ) ;
#499 = AXIS2_PLACEMENT_3D ( 'NONE', #4142, #4405, #416 ) ;
#500 = CARTESIAN_POINT ( 'NONE',  ( 12.78986920254883763, -19.35413284249732868, -26.46803604342895966 ) ) ;
#501 = ORIENTED_EDGE ( 'NONE', *, *, #685, .F. ) ;
#502 = DIRECTION ( 'NONE',  ( 1.000000000000000000, 0.000000000000000000, 0.000000000000000000 ) ) ;
#503 = AXIS2_PLACEMENT_3D ( 'NONE', #666, #3372, #1992 ) ;
#504 = CC_DESIGN_DATE_AND_TIME_ASSIGNMENT ( #4188, #1104, ( #4282 ) ) ;
#505 = DIRECTION ( 'NONE',  ( 1.000000000000000000, 0.000000000000000000, 0.000000000000000000 ) ) ;
#506 = VECTOR ( 'NONE', #2465, 1000.000000000000000 ) ;
#507 = CARTESIAN_POINT ( 'NONE',  ( -79.65575337182836790, -19.60349479664064276, 6.088642730925686308 ) ) ;
#508 = DIRECTION ( 'NONE',  ( 0.000000000000000000, 2.561630862559161035E-16, -1.000000000000000000 ) ) ;
#509 = CARTESIAN_POINT ( 'NONE',  ( -8.557322199443547106, -18.28227845474262381, 35.88489964785838282 ) ) ;
#510 = CARTESIAN_POINT ( 'NONE',  ( -82.14999999999997726, 7.999999999999991118, 2.592094754022198355 ) ) ;
#511 = CARTESIAN_POINT ( 'NONE',  ( -33.14999999999999147, -20.00000000000000355, -10.40790524597781364 ) ) ;
#512 = DIRECTION ( 'NONE',  ( 1.000000000000000000, 0.000000000000000000, 0.000000000000000000 ) ) ;
#513 = DIRECTION ( 'NONE',  ( -0.000000000000000000, 4.625929269271482956E-16, -1.000000000000000000 ) ) ;
#514 = ORIENTED_EDGE ( 'NONE', *, *, #2768, .F. ) ;
#515 = EDGE_LOOP ( 'NONE', ( #694, #2140, #857, #3559 ) ) ;
#516 = DIRECTION ( 'NONE',  ( 1.000000000000000000, 1.543469984240450904E-31, -8.673617379884027583E-16 ) ) ;
#517 = CARTESIAN_POINT ( 'NONE',  ( -57.08792541097933082, -20.00000000000406075, 34.14501279504600006 ) ) ;
#518 = ORIENTED_EDGE ( 'NONE', *, *, #4252, .F. ) ;
#519 = CARTESIAN_POINT ( 'NONE',  ( -84.14999999999322711, -17.06497768081962008, -25.40790524596710043 ) ) ;
#520 = CIRCLE ( 'NONE', #3008, 12.52646064719166041 ) ;
#521 = CARTESIAN_POINT ( 'NONE',  ( 11.50461647215592187, -20.00000000000000355, -28.01513536268376825 ) ) ;
#522 = ORIENTED_EDGE ( 'NONE', *, *, #2737, .T. ) ;
#523 = EDGE_CURVE ( 'NONE', #1434, #3811, #1041, .T. ) ;
#524 = DIRECTION ( 'NONE',  ( 0.000000000000000000, 0.000000000000000000, 1.000000000000000000 ) ) ;
#525 = VERTEX_POINT ( 'NONE', #3681 ) ;
#526 = CIRCLE ( 'NONE', #1609, 1.000000000000000888 ) ;
#527 = VERTEX_POINT ( 'NONE', #3662 ) ;
#528 = B_SPLINE_CURVE_WITH_KNOTS ( 'NONE', 3,
 ( #1878, #3597, #2188, #3506, #552, #4206, #463, #193, #3887, #4251, #2205, #3527, #1570, #1547, #3239, #4274 ),
 .UNSPECIFIED., .F., .F.,
 ( 4, 2, 2, 2, 2, 2, 2, 4 ),
 ( 1.301042606982605321E-18, 0.0004703642807506410763, 0.0009407285615012808515, 0.001175910701876600956, 0.001411092842251920410, 0.001881457123002559968, 0.002822185684503840820, 0.003762914246005121238 ),
 .UNSPECIFIED. ) ;
#529 = CARTESIAN_POINT ( 'NONE',  ( -8.000000000000000000, 16.99999999999998579, 16.38399090000327263 ) ) ;
#530 = VECTOR ( 'NONE', #3007, 1000.000000000000000 ) ;
#531 = VECTOR ( 'NONE', #320, 1000.000000000000000 ) ;
#532 = FACE_OUTER_BOUND ( 'NONE', #2195, .T. ) ;
#533 = CARTESIAN_POINT ( 'NONE',  ( -8.555693596218171493, -18.28454780031022864, 35.88854086427035384 ) ) ;
#534 = ORIENTED_EDGE ( 'NONE', *, *, #1853, .F. ) ;
#535 = CARTESIAN_POINT ( 'NONE',  ( -9.261537304522548197, -20.00000000000001066, 35.43491074199663871 ) ) ;
#536 = LINE ( 'NONE', #1529, #598 ) ;
#537 = ADVANCED_FACE ( 'NONE', ( #2012, #3956, #1303, #2650 ), #4001, .F. ) ;
#538 = DIRECTION ( 'NONE',  ( 0.000000000000000000, 0.000000000000000000, -1.000000000000000000 ) ) ;
#539 = CARTESIAN_POINT ( 'NONE',  ( -59.08006886693104320, -18.99966704522880434, 37.15918380791038800 ) ) ;
#540 = VERTEX_POINT ( 'NONE', #2316 ) ;
#541 = CARTESIAN_POINT ( 'NONE',  ( -8.000000000000000000, 28.98400122115187827, -44.99999899417180416 ) ) ;
#542 = DIRECTION ( 'NONE',  ( 1.000000000000000000, 1.543469984240450904E-31, -8.673617379884027583E-16 ) ) ;
#543 = CARTESIAN_POINT ( 'NONE',  ( -84.22106781186545277, -20.00000000000000000, -26.65054593309708508 ) ) ;
#544 = CARTESIAN_POINT ( 'NONE',  ( -83.17446187116725298, -18.82996937483276056, -26.02258236867731611 ) ) ;
#545 = EDGE_CURVE ( 'NONE', #1743, #3324, #2036, .T. ) ;
#546 = DIRECTION ( 'NONE',  ( 0.000000000000000000, 0.000000000000000000, 1.000000000000000000 ) ) ;
#547 = ORIENTED_EDGE ( 'NONE', *, *, #3594, .T. ) ;
#548 = CARTESIAN_POINT ( 'NONE',  ( -57.29999999999998295, 27.24437043985019358, -44.97043548138465496 ) ) ;
#549 = EDGE_LOOP ( 'NONE', ( #2409, #3627, #2879, #744 ) ) ;
#550 = CARTESIAN_POINT ( 'NONE',  ( -8.000000000000000000, 7.973689171506453732, -10.40509345761719828 ) ) ;
#551 = DIRECTION ( 'NONE',  ( -1.000000000000000000, 0.000000000000000000, 0.000000000000000000 ) ) ;
#552 = CARTESIAN_POINT ( 'NONE',  ( 1.327938521403929650, -19.89005986183901342, 34.84436006411490183 ) ) ;
#553 = CARTESIAN_POINT ( 'NONE',  ( -82.15000000000451053, -17.19635176726990622, 4.592094754022196135 ) ) ;
#554 = CARTESIAN_POINT ( 'NONE',  ( -82.14999999999997726, -17.00000000000000711, 2.592094754022194358 ) ) ;
#555 = CARTESIAN_POINT ( 'NONE',  ( 13.84999999999998899, -17.00000000000000711, 2.592094754022179259 ) ) ;
#556 = EDGE_CURVE ( 'NONE', #4101, #1957, #1005, .T. ) ;
#557 = CARTESIAN_POINT ( 'NONE',  ( -7.000000000000000888, 14.97810195293247304, -44.53878952978850947 ) ) ;
#558 = CARTESIAN_POINT ( 'NONE',  ( -57.29999999999999005, -17.21869782877298150, 34.15903430771295035 ) ) ;
#559 = ADVANCED_FACE ( 'NONE', ( #1406 ), #1364, .F. ) ;
#560 = EDGE_LOOP ( 'NONE', ( #57, #2144, #4118, #2684 ) ) ;
#561 = CARTESIAN_POINT ( 'NONE',  ( -77.14999999999994884, -20.00000000000000355, -28.40790524597782252 ) ) ;
#562 = CARTESIAN_POINT ( 'NONE',  ( -57.82088561258498061, -20.00000000000001066, 38.62847843746664012 ) ) ;
#563 = DIRECTION ( 'NONE',  ( 0.000000000000000000, 0.000000000000000000, -1.000000000000000000 ) ) ;
#564 = CARTESIAN_POINT ( 'NONE',  ( -87.14999999999999147, -20.00000000000000355, -28.40790524597781186 ) ) ;
#565 = ADVANCED_FACE ( 'NONE', ( #3387 ), #1050, .T. ) ;
#566 = CIRCLE ( 'NONE', #2422, 2.000000000000001776 ) ;
#567 = CARTESIAN_POINT ( 'NONE',  ( -84.14999999999997726, 7.999999999999996447, -23.40790524597780120 ) ) ;
#568 = CARTESIAN_POINT ( 'NONE',  ( 3.137410036629883491E-15, -21.10007473424671076, 37.30693289534470125 ) ) ;
#569 = ORIENTED_EDGE ( 'NONE', *, *, #1222, .F. ) ;
#570 = ORIENTED_EDGE ( 'NONE', *, *, #400, .T. ) ;
#571 = ORIENTED_EDGE ( 'NONE', *, *, #3114, .F. ) ;
#572 = CIRCLE ( 'NONE', #3841, 2.375000000000002220 ) ;
#573 = CARTESIAN_POINT ( 'NONE',  ( 13.84999999999998366, -17.00000000000000355, -23.40790524597781896 ) ) ;
#574 = FACE_OUTER_BOUND ( 'NONE', #1778, .T. ) ;
#575 = CARTESIAN_POINT ( 'NONE',  ( -58.59720333174399087, -19.99999999999999645, -43.99605907367195101 ) ) ;
#576 = AXIS2_PLACEMENT_3D ( 'NONE', #2856, #1537, #1892 ) ;
#577 = CARTESIAN_POINT ( 'NONE',  ( -86.09202012549856420, -19.86168123595447099, 6.534114879512858742 ) ) ;
#578 = AXIS2_PLACEMENT_3D ( 'NONE', #3493, #3514, #493 ) ;
#579 = LINE ( 'NONE', #1035, #2080 ) ;
#580 = CARTESIAN_POINT ( 'NONE',  ( 13.80574791066360518, -17.89113263215623206, 4.636346843358562175 ) ) ;
#581 = EDGE_CURVE ( 'NONE', #2648, #1733, #3365, .T. ) ;
#582 = DIRECTION ( 'NONE',  ( 0.000000000000000000, 1.779499736546008737E-16, -1.000000000000000000 ) ) ;
#583 = DIRECTION ( 'NONE',  ( -0.000000000000000000, 1.000000000000000000, 1.779499736546008737E-16 ) ) ;
#584 = EDGE_LOOP ( 'NONE', ( #587, #4138, #4214, #2491 ) ) ;
#585 = CARTESIAN_POINT ( 'NONE',  ( -59.29999999999996874, -19.55736068446633880, 37.58892175722589712 ) ) ;
#586 = LINE ( 'NONE', #2918, #4088 ) ;
#587 = ORIENTED_EDGE ( 'NONE', *, *, #1689, .T. ) ;
#588 = CARTESIAN_POINT ( 'NONE',  ( -82.14999999999997726, -18.75735931288071612, -25.40790524597780475 ) ) ;
#589 = CARTESIAN_POINT ( 'NONE',  ( -86.49538352783825701, -20.00000000000000355, -28.01513536268847560 ) ) ;
#590 = CARTESIAN_POINT ( 'NONE',  ( -33.14999999999999147, -30.00000000000001776, 49.59209475402219169 ) ) ;
#591 = CARTESIAN_POINT ( 'NONE',  ( -0.2123082755136505018, -21.85687805412507245, 38.36963617363764456 ) ) ;
#592 = ADVANCED_FACE ( 'NONE', ( #32 ), #754, .F. ) ;
#593 = ORIENTED_EDGE ( 'NONE', *, *, #2662, .T. ) ;
#594 = VECTOR ( 'NONE', #247, 1000.000000000000000 ) ;
#595 = DIRECTION ( 'NONE',  ( 0.000000000000000000, -0.8661214884151779980, 0.4998335395964106920 ) ) ;
#596 = FACE_OUTER_BOUND ( 'NONE', #3566, .T. ) ;
#597 = CARTESIAN_POINT ( 'NONE',  ( -55.08401341623060432, -19.99999999999999645, -42.41461899358004928 ) ) ;
#598 = VECTOR ( 'NONE', #177, 1000.000000000000114 ) ;
#599 = CARTESIAN_POINT ( 'NONE',  ( -8.387333142042871614, -18.49161011628440221, 36.22626894851954660 ) ) ;
#600 = ORIENTED_EDGE ( 'NONE', *, *, #4252, .T. ) ;
#601 = AXIS2_PLACEMENT_3D ( 'NONE', #1491, #1157, #2510 ) ;
#602 = ORIENTED_EDGE ( 'NONE', *, *, #545, .T. ) ;
#603 = CIRCLE ( 'NONE', #3221, 2.375000000000000444 ) ;
#604 = CARTESIAN_POINT ( 'NONE',  ( -8.000000000000000000, 7.973689171506451956, -17.45509345761719899 ) ) ;
#605 = CARTESIAN_POINT ( 'NONE',  ( 13.85000000001097931, -17.06497768081845123, 4.592094754010766167 ) ) ;
#606 = AXIS2_PLACEMENT_3D ( 'NONE', #2785, #3486, #2762 ) ;
#607 = CARTESIAN_POINT ( 'NONE',  ( -8.353005080097725354, -16.73410511336052409, -41.83047651596196204 ) ) ;
#608 = PLANE ( 'NONE',  #2922 ) ;
#609 = ORIENTED_EDGE ( 'NONE', *, *, #3822, .F. ) ;
#610 = CARTESIAN_POINT ( 'NONE',  ( -67.34021999400493996, -19.75642266389455770, 34.89466971218212876 ) ) ;
#611 = DIRECTION ( 'NONE',  ( 0.000000000000000000, -1.000000000000000000, 0.000000000000000000 ) ) ;
#612 = DIRECTION ( 'NONE',  ( 1.000000000000000000, 0.000000000000000000, 0.000000000000000000 ) ) ;
#613 = CARTESIAN_POINT ( 'NONE',  ( -9.000000000000001776, -17.00000000000000711, 33.69604301605744467 ) ) ;
#614 = CARTESIAN_POINT ( 'NONE',  ( -57.29999999999998295, -17.00000000000001066, 33.69604301605743046 ) ) ;
#615 = ORIENTED_EDGE ( 'NONE', *, *, #1825, .F. ) ;
#616 = EDGE_CURVE ( 'NONE', #3895, #784, #2446, .T. ) ;
#617 =( BOUNDED_SURFACE ( )  B_SPLINE_SURFACE ( 2, 3, ( 
 ( #3033, #1950, #2952, #3369, #2319, #1305, #1973, #1279, #322, #2609 ),
 ( #2652, #2629, #3958, #3305, #1632, #3978, #924, #280, #2272, #3664 ),
 ( #3616, #575, #4003, #621, #3283, #3641, #597, #1991, #3327, #1654 ) ),
 .UNSPECIFIED., .F., .F., .T. ) 
 B_SPLINE_SURFACE_WITH_KNOTS ( ( 3, 3 ),
 ( 4, 2, 2, 2, 4 ),
 ( 0.000000000000000000, 1.000000000000000000 ),
 ( 0.000000000000000000, 0.001626561997856227010, 0.003253123995712454020, 0.004879685993568681247, 0.006506247991424908041 ),
 .UNSPECIFIED. ) 
 GEOMETRIC_REPRESENTATION_ITEM ( )  RATIONAL_B_SPLINE_SURFACE ( (
 ( 1.000000000000000000, 1.000000000000000000, 1.000000000000000000, 1.000000000000000000, 1.000000000000000000, 1.000000000000000000, 1.000000000000000000, 1.000000000000000000, 1.000000000000000000, 1.000000000000000000),
 ( 0.5000832232756785567, 0.5001974305570658919, 0.5114239863522783702, 0.5415827105963074706, 0.5603375085968510527, 0.5986393513049655946, 0.6182824616321931366, 0.6593445031500237974, 0.6806876978346225737, 0.7071067811865479058),
 ( 1.000000000000000000, 1.000000000000000000, 1.000000000000000000, 1.000000000000000000, 1.000000000000000000, 1.000000000000000000, 1.000000000000000000, 1.000000000000000000, 1.000000000000000000, 1.000000000000000000) ) ) 
 REPRESENTATION_ITEM ( '' )  SURFACE ( )  );
#618 = EDGE_CURVE ( 'NONE', #4106, #4343, #603, .T. ) ;
#619 = CARTESIAN_POINT ( 'NONE',  ( 0.000000000000000000, 7.973689171506453732, -10.40509345761719828 ) ) ;
#620 = CARTESIAN_POINT ( 'NONE',  ( -6.999999999999999112, -17.65125448865114777, -41.99600881290714938 ) ) ;
#621 = CARTESIAN_POINT ( 'NONE',  ( -56.85485144093750165, -19.99999999999999645, -43.59155551484879965 ) ) ;
#622 = CARTESIAN_POINT ( 'NONE',  ( 19.09264068711927465, -20.00000000000001421, 4.663162565887657429 ) ) ;
#623 = EDGE_LOOP ( 'NONE', ( #1986, #2798, #2982, #201 ) ) ;
#624 = CARTESIAN_POINT ( 'NONE',  ( 17.84999999999999076, -17.00000000000000711, 4.592094754022181036 ) ) ;
#625 = DIRECTION ( 'NONE',  ( 0.000000000000000000, 0.000000000000000000, -1.000000000000000000 ) ) ;
#626 = DIRECTION ( 'NONE',  ( 0.000000000000000000, 0.000000000000000000, 1.000000000000000000 ) ) ;
#627 = CARTESIAN_POINT ( 'NONE',  ( -58.29999999999997584, -18.99966707919283238, 37.15918382751083016 ) ) ;
#628 = ORIENTED_EDGE ( 'NONE', *, *, #2401, .F. ) ;
#629 = CARTESIAN_POINT ( 'NONE',  ( -57.52049713327205893, -20.00000000000001066, 38.50009607786594046 ) ) ;
#630 = CARTESIAN_POINT ( 'NONE',  ( -33.14999999999999147, -30.00000000000000711, -8.407905245977811859 ) ) ;
#631 = EDGE_CURVE ( 'NONE', #956, #4203, #3082, .T. ) ;
#632 = FACE_OUTER_BOUND ( 'NONE', #3016, .T. ) ;
#633 = CARTESIAN_POINT ( 'NONE',  ( 26.85000000000001918, 7.973689171506451956, -18.95509345761719899 ) ) ;
#634 = CARTESIAN_POINT ( 'NONE',  ( -57.29999999999996163, -17.39269908169873347, 33.69604301605743757 ) ) ;
#635 = ORIENTED_EDGE ( 'NONE', *, *, #1106, .T. ) ;
#636 = EDGE_CURVE ( 'NONE', #2595, #4239, #661, .T. ) ;
#637 = CONICAL_SURFACE ( 'NONE', #1216, 12.50000000000000355, 0.7853981633974543852 ) ;
#638 = DIRECTION ( 'NONE',  ( 0.000000000000000000, 0.000000000000000000, 1.000000000000000000 ) ) ;
#639 = CARTESIAN_POINT ( 'NONE',  ( -33.14999999999999147, -23.00000000000002842, 49.59209475402219169 ) ) ;
#640 = FACE_BOUND ( 'NONE', #460, .T. ) ;
#641 = CIRCLE ( 'NONE', #2353, 2.375000000000002220 ) ;
#642 = CARTESIAN_POINT ( 'NONE',  ( -58.29999999999998295, 7.973689171506453732, -3.355093457617198460 ) ) ;
#643 = ORIENTED_EDGE ( 'NONE', *, *, #492, .T. ) ;
#644 = CARTESIAN_POINT ( 'NONE',  ( 19.11985079703234192, -19.50315821569006047, 5.861945551054136949 ) ) ;
#645 = CIRCLE ( 'NONE', #1306, 14.01349094556904262 ) ;
#646 = DIRECTION ( 'NONE',  ( 0.000000000000000000, 0.000000000000000000, -1.000000000000000000 ) ) ;
#647 = FACE_OUTER_BOUND ( 'NONE', #3262, .T. ) ;
#648 = AXIS2_PLACEMENT_3D ( 'NONE', #361, #4128, #316 ) ;
#649 = CALENDAR_DATE ( 2026, 21, 4 ) ;
#650 = EDGE_LOOP ( 'NONE', ( #1729, #2026, #890, #1204 ) ) ;
#651 = FACE_OUTER_BOUND ( 'NONE', #2782, .T. ) ;
#652 = APPROVAL_PERSON_ORGANIZATION ( #2437, #840, #742 ) ;
#653 = DIRECTION ( 'NONE',  ( 1.000000000000000000, 0.000000000000000000, 0.000000000000000000 ) ) ;
#654 = ORIENTED_EDGE ( 'NONE', *, *, #455, .F. ) ;
#655 = DIRECTION ( 'NONE',  ( 1.000000000000000000, 0.000000000000000000, 0.000000000000000000 ) ) ;
#656 = CYLINDRICAL_SURFACE ( 'NONE', #1019, 2.999999999999999112 ) ;
#657 = VERTEX_POINT ( 'NONE', #3367 ) ;
#658 = DIRECTION ( 'NONE',  ( 0.000000000000000000, -2.561630862559161035E-16, 1.000000000000000000 ) ) ;
#659 = ORIENTED_EDGE ( 'NONE', *, *, #3901, .F. ) ;
#660 = EDGE_CURVE ( 'NONE', #1733, #4412, #795, .T. ) ;
#661 = LINE ( 'NONE', #1673, #4228 ) ;
#662 = CARTESIAN_POINT ( 'NONE',  ( 14.82553812883400823, -18.82996937483276056, -26.02258236867732677 ) ) ;
#663 = LINE ( 'NONE', #2296, #3729 ) ;
#664 = VERTEX_POINT ( 'NONE', #2692 ) ;
#665 = ORIENTED_EDGE ( 'NONE', *, *, #2381, .T. ) ;
#666 = CARTESIAN_POINT ( 'NONE',  ( -58.29999999999998295, 7.973689171506453732, -10.40509345761719828 ) ) ;
#667 = ORIENTED_EDGE ( 'NONE', *, *, #3379, .F. ) ;
#668 = ORIENTED_EDGE ( 'NONE', *, *, #1844, .T. ) ;
#669 = CARTESIAN_POINT ( 'NONE',  ( -65.29999999999995453, 7.973689171506453732, 2.094906542382805714 ) ) ;
#670 = AXIS2_PLACEMENT_3D ( 'NONE', #1840, #2232, #3173 ) ;
#671 = CARTESIAN_POINT ( 'NONE',  ( 15.81776956019314362, -17.39269422780621355, 4.611433017906485077 ) ) ;
#672 = EDGE_CURVE ( 'NONE', #263, #3477, #2315, .T. ) ;
#673 = CYLINDRICAL_SURFACE ( 'NONE', #73, 2.000000000000001776 ) ;
#674 = AXIS2_PLACEMENT_3D ( 'NONE', #839, #1513, #2855 ) ;
#675 = COORDINATED_UNIVERSAL_TIME_OFFSET ( 6, 0, .BEHIND. ) ;
#676 = ORIENTED_EDGE ( 'NONE', *, *, #15, .F. ) ;
#677 = EDGE_CURVE ( 'NONE', #1727, #657, #3078, .T. ) ;
#678 = CARTESIAN_POINT ( 'NONE',  ( -67.20512264345310882, -19.67554224305780153, 34.89517012158979981 ) ) ;
#679 = CIRCLE ( 'NONE', #2808, 2.000000000000000000 ) ;
#680 = CARTESIAN_POINT ( 'NONE',  ( 26.85000000000001918, 7.973689171506451956, -18.95509345761719899 ) ) ;
#681 = CARTESIAN_POINT ( 'NONE',  ( 0.000000000000000000, 28.11420116381946244, -44.98545643998465238 ) ) ;
#682 = EDGE_LOOP ( 'NONE', ( #3497, #1289, #3751, #3025 ) ) ;
#683 = CARTESIAN_POINT ( 'NONE',  ( -8.000000000000000000, 7.973689171506453732, -10.40509345761719828 ) ) ;
#684 = VERTEX_POINT ( 'NONE', #3407 ) ;
#685 = EDGE_CURVE ( 'NONE', #5, #452, #2752, .T. ) ;
#686 = CARTESIAN_POINT ( 'NONE',  ( -59.29999999999998295, 8.973356250699264791, -54.94393218862703065 ) ) ;
#687 = PLANE ( 'NONE',  #3357 ) ;
#688 = CARTESIAN_POINT ( 'NONE',  ( -82.14999999999997726, -17.00000000000000000, -25.40790524597780831 ) ) ;
#689 = ORIENTED_EDGE ( 'NONE', *, *, #2245, .T. ) ;
#690 = ADVANCED_FACE ( 'NONE', ( #1695 ), #4375, .F. ) ;
#691 = ORIENTED_EDGE ( 'NONE', *, *, #4312, .T. ) ;
#692 = DIRECTION ( 'NONE',  ( 0.000000000000000000, 0.000000000000000000, -1.000000000000000000 ) ) ;
#693 = DIRECTION ( 'NONE',  ( -1.000000000000000000, 0.000000000000000000, 0.000000000000000000 ) ) ;
#694 = ORIENTED_EDGE ( 'NONE', *, *, #492, .F. ) ;
#695 = DIRECTION ( 'NONE',  ( 1.000000000000000000, 0.000000000000000000, 0.000000000000000000 ) ) ;
#696 = CARTESIAN_POINT ( 'NONE',  ( -33.14999999999999147, -18.00000000000001421, 38.89142680434118660 ) ) ;
#697 = ORIENTED_EDGE ( 'NONE', *, *, #2626, .T. ) ;
#698 = ORIENTED_EDGE ( 'NONE', *, *, #488, .F. ) ;
#699 = DIRECTION ( 'NONE',  ( -0.000000000000000000, -0.8661214884151779980, 0.4998335395964107475 ) ) ;
#700 = EDGE_CURVE ( 'NONE', #796, #4390, #4271, .T. ) ;
#701 = CARTESIAN_POINT ( 'NONE',  ( -1.000000000016883828, -21.72043810413713416, 38.72932454104705613 ) ) ;
#702 = APPROVAL ( #2743, 'UNSPECIFIED' ) ;
#703 = CARTESIAN_POINT ( 'NONE',  ( -57.29999999999998295, -0.5263108284935467118, -8.030093457617194730 ) ) ;
#704 = ORIENTED_EDGE ( 'NONE', *, *, #3291, .T. ) ;
#705 = PLANE ( 'NONE',  #4301 ) ;
#706 = VERTEX_POINT ( 'NONE', #3055 ) ;
#707 = DIRECTION ( 'NONE',  ( 1.000000000000000000, 0.000000000000000000, 0.000000000000000000 ) ) ;
#708 = CARTESIAN_POINT ( 'NONE',  ( 13.57414770580226282, -18.45541001997794694, -25.68375754017589685 ) ) ;
#709 = CARTESIAN_POINT ( 'NONE',  ( -33.14999999999999147, -30.00000000000000711, -10.40790524597781541 ) ) ;
#710 = ORIENTED_EDGE ( 'NONE', *, *, #1602, .F. ) ;
#711 = CYLINDRICAL_SURFACE ( 'NONE', #4350, 2.000000000000001776 ) ;
#712 = CARTESIAN_POINT ( 'NONE',  ( -33.14999999999999147, -30.00000000000000711, -10.40790524597781541 ) ) ;
#713 = ORIENTED_EDGE ( 'NONE', *, *, #730, .F. ) ;
#714 = CARTESIAN_POINT ( 'NONE',  ( 16.87446187116596263, -18.82996937483276056, -26.02258236867733032 ) ) ;
#715 = AXIS2_PLACEMENT_3D ( 'NONE', #2490, #4315, #918 ) ;
#716 = CARTESIAN_POINT ( 'NONE',  ( -84.14999999999997726, -17.00000000000000711, 2.592094754022194358 ) ) ;
#717 = DIRECTION ( 'NONE',  ( -1.000000000000000000, -0.000000000000000000, 0.000000000000000000 ) ) ;
#718 = AXIS2_PLACEMENT_3D ( 'NONE', #3787, #2113, #3448 ) ;
#719 = CIRCLE ( 'NONE', #793, 3.000000000000002665 ) ;
#720 = ORIENTED_EDGE ( 'NONE', *, *, #1651, .T. ) ;
#721 = EDGE_CURVE ( 'NONE', #1070, #2660, #3435, .T. ) ;
#722 = AXIS2_PLACEMENT_3D ( 'NONE', #4054, #3418, #3092 ) ;
#723 = DIRECTION ( 'NONE',  ( 0.000000000000000000, -0.8661214884151779980, 0.4998335395964107475 ) ) ;
#724 = CARTESIAN_POINT ( 'NONE',  ( -1.000000000000021760, 7.973689171506453732, -10.40509345761719828 ) ) ;
#725 = ORIENTED_EDGE ( 'NONE', *, *, #2277, .F. ) ;
#726 = VECTOR ( 'NONE', #2442, 1000.000000000000000 ) ;
#727 = CARTESIAN_POINT ( 'NONE',  ( -82.14999999999997726, 7.999999999999996447, -23.40790524597780120 ) ) ;
#728 = ADVANCED_FACE ( 'NONE', ( #3837 ), #1888, .F. ) ;
#729 = DIRECTION ( 'NONE',  ( -1.000000000000000000, -0.000000000000000000, -0.000000000000000000 ) ) ;
#730 = EDGE_CURVE ( 'NONE', #540, #3620, #1604, .T. ) ;
#731 = CYLINDRICAL_SURFACE ( 'NONE', #456, 3.000000000000000888 ) ;
#732 = LINE ( 'NONE', #3389, #1297 ) ;
#733 = ORIENTED_EDGE ( 'NONE', *, *, #3042, .T. ) ;
#734 = ORIENTED_EDGE ( 'NONE', *, *, #3252, .F. ) ;
#735 = ORIENTED_EDGE ( 'NONE', *, *, #1817, .F. ) ;
#736 = DIRECTION ( 'NONE',  ( 0.000000000000000000, 0.000000000000000000, 1.000000000000000000 ) ) ;
#737 = CARTESIAN_POINT ( 'NONE',  ( -68.29999999999998295, -17.00033292080717828, -42.26381612885029426 ) ) ;
#738 = ORIENTED_EDGE ( 'NONE', *, *, #2844, .F. ) ;
#739 = CARTESIAN_POINT ( 'NONE',  ( 18.38308600812381499, -18.83611591158188148, -25.94099125410164675 ) ) ;
#740 = CARTESIAN_POINT ( 'NONE',  ( 13.84999999999998543, -18.75735931288072322, 2.592094754022179703 ) ) ;
#741 = CARTESIAN_POINT ( 'NONE',  ( -8.946872667880914065, 27.51074156714056329, -44.97509483243987205 ) ) ;
#742 = APPROVAL_ROLE ( '' ) ;
#743 = AXIS2_PLACEMENT_3D ( 'NONE', #3197, #4234, #812 ) ;
#744 = ORIENTED_EDGE ( 'NONE', *, *, #1171, .F. ) ;
#745 = CARTESIAN_POINT ( 'NONE',  ( -9.000000000000001776, -16.99999999999999645, -39.95486337595898618 ) ) ;
#746 = CIRCLE ( 'NONE', #1469, 12.50000000000000355 ) ;
#747 = FACE_OUTER_BOUND ( 'NONE', #1711, .T. ) ;
#748 = FACE_OUTER_BOUND ( 'NONE', #2853, .T. ) ;
#749 = ORIENTED_EDGE ( 'NONE', *, *, #2022, .F. ) ;
#750 = AXIS2_PLACEMENT_3D ( 'NONE', #2540, #1524, #1188 ) ;
#751 = AXIS2_PLACEMENT_3D ( 'NONE', #2119, #2382, #1428 ) ;
#752 = DIRECTION ( 'NONE',  ( -1.000000000000000000, -0.000000000000000000, -0.000000000000000000 ) ) ;
#753 = CIRCLE ( 'NONE', #3439, 2.000000000000001776 ) ;
#754 = CYLINDRICAL_SURFACE ( 'NONE', #751, 3.750000000000000000 ) ;
#755 = CARTESIAN_POINT ( 'NONE',  ( 0.000000000000000000, 7.999999999999992895, 2.669634627693080323E-15 ) ) ;
#756 = ADVANCED_FACE ( 'NONE', ( #4310 ), #944, .T. ) ;
#757 = CARTESIAN_POINT ( 'NONE',  ( 15.84999999999998899, -17.00000000000000711, 2.592094754022180148 ) ) ;
#758 = EDGE_LOOP ( 'NONE', ( #2177, #2799, #3960, #1497 ) ) ;
#759 = EDGE_LOOP ( 'NONE', ( #3464, #1776, #1382 ) ) ;
#760 = ORIENTED_EDGE ( 'NONE', *, *, #961, .F. ) ;
#761 = EDGE_CURVE ( 'NONE', #1843, #4412, #77, .T. ) ;
#762 = DIRECTION ( 'NONE',  ( -1.000000000000000000, -0.000000000000000000, -0.000000000000000000 ) ) ;
#763 = ORIENTED_EDGE ( 'NONE', *, *, #1055, .F. ) ;
#764 = CARTESIAN_POINT ( 'NONE',  ( 18.54149321814163898, -19.02179400076307658, -26.09939846411948139 ) ) ;
#765 = CARTESIAN_POINT ( 'NONE',  ( -80.14999999999997726, 7.999999999999996447, -25.40790524597780475 ) ) ;
#766 = CARTESIAN_POINT ( 'NONE',  ( -8.951992489542201170, -17.38235833965772414, 34.42554334516906778 ) ) ;
#767 = VERTEX_POINT ( 'NONE', #3814 ) ;
#768 = CARTESIAN_POINT ( 'NONE',  ( -58.29999999999998295, 7.973689171506453732, 2.094906542382805714 ) ) ;
#769 = DIRECTION ( 'NONE',  ( 0.000000000000000000, 0.000000000000000000, 1.000000000000000000 ) ) ;
#770 = LINE ( 'NONE', #2767, #2505 ) ;
#771 = ORIENTED_EDGE ( 'NONE', *, *, #3963, .F. ) ;
#772 = DIRECTION ( 'NONE',  ( -1.000000000000000000, 0.000000000000000000, 0.000000000000000000 ) ) ;
#773 = EDGE_LOOP ( 'NONE', ( #3728, #1719 ) ) ;
#774 = DIRECTION ( 'NONE',  ( -0.000000000000000000, 1.000000000000000000, 1.156482317317871725E-16 ) ) ;
#775 = CARTESIAN_POINT ( 'NONE',  ( -58.29999999999998295, -0.5263108284935467118, -8.030093457617194730 ) ) ;
#776 = EDGE_CURVE ( 'NONE', #2595, #5, #1002, .T. ) ;
#777 = DIRECTION ( 'NONE',  ( 1.000000000000000000, 0.000000000000000000, 0.000000000000000000 ) ) ;
#778 = ORIENTED_EDGE ( 'NONE', *, *, #2815, .F. ) ;
#779 = CARTESIAN_POINT ( 'NONE',  ( -57.29999999999998295, -16.89583210885905018, -40.17539061494525043 ) ) ;
#780 = AXIS2_PLACEMENT_3D ( 'NONE', #3122, #516, #1242 ) ;
#781 = VERTEX_POINT ( 'NONE', #2000 ) ;
#782 = CARTESIAN_POINT ( 'NONE',  ( -59.29999999999998295, -18.99966707919283238, 37.15918382751083016 ) ) ;
#783 = CARTESIAN_POINT ( 'NONE',  ( 15.84999999999998543, 7.999999999999992895, 2.592094754022184588 ) ) ;
#784 = VERTEX_POINT ( 'NONE', #2724 ) ;
#785 = DIRECTION ( 'NONE',  ( -1.156482317317871725E-16, 0.000000000000000000, -1.000000000000000000 ) ) ;
#786 = ORIENTED_EDGE ( 'NONE', *, *, #3352, .T. ) ;
#787 = ORIENTED_EDGE ( 'NONE', *, *, #407, .T. ) ;
#788 = VECTOR ( 'NONE', #3499, 1000.000000000000000 ) ;
#789 = CARTESIAN_POINT ( 'NONE',  ( 0.000000000000000000, 5.023975569927935148, -4.368302179500640925 ) ) ;
#790 = EDGE_CURVE ( 'NONE', #2365, #3125, #2060, .T. ) ;
#791 = CARTESIAN_POINT ( 'NONE',  ( -33.14999999999999147, -19.99999999999999645, -43.99605910568065070 ) ) ;
#792 = CIRCLE ( 'NONE', #3264, 13.50000000000003908 ) ;
#793 = AXIS2_PLACEMENT_3D ( 'NONE', #2723, #4078, #1043 ) ;
#794 = CARTESIAN_POINT ( 'NONE',  ( 2.000000000000000000, -19.99999999999999645, -43.99605910568065070 ) ) ;
#795 =( BOUNDED_CURVE ( )  B_SPLINE_CURVE ( 3, ( #389, #1342, #9, #4090 ),
 .UNSPECIFIED., .F., .T. ) 
 B_SPLINE_CURVE_WITH_KNOTS ( ( 4, 4 ),
 ( 3.141592653589794004, 4.712388980384689674 ),
 .UNSPECIFIED. ) 
 CURVE ( )  GEOMETRIC_REPRESENTATION_ITEM ( )  RATIONAL_B_SPLINE_CURVE ( ( 1.000000000000000000, 0.8047378541243652705, 0.8047378541243652705, 1.000000000000000000 ) ) 
 REPRESENTATION_ITEM ( '' )  );
#796 = VERTEX_POINT ( 'NONE', #4035 ) ;
#797 = CIRCLE ( 'NONE', #2990, 1.000000000000000000 ) ;
#798 = FACE_OUTER_BOUND ( 'NONE', #2484, .T. ) ;
#799 = ORIENTED_EDGE ( 'NONE', *, *, #3515, .T. ) ;
#800 = TOROIDAL_SURFACE ( 'NONE', #1375, 12.01349094556904085, 2.000000000000000000 ) ;
#801 = CARTESIAN_POINT ( 'NONE',  ( 0.4932263775579625587, -19.32165350230414802, -41.73589867201796721 ) ) ;
#802 = CARTESIAN_POINT ( 'NONE',  ( -1.000000000000021760, 7.973689171506453732, -10.40509345761719828 ) ) ;
#803 = ORGANIZATION ( 'UNSPECIFIED', 'UNSPECIFIED', '' ) ;
#804 = ORIENTED_EDGE ( 'NONE', *, *, #1000, .T. ) ;
#805 = VERTEX_POINT ( 'NONE', #1705 ) ;
#806 = ADVANCED_FACE ( 'NONE', ( #3044 ), #4331, .F. ) ;
#807 = DIRECTION ( 'NONE',  ( 0.000000000000000000, 1.779499736546008737E-16, -1.000000000000000000 ) ) ;
#808 = CARTESIAN_POINT ( 'NONE',  ( 20.45723011671054792, -20.00000000000000355, -27.75328877381912918 ) ) ;
#809 = CARTESIAN_POINT ( 'NONE',  ( 13.84999999999998721, -17.00000000000000711, 2.592094754022180592 ) ) ;
#810 = CARTESIAN_POINT ( 'NONE',  ( -8.654051086311049801, -18.13294750902928953, 35.64900698330649931 ) ) ;
#811 = CARTESIAN_POINT ( 'NONE',  ( -7.000000000000001776, -18.99966707919284303, 37.15918382751083726 ) ) ;
#812 = DIRECTION ( 'NONE',  ( 0.000000000000000000, -0.4998335395964096373, -0.8661214884151786642 ) ) ;
#813 = CARTESIAN_POINT ( 'NONE',  ( -11.79249880631119396, -19.99999999999999645, -41.42848774695379888 ) ) ;
#814 = CARTESIAN_POINT ( 'NONE',  ( -66.29999999999998295, 7.973689171506443962, -56.67617516545738710 ) ) ;
#815 = EDGE_CURVE ( 'NONE', #657, #4124, #4321, .T. ) ;
#816 = ORIENTED_EDGE ( 'NONE', *, *, #3769, .F. ) ;
#817 = ORIENTED_EDGE ( 'NONE', *, *, #2737, .F. ) ;
#818 = B_SPLINE_CURVE_WITH_KNOTS ( 'NONE', 3,
 ( #4328, #1287, #3312, #2634, #2302, #607, #4258, #1215, #1059, #309 ),
 .UNSPECIFIED., .F., .F.,
 ( 4, 2, 2, 2, 4 ),
 ( 0.000000000000000000, 0.2500000000000000000, 0.5000000000000000000, 0.7500000000000000000, 1.000000000000000000 ),
 .UNSPECIFIED. ) ;
#819 = CIRCLE ( 'NONE', #1320, 2.375000000000000444 ) ;
#820 = CYLINDRICAL_SURFACE ( 'NONE', #3428, 2.375000000000000444 ) ;
#821 = CARTESIAN_POINT ( 'NONE',  ( -84.84149321814766154, -19.02179400076232341, -26.09939846411795017 ) ) ;
#822 = AXIS2_PLACEMENT_3D ( 'NONE', #4291, #2602, #2266 ) ;
#823 = CARTESIAN_POINT ( 'NONE',  ( -0.3853228782883327819, -19.21997958223631997, -42.40584385348848429 ) ) ;
#824 = DIRECTION ( 'NONE',  ( -1.000000000000000000, -0.000000000000000000, 0.000000000000000000 ) ) ;
#825 = AXIS2_PLACEMENT_3D ( 'NONE', #3695, #653, #1078 ) ;
#826 = VERTEX_POINT ( 'NONE', #2661 ) ;
#827 = EDGE_CURVE ( 'NONE', #1717, #1629, #2413, .T. ) ;
#828 = EDGE_LOOP ( 'NONE', ( #3881, #122, #1772, #4240 ) ) ;
#829 = DIRECTION ( 'NONE',  ( 0.000000000000000000, -1.000000000000000000, -1.779499736546008737E-16 ) ) ;
#830 = CARTESIAN_POINT ( 'NONE',  ( 20.84999999999999432, -20.00000000000000355, -28.40790524597782962 ) ) ;
#831 = CARTESIAN_POINT ( 'NONE',  ( -1.000000000000000000, 5.023975569927935148, -4.368302179500640925 ) ) ;
#832 = EDGE_CURVE ( 'NONE', #4385, #443, #1958, .T. ) ;
#833 = CARTESIAN_POINT ( 'NONE',  ( -8.000000000000000000, 7.973689171506455509, 2.094906542382805714 ) ) ;
#834 = PLANE ( 'NONE',  #3050 ) ;
#835 = CARTESIAN_POINT ( 'NONE',  ( -78.90735931288067206, -20.00000000000001421, 4.663162565887668976 ) ) ;
#836 = CARTESIAN_POINT ( 'NONE',  ( -33.14999999999999147, -24.70000000000000639, -10.40790524597781364 ) ) ;
#837 = LINE ( 'NONE', #3468, #290 ) ;
#838 = ORIENTED_EDGE ( 'NONE', *, *, #1330, .T. ) ;
#839 = CARTESIAN_POINT ( 'NONE',  ( -8.000000000000000000, -18.00000000000001066, 38.89142680434118660 ) ) ;
#840 = APPROVAL ( #3783, 'UNSPECIFIED' ) ;
#841 = ORIENTED_EDGE ( 'NONE', *, *, #961, .T. ) ;
#842 = CARTESIAN_POINT ( 'NONE',  ( -85.16751974764069644, -19.26016043476002082, -25.10377149204580860 ) ) ;
#843 = CARTESIAN_POINT ( 'NONE',  ( 1.214756343297385355, -19.94794535233565469, -43.47256333454552646 ) ) ;
#844 = ORIENTED_EDGE ( 'NONE', *, *, #3581, .F. ) ;
#845 = DIRECTION ( 'NONE',  ( 0.000000000000000000, 0.000000000000000000, 1.000000000000000000 ) ) ;
#846 = ORIENTED_EDGE ( 'NONE', *, *, #2277, .T. ) ;
#847 = CARTESIAN_POINT ( 'NONE',  ( -57.77405901318888937, -16.67264769386889256, -41.63653364329518070 ) ) ;
#848 = CARTESIAN_POINT ( 'NONE',  ( -80.10574791066228784, -17.89113263215686089, 4.636346843358897019 ) ) ;
#849 = CARTESIAN_POINT ( 'NONE',  ( -8.000000000000000000, 7.973689171506453732, -1.855093457617198016 ) ) ;
#850 = CARTESIAN_POINT ( 'NONE',  ( -7.000000000000001776, -18.99966707919283593, 37.15918382751083726 ) ) ;
#851 = CARTESIAN_POINT ( 'NONE',  ( -12.00000000000000000, -20.00000000000001066, 33.69604301605743046 ) ) ;
#852 = CARTESIAN_POINT ( 'NONE',  ( 26.85000000000001918, 7.973689171506453732, -0.3550934576171975166 ) ) ;
#853 = CARTESIAN_POINT ( 'NONE',  ( -9.000000000000001776, 26.98400122115186406, -4.944952010844932744 ) ) ;
#854 = DIRECTION ( 'NONE',  ( 0.000000000000000000, 0.000000000000000000, -1.000000000000000000 ) ) ;
#855 = AXIS2_PLACEMENT_3D ( 'NONE', #4016, #3948, #4333 ) ;
#856 = EDGE_CURVE ( 'NONE', #1608, #1281, #1942, .T. ) ;
#857 = ORIENTED_EDGE ( 'NONE', *, *, #4108, .F. ) ;
#858 = CARTESIAN_POINT ( 'NONE',  ( -78.20797987450744415, -19.86168123595293622, -27.34992537147033786 ) ) ;
#859 = DIRECTION ( 'NONE',  ( -0.000000000000000000, 1.000000000000000000, 1.779499736546008737E-16 ) ) ;
#860 = CIRCLE ( 'NONE', #2561, 12.52646064719166574 ) ;
#861 = ORIENTED_EDGE ( 'NONE', *, *, #907, .T. ) ;
#862 = CARTESIAN_POINT ( 'NONE',  ( -8.000000000000000000, -0.5263108284935467118, -10.40509345761719473 ) ) ;
#863 = CIRCLE ( 'NONE', #2846, 1.500000000000000444 ) ;
#864 = VECTOR ( 'NONE', #3150, 1000.000000000000000 ) ;
#865 = CARTESIAN_POINT ( 'NONE',  ( 11.24276988329297922, -20.00000000000000355, -27.75328877382121817 ) ) ;
#866 = VERTEX_POINT ( 'NONE', #996 ) ;
#867 = CARTESIAN_POINT ( 'NONE',  ( -58.78256880574462429, 28.92029369452831844, -44.99894934010151104 ) ) ;
#868 = CIRCLE ( 'NONE', #1091, 2.375000000000000444 ) ;
#869 = ORIENTED_EDGE ( 'NONE', *, *, #2693, .T. ) ;
#870 = EDGE_CURVE ( 'NONE', #1608, #211, #895, .T. ) ;
#871 = CARTESIAN_POINT ( 'NONE',  ( -56.85485144093750165, -19.99999999999999645, -43.59155551484879965 ) ) ;
#872 = TOROIDAL_SURFACE ( 'NONE', #228, 13.01349094556904262, 1.000000000000000000 ) ;
#873 = CARTESIAN_POINT ( 'NONE',  ( 20.06475634561749999, -19.92191802946454615, -27.09916582200608204 ) ) ;
#874 = CARTESIAN_POINT ( 'NONE',  ( -1.000000000000000000, 16.99999999999998579, 16.38399090000327263 ) ) ;
#875 = CARTESIAN_POINT ( 'NONE',  ( -85.41985079702915584, -19.50315821569004271, 5.861945551055486980 ) ) ;
#876 = CARTESIAN_POINT ( 'NONE',  ( -7.439535090056368816, -20.00000000000001066, 38.89142673136570494 ) ) ;
#877 = CARTESIAN_POINT ( 'NONE',  ( -59.29999999999998295, 14.97810195293247304, -56.55228047535754854 ) ) ;
#878 = EDGE_CURVE ( 'NONE', #2159, #3620, #3651, .T. ) ;
#879 = CARTESIAN_POINT ( 'NONE',  ( 0.000000000000000000, 7.999999999999992895, 2.669634627693080323E-15 ) ) ;
#880 = DIRECTION ( 'NONE',  ( 0.000000000000000000, 0.4998335395964107475, 0.8661214884151779980 ) ) ;
#881 = ORIENTED_EDGE ( 'NONE', *, *, #2212, .F. ) ;
#882 = CARTESIAN_POINT ( 'NONE',  ( -80.17055237045181570, -17.31435347780821132, -25.38735287552882269 ) ) ;
#883 = DIRECTION ( 'NONE',  ( -0.000000000000000000, -1.000000000000000000, -1.779499736546008737E-16 ) ) ;
#884 = CARTESIAN_POINT ( 'NONE',  ( -9.600999472805462176, -18.84364015992474251, -39.95486337595898618 ) ) ;
#885 = CARTESIAN_POINT ( 'NONE',  ( -82.30991675616184011, -17.77784770429073191, -25.50385529967415010 ) ) ;
#886 = AXIS2_PLACEMENT_3D ( 'NONE', #279, #1343, #2336 ) ;
#887 = CARTESIAN_POINT ( 'NONE',  ( -54.29999999999999005, -20.00000000000001066, 33.69604301605743046 ) ) ;
#888 = VERTEX_POINT ( 'NONE', #313 ) ;
#889 = DIRECTION ( 'NONE',  ( -1.000000000000000000, -0.000000000000000000, -0.000000000000000000 ) ) ;
#890 = ORIENTED_EDGE ( 'NONE', *, *, #3053, .T. ) ;
#891 = ORIENTED_EDGE ( 'NONE', *, *, #2070, .T. ) ;
#892 = AXIS2_PLACEMENT_3D ( 'NONE', #1092, #752, #1049 ) ;
#893 = AXIS2_PLACEMENT_3D ( 'NONE', #2627, #217, #1970 ) ;
#894 = EDGE_LOOP ( 'NONE', ( #2755, #861, #1464, #3560 ) ) ;
#895 = B_SPLINE_CURVE_WITH_KNOTS ( 'NONE', 3,
 ( #3336, #980, #3990, #251, #629, #1623, #2327, #1666, #2962, #1334, #957, #2304 ),
 .UNSPECIFIED., .F., .F.,
 ( 4, 2, 2, 2, 2, 4 ),
 ( 0.000000000000000000, 0.1250000000000000278, 0.2500000000000000555, 0.5000000000000000000, 0.7499999999999998890, 1.000000000000000000 ),
 .UNSPECIFIED. ) ;
#896 = ADVANCED_FACE ( 'NONE', ( #651 ), #2027, .T. ) ;
#897 = DIRECTION ( 'NONE',  ( -1.000000000000000000, -2.057959978987270500E-32, 1.156482317317871725E-16 ) ) ;
#898 = AXIS2_PLACEMENT_3D ( 'NONE', #1925, #3259, #4298 ) ;
#899 = CARTESIAN_POINT ( 'NONE',  ( 20.32635607926098942, -19.99999999999679190, -27.88426132523400369 ) ) ;
#900 = FACE_OUTER_BOUND ( 'NONE', #2776, .T. ) ;
#901 = EDGE_CURVE ( 'NONE', #4239, #362, #1874, .T. ) ;
#902 = CARTESIAN_POINT ( 'NONE',  ( -8.003550329653965179, -18.77311238816358951, 36.71670635848482078 ) ) ;
#903 = DIRECTION ( 'NONE',  ( 0.000000000000000000, 0.000000000000000000, 1.000000000000000000 ) ) ;
#904 = LINE ( 'NONE', #2503, #3790 ) ;
#905 = CARTESIAN_POINT ( 'NONE',  ( -58.29999999999998295, -0.5263108284935463788, -12.78009345761719473 ) ) ;
#906 = ORIENTED_EDGE ( 'NONE', *, *, #2832, .T. ) ;
#907 = EDGE_CURVE ( 'NONE', #263, #4096, #1797, .T. ) ;
#908 = CARTESIAN_POINT ( 'NONE',  ( -58.89620012374151514, -18.97509368791659057, 37.10584394458305724 ) ) ;
#909 = VERTEX_POINT ( 'NONE', #2091 ) ;
#910 = CARTESIAN_POINT ( 'NONE',  ( -79.61691399187817808, -18.83611591158187792, -25.94099125410026829 ) ) ;
#911 = CARTESIAN_POINT ( 'NONE',  ( -9.000000000000001776, -16.99999999999999645, -39.95486337595898618 ) ) ;
#912 = ORIENTED_EDGE ( 'NONE', *, *, #3711, .F. ) ;
#913 = CARTESIAN_POINT ( 'NONE',  ( -57.29999999999998295, 7.973689171506453732, -6.655093457617198283 ) ) ;
#914 = CARTESIAN_POINT ( 'NONE',  ( -85.82054638154923509, -19.69649888156890327, -26.19214921522549133 ) ) ;
#915 = ORIENTED_EDGE ( 'NONE', *, *, #2680, .F. ) ;
#916 = ORIENTED_EDGE ( 'NONE', *, *, #1275, .F. ) ;
#917 = CARTESIAN_POINT ( 'NONE',  ( -55.08524365307781778, -19.92191803000495653, 33.69604301605743757 ) ) ;
#918 = DIRECTION ( 'NONE',  ( 0.000000000000000000, 0.000000000000000000, 1.000000000000000000 ) ) ;
#919 = ORIENTED_EDGE ( 'NONE', *, *, #3910, .T. ) ;
#920 = ORIENTED_EDGE ( 'NONE', *, *, #856, .F. ) ;
#921 = ADVANCED_FACE ( 'NONE', ( #3759 ), #1085, .F. ) ;
#922 = LINE ( 'NONE', #1231, #1327 ) ;
#923 = CARTESIAN_POINT ( 'NONE',  ( -6.999999999999999112, -18.69791106695402405, -42.08955845057129608 ) ) ;
#924 = CARTESIAN_POINT ( 'NONE',  ( -58.28902273937584511, -19.99999999999805667, -40.95789404599200623 ) ) ;
#925 = CARTESIAN_POINT ( 'NONE',  ( -85.21013079744535901, -19.35413284249809251, 5.652225551475368093 ) ) ;
#926 = EDGE_LOOP ( 'NONE', ( #1154, #3085, #4383, #4397 ) ) ;
#927 = CARTESIAN_POINT ( 'NONE',  ( -33.14999999999999147, -30.00000000000000711, -10.40790524597781541 ) ) ;
#928 = DIRECTION ( 'NONE',  ( -0.000000000000000000, -1.000000000000000000, -1.779499736546008737E-16 ) ) ;
#929 = DIRECTION ( 'NONE',  ( 0.000000000000000000, 0.000000000000000000, -1.000000000000000000 ) ) ;
#930 = CARTESIAN_POINT ( 'NONE',  ( -61.95612018245993369, -20.00000000000001776, 38.77805268381298021 ) ) ;
#931 = ORIENTED_EDGE ( 'NONE', *, *, #1145, .F. ) ;
#932 = EDGE_CURVE ( 'NONE', #362, #443, #3680, .T. ) ;
#933 = CARTESIAN_POINT ( 'NONE',  ( -81.12553812883317050, -18.82996937483339650, -26.02258236867774244 ) ) ;
#934 = CARTESIAN_POINT ( 'NONE',  ( -58.86046490994442593, -20.00000000000001066, 38.89142673136570494 ) ) ;
#935 = CARTESIAN_POINT ( 'NONE',  ( 20.84999999999999076, -20.00000000000000711, 7.592094754022179259 ) ) ;
#936 = CARTESIAN_POINT ( 'NONE',  ( -9.000000000000001776, 7.973689171506453732, -0.3550934576171975166 ) ) ;
#937 = ORIENTED_EDGE ( 'NONE', *, *, #3686, .T. ) ;
#938 = AXIS2_PLACEMENT_3D ( 'NONE', #802, #502, #524 ) ;
#939 = CARTESIAN_POINT ( 'NONE',  ( 15.84999999999998543, -17.00000000000000000, -25.40790524597781541 ) ) ;
#940 = CARTESIAN_POINT ( 'NONE',  ( -1.000000000016883828, -21.72043810413713416, 38.72932454104705613 ) ) ;
#941 = VERTEX_POINT ( 'NONE', #2439 ) ;
#942 = ORIENTED_EDGE ( 'NONE', *, *, #2844, .T. ) ;
#943 = AXIS2_PLACEMENT_3D ( 'NONE', #3760, #1063, #48 ) ;
#944 =( BOUNDED_SURFACE ( )  B_SPLINE_SURFACE ( 3, 2, ( 
 ( #2939, #2596, #3561 ),
 ( #3227, #2141, #4287 ),
 ( #101, #1579, #1269 ),
 ( #410, #882, #182 ),
 ( #4262, #4158, #3584 ),
 ( #2618, #3946, #3145 ),
 ( #3474, #1557, #3923 ),
 ( #2894, #4177, #933 ),
 ( #2917, #2817, #1218 ),
 ( #3967, #910, #1138 ),
 ( #2237, #2487, #436 ),
 ( #1934, #2468, #1806 ),
 ( #1118, #3248, #2259 ),
 ( #1914, #858, #2217 ),
 ( #232, #2569, #3605 ),
 ( #561, #2282, #1780 ) ),
 .UNSPECIFIED., .F., .F., .T. ) 
 B_SPLINE_SURFACE_WITH_KNOTS ( ( 4, 2, 2, 2, 2, 2, 2, 4 ),
 ( 3, 3 ),
 ( 6.283185307179586232, 6.479534848028948524, 6.675884388878310816, 6.872233929727672219, 7.068583470577034511, 7.264933011426396803, 7.461282552275758206, 7.853981633974482790 ),
 ( 0.000000000000000000, 1.000000000000000000 ),
 .UNSPECIFIED. ) 
 GEOMETRIC_REPRESENTATION_ITEM ( )  RATIONAL_B_SPLINE_SURFACE ( (
 ( 1.000000000000000000, 0.7071067811865469066, 1.000000000000000000),
 ( 1.000000000000000000, 0.7070717281302456581, 1.000000000000000000),
 ( 1.000000000000000000, 0.7117460028581642506, 1.000000000000000000),
 ( 1.000000000000000000, 0.7291288936851531011, 1.000000000000000000),
 ( 1.000000000000000000, 0.7418334183296234619, 1.000000000000000000),
 ( 1.000000000000000000, 0.7723968213675798111, 1.000000000000000000),
 ( 1.000000000000000000, 0.7902180090372905585, 1.000000000000000000),
 ( 1.000000000000000000, 0.8275942692060517247, 1.000000000000000000),
 ( 1.000000000000000000, 0.8471316607149234068, 1.000000000000000000),
 ( 1.000000000000000000, 0.8849191468539517880, 1.000000000000000000),
 ( 1.000000000000000000, 0.9031650995970228468, 1.000000000000000000),
 ( 1.000000000000000000, 0.9360421840893721201, 1.000000000000000000),
 ( 1.000000000000000000, 0.9506740355058527214, 1.000000000000000000),
 ( 1.000000000000000000, 0.9867291886317631766, 1.000000000000000000),
 ( 1.000000000000000000, 1.000158581237627242, 1.000000000000000000),
 ( 1.000000000000000000, 1.000000000000000000, 1.000000000000000000) ) ) 
 REPRESENTATION_ITEM ( '' )  SURFACE ( )  );
#945 = CARTESIAN_POINT ( 'NONE',  ( -6.999999999999999112, -20.00000000000001421, 38.89142680434118660 ) ) ;
#946 = DIRECTION ( 'NONE',  ( -0.000000000000000000, -1.000000000000000000, -1.779499736546008737E-16 ) ) ;
#947 = CARTESIAN_POINT ( 'NONE',  ( 26.85100000000001330, 7.999999999999992895, 2.118555401213858325 ) ) ;
#948 = VECTOR ( 'NONE', #2921, 1000.000000000000000 ) ;
#949 = CARTESIAN_POINT ( 'NONE',  ( -85.16751974764069644, -19.26016043476002437, 4.287961000090373176 ) ) ;
#950 = ORIENTED_EDGE ( 'NONE', *, *, #4089, .F. ) ;
#951 = AXIS2_PLACEMENT_3D ( 'NONE', #2193, #2507, #179 ) ;
#952 = CARTESIAN_POINT ( 'NONE',  ( 18.12585229419803667, -18.45541001997719732, 4.867947048220050199 ) ) ;
#953 = CARTESIAN_POINT ( 'NONE',  ( 12.15873942397095320, -19.92191802946441825, 6.806851099639363412 ) ) ;
#954 = CARTESIAN_POINT ( 'NONE',  ( -58.29999999999998295, 16.47368917150645373, -10.40509345761720006 ) ) ;
#955 = CARTESIAN_POINT ( 'NONE',  ( -59.29999999999998295, -18.99966707919283238, 37.15918382751083016 ) ) ;
#956 = VERTEX_POINT ( 'NONE', #2111 ) ;
#957 = CARTESIAN_POINT ( 'NONE',  ( -54.30000006680101876, -20.00000000000001066, 34.53879085483527689 ) ) ;
#958 = EDGE_CURVE ( 'NONE', #1014, #1354, #2112, .T. ) ;
#959 = CARTESIAN_POINT ( 'NONE',  ( -55.39086295993967468, -20.00000000000001066, 36.82395255156295377 ) ) ;
#960 = CARTESIAN_POINT ( 'NONE',  ( -58.29999999999998295, 16.47368917150645373, -8.030093457617198283 ) ) ;
#961 = EDGE_CURVE ( 'NONE', #3436, #3125, #2317, .T. ) ;
#962 = CARTESIAN_POINT ( 'NONE',  ( -33.14999999999999147, -24.70000000000000639, -12.40790524597781541 ) ) ;
#963 = VERTEX_POINT ( 'NONE', #768 ) ;
#964 = CARTESIAN_POINT ( 'NONE',  ( 2.000000000000003997, -19.99999999999999289, -43.99605910568065781 ) ) ;
#965 = VERTEX_POINT ( 'NONE', #112 ) ;
#966 = CARTESIAN_POINT ( 'NONE',  ( -33.14999999999999147, -20.00000000000000355, -10.40790524597781364 ) ) ;
#967 = LINE ( 'NONE', #1653, #3425 ) ;
#968 = CARTESIAN_POINT ( 'NONE',  ( 0.000000000000000000, 8.473522711102853933, -55.81005367704220532 ) ) ;
#969 = CIRCLE ( 'NONE', #3796, 1.500000000000001332 ) ;
#970 = AXIS2_PLACEMENT_3D ( 'NONE', #1344, #4339, #2695 ) ;
#971 = VERTEX_POINT ( 'NONE', #66 ) ;
#972 = AXIS2_PLACEMENT_3D ( 'NONE', #686, #2052, #1030 ) ;
#973 = CARTESIAN_POINT ( 'NONE',  ( 18.24650520348498262, -18.50345202328452743, 3.252936759830725943 ) ) ;
#974 = ADVANCED_FACE ( 'NONE', ( #2789 ), #1399, .F. ) ;
#975 = CARTESIAN_POINT ( 'NONE',  ( 13.84152052691957202, -17.72060859681202771, 4.600574227102145031 ) ) ;
#976 = AXIS2_PLACEMENT_3D ( 'NONE', #789, #1400, #4190 ) ;
#977 = FACE_OUTER_BOUND ( 'NONE', #650, .T. ) ;
#978 = CARTESIAN_POINT ( 'NONE',  ( -62.91680646658016940, -19.73588496997215103, 37.89223776650939612 ) ) ;
#979 = VERTEX_POINT ( 'NONE', #3218 ) ;
#980 = CARTESIAN_POINT ( 'NONE',  ( -58.86046490994442593, -20.00000000000001066, 38.89142673136570494 ) ) ;
#981 = CYLINDRICAL_SURFACE ( 'NONE', #168, 2.000000000000001776 ) ;
#982 = DIRECTION ( 'NONE',  ( 0.000000000000000000, 0.000000000000000000, -1.000000000000000000 ) ) ;
#983 = CARTESIAN_POINT ( 'NONE',  ( -78.90735931288067206, -20.00000000000000000, -25.47897305784328381 ) ) ;
#984 = DIRECTION ( 'NONE',  ( -1.000000000000000000, 0.000000000000000000, 0.000000000000000000 ) ) ;
#985 = VERTEX_POINT ( 'NONE', #490 ) ;
#986 = CARTESIAN_POINT ( 'NONE',  ( -8.000000000000000000, -18.99966707919283593, 37.15918382751083726 ) ) ;
#987 = FACE_OUTER_BOUND ( 'NONE', #3427, .T. ) ;
#988 = DIRECTION ( 'NONE',  ( 0.000000000000000000, -1.779499736546008737E-16, 1.000000000000000000 ) ) ;
#989 = FACE_OUTER_BOUND ( 'NONE', #2575, .T. ) ;
#990 = ORIENTED_EDGE ( 'NONE', *, *, #1949, .T. ) ;
#991 = CARTESIAN_POINT ( 'NONE',  ( 19.34654797690390637, -19.60349479664092343, 5.086341382194889071 ) ) ;
#992 = CARTESIAN_POINT ( 'NONE',  ( 10.84999999999998188, -20.00000000000001066, 7.592094754022185477 ) ) ;
#993 = DIRECTION ( 'NONE',  ( 0.000000000000000000, 0.000000000000000000, 1.000000000000000000 ) ) ;
#994 = PERSON_AND_ORGANIZATION ( #1694, #803 ) ;
#995 = ORIENTED_EDGE ( 'NONE', *, *, #2778, .T. ) ;
#996 = CARTESIAN_POINT ( 'NONE',  ( -33.14999999999999147, -24.70000000000000639, -8.407905245977811859 ) ) ;
#997 = DIRECTION ( 'NONE',  ( 0.000000000000000000, 0.000000000000000000, -1.000000000000000000 ) ) ;
#998 = ORIENTED_EDGE ( 'NONE', *, *, #3520, .T. ) ;
#999 = DIRECTION ( 'NONE',  ( 0.000000000000000000, 0.000000000000000000, 1.000000000000000000 ) ) ;
#1000 = EDGE_CURVE ( 'NONE', #805, #3829, #753, .T. ) ;
#1001 = LINE ( 'NONE', #2308, #2570 ) ;
#1002 = CIRCLE ( 'NONE', #4182, 2.000000000000001776 ) ;
#1003 = DIRECTION ( 'NONE',  ( 0.000000000000000000, -1.000000000000000000, -1.779499736546008737E-16 ) ) ;
#1004 = CIRCLE ( 'NONE', #3471, 12.50000000000000355 ) ;
#1005 = LINE ( 'NONE', #2358, #2672 ) ;
#1006 = DIRECTION ( 'NONE',  ( -1.000000000000000000, -0.000000000000000000, -0.000000000000000000 ) ) ;
#1007 = EDGE_CURVE ( 'NONE', #417, #4202, #2774, .T. ) ;
#1008 = DIRECTION ( 'NONE',  ( -1.000000000000000000, 0.000000000000000000, 0.000000000000000000 ) ) ;
#1009 = VERTEX_POINT ( 'NONE', #1882 ) ;
#1010 = TOROIDAL_SURFACE ( 'NONE', #3835, 12.01349094556904085, 2.000000000000000000 ) ;
#1011 = ORIENTED_EDGE ( 'NONE', *, *, #2198, .F. ) ;
#1012 = CARTESIAN_POINT ( 'NONE',  ( -86.49538352783743278, -20.00000000000000355, 7.199324870733582848 ) ) ;
#1013 = EDGE_CURVE ( 'NONE', #3620, #2194, #3289, .T. ) ;
#1014 = VERTEX_POINT ( 'NONE', #2934 ) ;
#1015 = CYLINDRICAL_SURFACE ( 'NONE', #4346, 60.00000000000001421 ) ;
#1016 = VECTOR ( 'NONE', #3538, 1000.000000000000000 ) ;
#1017 = CARTESIAN_POINT ( 'NONE',  ( 13.45349479651499358, -18.50345202328452743, 3.252936759830562075 ) ) ;
#1018 = CARTESIAN_POINT ( 'NONE',  ( -33.14999999999999147, -30.00000000000000711, -10.40790524597781541 ) ) ;
#1019 = AXIS2_PLACEMENT_3D ( 'NONE', #1585, #1247, #2600 ) ;
#1020 = PERSON_AND_ORGANIZATION ( #1694, #803 ) ;
#1021 = ORIENTED_EDGE ( 'NONE', *, *, #163, .T. ) ;
#1022 = CARTESIAN_POINT ( 'NONE',  ( -66.29999999999998295, -18.00000000000001066, 33.47919422527910882 ) ) ;
#1023 = EDGE_CURVE ( 'NONE', #2617, #1073, #1391, .T. ) ;
#1024 = ORIENTED_EDGE ( 'NONE', *, *, #2707, .F. ) ;
#1025 = DIRECTION ( 'NONE',  ( -1.000000000000000000, -0.000000000000000000, -0.000000000000000000 ) ) ;
#1026 = DIRECTION ( 'NONE',  ( 1.000000000000000000, 0.000000000000000000, 0.000000000000000000 ) ) ;
#1027 = VERTEX_POINT ( 'NONE', #3890 ) ;
#1028 = EDGE_CURVE ( 'NONE', #362, #2841, #904, .T. ) ;
#1029 = LINE ( 'NONE', #1405, #2310 ) ;
#1030 = DIRECTION ( 'NONE',  ( 0.000000000000000000, -0.4998335395964111361, -0.8661214884151777760 ) ) ;
#1031 = CARTESIAN_POINT ( 'NONE',  ( -84.14999999999997726, -17.00000000000000711, 7.592094754022194358 ) ) ;
#1032 = CARTESIAN_POINT ( 'NONE',  ( 26.85000000000001918, 7.973689171506453732, -6.655093457617198283 ) ) ;
#1033 = DIRECTION ( 'NONE',  ( -1.000000000000000000, 0.000000000000000000, 0.000000000000000000 ) ) ;
#1034 = ADVANCED_FACE ( 'NONE', ( #2869 ), #3852, .T. ) ;
#1035 = CARTESIAN_POINT ( 'NONE',  ( -54.29999999999998295, -20.00000000000000355, -10.40790524597781364 ) ) ;
#1036 = ORIENTED_EDGE ( 'NONE', *, *, #776, .F. ) ;
#1037 = CARTESIAN_POINT ( 'NONE',  ( 17.85847947307980377, -17.72060859681144507, -25.41638471905823238 ) ) ;
#1038 = EDGE_CURVE ( 'NONE', #2486, #2365, #536, .T. ) ;
#1039 = CARTESIAN_POINT ( 'NONE',  ( -9.000000000000001776, 14.97810195293247304, -44.53878952978850947 ) ) ;
#1040 = VECTOR ( 'NONE', #2647, 1000.000000000000000 ) ;
#1041 = CIRCLE ( 'NONE', #4085, 3.750000000000000000 ) ;
#1042 = PERSON_AND_ORGANIZATION ( #1694, #803 ) ;
#1043 = DIRECTION ( 'NONE',  ( 0.000000000000000000, 0.000000000000000000, 1.000000000000000000 ) ) ;
#1044 = CARTESIAN_POINT ( 'NONE',  ( 17.84999999999998721, -17.00000000000000000, -25.40790524597781896 ) ) ;
#1045 = AXIS2_PLACEMENT_3D ( 'NONE', #1935, #2129, #399 ) ;
#1046 = FACE_OUTER_BOUND ( 'NONE', #682, .T. ) ;
#1047 = DIRECTION ( 'NONE',  ( 1.000000000000000000, 0.000000000000000000, 0.000000000000000000 ) ) ;
#1048 = ORIENTED_EDGE ( 'NONE', *, *, #3975, .F. ) ;
#1049 = DIRECTION ( 'NONE',  ( 0.000000000000000000, 0.000000000000000000, 1.000000000000000000 ) ) ;
#1050 = PLANE ( 'NONE',  #2942 ) ;
#1051 = CARTESIAN_POINT ( 'NONE',  ( -1.000000000000021760, 7.973689171506453732, -10.40509345761719828 ) ) ;
#1052 = CARTESIAN_POINT ( 'NONE',  ( -9.000000000000001776, 5.023975569927935148, -4.368302179500640925 ) ) ;
#1053 = LINE ( 'NONE', #3349, #4134 ) ;
#1054 = EDGE_LOOP ( 'NONE', ( #1359, #2443, #3329, #82 ) ) ;
#1055 = EDGE_CURVE ( 'NONE', #4286, #1009, #2254, .T. ) ;
#1056 = CARTESIAN_POINT ( 'NONE',  ( 2.000000000000000000, -19.99999999999999645, -43.99605910568065070 ) ) ;
#1057 = EDGE_LOOP ( 'NONE', ( #2094, #4163, #3797, #3083 ) ) ;
#1058 = CARTESIAN_POINT ( 'NONE',  ( 17.89425208933685241, -17.89113263215640615, -25.45215733531534852 ) ) ;
#1059 = CARTESIAN_POINT ( 'NONE',  ( -7.352986558825551633, -17.00033292881817104, -42.26381612422720480 ) ) ;
#1060 = APPROVAL_DATE_TIME ( #1443, #702 ) ;
#1061 = ORIENTED_EDGE ( 'NONE', *, *, #3379, .T. ) ;
#1062 = CARTESIAN_POINT ( 'NONE',  ( -7.379834461362191789, -19.99999999999708322, -40.93476415461955753 ) ) ;
#1063 = DIRECTION ( 'NONE',  ( 0.000000000000000000, -0.8661214884151779980, 0.4998335395964107475 ) ) ;
#1064 = DIRECTION ( 'NONE',  ( -0.000000000000000000, 0.8661214884151779980, -0.4998335395964107475 ) ) ;
#1065 = EDGE_CURVE ( 'NONE', #4047, #2123, #3917, .T. ) ;
#1066 = FACE_OUTER_BOUND ( 'NONE', #1496, .T. ) ;
#1067 = CARTESIAN_POINT ( 'NONE',  ( -66.29999999999998295, 7.973689171506453732, -10.40509345761719828 ) ) ;
#1068 = CARTESIAN_POINT ( 'NONE',  ( 15.85000000000112053, -17.19635176726993109, -25.40790524597781541 ) ) ;
#1069 = LINE ( 'NONE', #2054, #351 ) ;
#1070 = VERTEX_POINT ( 'NONE', #1909 ) ;
#1071 = EDGE_LOOP ( 'NONE', ( #3480, #3592 ) ) ;
#1072 = CARTESIAN_POINT ( 'NONE',  ( -84.42585229419944426, -18.45541001997721153, -25.68375754017515789 ) ) ;
#1073 = VERTEX_POINT ( 'NONE', #1600 ) ;
#1074 = VECTOR ( 'NONE', #2925, 1000.000000000000000 ) ;
#1075 = CARTESIAN_POINT ( 'NONE',  ( 0.000000000000000000, 8.473522711102850380, -55.81005367704221243 ) ) ;
#1076 = ORIENTED_EDGE ( 'NONE', *, *, #1199, .T. ) ;
#1077 = CARTESIAN_POINT ( 'NONE',  ( 18.86751974764106521, -19.26016043476036543, -25.10377149204582281 ) ) ;
#1078 = DIRECTION ( 'NONE',  ( 0.000000000000000000, 0.000000000000000000, -1.000000000000000000 ) ) ;
#1079 = AXIS2_PLACEMENT_3D ( 'NONE', #458, #4222, #3931 ) ;
#1080 = DIRECTION ( 'NONE',  ( -0.000000000000000000, -0.8661214884151779980, 0.4998335395964107475 ) ) ;
#1081 = DATE_TIME_ROLE ( 'creation_date' ) ;
#1082 = AXIS2_PLACEMENT_3D ( 'NONE', #3557, #3809, #2134 ) ;
#1083 = LINE ( 'NONE', #2810, #2357 ) ;
#1084 =( BOUNDED_CURVE ( )  B_SPLINE_CURVE ( 3, ( #1850, #187, #3522, #2513 ),
 .UNSPECIFIED., .F., .T. ) 
 B_SPLINE_CURVE_WITH_KNOTS ( ( 4, 4 ),
 ( 0.000000000000000000, 1.570796326794896558 ),
 .UNSPECIFIED. ) 
 CURVE ( )  GEOMETRIC_REPRESENTATION_ITEM ( )  RATIONAL_B_SPLINE_CURVE ( ( 1.000000000000000000, 0.8047378541243649375, 0.8047378541243649375, 1.000000000000000000 ) ) 
 REPRESENTATION_ITEM ( '' )  );
#1085 = PLANE ( 'NONE',  #2875 ) ;
#1086 = AXIS2_PLACEMENT_3D ( 'NONE', #3869, #2807, #785 ) ;
#1087 = DIRECTION ( 'NONE',  ( 0.000000000000000000, 0.000000000000000000, 1.000000000000000000 ) ) ;
#1088 = CARTESIAN_POINT ( 'NONE',  ( -37.14999999999999147, -30.00000000000001066, -2.907905245977812303 ) ) ;
#1089 = EDGE_CURVE ( 'NONE', #1185, #1520, #1550, .T. ) ;
#1090 = VERTEX_POINT ( 'NONE', #227 ) ;
#1091 = AXIS2_PLACEMENT_3D ( 'NONE', #133, #2135, #1842 ) ;
#1092 = CARTESIAN_POINT ( 'NONE',  ( 26.85000000000001918, 7.973689171506451956, -18.95509345761719899 ) ) ;
#1093 = ADVANCED_FACE ( 'NONE', ( #3871 ), #467, .T. ) ;
#1094 = DIRECTION ( 'NONE',  ( -1.734723475976805714E-15, 1.000000000000000000, 0.000000000000000000 ) ) ;
#1095 = B_SPLINE_CURVE_WITH_KNOTS ( 'NONE', 3,
 ( #258, #278, #3614, #1652, #1630, #1593, #3976, #2928, #2903, #1988, #4272, #945 ),
 .UNSPECIFIED., .F., .F.,
 ( 4, 2, 2, 2, 2, 4 ),
 ( 0.000000000000000000, 0.2500000000000000000, 0.5000000000000000000, 0.7500000000000000000, 0.8750000000000000000, 1.000000000000000000 ),
 .UNSPECIFIED. ) ;
#1096 = CARTESIAN_POINT ( 'NONE',  ( -63.91281330431159091, -20.25278415967703083, 37.88235021264836178 ) ) ;
#1097 = DIRECTION ( 'NONE',  ( -1.734723475976805319E-15, 1.000000000000000000, 0.000000000000000000 ) ) ;
#1098 = ORIENTED_EDGE ( 'NONE', *, *, #420, .F. ) ;
#1099 = ORIENTED_EDGE ( 'NONE', *, *, #329, .F. ) ;
#1100 = CARTESIAN_POINT ( 'NONE',  ( 0.2426406871192854364, -19.99999999999998579, -42.82448623042682812 ) ) ;
#1101 = CARTESIAN_POINT ( 'NONE',  ( 16.51084200580855565, -18.50345202328485428, -25.80441044946303109 ) ) ;
#1102 = CARTESIAN_POINT ( 'NONE',  ( -8.000000000000000000, 7.973689171506453732, -10.40509345761719828 ) ) ;
#1103 = CARTESIAN_POINT ( 'NONE',  ( -84.14999999999997726, 7.999999999999996447, -25.40790524597780120 ) ) ;
#1104 = DATE_TIME_ROLE ( 'classification_date' ) ;
#1105 = AXIS2_PLACEMENT_3D ( 'NONE', #1924, #3258, #1595 ) ;
#1106 = EDGE_CURVE ( 'NONE', #4286, #4124, #377, .T. ) ;
#1107 = ORIENTED_EDGE ( 'NONE', *, *, #3715, .F. ) ;
#1108 = CARTESIAN_POINT ( 'NONE',  ( -6.999999999999998224, -20.00000000000001066, -40.53272616761721991 ) ) ;
#1109 = AXIS2_PLACEMENT_3D ( 'NONE', #1249, #3634, #546 ) ;
#1110 = CARTESIAN_POINT ( 'NONE',  ( -10.83505874220202259, -19.99999999999999645, -42.78529295453289905 ) ) ;
#1111 = FACE_OUTER_BOUND ( 'NONE', #1709, .T. ) ;
#1112 = EDGE_LOOP ( 'NONE', ( #1592, #1900, #3874, #2612 ) ) ;
#1113 = ADVANCED_FACE ( 'NONE', ( #4256 ), #1214, .F. ) ;
#1114 = AXIS2_PLACEMENT_3D ( 'NONE', #619, #2583, #3933 ) ;
#1115 = CARTESIAN_POINT ( 'NONE',  ( -58.76102293552708034, -20.00000000000106226, 37.67105103617620898 ) ) ;
#1116 = ORIENTED_EDGE ( 'NONE', *, *, #4200, .T. ) ;
#1117 = ORIENTED_EDGE ( 'NONE', *, *, #2301, .F. ) ;
#1118 = CARTESIAN_POINT ( 'NONE',  ( -78.47945361845070522, -19.69649888156890327, -26.19214921522549844 ) ) ;
#1119 = DIRECTION ( 'NONE',  ( -1.000000000000000000, -0.000000000000000000, -0.000000000000000000 ) ) ;
#1120 = LINE ( 'NONE', #4111, #3120 ) ;
#1121 = ORIENTED_EDGE ( 'NONE', *, *, #206, .T. ) ;
#1122 = ORIENTED_EDGE ( 'NONE', *, *, #28, .F. ) ;
#1123 = ORIENTED_EDGE ( 'NONE', *, *, #4150, .F. ) ;
#1124 = ADVANCED_FACE ( 'NONE', ( #1149 ), #1505, .F. ) ;
#1125 = DIRECTION ( 'NONE',  ( 1.000000000000000000, 0.000000000000000000, 0.000000000000000000 ) ) ;
#1126 = EDGE_LOOP ( 'NONE', ( #2820, #615 ) ) ;
#1127 = CARTESIAN_POINT ( 'NONE',  ( -8.000000000000000000, 7.973689171506455509, 2.094906542382805714 ) ) ;
#1128 = DIRECTION ( 'NONE',  ( -0.000000000000000000, -1.000000000000000000, -0.000000000000000000 ) ) ;
#1129 = CARTESIAN_POINT ( 'NONE',  ( -8.747164609634713983, 27.99156481908204697, -44.98338240771571606 ) ) ;
#1130 = DIRECTION ( 'NONE',  ( 1.156482317317871725E-16, -1.156482317317871725E-16, 1.000000000000000000 ) ) ;
#1131 = CARTESIAN_POINT ( 'NONE',  ( -7.218352740813958057, -20.00000000000000000, -40.84122115056704416 ) ) ;
#1132 = CARTESIAN_POINT ( 'NONE',  ( -33.14999999999998437, -20.00000000000001421, 46.59209475402217748 ) ) ;
#1133 = CARTESIAN_POINT ( 'NONE',  ( 0.8284271247461906240, -19.99999999999999289, -42.23869979279993458 ) ) ;
#1134 = ORIENTED_EDGE ( 'NONE', *, *, #3175, .T. ) ;
#1135 = CARTESIAN_POINT ( 'NONE',  ( -59.00669377981173369, -19.99999999999581490, 37.73646992102343489 ) ) ;
#1136 = ORIENTED_EDGE ( 'NONE', *, *, #1954, .F. ) ;
#1137 = ADVANCED_FACE ( 'NONE', ( #3600 ), #3052, .T. ) ;
#1138 = CARTESIAN_POINT ( 'NONE',  ( -80.45413375393268041, -19.26016043475966555, -26.42542499361818287 ) ) ;
#1139 = CARTESIAN_POINT ( 'NONE',  ( 0.7638016928932115368, -19.62501677268514655, -42.75986079857779032 ) ) ;
#1140 = DIRECTION ( 'NONE',  ( -1.000000000000000000, 0.000000000000000000, 0.000000000000000000 ) ) ;
#1141 = EDGE_LOOP ( 'NONE', ( #37, #46, #1136, #2329 ) ) ;
#1142 = CARTESIAN_POINT ( 'NONE',  ( -58.30273912393171543, -16.85747065843869663, -42.03884908130677900 ) ) ;
#1143 = CARTESIAN_POINT ( 'NONE',  ( 18.63424396924689930, -19.69649888156878959, -27.07845162752681389 ) ) ;
#1144 = DIRECTION ( 'NONE',  ( 0.000000000000000000, 1.779499736546008737E-16, -1.000000000000000000 ) ) ;
#1145 = EDGE_CURVE ( 'NONE', #979, #2115, #3962, .T. ) ;
#1146 = CARTESIAN_POINT ( 'NONE',  ( -8.764155422467558409, -17.92789426032519273, 35.32627950965073182 ) ) ;
#1147 = FACE_BOUND ( 'NONE', #464, .T. ) ;
#1148 = CIRCLE ( 'NONE', #3617, 2.000000000000001776 ) ;
#1149 = FACE_OUTER_BOUND ( 'NONE', #3586, .T. ) ;
#1150 = DIRECTION ( 'NONE',  ( 0.000000000000000000, 0.000000000000000000, -1.000000000000000000 ) ) ;
#1151 = AXIS2_PLACEMENT_3D ( 'NONE', #2812, #156, #113 ) ;
#1152 = LINE ( 'NONE', #814, #2994 ) ;
#1153 = VERTEX_POINT ( 'NONE', #3310 ) ;
#1154 = ORIENTED_EDGE ( 'NONE', *, *, #4285, .T. ) ;
#1155 = ADVANCED_FACE ( 'NONE', ( #3374 ), #3647, .F. ) ;
#1156 = VECTOR ( 'NONE', #3066, 1000.000000000000000 ) ;
#1157 = DIRECTION ( 'NONE',  ( 0.000000000000000000, 2.561630862559161035E-16, -1.000000000000000000 ) ) ;
#1158 = CARTESIAN_POINT ( 'NONE',  ( -84.45350111826471107, -18.32945361804910789, -23.91374044308539837 ) ) ;
#1159 = VECTOR ( 'NONE', #2235, 1000.000000000000000 ) ;
#1160 = EDGE_CURVE ( 'NONE', #3922, #866, #2800, .T. ) ;
#1161 = CARTESIAN_POINT ( 'NONE',  ( 0.1021477916294880744, -18.64443131867767889, -41.14928079312448261 ) ) ;
#1162 = LINE ( 'NONE', #2201, #2636 ) ;
#1163 = VERTEX_POINT ( 'NONE', #2276 ) ;
#1164 = CARTESIAN_POINT ( 'NONE',  ( -57.64148401837967839, -16.63222707063447459, -41.45947841113687815 ) ) ;
#1165 = CARTESIAN_POINT ( 'NONE',  ( -78.45873942396707434, -19.92191802946441825, 6.806851099639377622 ) ) ;
#1166 = DIRECTION ( 'NONE',  ( 0.000000000000000000, 0.000000000000000000, 1.000000000000000000 ) ) ;
#1167 = DIRECTION ( 'NONE',  ( 1.000000000000000000, 0.000000000000000000, 0.000000000000000000 ) ) ;
#1168 = CARTESIAN_POINT ( 'NONE',  ( -8.235947226641195940, -18.65164035313243573, 36.49375894850567903 ) ) ;
#1169 = DIRECTION ( 'NONE',  ( -1.000000000000000000, -0.000000000000000000, -0.000000000000000000 ) ) ;
#1170 = ORIENTED_EDGE ( 'NONE', *, *, #4269, .F. ) ;
#1171 = EDGE_CURVE ( 'NONE', #3202, #3855, #1618, .T. ) ;
#1172 = FACE_BOUND ( 'NONE', #2902, .T. ) ;
#1173 = CIRCLE ( 'NONE', #4080, 23.96002565122392980 ) ;
#1174 = CARTESIAN_POINT ( 'NONE',  ( -33.14999999999999147, -17.99999999999999645, -43.99605910568065070 ) ) ;
#1175 = ORIENTED_EDGE ( 'NONE', *, *, #2489, .F. ) ;
#1176 = ORIENTED_EDGE ( 'NONE', *, *, #2461, .F. ) ;
#1177 = AXIS2_PLACEMENT_3D ( 'NONE', #3831, #772, #160 ) ;
#1178 = CARTESIAN_POINT ( 'NONE',  ( -57.29999999999999005, -17.00000000000002132, 33.69604301605744467 ) ) ;
#1179 = EDGE_LOOP ( 'NONE', ( #1897, #3225, #3568, #3778 ) ) ;
#1180 = CARTESIAN_POINT ( 'NONE',  ( -82.14999999999997726, -17.00000000000000000, -25.40790524597780831 ) ) ;
#1181 = AXIS2_PLACEMENT_3D ( 'NONE', #2138, #3537, #1867 ) ;
#1182 = CARTESIAN_POINT ( 'NONE',  ( -0.8467783125557034607, -18.64443131867765047, -42.09820689731012067 ) ) ;
#1183 = VERTEX_POINT ( 'NONE', #3985 ) ;
#1184 = CARTESIAN_POINT ( 'NONE',  ( -66.29999999999998295, 7.973689171506443962, -56.67617516545738710 ) ) ;
#1185 = VERTEX_POINT ( 'NONE', #266 ) ;
#1186 = CARTESIAN_POINT ( 'NONE',  ( -57.31447808426457158, -16.81387321920692202, -40.37521441191282179 ) ) ;
#1187 = CARTESIAN_POINT ( 'NONE',  ( -79.99677831333242750, -17.96664697614143336, 2.847464231801271062 ) ) ;
#1188 = DIRECTION ( 'NONE',  ( -5.782411586589358625E-16, 0.000000000000000000, -1.000000000000000000 ) ) ;
#1189 = EDGE_CURVE ( 'NONE', #2365, #2159, #1173, .T. ) ;
#1190 = DIRECTION ( 'NONE',  ( 1.000000000000000000, 0.000000000000000000, 0.000000000000000000 ) ) ;
#1191 = APPROVAL_ROLE ( '' ) ;
#1192 = CARTESIAN_POINT ( 'NONE',  ( -11.26074980362949063, -20.00000000000001066, 36.33641643526302545 ) ) ;
#1193 = DIRECTION ( 'NONE',  ( 0.000000000000000000, -0.7071067811865474617, -0.7071067811865475727 ) ) ;
#1194 = DIRECTION ( 'NONE',  ( -1.000000000000000000, 0.000000000000000000, 0.000000000000000000 ) ) ;
#1195 = DIRECTION ( 'NONE',  ( 0.000000000000000000, -0.4998335395964106920, -0.8661214884151779980 ) ) ;
#1196 = VERTEX_POINT ( 'NONE', #1462 ) ;
#1197 = EDGE_LOOP ( 'NONE', ( #3709, #2757, #995, #2216 ) ) ;
#1198 = CARTESIAN_POINT ( 'NONE',  ( -77.14999999999996305, -20.00000000000000000, -28.40790524597781186 ) ) ;
#1199 = EDGE_CURVE ( 'NONE', #3563, #3235, #3089, .T. ) ;
#1200 = CARTESIAN_POINT ( 'NONE',  ( 13.84999999999998366, -17.00000000000000355, -23.40790524597781896 ) ) ;
#1201 = CARTESIAN_POINT ( 'NONE',  ( 12.67996937502109489, -19.38532287717463376, -25.35795628760870457 ) ) ;
#1202 = ORIENTED_EDGE ( 'NONE', *, *, #685, .T. ) ;
#1203 = CARTESIAN_POINT ( 'NONE',  ( -58.29999999999998295, 7.973689171506453732, -10.40509345761719828 ) ) ;
#1204 = ORIENTED_EDGE ( 'NONE', *, *, #475, .F. ) ;
#1205 = EDGE_LOOP ( 'NONE', ( #778, #786, #395 ) ) ;
#1206 = CARTESIAN_POINT ( 'NONE',  ( -57.40552999906496012, -16.65463505561865176, -40.89565197385289963 ) ) ;
#1207 = CARTESIAN_POINT ( 'NONE',  ( -79.61691399187817808, -18.83611591158188503, 5.125180762145334690 ) ) ;
#1208 = EDGE_CURVE ( 'NONE', #4343, #4106, #4367, .T. ) ;
#1209 = DIRECTION ( 'NONE',  ( 0.000000000000000000, 1.000000000000000000, 4.336808689942021680E-16 ) ) ;
#1210 = VERTEX_POINT ( 'NONE', #3461 ) ;
#1211 = CARTESIAN_POINT ( 'NONE',  ( -84.88983956523996710, -18.98248025235927372, 3.825160696088548473 ) ) ;
#1212 = ORIENTED_EDGE ( 'NONE', *, *, #3481, .F. ) ;
#1213 = CARTESIAN_POINT ( 'NONE',  ( -7.000000000000001776, -20.00000000000001066, 37.73646998340192482 ) ) ;
#1214 = CYLINDRICAL_SURFACE ( 'NONE', #4299, 3.750000000000000000 ) ;
#1215 = CARTESIAN_POINT ( 'NONE',  ( -7.656116416835480720, -16.94999705801498280, -42.18897511475309159 ) ) ;
#1216 = AXIS2_PLACEMENT_3D ( 'NONE', #1245, #2004, #563 ) ;
#1217 = EDGE_LOOP ( 'NONE', ( #1511, #3534, #3718, #392 ) ) ;
#1218 = CARTESIAN_POINT ( 'NONE',  ( -80.91693405793276384, -18.98248025235961478, -26.14774481121813565 ) ) ;
#1219 = DIRECTION ( 'NONE',  ( 0.000000000000000000, 0.000000000000000000, 1.000000000000000000 ) ) ;
#1220 = AXIS2_PLACEMENT_3D ( 'NONE', #2913, #2935, #538 ) ;
#1221 = ORIENTED_EDGE ( 'NONE', *, *, #163, .F. ) ;
#1222 = EDGE_CURVE ( 'NONE', #2472, #4047, #4154, .T. ) ;
#1223 = CARTESIAN_POINT ( 'NONE',  ( -84.30322168666751281, -17.96664697614142625, -23.66327472375733620 ) ) ;
#1224 = AXIS2_PLACEMENT_3D ( 'NONE', #1742, #3084, #4004 ) ;
#1225 = EDGE_CURVE ( 'NONE', #3460, #1691, #3065, .T. ) ;
#1226 = FACE_OUTER_BOUND ( 'NONE', #1410, .T. ) ;
#1227 = ORIENTED_EDGE ( 'NONE', *, *, #1787, .F. ) ;
#1228 = CARTESIAN_POINT ( 'NONE',  ( -57.55268187816606940, 27.99130809149184529, -44.98337803252158551 ) ) ;
#1229 = ORIENTED_EDGE ( 'NONE', *, *, #1475, .F. ) ;
#1230 = AXIS2_PLACEMENT_3D ( 'NONE', #3449, #4152, #3359 ) ;
#1231 = CARTESIAN_POINT ( 'NONE',  ( -93.15100000000002467, 7.999999999999992895, 2.118555401213861877 ) ) ;
#1232 = LOCAL_TIME ( 14, 27, 6.000000000000000000, #3691 ) ;
#1233 = CARTESIAN_POINT ( 'NONE',  ( -80.91693405793276384, -18.98248025235901082, 5.331934319261912414 ) ) ;
#1234 = CYLINDRICAL_SURFACE ( 'NONE', #750, 2.999999999999999112 ) ;
#1235 = CARTESIAN_POINT ( 'NONE',  ( -8.036502857194294691, -18.75509409187978704, 36.68388182417247378 ) ) ;
#1236 = ORIENTED_EDGE ( 'NONE', *, *, #1330, .F. ) ;
#1237 = DIRECTION ( 'NONE',  ( 0.000000000000000000, 0.000000000000000000, -1.000000000000000000 ) ) ;
#1238 = DIRECTION ( 'NONE',  ( -1.000000000000000000, -0.000000000000000000, -0.000000000000000000 ) ) ;
#1239 = LINE ( 'NONE', #4349, #1792 ) ;
#1240 = CARTESIAN_POINT ( 'NONE',  ( -58.06405277335827009, -18.65164035313826574, 36.49375894850869884 ) ) ;
#1241 = EDGE_LOOP ( 'NONE', ( #2553, #3141, #2476 ) ) ;
#1242 = DIRECTION ( 'NONE',  ( 0.000000000000000000, 0.000000000000000000, -1.000000000000000000 ) ) ;
#1243 = CARTESIAN_POINT ( 'NONE',  ( -59.29999999999999005, -19.30242182614869506, -42.43865036290281267 ) ) ;
#1244 = EDGE_LOOP ( 'NONE', ( #4248, #668 ) ) ;
#1245 = CARTESIAN_POINT ( 'NONE',  ( -1.000000000000021760, 7.973689171506453732, -10.40509345761719828 ) ) ;
#1246 = EDGE_CURVE ( 'NONE', #4330, #3460, #520, .T. ) ;
#1247 = DIRECTION ( 'NONE',  ( 0.000000000000000000, -1.779499736546008983E-16, 1.000000000000000000 ) ) ;
#1248 = AXIS2_PLACEMENT_3D ( 'NONE', #3739, #2784, #2059 ) ;
#1249 = CARTESIAN_POINT ( 'NONE',  ( 26.85000000000001918, 7.973689171506453732, -1.855093457617198016 ) ) ;
#1250 = CARTESIAN_POINT ( 'NONE',  ( 17.84999999999999076, 7.999999999999992895, 2.118555401213851663 ) ) ;
#1251 = ORIENTED_EDGE ( 'NONE', *, *, #4179, .T. ) ;
#1252 = VECTOR ( 'NONE', #658, 1000.000000000000000 ) ;
#1253 = VECTOR ( 'NONE', #595, 1000.000000000000114 ) ;
#1254 = ORIENTED_EDGE ( 'NONE', *, *, #3920, .T. ) ;
#1255 = VERTEX_POINT ( 'NONE', #3756 ) ;
#1256 = LINE ( 'NONE', #986, #2809 ) ;
#1257 = AXIS2_PLACEMENT_3D ( 'NONE', #2884, #508, #1209 ) ;
#1258 = FACE_OUTER_BOUND ( 'NONE', #2166, .T. ) ;
#1259 = DIRECTION ( 'NONE',  ( -1.000000000000000000, -0.000000000000000000, 0.000000000000000000 ) ) ;
#1260 = CARTESIAN_POINT ( 'NONE',  ( -84.12551401602078727, -17.42996240070234748, 4.567608770042413724 ) ) ;
#1261 = ORIENTED_EDGE ( 'NONE', *, *, #618, .F. ) ;
#1262 = EDGE_CURVE ( 'NONE', #3370, #3981, #1963, .T. ) ;
#1263 = ORIENTED_EDGE ( 'NONE', *, *, #2334, .F. ) ;
#1264 = CARTESIAN_POINT ( 'NONE',  ( 20.84999999999999432, -20.00000000000001066, 7.592094754022189029 ) ) ;
#1265 = CARTESIAN_POINT ( 'NONE',  ( 13.87055237044896927, -17.31435347780821843, 4.571542383572768209 ) ) ;
#1266 = CARTESIAN_POINT ( 'NONE',  ( -77.14999999999996305, -20.00000000000000711, 7.592094754022193470 ) ) ;
#1267 = CARTESIAN_POINT ( 'NONE',  ( -62.49870905185102998, -19.94002705797259267, 38.38624309532457346 ) ) ;
#1268 = ORIENTED_EDGE ( 'NONE', *, *, #3408, .T. ) ;
#1269 = CARTESIAN_POINT ( 'NONE',  ( -82.11776956019197371, -17.39269422780615315, -25.42724350986209458 ) ) ;
#1270 = CARTESIAN_POINT ( 'NONE',  ( -59.29999999999998295, -19.55759647192803996, -42.69386179499894496 ) ) ;
#1271 = CARTESIAN_POINT ( 'NONE',  ( -57.29999999999998295, 16.47368917150645373, -10.40509345761720006 ) ) ;
#1272 = CARTESIAN_POINT ( 'NONE',  ( -9.000000000000001776, 15.50088411058889726, 14.93997684948140225 ) ) ;
#1273 = ORIENTED_EDGE ( 'NONE', *, *, #1038, .T. ) ;
#1274 = CARTESIAN_POINT ( 'NONE',  ( -54.69269908169869865, -20.00000000000001066, 33.69604301605744467 ) ) ;
#1275 = EDGE_CURVE ( 'NONE', #2841, #189, #1848, .T. ) ;
#1276 = CARTESIAN_POINT ( 'NONE',  ( -0.6505108459344989269, -21.97673013207709047, 38.80632713455624838 ) ) ;
#1277 = CARTESIAN_POINT ( 'NONE',  ( -58.38729639363140933, -16.88119118091042381, -42.07812059977578656 ) ) ;
#1278 = DIRECTION ( 'NONE',  ( -1.000000000000000000, 0.000000000000000000, 0.000000000000000000 ) ) ;
#1279 = CARTESIAN_POINT ( 'NONE',  ( -57.35715822463399860, -16.67167439380596505, -40.75125736455164116 ) ) ;
#1280 = CARTESIAN_POINT ( 'NONE',  ( -8.196278009158421085, -18.65252209159859476, 36.50160026934536717 ) ) ;
#1281 = VERTEX_POINT ( 'NONE', #782 ) ;
#1282 = ADVANCED_FACE ( 'NONE', ( #3781 ), #4146, .T. ) ;
#1283 = ORIENTED_EDGE ( 'NONE', *, *, #3042, .F. ) ;
#1284 = CARTESIAN_POINT ( 'NONE',  ( 17.82944762955042961, -17.31435347780822198, 4.571542383572768209 ) ) ;
#1285 = CARTESIAN_POINT ( 'NONE',  ( 15.34416480289208806, -18.32945361804927487, 4.895595872286984118 ) ) ;
#1286 = ADVANCED_FACE ( 'NONE', ( #3526 ), #3999, .T. ) ;
#1287 = CARTESIAN_POINT ( 'NONE',  ( -9.000000000000001776, -16.77587829184581381, -40.42933723692502923 ) ) ;
#1288 = CARTESIAN_POINT ( 'NONE',  ( -80.14999999999997726, 7.999999999999992895, 2.118555401213858325 ) ) ;
#1289 = ORIENTED_EDGE ( 'NONE', *, *, #347, .T. ) ;
#1290 = CARTESIAN_POINT ( 'NONE',  ( -66.59514026201905779, -19.05323501137665332, 34.57417811467749402 ) ) ;
#1291 = CARTESIAN_POINT ( 'NONE',  ( -54.29999999999999005, -20.00000000000001066, 33.69604301605743046 ) ) ;
#1292 = EDGE_CURVE ( 'NONE', #941, #1739, #300, .T. ) ;
#1293 = DIRECTION ( 'NONE',  ( 1.000000000000000000, 0.000000000000000000, 0.000000000000000000 ) ) ;
#1294 = CARTESIAN_POINT ( 'NONE',  ( 26.85000000000001918, 7.973689171506453732, -6.655093457617198283 ) ) ;
#1295 = EDGE_CURVE ( 'NONE', #2549, #4244, #241, .T. ) ;
#1296 = ORIENTED_EDGE ( 'NONE', *, *, #4042, .T. ) ;
#1297 = VECTOR ( 'NONE', #1430, 1000.000000000000114 ) ;
#1298 = CYLINDRICAL_SURFACE ( 'NONE', #2940, 2.999999999999999112 ) ;
#1299 = ORIENTED_EDGE ( 'NONE', *, *, #2474, .T. ) ;
#1300 = ORIENTED_EDGE ( 'NONE', *, *, #3868, .F. ) ;
#1301 = EDGE_CURVE ( 'NONE', #2224, #2595, #3212, .T. ) ;
#1302 = AXIS2_PLACEMENT_3D ( 'NONE', #1730, #3071, #24 ) ;
#1303 = FACE_BOUND ( 'NONE', #3842, .T. ) ;
#1304 = CYLINDRICAL_SURFACE ( 'NONE', #1105, 2.000000000000000444 ) ;
#1305 = CARTESIAN_POINT ( 'NONE',  ( -57.63741267468055440, -16.62396329110892523, -41.48388161647727657 ) ) ;
#1306 = AXIS2_PLACEMENT_3D ( 'NONE', #1818, #2189, #2825 ) ;
#1307 = DIRECTION ( 'NONE',  ( 0.000000000000000000, 0.000000000000000000, 1.000000000000000000 ) ) ;
#1308 = EDGE_LOOP ( 'NONE', ( #1535, #2103 ) ) ;
#1309 = AXIS2_PLACEMENT_3D ( 'NONE', #3382, #2748, #4105 ) ;
#1310 = DIRECTION ( 'NONE',  ( 0.000000000000000000, 1.000000000000000000, -0.000000000000000000 ) ) ;
#1311 = CARTESIAN_POINT ( 'NONE',  ( 11.50461647215695571, -20.00000000000001066, 7.199324870729123305 ) ) ;
#1312 = CARTESIAN_POINT ( 'NONE',  ( -57.29999999999998295, 26.98400122115187472, -44.96581114591766237 ) ) ;
#1313 = PLANE ( 'NONE',  #224 ) ;
#1314 = ORIENTED_EDGE ( 'NONE', *, *, #1590, .T. ) ;
#1315 = CARTESIAN_POINT ( 'NONE',  ( -66.95477565145004917, -19.48822202553553495, 34.84873274641297058 ) ) ;
#1316 = CARTESIAN_POINT ( 'NONE',  ( -54.30000006680101876, -20.00000000000001066, 34.53879085483527689 ) ) ;
#1317 = FACE_OUTER_BOUND ( 'NONE', #1918, .T. ) ;
#1318 = CARTESIAN_POINT ( 'NONE',  ( -77.14999999999996305, -20.00000000000000000, -28.40790524597781186 ) ) ;
#1319 = CARTESIAN_POINT ( 'NONE',  ( -56.92135916506275350, -18.51085694111270641, 33.69604301605742336 ) ) ;
#1320 = AXIS2_PLACEMENT_3D ( 'NONE', #3977, #4381, #2295 ) ;
#1321 = DIRECTION ( 'NONE',  ( 0.000000000000000000, -1.000000000000000000, -1.779499736546009476E-16 ) ) ;
#1322 = CARTESIAN_POINT ( 'NONE',  ( -7.000000000000000888, -17.00033292080717473, -42.26381612885029426 ) ) ;
#1323 = CARTESIAN_POINT ( 'NONE',  ( -57.29999999999998295, 7.973689171506453732, -14.15509345761719828 ) ) ;
#1324 = VECTOR ( 'NONE', #256, 1000.000000000000000 ) ;
#1325 = LINE ( 'NONE', #2408, #2914 ) ;
#1326 = CIRCLE ( 'NONE', #1893, 2.000000000000000000 ) ;
#1327 = VECTOR ( 'NONE', #897, 1000.000000000000000 ) ;
#1328 = CARTESIAN_POINT ( 'NONE',  ( 16.00991675616025844, -17.77784770429056493, 4.688044807718492635 ) ) ;
#1329 = CARTESIAN_POINT ( 'NONE',  ( 10.84999999999998010, -20.00000000000001066, 7.592094754022184588 ) ) ;
#1330 = EDGE_CURVE ( 'NONE', #3789, #1743, #967, .T. ) ;
#1331 = CARTESIAN_POINT ( 'NONE',  ( 0.000000000000000000, 27.98400122115186051, -4.368302179500638260 ) ) ;
#1332 = DIRECTION ( 'NONE',  ( 0.000000000000000000, -1.000000000000000000, -2.891205793294679312E-16 ) ) ;
#1333 = ORIENTED_EDGE ( 'NONE', *, *, #298, .T. ) ;
#1334 = CARTESIAN_POINT ( 'NONE',  ( -54.49943714878817502, -20.00000000000001066, 35.19204729361688067 ) ) ;
#1335 = DIRECTION ( 'NONE',  ( 0.000000000000000000, 0.000000000000000000, 1.000000000000000000 ) ) ;
#1336 = VERTEX_POINT ( 'NONE', #4024 ) ;
#1337 = DIRECTION ( 'NONE',  ( -1.000000000000000000, -0.000000000000000000, -0.000000000000000000 ) ) ;
#1338 = CARTESIAN_POINT ( 'NONE',  ( -85.41985079702915584, -19.50315821568925401, -26.67775604301089132 ) ) ;
#1339 = CARTESIAN_POINT ( 'NONE',  ( -8.000000000000000000, 7.973689171506453732, -10.40509345761719828 ) ) ;
#1340 = EDGE_LOOP ( 'NONE', ( #4309, #359 ) ) ;
#1341 = ADVANCED_FACE ( 'NONE', ( #574 ), #2013, .T. ) ;
#1342 = CARTESIAN_POINT ( 'NONE',  ( -84.14999999999996305, -18.75735931288071967, -23.40790524597781186 ) ) ;
#1343 = DIRECTION ( 'NONE',  ( -0.000000000000000000, 1.000000000000000000, 1.156482317317871725E-16 ) ) ;
#1344 = CARTESIAN_POINT ( 'NONE',  ( -8.000000000000000000, 4.025410392616238120, -4.944952010844938073 ) ) ;
#1345 = ORIENTED_EDGE ( 'NONE', *, *, #3830, .T. ) ;
#1346 = DIRECTION ( 'NONE',  ( 0.000000000000000000, -1.000000000000000000, -1.779499736546008983E-16 ) ) ;
#1347 = ORIENTED_EDGE ( 'NONE', *, *, #1383, .T. ) ;
#1348 = ADVANCED_FACE ( 'NONE', ( #2951 ), #3282, .T. ) ;
#1349 = CARTESIAN_POINT ( 'NONE',  ( 18.46467712269972594, -18.82996937483310163, 3.616556625188181329 ) ) ;
#1350 = CARTESIAN_POINT ( 'NONE',  ( 15.59463052222075774, -17.96664697614126993, 4.745316440689650861 ) ) ;
#1351 = B_SPLINE_CURVE_WITH_KNOTS ( 'NONE', 3,
 ( #4039, #3743, #1774, #701 ),
 .UNSPECIFIED., .F., .F.,
 ( 4, 4 ),
 ( -0.001503105983906120012, 0.002573195888572003646 ),
 .UNSPECIFIED. ) ;
#1352 = FACE_BOUND ( 'NONE', #1126, .T. ) ;
#1353 = PERSON_AND_ORGANIZATION ( #1694, #803 ) ;
#1354 = VERTEX_POINT ( 'NONE', #3639 ) ;
#1355 = DIRECTION ( 'NONE',  ( 0.000000000000000000, 1.734723475976806601E-16, -1.000000000000000000 ) ) ;
#1356 = CARTESIAN_POINT ( 'NONE',  ( 26.85000000000001918, 7.973689171506453732, -10.40509345761719828 ) ) ;
#1357 = B_SPLINE_CURVE_WITH_KNOTS ( 'NONE', 3,
 ( #3392, #3440, #348, #2083, #3373, #3130, #396, #371, #1745, #3106, #59, #1701, #2759, #1437, #3801, #3038 ),
 .UNSPECIFIED., .F., .F.,
 ( 4, 2, 2, 2, 2, 2, 2, 4 ),
 ( 0.000000000000000000, 0.0003379075944791087101, 0.0006758151889582174202, 0.001013722783437326184, 0.001351630377916434840, 0.001689537972395543496, 0.002027445566874652369, 0.002703260755832880956 ),
 .UNSPECIFIED. ) ;
#1358 = CARTESIAN_POINT ( 'NONE',  ( -1.000000000000000000, 28.98400122115187827, -44.99999899417180416 ) ) ;
#1359 = ORIENTED_EDGE ( 'NONE', *, *, #3503, .F. ) ;
#1360 = CARTESIAN_POINT ( 'NONE',  ( 10.84999999999998543, -17.00000000000000000, -25.40790524597781541 ) ) ;
#1361 = EDGE_CURVE ( 'NONE', #189, #3483, #3304, .T. ) ;
#1362 = EDGE_CURVE ( 'NONE', #2184, #1957, #3502, .T. ) ;
#1363 = CIRCLE ( 'NONE', #938, 12.50000000000000355 ) ;
#1364 = CYLINDRICAL_SURFACE ( 'NONE', #1969, 2.375000000000002220 ) ;
#1365 = FACE_OUTER_BOUND ( 'NONE', #4143, .T. ) ;
#1366 = LINE ( 'NONE', #1032, #137 ) ;
#1367 = VERTEX_POINT ( 'NONE', #2628 ) ;
#1368 = CIRCLE ( 'NONE', #2007, 8.500000000000000000 ) ;
#1369 = VECTOR ( 'NONE', #1854, 1000.000000000000000 ) ;
#1370 = DIRECTION ( 'NONE',  ( -1.000000000000000000, -0.000000000000000000, -0.000000000000000000 ) ) ;
#1371 = DIRECTION ( 'NONE',  ( 0.000000000000000000, -1.734723475976806601E-16, 1.000000000000000000 ) ) ;
#1372 = CARTESIAN_POINT ( 'NONE',  ( 17.84999999999999076, -17.00000000000000000, -23.40790524597781896 ) ) ;
#1373 =( BOUNDED_CURVE ( )  B_SPLINE_CURVE ( 3, ( #794, #1133, #2483, #2158 ),
 .UNSPECIFIED., .F., .T. ) 
 B_SPLINE_CURVE_WITH_KNOTS ( ( 4, 4 ),
 ( 1.570796326794896780, 3.141592653589793116 ),
 .UNSPECIFIED. ) 
 CURVE ( )  GEOMETRIC_REPRESENTATION_ITEM ( )  RATIONAL_B_SPLINE_CURVE ( ( 1.000000000000000000, 0.8047378541243650485, 0.8047378541243650485, 1.000000000000000000 ) ) 
 REPRESENTATION_ITEM ( '' )  );
#1374 = CARTESIAN_POINT ( 'NONE',  ( 26.85000000000001918, 7.973689171506451956, -20.45509345761720255 ) ) ;
#1375 = AXIS2_PLACEMENT_3D ( 'NONE', #200, #2279, #4351 ) ;
#1376 = CARTESIAN_POINT ( 'NONE',  ( -1.000000000000000000, 14.97810195293247304, -44.53878952978850947 ) ) ;
#1377 = DIRECTION ( 'NONE',  ( 5.473822126268817899E-48, 1.000000000000000000, 1.779499736546009476E-16 ) ) ;
#1378 = CARTESIAN_POINT ( 'NONE',  ( -68.17514780415467612, -20.00000000000030198, 34.56168642012753622 ) ) ;
#1379 = DIRECTION ( 'NONE',  ( 0.000000000000000000, 0.000000000000000000, 1.000000000000000000 ) ) ;
#1380 = CARTESIAN_POINT ( 'NONE',  ( -58.29999999999998295, 16.47368917150645373, -12.78009345761720184 ) ) ;
#1381 = DIRECTION ( 'NONE',  ( 0.000000000000000000, 0.000000000000000000, -1.000000000000000000 ) ) ;
#1382 = ORIENTED_EDGE ( 'NONE', *, *, #581, .F. ) ;
#1383 = EDGE_CURVE ( 'NONE', #4148, #145, #819, .T. ) ;
#1384 = CARTESIAN_POINT ( 'NONE',  ( -66.29999999999998295, 7.973689171506453732, -10.40509345761719828 ) ) ;
#1385 = CARTESIAN_POINT ( 'NONE',  ( 13.84999999999998543, -17.19635176726998083, -23.40790524597894873 ) ) ;
#1386 = CARTESIAN_POINT ( 'NONE',  ( -66.29999999999998295, 7.973689171506455509, -23.90509345761722315 ) ) ;
#1387 = ORIENTED_EDGE ( 'NONE', *, *, #304, .F. ) ;
#1388 = DIRECTION ( 'NONE',  ( -1.000000000000000000, -0.000000000000000000, -0.000000000000000000 ) ) ;
#1389 = DIRECTION ( 'NONE',  ( -1.000000000000000000, 0.000000000000000000, 0.000000000000000000 ) ) ;
#1390 = ORIENTED_EDGE ( 'NONE', *, *, #423, .T. ) ;
#1391 = CIRCLE ( 'NONE', #3645, 1.000000000000002442 ) ;
#1392 = CARTESIAN_POINT ( 'NONE',  ( 18.00322168666752631, -17.96664697614142625, -23.66327472375674290 ) ) ;
#1393 = B_SPLINE_CURVE_WITH_KNOTS ( 'NONE', 3,
 ( #1495, #3904, #2880, #867, #2225, #2246, #3233, #103, #1564, #4268, #1228, #3591, #548, #1919 ),
 .UNSPECIFIED., .F., .F.,
 ( 4, 2, 2, 2, 2, 2, 4 ),
 ( 0.000000000000000000, 0.0003905879610386205026, 0.0007811759220772410053, 0.001171763883115861616, 0.001562351844154482011, 0.002343527766231730172, 0.003124703688308977899 ),
 .UNSPECIFIED. ) ;
#1394 = ADVANCED_FACE ( 'NONE', ( #596 ), #3683, .F. ) ;
#1395 = DIRECTION ( 'NONE',  ( -0.000000000000000000, 1.000000000000000000, 1.779499736546009476E-16 ) ) ;
#1396 = CIRCLE ( 'NONE', #27, 2.375000000000000444 ) ;
#1397 = APPLICATION_PROTOCOL_DEFINITION ( 'international standard', 'config_control_design', 1994, #1561 ) ;
#1398 = ORIENTED_EDGE ( 'NONE', *, *, #3711, .T. ) ;
#1399 =( BOUNDED_SURFACE ( )  B_SPLINE_SURFACE ( 2, 3, ( 
 ( #745, #3421, #2396, #2765, #3138, #379, #3115, #2745, #4149, #1467 ),
 ( #93, #1486, #4103, #2827, #1754, #1062, #1131, #47, #1422, #1108 ),
 ( #3807, #3742, #2133, #3465, #357, #3826, #3490, #449, #1821, #3158 ) ),
 .UNSPECIFIED., .F., .F., .T. ) 
 B_SPLINE_SURFACE_WITH_KNOTS ( ( 3, 3 ),
 ( 4, 2, 2, 2, 4 ),
 ( 0.000000000000000000, 1.000000000000000000 ),
 ( 0.000000000000000000, 0.001626561997856225926, 0.003253123995712451852, 0.004879685993568677778, 0.006506247991424903704 ),
 .UNSPECIFIED. ) 
 GEOMETRIC_REPRESENTATION_ITEM ( )  RATIONAL_B_SPLINE_SURFACE ( (
 ( 1.000000000000000000, 1.000000000000000000, 1.000000000000000000, 1.000000000000000000, 1.000000000000000000, 1.000000000000000000, 1.000000000000000000, 1.000000000000000000, 1.000000000000000000, 1.000000000000000000),
 ( 0.7071067811865476838, 0.6806876978345736129, 0.6593445031500881903, 0.6182824616321282996, 0.5986393513054458770, 0.5603375085963683278, 0.5415827105960639987, 0.5114239863525229524, 0.5001974305568813728, 0.5000832232756798890),
 ( 1.000000000000000000, 1.000000000000000000, 1.000000000000000000, 1.000000000000000000, 1.000000000000000000, 1.000000000000000000, 1.000000000000000000, 1.000000000000000000, 1.000000000000000000, 1.000000000000000000) ) ) 
 REPRESENTATION_ITEM ( '' )  SURFACE ( )  );
#1400 = DIRECTION ( 'NONE',  ( 1.000000000000000000, 0.000000000000000000, -0.000000000000000000 ) ) ;
#1401 = AXIS2_PLACEMENT_3D ( 'NONE', #4145, #1128, #2806 ) ;
#1402 = CARTESIAN_POINT ( 'NONE',  ( 10.84999999999998899, -20.00000000000000711, 7.592094754022179259 ) ) ;
#1403 = CARTESIAN_POINT ( 'NONE',  ( 26.85000000000001918, 16.47368917150645373, -8.030093457617198283 ) ) ;
#1404 = ORIENTED_EDGE ( 'NONE', *, *, #815, .F. ) ;
#1405 = CARTESIAN_POINT ( 'NONE',  ( -37.14999999999999147, -24.70000000000000639, -10.40790524597781541 ) ) ;
#1406 = FACE_OUTER_BOUND ( 'NONE', #3143, .T. ) ;
#1407 = CARTESIAN_POINT ( 'NONE',  ( -65.11098869702125569, -21.51482320868432652, 38.61066541254999152 ) ) ;
#1408 = DIRECTION ( 'NONE',  ( 0.000000000000000000, -0.8661214884151779980, 0.4998335395964106920 ) ) ;
#1409 = VERTEX_POINT ( 'NONE', #639 ) ;
#1410 = EDGE_LOOP ( 'NONE', ( #2178, #628, #3500, #4247 ) ) ;
#1411 = CARTESIAN_POINT ( 'NONE',  ( -57.29999999999998295, 14.97810195293247304, -56.55228047535754854 ) ) ;
#1412 = EDGE_LOOP ( 'NONE', ( #440, #846, #2473, #2740 ) ) ;
#1413 = CARTESIAN_POINT ( 'NONE',  ( -0.9999999999999988898, -19.17157287525380482, -41.99605910568064360 ) ) ;
#1414 = ORIENTED_EDGE ( 'NONE', *, *, #2606, .F. ) ;
#1415 = CARTESIAN_POINT ( 'NONE',  ( -57.29999999999998295, -0.5263108284935467118, -10.40509345761719473 ) ) ;
#1416 = DIRECTION ( 'NONE',  ( 0.000000000000000000, 0.4998335395964107475, 0.8661214884151779980 ) ) ;
#1417 = ADVANCED_FACE ( 'NONE', ( #4362 ), #2970, .T. ) ;
#1418 = CYLINDRICAL_SURFACE ( 'NONE', #2085, 2.000000000000003553 ) ;
#1419 = DATE_AND_TIME ( #3419, #2576 ) ;
#1420 = CARTESIAN_POINT ( 'NONE',  ( -82.14999999999997726, 7.999999999999992895, 2.592094754022198355 ) ) ;
#1421 = ADVANCED_FACE ( 'NONE', ( #1258 ), #1304, .T. ) ;
#1422 = CARTESIAN_POINT ( 'NONE',  ( -7.000234701303420515, -20.00000000000659028, -40.53272619049356962 ) ) ;
#1423 = CARTESIAN_POINT ( 'NONE',  ( -66.29999999999998295, 5.023975569927935148, -4.368302179500640925 ) ) ;
#1424 = DIRECTION ( 'NONE',  ( 0.000000000000000000, 0.000000000000000000, -1.000000000000000000 ) ) ;
#1425 =( BOUNDED_SURFACE ( )  B_SPLINE_SURFACE ( 2, 3, ( 
 ( #811, #489, #2544, #3577, #3529, #1168, #3939, #1503, #1549, #2521, #1858, #1485 ),
 ( #1213, #3870, #2190, #3217, #2560, #4189, #154, #3915, #535, #2502, #2172, #197 ),
 ( #1881, #876, #3157, #3553, #1528, #4233, #1908, #1572, #1192, #3889, #448, #851 ) ),
 .UNSPECIFIED., .F., .F., .T. ) 
 B_SPLINE_SURFACE_WITH_KNOTS ( ( 3, 3 ),
 ( 4, 2, 2, 2, 2, 4 ),
 ( 0.000000000000000000, 1.000000000000000000 ),
 ( 0.000000000000000000, 0.0009099451623892787847, 0.001819890324778557569, 0.003639780649557115139, 0.005459670974335672708, 0.007279561299114230277 ),
 .UNSPECIFIED. ) 
 GEOMETRIC_REPRESENTATION_ITEM ( )  RATIONAL_B_SPLINE_SURFACE ( (
 ( 1.000000000000000000, 1.000000000000000000, 1.000000000000000000, 1.000000000000000000, 1.000000000000000000, 1.000000000000000000, 1.000000000000000000, 1.000000000000000000, 1.000000000000000000, 1.000000000000000000, 1.000000000000000000, 1.000000000000000000),
 ( 0.8659773494718023823, 0.8659186013928460435, 0.8635338495505808787, 0.8565896689171355050, 0.8519997732941871904, 0.8365060000152539921, 0.8240154861917993179, 0.7974066464102257390, 0.7832749320915559643, 0.7508619387456785255, 0.7327534886209855491, 0.7071067811865485719),
 ( 1.000000000000000000, 1.000000000000000000, 1.000000000000000000, 1.000000000000000000, 1.000000000000000000, 1.000000000000000000, 1.000000000000000000, 1.000000000000000000, 1.000000000000000000, 1.000000000000000000, 1.000000000000000000, 1.000000000000000000) ) ) 
 REPRESENTATION_ITEM ( '' )  SURFACE ( )  );
#1426 = EDGE_LOOP ( 'NONE', ( #3540, #4176 ) ) ;
#1427 = DIRECTION ( 'NONE',  ( 0.000000000000000000, 0.8661214884151779980, -0.4998335395964107475 ) ) ;
#1428 = DIRECTION ( 'NONE',  ( 0.000000000000000000, 0.000000000000000000, 1.000000000000000000 ) ) ;
#1429 = CARTESIAN_POINT ( 'NONE',  ( 26.85000000000001918, 7.973689171506451956, -17.45509345761719899 ) ) ;
#1430 = DIRECTION ( 'NONE',  ( -0.000000000000000000, 0.8661214884151779980, -0.4998335395964106920 ) ) ;
#1431 = ORIENTED_EDGE ( 'NONE', *, *, #3386, .T. ) ;
#1432 = ORIENTED_EDGE ( 'NONE', *, *, #618, .T. ) ;
#1433 = EDGE_CURVE ( 'NONE', #3113, #826, #4396, .T. ) ;
#1434 = VERTEX_POINT ( 'NONE', #2271 ) ;
#1435 = CIRCLE ( 'NONE', #424, 8.500000000000001776 ) ;
#1436 = ORIENTED_EDGE ( 'NONE', *, *, #3280, .F. ) ;
#1437 = CARTESIAN_POINT ( 'NONE',  ( -4.153202145812731949, -19.99076959306204060, 38.65514172669389836 ) ) ;
#1438 = CARTESIAN_POINT ( 'NONE',  ( 18.24650520348519933, -18.50345202328485428, -24.06874725178638741 ) ) ;
#1439 = DIRECTION ( 'NONE',  ( 1.000000000000000000, 0.000000000000000000, 0.000000000000000000 ) ) ;
#1440 = AXIS2_PLACEMENT_3D ( 'NONE', #680, #1025, #2348 ) ;
#1441 = ADVANCED_FACE ( 'NONE', ( #987 ), #687, .T. ) ;
#1442 = CARTESIAN_POINT ( 'NONE',  ( -8.321423495178676077, 28.49093239463070404, -44.99181285470472602 ) ) ;
#1443 = DATE_AND_TIME ( #1771, #3918 ) ;
#1444 = AXIS2_PLACEMENT_3D ( 'NONE', #2197, #2833, #3564 ) ;
#1445 = VECTOR ( 'NONE', #505, 1000.000000000000000 ) ;
#1446 = DIRECTION ( 'NONE',  ( -0.000000000000000000, -1.000000000000000000, -1.779499736546008737E-16 ) ) ;
#1447 = DIRECTION ( 'NONE',  ( 1.000000000000000000, 0.000000000000000000, -0.000000000000000000 ) ) ;
#1448 = CIRCLE ( 'NONE', #1230, 1.500000000000001332 ) ;
#1449 = DIRECTION ( 'NONE',  ( 0.000000000000000000, 2.561630862559161035E-16, -1.000000000000000000 ) ) ;
#1450 = DIRECTION ( 'NONE',  ( 0.000000000000000000, 0.000000000000000000, -1.000000000000000000 ) ) ;
#1451 = ORIENTED_EDGE ( 'NONE', *, *, #1262, .F. ) ;
#1452 = APPROVAL_PERSON_ORGANIZATION ( #376, #702, #3717 ) ;
#1453 = CARTESIAN_POINT ( 'NONE',  ( -57.12175737940223286, -20.00000000000000355, 35.83758957017479929 ) ) ;
#1454 = CARTESIAN_POINT ( 'NONE',  ( -87.14999999999997726, -20.00000000000000000, -25.40790524597780475 ) ) ;
#1455 = CARTESIAN_POINT ( 'NONE',  ( 15.18915799419141521, -18.50345202328485428, -25.80441044946302753 ) ) ;
#1456 = CARTESIAN_POINT ( 'NONE',  ( 15.84999999999998899, 7.999999999999996447, -25.40790524597781541 ) ) ;
#1457 = ORIENTED_EDGE ( 'NONE', *, *, #2794, .T. ) ;
#1458 = EDGE_LOOP ( 'NONE', ( #2236, #2215, #383, #4020, #2535, #2125, #4073 ) ) ;
#1459 = ORIENTED_EDGE ( 'NONE', *, *, #2515, .T. ) ;
#1460 = CYLINDRICAL_SURFACE ( 'NONE', #1582, 3.750000000000000000 ) ;
#1461 = ORIENTED_EDGE ( 'NONE', *, *, #4257, .F. ) ;
#1462 = CARTESIAN_POINT ( 'NONE',  ( -12.00000000000000000, -20.00000000000001066, 33.69604301605743046 ) ) ;
#1463 = DIRECTION ( 'NONE',  ( 0.000000000000000000, 0.000000000000000000, -1.000000000000000000 ) ) ;
#1464 = ORIENTED_EDGE ( 'NONE', *, *, #219, .T. ) ;
#1465 = CARTESIAN_POINT ( 'NONE',  ( -9.000000000000005329, 27.24679149945796652, -44.97047848106082313 ) ) ;
#1466 = ORIENTED_EDGE ( 'NONE', *, *, #21, .F. ) ;
#1467 = CARTESIAN_POINT ( 'NONE',  ( -7.000000000000000888, -17.00033292080718184, -42.26381612885030137 ) ) ;
#1468 = EDGE_CURVE ( 'NONE', #1521, #1837, #2379, .T. ) ;
#1469 = AXIS2_PLACEMENT_3D ( 'NONE', #683, #2072, #1734 ) ;
#1470 = CARTESIAN_POINT ( 'NONE',  ( -58.29999999999998295, 7.973689171506453732, -1.855093457617198016 ) ) ;
#1471 = EDGE_LOOP ( 'NONE', ( #283, #1314, #1764 ) ) ;
#1472 = VECTOR ( 'NONE', #3189, 1000.000000000000114 ) ;
#1473 = CARTESIAN_POINT ( 'NONE',  ( -57.43441298860181377, -20.00000000000000711, 36.58469347502076374 ) ) ;
#1474 = CARTESIAN_POINT ( 'NONE',  ( 15.84999999999998188, 7.999999999999996447, -23.40790524597781541 ) ) ;
#1475 = EDGE_CURVE ( 'NONE', #3789, #3235, #1532, .T. ) ;
#1476 = CARTESIAN_POINT ( 'NONE',  ( 0.08778027593347019486, -18.69549816466492231, -42.08383938161472315 ) ) ;
#1477 = FACE_OUTER_BOUND ( 'NONE', #1480, .T. ) ;
#1478 = ORIENTED_EDGE ( 'NONE', *, *, #1208, .F. ) ;
#1479 = CARTESIAN_POINT ( 'NONE',  ( -59.29999999999998295, -19.99999999999999645, -43.99605910568065070 ) ) ;
#1480 = EDGE_LOOP ( 'NONE', ( #4267, #264, #2801, #1107 ) ) ;
#1481 = CARTESIAN_POINT ( 'NONE',  ( -78.88014920296764387, -19.50315821569004271, 5.861945551054310144 ) ) ;
#1482 = CARTESIAN_POINT ( 'NONE',  ( -1.000000000000000000, 14.97810195293247304, -58.55228047535754854 ) ) ;
#1483 = CARTESIAN_POINT ( 'NONE',  ( -82.14999999999997726, 7.999999999999996447, -25.40790524597780120 ) ) ;
#1484 = EDGE_CURVE ( 'NONE', #2703, #84, #2306, .T. ) ;
#1485 = CARTESIAN_POINT ( 'NONE',  ( -9.000000000000001776, -17.00000000000001776, 33.69604301605744467 ) ) ;
#1486 = CARTESIAN_POINT ( 'NONE',  ( -8.767034633838187929, -20.00000000000289191, -40.44805940009129586 ) ) ;
#1487 = FACE_BOUND ( 'NONE', #4037, .T. ) ;
#1488 = ADVANCED_FACE ( 'NONE', ( #3772 ), #731, .F. ) ;
#1489 = CARTESIAN_POINT ( 'NONE',  ( -82.14999999999997726, -17.00000000000000711, 4.592094754022194358 ) ) ;
#1490 = EDGE_LOOP ( 'NONE', ( #3107, #4217, #3279, #3712 ) ) ;
#1491 = CARTESIAN_POINT ( 'NONE',  ( -1.000000000000000000, 27.98400122115186051, -4.368302179500634708 ) ) ;
#1492 = CARTESIAN_POINT ( 'NONE',  ( -82.14999999999997726, -17.00000000000000000, -23.40790524597780831 ) ) ;
#1493 = CARTESIAN_POINT ( 'NONE',  ( 12.17945361845165131, -19.69649888156851603, -26.19214921522550199 ) ) ;
#1494 = EDGE_CURVE ( 'NONE', #3183, #1090, #2023, .T. ) ;
#1495 = CARTESIAN_POINT ( 'NONE',  ( -59.29999999999998295, 28.98400122115187827, -44.99999899417180416 ) ) ;
#1496 = EDGE_LOOP ( 'NONE', ( #1640, #231, #397, #2420 ) ) ;
#1497 = ORIENTED_EDGE ( 'NONE', *, *, #4295, .F. ) ;
#1498 = PRODUCT_DEFINITION ( 'UNKNOWN', '', #2019, #4219 ) ;
#1499 = CARTESIAN_POINT ( 'NONE',  ( -8.000000000000000000, 16.47368917150645373, -8.030093457617198283 ) ) ;
#1500 = CARTESIAN_POINT ( 'NONE',  ( 20.19538352784638491, -20.00000000000000355, -28.01513536267891880 ) ) ;
#1501 = DIRECTION ( 'NONE',  ( -1.000000000000000000, -0.000000000000000000, -0.000000000000000000 ) ) ;
#1502 = PLANE ( 'NONE',  #1086 ) ;
#1503 = CARTESIAN_POINT ( 'NONE',  ( -8.694214913853841153, -18.09271487159580261, 35.58028196750241534 ) ) ;
#1504 = AXIS2_PLACEMENT_3D ( 'NONE', #2715, #777, #2754 ) ;
#1505 = CYLINDRICAL_SURFACE ( 'NONE', #2864, 1.500000000000001332 ) ;
#1506 = CARTESIAN_POINT ( 'NONE',  ( -58.29999999999998295, -17.99999999999999645, -43.99605910568065781 ) ) ;
#1507 = AXIS2_PLACEMENT_3D ( 'NONE', #3723, #655, #2375 ) ;
#1508 = AXIS2_PLACEMENT_3D ( 'NONE', #4209, #130, #2867 ) ;
#1509 = CARTESIAN_POINT ( 'NONE',  ( -82.14999999999997726, 7.999999999999996447, -23.40790524597780120 ) ) ;
#1510 = ORIENTED_EDGE ( 'NONE', *, *, #206, .F. ) ;
#1511 = ORIENTED_EDGE ( 'NONE', *, *, #235, .F. ) ;
#1512 = CIRCLE ( 'NONE', #3269, 2.375000000000002220 ) ;
#1513 = DIRECTION ( 'NONE',  ( 1.000000000000000000, 0.000000000000000000, 0.000000000000000000 ) ) ;
#1514 = CARTESIAN_POINT ( 'NONE',  ( 12.60735931288069978, -20.00000000000000000, -25.47897305784329092 ) ) ;
#1515 = VECTOR ( 'NONE', #1601, 1000.000000000000000 ) ;
#1516 = CARTESIAN_POINT ( 'NONE',  ( 1.282673440113473467E-15, -18.13090117707903204, -40.99605910568268996 ) ) ;
#1517 = EDGE_CURVE ( 'NONE', #2841, #3129, #2120, .T. ) ;
#1518 = DIRECTION ( 'NONE',  ( -1.000000000000000000, 0.000000000000000000, 0.000000000000000000 ) ) ;
#1519 = ORIENTED_EDGE ( 'NONE', *, *, #636, .T. ) ;
#1520 = VERTEX_POINT ( 'NONE', #321 ) ;
#1521 = VERTEX_POINT ( 'NONE', #10 ) ;
#1522 = CARTESIAN_POINT ( 'NONE',  ( 26.85000000000001918, 7.973689171506453732, -14.15509345761719828 ) ) ;
#1523 = CARTESIAN_POINT ( 'NONE',  ( -79.75349479651448803, -18.50345202328527705, 3.252936759830577174 ) ) ;
#1524 = DIRECTION ( 'NONE',  ( 1.000000000000000000, 1.543469984240450904E-31, -8.673617379884027583E-16 ) ) ;
#1525 = CARTESIAN_POINT ( 'NONE',  ( -7.644295364566741746, 28.88190757314904289, -44.99831617154669772 ) ) ;
#1526 = ORIENTED_EDGE ( 'NONE', *, *, #423, .F. ) ;
#1527 = EDGE_CURVE ( 'NONE', #3118, #2184, #1762, .T. ) ;
#1528 = CARTESIAN_POINT ( 'NONE',  ( -8.779502866727874277, -20.00000000000001066, 38.50009607786596888 ) ) ;
#1529 = CARTESIAN_POINT ( 'NONE',  ( -1.000000000000000000, 16.99999999999998579, 16.38399090000327263 ) ) ;
#1530 = ADVANCED_FACE ( 'NONE', ( #1365 ), #497, .T. ) ;
#1531 = CARTESIAN_POINT ( 'NONE',  ( 0.000000000000000000, 7.973689171506453732, -10.40509345761719828 ) ) ;
#1532 = CIRCLE ( 'NONE', #1740, 12.50000000000000355 ) ;
#1533 = FACE_OUTER_BOUND ( 'NONE', #3103, .T. ) ;
#1534 = VERTEX_POINT ( 'NONE', #775 ) ;
#1535 = ORIENTED_EDGE ( 'NONE', *, *, #83, .T. ) ;
#1536 = LINE ( 'NONE', #496, #3652 ) ;
#1537 = DIRECTION ( 'NONE',  ( 1.000000000000000000, 2.057959978987269952E-32, -1.156482317317871478E-16 ) ) ;
#1538 = VECTOR ( 'NONE', #542, 1000.000000000000000 ) ;
#1539 =( BOUNDED_CURVE ( )  B_SPLINE_CURVE ( 2, ( #1930, #2256, #3986 ),
 .UNSPECIFIED., .F., .T. ) 
 B_SPLINE_CURVE_WITH_KNOTS ( ( 3, 3 ),
 ( 0.000000000000000000, 1.000000000000000000 ),
 .UNSPECIFIED. ) 
 CURVE ( )  GEOMETRIC_REPRESENTATION_ITEM ( )  RATIONAL_B_SPLINE_CURVE ( ( 1.000000000000000000, 0.7071067811865479058, 1.000000000000000000 ) ) 
 REPRESENTATION_ITEM ( '' )  );
#1540 = FACE_OUTER_BOUND ( 'NONE', #305, .T. ) ;
#1541 = ORIENTED_EDGE ( 'NONE', *, *, #4008, .F. ) ;
#1542 = DIRECTION ( 'NONE',  ( 0.000000000000000000, 0.000000000000000000, -1.000000000000000000 ) ) ;
#1543 = VECTOR ( 'NONE', #3628, 1000.000000000000000 ) ;
#1544 = VERTEX_POINT ( 'NONE', #141 ) ;
#1545 = DIRECTION ( 'NONE',  ( 0.000000000000000000, 0.000000000000000000, 1.000000000000000000 ) ) ;
#1546 = CARTESIAN_POINT ( 'NONE',  ( -82.14999999999542979, -17.19635176726982806, 4.592094754022194358 ) ) ;
#1547 = CARTESIAN_POINT ( 'NONE',  ( 0.02825623387410687581, -18.40377792683761271, 33.96311281422428863 ) ) ;
#1548 = CARTESIAN_POINT ( 'NONE',  ( -85.64654797690305088, -19.60349479664035854, 5.086341382194902394 ) ) ;
#1549 = CARTESIAN_POINT ( 'NONE',  ( -8.795484869588241494, -17.87757513368570628, 35.24894176911234922 ) ) ;
#1550 = LINE ( 'NONE', #3242, #3721 ) ;
#1551 = B_SPLINE_CURVE_WITH_KNOTS ( 'NONE', 3,
 ( #3612, #568, #1944, #3278, #210, #3635, #591, #1607, #1966, #1588, #4292, #1276, #2948, #2623, #3974, #940 ),
 .UNSPECIFIED., .F., .F.,
 ( 4, 2, 2, 2, 2, 2, 2, 4 ),
 ( 0.000000000000000000, 0.0006623082255889518313, 0.001324616451177903663, 0.001655770563972390691, 0.001986924676766877503, 0.002152501733164114729, 0.002318078789561351955, 0.002649232902355825973 ),
 .UNSPECIFIED. ) ;
#1552 = ADVANCED_FACE ( 'NONE', ( #3880 ), #4178, .F. ) ;
#1553 = CARTESIAN_POINT ( 'NONE',  ( -33.14999999999999147, -23.00000000000002842, -10.40790524597781364 ) ) ;
#1554 = CARTESIAN_POINT ( 'NONE',  ( 15.84999999999998543, -17.00000000000000000, -25.40790524597781541 ) ) ;
#1555 = ORIENTED_EDGE ( 'NONE', *, *, #3302, .T. ) ;
#1556 = ORIENTED_EDGE ( 'NONE', *, *, #387, .F. ) ;
#1557 = CARTESIAN_POINT ( 'NONE',  ( -80.10574791066493106, -17.89113263215619654, -25.45215733531418678 ) ) ;
#1558 = FACE_OUTER_BOUND ( 'NONE', #3607, .T. ) ;
#1559 = VERTEX_POINT ( 'NONE', #2142 ) ;
#1560 = CARTESIAN_POINT ( 'NONE',  ( -84.14999999999997726, -17.00000000000000000, -25.40790524597781186 ) ) ;
#1561 = APPLICATION_CONTEXT ( 'configuration controlled 3d designs of mechanical parts and assemblies' ) ;
#1562 = CARTESIAN_POINT ( 'NONE',  ( -0.2601604336630429781, -19.32165350230453882, -42.48928548323900145 ) ) ;
#1563 = EDGE_LOOP ( 'NONE', ( #3105, #472, #97, #181 ) ) ;
#1564 = CARTESIAN_POINT ( 'NONE',  ( -57.97842155567965250, 28.49079803557438240, -44.99181060447543246 ) ) ;
#1565 = ORIENTED_EDGE ( 'NONE', *, *, #1661, .T. ) ;
#1566 = ORIENTED_EDGE ( 'NONE', *, *, #3060, .F. ) ;
#1567 = ORIENTED_EDGE ( 'NONE', *, *, #2719, .T. ) ;
#1568 = CARTESIAN_POINT ( 'NONE',  ( -55.08401341623060432, -19.99999999999999645, -42.41461899358004928 ) ) ;
#1569 = CARTESIAN_POINT ( 'NONE',  ( -80.05404994630367810, -17.77784770429039796, 2.752011510182756027 ) ) ;
#1570 = CARTESIAN_POINT ( 'NONE',  ( 0.1675944923658360397, -18.83252636537804747, 34.39403912517595785 ) ) ;
#1571 = CARTESIAN_POINT ( 'NONE',  ( -82.14999999999997726, -17.00000000000000711, 4.592094754022196135 ) ) ;
#1572 = CARTESIAN_POINT ( 'NONE',  ( -10.90913704006030649, -20.00000000000001066, 36.82395255156295377 ) ) ;
#1573 = DIRECTION ( 'NONE',  ( -1.000000000000000000, -0.000000000000000000, -0.000000000000000000 ) ) ;
#1574 = ADVANCED_FACE ( 'NONE', ( #1540 ), #2751, .T. ) ;
#1575 = DIRECTION ( 'NONE',  ( -0.000000000000000000, -1.779499736546008737E-16, 1.000000000000000000 ) ) ;
#1576 = DIRECTION ( 'NONE',  ( 0.000000000000000000, 1.826024711554534406E-16, -1.000000000000000000 ) ) ;
#1577 = AXIS2_PLACEMENT_3D ( 'NONE', #4201, #1140, #2901 ) ;
#1578 = ORIENTED_EDGE ( 'NONE', *, *, #2073, .F. ) ;
#1579 = CARTESIAN_POINT ( 'NONE',  ( -80.15784707809939391, -17.13083672297662474, -25.40005816787546422 ) ) ;
#1580 = CARTESIAN_POINT ( 'NONE',  ( -68.29999999999998295, -18.00000000000000355, -10.40790524597781364 ) ) ;
#1581 = VECTOR ( 'NONE', #2828, 1000.000000000000000 ) ;
#1582 = AXIS2_PLACEMENT_3D ( 'NONE', #2367, #3737, #3713 ) ;
#1583 = APPROVAL_PERSON_ORGANIZATION ( #4232, #2124, #1191 ) ;
#1584 = LINE ( 'NONE', #1982, #2981 ) ;
#1585 = CARTESIAN_POINT ( 'NONE',  ( -77.14999999999996305, -17.00000000000000000, -25.40790524597780831 ) ) ;
#1586 = VECTOR ( 'NONE', #1080, 1000.000000000000000 ) ;
#1587 = LINE ( 'NONE', #2243, #4223 ) ;
#1588 = CARTESIAN_POINT ( 'NONE',  ( -0.4991433945808719796, -22.00511366840384042, 38.74011709590450891 ) ) ;
#1589 = ORIENTED_EDGE ( 'NONE', *, *, #2567, .T. ) ;
#1590 = EDGE_CURVE ( 'NONE', #1210, #4239, #2586, .T. ) ;
#1591 = AXIS2_PLACEMENT_3D ( 'NONE', #2399, #1026, #1450 ) ;
#1592 = ORIENTED_EDGE ( 'NONE', *, *, #2269, .F. ) ;
#1593 = CARTESIAN_POINT ( 'NONE',  ( -10.08591391163282225, -20.00000000000001066, 37.68353995916337595 ) ) ;
#1594 =( GEOMETRIC_REPRESENTATION_CONTEXT ( 3 ) GLOBAL_UNCERTAINTY_ASSIGNED_CONTEXT ( ( #2625 ) ) GLOBAL_UNIT_ASSIGNED_CONTEXT ( ( #4033, #2343, #4409 ) ) REPRESENTATION_CONTEXT ( 'NONE', 'WORKASPACE' ) );
#1595 = DIRECTION ( 'NONE',  ( 0.000000000000000000, -0.4998335395964107475, -0.8661214884151779980 ) ) ;
#1596 = DIRECTION ( 'NONE',  ( -1.000000000000000000, 0.000000000000000000, 0.000000000000000000 ) ) ;
#1597 = CARTESIAN_POINT ( 'NONE',  ( -84.14999999999997726, -17.00000000000000711, 4.592094754022196135 ) ) ;
#1598 = EDGE_LOOP ( 'NONE', ( #4277, #8, #691, #2726 ) ) ;
#1599 = CARTESIAN_POINT ( 'NONE',  ( 17.82551401602082919, -17.42996240070234037, 4.567608770043021238 ) ) ;
#1600 = CARTESIAN_POINT ( 'NONE',  ( 0.000000000000000000, -16.50049938121076565, -41.39769464043511960 ) ) ;
#1601 = DIRECTION ( 'NONE',  ( 1.000000000000000000, -0.000000000000000000, -0.000000000000000000 ) ) ;
#1602 = EDGE_CURVE ( 'NONE', #1837, #1153, #2291, .T. ) ;
#1603 = ORIENTED_EDGE ( 'NONE', *, *, #1433, .F. ) ;
#1604 = LINE ( 'NONE', #541, #1779 ) ;
#1605 = LINE ( 'NONE', #1962, #948 ) ;
#1606 = CARTESIAN_POINT ( 'NONE',  ( -66.29999999999998295, 16.99999999999998579, 16.38399090000327263 ) ) ;
#1607 = CARTESIAN_POINT ( 'NONE',  ( -0.3093690918997613615, -21.94864257716421108, 38.54557687786743969 ) ) ;
#1608 = VERTEX_POINT ( 'NONE', #3277 ) ;
#1609 = AXIS2_PLACEMENT_3D ( 'NONE', #275, #2332, #1647 ) ;
#1610 = VECTOR ( 'NONE', #3454, 1000.000000000000000 ) ;
#1611 = ADVANCED_FACE ( 'NONE', ( #2311 ), #237, .T. ) ;
#1612 = DIRECTION ( 'NONE',  ( 1.000000000000000000, -0.000000000000000000, -0.000000000000000000 ) ) ;
#1613 = VECTOR ( 'NONE', #2733, 1000.000000000000000 ) ;
#1614 = DIRECTION ( 'NONE',  ( -1.000000000000000000, -0.000000000000000000, -0.000000000000000000 ) ) ;
#1615 = CARTESIAN_POINT ( 'NONE',  ( 0.000000000000000000, 14.97810195293247304, -44.53878952978850947 ) ) ;
#1616 = CARTESIAN_POINT ( 'NONE',  ( -8.245311090747314609, -18.61482505574289092, 36.43626491502093501 ) ) ;
#1617 = CARTESIAN_POINT ( 'NONE',  ( 20.19538352784322655, -20.00000000000001066, 7.199324870727803471 ) ) ;
#1618 = LINE ( 'NONE', #2958, #3861 ) ;
#1619 = EDGE_CURVE ( 'NONE', #909, #784, #526, .T. ) ;
#1620 = DIRECTION ( 'NONE',  ( 0.000000000000000000, 0.000000000000000000, -1.000000000000000000 ) ) ;
#1621 = CARTESIAN_POINT ( 'NONE',  ( -62.66803076965281605, -19.89827741393887095, 38.23507130493751305 ) ) ;
#1622 = ORIENTED_EDGE ( 'NONE', *, *, #4360, .T. ) ;
#1623 = CARTESIAN_POINT ( 'NONE',  ( -56.68512702411663184, -20.00000000000001066, 38.05613926131346147 ) ) ;
#1624 = LINE ( 'NONE', #4332, #3012 ) ;
#1625 = ADVANCED_FACE ( 'NONE', ( #4019 ), #3660, .F. ) ;
#1626 = CYLINDRICAL_SURFACE ( 'NONE', #855, 1.999999999999998890 ) ;
#1627 = LINE ( 'NONE', #1294, #148 ) ;
#1628 = DIRECTION ( 'NONE',  ( 0.000000000000000000, 0.000000000000000000, -1.000000000000000000 ) ) ;
#1629 = VERTEX_POINT ( 'NONE', #590 ) ;
#1630 = CARTESIAN_POINT ( 'NONE',  ( -10.90913704006030649, -20.00000000000001066, 36.82395255156295377 ) ) ;
#1631 = DIRECTION ( 'NONE',  ( 0.000000000000000000, 0.000000000000000000, -1.000000000000000000 ) ) ;
#1632 = CARTESIAN_POINT ( 'NONE',  ( -58.92016553863761175, -19.99999999999318590, -40.93476415462541240 ) ) ;
#1633 = AXIS2_PLACEMENT_3D ( 'NONE', #270, #3006, #1355 ) ;
#1634 = CARTESIAN_POINT ( 'NONE',  ( -9.000000000000001776, 16.47368917150645373, -10.40509345761720006 ) ) ;
#1635 = ORIENTED_EDGE ( 'NONE', *, *, #71, .F. ) ;
#1636 = CARTESIAN_POINT ( 'NONE',  ( 17.84999999999999076, -17.19635176726975345, 2.592094754022749026 ) ) ;
#1637 = CARTESIAN_POINT ( 'NONE',  ( 13.23532287730025203, -18.82996937483310163, 3.616556625188343421 ) ) ;
#1638 = DIRECTION ( 'NONE',  ( 1.000000000000000000, 2.057959978987270500E-32, -1.156482317317871725E-16 ) ) ;
#1639 = CARTESIAN_POINT ( 'NONE',  ( -62.83976823377554410, -19.15273872896266738, 37.25390156611242531 ) ) ;
#1640 = ORIENTED_EDGE ( 'NONE', *, *, #1990, .T. ) ;
#1641 = CARTESIAN_POINT ( 'NONE',  ( -59.29999999999998295, -20.00000000000001421, 38.89142680434118660 ) ) ;
#1642 = CARTESIAN_POINT ( 'NONE',  ( -9.000000000000001776, 7.973689171506453732, -1.855093457617198016 ) ) ;
#1643 = CARTESIAN_POINT ( 'NONE',  ( -11.60730091830127542, -19.99999999999999645, -39.95486337595898618 ) ) ;
#1644 = VECTOR ( 'NONE', #4245, 1000.000000000000000 ) ;
#1645 = DIRECTION ( 'NONE',  ( 0.000000000000000000, -1.000000000000000000, -1.779499736546008737E-16 ) ) ;
#1646 = CIRCLE ( 'NONE', #2496, 2.375000000000002220 ) ;
#1647 = DIRECTION ( 'NONE',  ( 0.000000000000000000, 0.000000000000000000, -1.000000000000000000 ) ) ;
#1648 = ORIENTED_EDGE ( 'NONE', *, *, #2582, .F. ) ;
#1649 = AXIS2_PLACEMENT_3D ( 'NONE', #3513, #3199, #4236 ) ;
#1650 = VECTOR ( 'NONE', #1377, 1000.000000000000000 ) ;
#1651 = EDGE_CURVE ( 'NONE', #664, #1733, #3929, .T. ) ;
#1652 = CARTESIAN_POINT ( 'NONE',  ( -11.26074980362949063, -20.00000000000001066, 36.33641643526302545 ) ) ;
#1653 = CARTESIAN_POINT ( 'NONE',  ( -1.000000000000021760, 7.973689171506453732, -22.90509345761720184 ) ) ;
#1654 = CARTESIAN_POINT ( 'NONE',  ( -54.29999999999999005, -19.99999999999999645, -39.95486337595897908 ) ) ;
#1655 = CIRCLE ( 'NONE', #2712, 3.750000000000000000 ) ;
#1656 = DIRECTION ( 'NONE',  ( 0.000000000000000000, 0.000000000000000000, -1.000000000000000000 ) ) ;
#1657 = CIRCLE ( 'NONE', #4139, 2.000000000000001776 ) ;
#1658 = PRODUCT_DEFINITION_SHAPE ( 'NONE', 'NONE',  #1498 ) ;
#1659 = CARTESIAN_POINT ( 'NONE',  ( 18.86751974764071349, -19.26016043476002082, 4.287961000090171559 ) ) ;
#1660 = CARTESIAN_POINT ( 'NONE',  ( 13.35575337182764599, -19.60349479664058236, 6.088642730925585944 ) ) ;
#1661 = EDGE_CURVE ( 'NONE', #3005, #3183, #2991, .T. ) ;
#1662 = CARTESIAN_POINT ( 'NONE',  ( -33.14999999999999147, -23.00000000000002842, -10.40790524597781364 ) ) ;
#1663 = DIRECTION ( 'NONE',  ( -0.7071067811865500152, 0.000000000000000000, 0.7071067811865451302 ) ) ;
#1664 = ORIENTED_EDGE ( 'NONE', *, *, #4392, .F. ) ;
#1665 = ADVANCED_FACE ( 'NONE', ( #3950 ), #3678, .F. ) ;
#1666 = CARTESIAN_POINT ( 'NONE',  ( -55.39086295993967468, -20.00000000000001066, 36.82395255156295377 ) ) ;
#1667 = LINE ( 'NONE', #2824, #1971 ) ;
#1668 = DIRECTION ( 'NONE',  ( 0.000000000000000000, -0.4998335395964083050, -0.8661214884151794413 ) ) ;
#1669 = CARTESIAN_POINT ( 'NONE',  ( -66.29999999999998295, -18.00000000000001066, 33.47919422527910882 ) ) ;
#1670 = CARTESIAN_POINT ( 'NONE',  ( -55.81085694111268225, -19.62135916506278477, 33.69604301605744467 ) ) ;
#1671 = EDGE_CURVE ( 'NONE', #1336, #211, #196, .T. ) ;
#1672 = VECTOR ( 'NONE', #1573, 1000.000000000000000 ) ;
#1673 = CARTESIAN_POINT ( 'NONE',  ( 15.84999999999998899, 7.999999999999996447, -25.40790524597781541 ) ) ;
#1674 = CARTESIAN_POINT ( 'NONE',  ( -77.14999999999994884, -20.00000000000000355, 7.592094754022199687 ) ) ;
#1675 = CARTESIAN_POINT ( 'NONE',  ( -33.14999999999999147, -30.00000000000000711, -12.40790524597781896 ) ) ;
#1676 = CIRCLE ( 'NONE', #1177, 3.750000000000000000 ) ;
#1677 = CARTESIAN_POINT ( 'NONE',  ( -85.84126057603288018, -19.92191802946441825, 6.806851099639378511 ) ) ;
#1678 = CIRCLE ( 'NONE', #4305, 1.500000000000000444 ) ;
#1679 = ORIENTED_EDGE ( 'NONE', *, *, #1661, .F. ) ;
#1680 = AXIS2_PLACEMENT_3D ( 'NONE', #1067, #3099, #3031 ) ;
#1681 = CARTESIAN_POINT ( 'NONE',  ( 20.45723011670877867, -20.00000000000001066, 6.937478281864540186 ) ) ;
#1682 = CARTESIAN_POINT ( 'NONE',  ( 13.85784707810232774, -17.13083672297662829, 4.584247675920281040 ) ) ;
#1683 = PLANE ( 'NONE',  #3054 ) ;
#1684 = PERSON_AND_ORGANIZATION_ROLE ( 'creator' ) ;
#1685 = ORIENTED_EDGE ( 'NONE', *, *, #616, .T. ) ;
#1686 = CARTESIAN_POINT ( 'NONE',  ( 15.84999999999999254, 7.999999999999991118, 2.592094754022184588 ) ) ;
#1687 = ADVANCED_FACE ( 'NONE', ( #1226 ), #1964, .F. ) ;
#1688 = FACE_OUTER_BOUND ( 'NONE', #4352, .T. ) ;
#1689 = EDGE_CURVE ( 'NONE', #2617, #826, #1587, .T. ) ;
#1690 = CARTESIAN_POINT ( 'NONE',  ( -57.29999999999998295, 7.973689171506453732, -0.3550934576171975166 ) ) ;
#1691 = VERTEX_POINT ( 'NONE', #3589 ) ;
#1692 = CARTESIAN_POINT ( 'NONE',  ( -7.000000000000000888, 14.97810195293247304, -58.55228047535754854 ) ) ;
#1693 = ADVANCED_FACE ( 'NONE', ( #3996 ), #2924, .F. ) ;
#1694 = PERSON ( 'UNSPECIFIED', 'UNSPECIFIED', 'UNSPECIFIED', ('UNSPECIFIED'), ('UNSPECIFIED'), ('UNSPECIFIED') ) ;
#1695 = FACE_OUTER_BOUND ( 'NONE', #1598, .T. ) ;
#1696 = CARTESIAN_POINT ( 'NONE',  ( 15.84999999999998543, -17.00000000000000000, -25.40790524597781541 ) ) ;
#1697 = LINE ( 'NONE', #1675, #2870 ) ;
#1698 = ORIENTED_EDGE ( 'NONE', *, *, #2049, .F. ) ;
#1699 = ORIENTED_EDGE ( 'NONE', *, *, #2977, .T. ) ;
#1700 = DIRECTION ( 'NONE',  ( 1.000000000000000000, 0.000000000000000000, -0.000000000000000000 ) ) ;
#1701 = CARTESIAN_POINT ( 'NONE',  ( -3.802227190913048727, -19.93540216303519585, 38.38102739171998934 ) ) ;
#1702 = CARTESIAN_POINT ( 'NONE',  ( 10.84999999999998366, -20.00000000000001066, 7.592094754022187253 ) ) ;
#1703 = CARTESIAN_POINT ( 'NONE',  ( -80.14999999999997726, 7.999999999999996447, -22.93436589316946339 ) ) ;
#1704 = CARTESIAN_POINT ( 'NONE',  ( 13.84999999999998721, 7.999999999999991118, 2.592094754022184588 ) ) ;
#1705 = CARTESIAN_POINT ( 'NONE',  ( -59.29999999999998295, 14.97810195293247304, -58.55228047535754854 ) ) ;
#1706 = ADVANCED_FACE ( 'NONE', ( #4335 ), #1298, .F. ) ;
#1707 = DIRECTION ( 'NONE',  ( 0.000000000000000000, 0.000000000000000000, 1.000000000000000000 ) ) ;
#1708 = CARTESIAN_POINT ( 'NONE',  ( -59.29999999999998295, -17.00033292080717828, -42.26381612885029426 ) ) ;
#1709 = EDGE_LOOP ( 'NONE', ( #3102, #1899, #3583, #143 ) ) ;
#1710 = DIRECTION ( 'NONE',  ( -1.156482317317871725E-16, 1.779499736546008983E-16, -1.000000000000000000 ) ) ;
#1711 = EDGE_LOOP ( 'NONE', ( #4034, #3590, #3884 ) ) ;
#1712 = AXIS2_PLACEMENT_3D ( 'NONE', #3254, #3926, #2573 ) ;
#1713 = DIRECTION ( 'NONE',  ( -1.000000000000000000, 0.000000000000000000, 0.000000000000000000 ) ) ;
#1714 = EDGE_CURVE ( 'NONE', #1717, #1009, #2730, .T. ) ;
#1715 = CARTESIAN_POINT ( 'NONE',  ( 13.31691399187648983, -18.83611591158189569, -25.94099125410096818 ) ) ;
#1716 = CARTESIAN_POINT ( 'NONE',  ( -33.14999999999999147, -24.70000000000000639, -10.40790524597781364 ) ) ;
#1717 = VERTEX_POINT ( 'NONE', #2051 ) ;
#1718 = AXIS2_PLACEMENT_3D ( 'NONE', #2658, #582, #2324 ) ;
#1719 = ORIENTED_EDGE ( 'NONE', *, *, #3545, .F. ) ;
#1720 = DIRECTION ( 'NONE',  ( -1.156482317317871478E-16, 1.156482317317871478E-16, -1.000000000000000000 ) ) ;
#1721 = CARTESIAN_POINT ( 'NONE',  ( -8.000000000000000000, 16.47368917150645373, -10.40509345761720006 ) ) ;
#1722 = ORIENTED_EDGE ( 'NONE', *, *, #3077, .T. ) ;
#1723 = AXIS2_PLACEMENT_3D ( 'NONE', #1662, #2062, #3040 ) ;
#1724 = CARTESIAN_POINT ( 'NONE',  ( 16.00991675616068832, -17.77784770429073191, -25.50385529967416431 ) ) ;
#1725 = CARTESIAN_POINT ( 'NONE',  ( 10.84999999999998899, -20.00000000000000711, 7.592094754022179259 ) ) ;
#1726 = CIRCLE ( 'NONE', #648, 56.99999999999997868 ) ;
#1727 = VERTEX_POINT ( 'NONE', #2444 ) ;
#1728 = CARTESIAN_POINT ( 'NONE',  ( 20.84999999999998721, -20.00000000000000000, -28.40790524597782252 ) ) ;
#1729 = ORIENTED_EDGE ( 'NONE', *, *, #3822, .T. ) ;
#1730 = CARTESIAN_POINT ( 'NONE',  ( 17.84999999999998721, 7.999999999999996447, -25.40790524597781541 ) ) ;
#1731 = ADVANCED_FACE ( 'NONE', ( #3704 ), #705, .T. ) ;
#1732 = CARTESIAN_POINT ( 'NONE',  ( -8.000000000000000000, 7.973689171506453732, -22.90509345761720184 ) ) ;
#1733 = VERTEX_POINT ( 'NONE', #4065 ) ;
#1734 = DIRECTION ( 'NONE',  ( 0.000000000000000000, 0.000000000000000000, -1.000000000000000000 ) ) ;
#1735 = DIRECTION ( 'NONE',  ( -0.000000000000000000, 1.000000000000000000, 2.561630862559161035E-16 ) ) ;
#1736 = CARTESIAN_POINT ( 'NONE',  ( 15.69008324383927899, -17.77784770429073191, -25.50385529967416431 ) ) ;
#1737 = ADVANCED_FACE ( 'NONE', ( #3051 ), #2750, .F. ) ;
#1738 = DIRECTION ( 'NONE',  ( -1.000000000000000000, -0.000000000000000000, -0.000000000000000000 ) ) ;
#1739 = VERTEX_POINT ( 'NONE', #2031 ) ;
#1740 = AXIS2_PLACEMENT_3D ( 'NONE', #1051, #4401, #3100 ) ;
#1741 = ORIENTED_EDGE ( 'NONE', *, *, #790, .T. ) ;
#1742 = CARTESIAN_POINT ( 'NONE',  ( -33.14999999999999147, -30.00000000000000711, -10.40790524597781541 ) ) ;
#1743 = VERTEX_POINT ( 'NONE', #338 ) ;
#1744 = ADVANCED_FACE ( 'NONE', ( #2421 ), #3767, .T. ) ;
#1745 = CARTESIAN_POINT ( 'NONE',  ( -3.437019379264561803, -19.78302523580877192, 37.98073499398963548 ) ) ;
#1746 = ORIENTED_EDGE ( 'NONE', *, *, #3524, .F. ) ;
#1747 = AXIS2_PLACEMENT_3D ( 'NONE', #164, #3498, #457 ) ;
#1748 = CARTESIAN_POINT ( 'NONE',  ( 18.58983956523962178, -18.98248025235892200, -24.64097118804434672 ) ) ;
#1749 = DIRECTION ( 'NONE',  ( -0.000000000000000000, 1.000000000000000000, 1.156482317317871725E-16 ) ) ;
#1750 = DIRECTION ( 'NONE',  ( 0.000000000000000000, 0.000000000000000000, -1.000000000000000000 ) ) ;
#1751 = VECTOR ( 'NONE', #3935, 1000.000000000000000 ) ;
#1752 = AXIS2_PLACEMENT_3D ( 'NONE', #4380, #1713, #2423 ) ;
#1753 = ORIENTED_EDGE ( 'NONE', *, *, #3301, .T. ) ;
#1754 = CARTESIAN_POINT ( 'NONE',  ( -7.779454384749755036, -20.00000000000273204, -40.98672659485125536 ) ) ;
#1755 = AXIS2_PLACEMENT_3D ( 'NONE', #831, #1259, #2250 ) ;
#1756 = DIRECTION ( 'NONE',  ( -1.384847264391253552E-16, 0.000000000000000000, -1.000000000000000000 ) ) ;
#1757 = FACE_OUTER_BOUND ( 'NONE', #2769, .T. ) ;
#1758 = ORIENTED_EDGE ( 'NONE', *, *, #3524, .T. ) ;
#1759 = ADVANCED_FACE ( 'NONE', ( #3791 ), #3216, .F. ) ;
#1760 = DIRECTION ( 'NONE',  ( 0.000000000000000000, 1.000000000000000000, 0.000000000000000000 ) ) ;
#1761 = DIRECTION ( 'NONE',  ( -0.000000000000000000, -1.779499736546008737E-16, 1.000000000000000000 ) ) ;
#1762 = LINE ( 'NONE', #1429, #2668 ) ;
#1763 = CARTESIAN_POINT ( 'NONE',  ( 0.000000000000000000, -20.95959145157908310, 37.13567204090666252 ) ) ;
#1764 = ORIENTED_EDGE ( 'NONE', *, *, #901, .T. ) ;
#1765 = LINE ( 'NONE', #476, #1016 ) ;
#1766 = ORIENTED_EDGE ( 'NONE', *, *, #2002, .F. ) ;
#1767 = DIRECTION ( 'NONE',  ( -0.000000000000000000, -1.779499736546008737E-16, 1.000000000000000000 ) ) ;
#1768 = ORIENTED_EDGE ( 'NONE', *, *, #2719, .F. ) ;
#1769 = CARTESIAN_POINT ( 'NONE',  ( 18.15350111826472457, -18.32945361804910789, -23.91374044308602009 ) ) ;
#1770 = DIRECTION ( 'NONE',  ( 0.000000000000000000, 2.561630862559161035E-16, -1.000000000000000000 ) ) ;
#1771 = CALENDAR_DATE ( 2026, 21, 4 ) ;
#1772 = ORIENTED_EDGE ( 'NONE', *, *, #125, .T. ) ;
#1773 = DIRECTION ( 'NONE',  ( 0.000000000000000000, 0.000000000000000000, -1.000000000000000000 ) ) ;
#1774 = CARTESIAN_POINT ( 'NONE',  ( -1.860306991086510209, -20.80951723813306131, 38.20363754812859014 ) ) ;
#1775 = CARTESIAN_POINT ( 'NONE',  ( 26.85000000000001918, -0.5263108284935463788, -12.78009345761719473 ) ) ;
#1776 = ORIENTED_EDGE ( 'NONE', *, *, #660, .F. ) ;
#1777 = CARTESIAN_POINT ( 'NONE',  ( -66.29999999999998295, 7.973689171506453732, -10.40509345761719828 ) ) ;
#1778 = EDGE_LOOP ( 'NONE', ( #3973, #3450, #4116, #1758 ) ) ;
#1779 = VECTOR ( 'NONE', #202, 1000.000000000000000 ) ;
#1780 = CARTESIAN_POINT ( 'NONE',  ( -77.14999999999994884, -20.00000000000000355, -28.40790524597781896 ) ) ;
#1781 = CARTESIAN_POINT ( 'NONE',  ( 15.34416480289178075, -18.32945361804932105, -25.71140636424264514 ) ) ;
#1782 = CARTESIAN_POINT ( 'NONE',  ( 0.000000000000000000, -23.28316322913532233, 38.47659144034030732 ) ) ;
#1783 = ORIENTED_EDGE ( 'NONE', *, *, #340, .T. ) ;
#1784 = VERTEX_POINT ( 'NONE', #1692 ) ;
#1785 = ORIENTED_EDGE ( 'NONE', *, *, #4293, .F. ) ;
#1786 = CIRCLE ( 'NONE', #4265, 21.96002565122392980 ) ;
#1787 = EDGE_CURVE ( 'NONE', #189, #2289, #2453, .T. ) ;
#1788 = DIRECTION ( 'NONE',  ( -0.000000000000000000, -1.779499736546008737E-16, 1.000000000000000000 ) ) ;
#1789 = ORIENTED_EDGE ( 'NONE', *, *, #2395, .F. ) ;
#1790 = DIRECTION ( 'NONE',  ( -1.000000000000000000, -0.000000000000000000, 0.000000000000000000 ) ) ;
#1791 = DIRECTION ( 'NONE',  ( 0.000000000000000000, 0.000000000000000000, 1.000000000000000000 ) ) ;
#1792 = VECTOR ( 'NONE', #1575, 1000.000000000000000 ) ;
#1793 = CARTESIAN_POINT ( 'NONE',  ( -8.821194401973745158, -17.80288220319923553, 35.12733732345492399 ) ) ;
#1794 = AXIS2_PLACEMENT_3D ( 'NONE', #1492, #3899, #3229 ) ;
#1795 = CIRCLE ( 'NONE', #2497, 1.999999999999998224 ) ;
#1796 = ORIENTED_EDGE ( 'NONE', *, *, #151, .T. ) ;
#1797 = LINE ( 'NONE', #3094, #3226 ) ;
#1798 = EDGE_CURVE ( 'NONE', #434, #941, #1029, .T. ) ;
#1799 = AXIS2_PLACEMENT_3D ( 'NONE', #3027, #4395, #3072 ) ;
#1800 = DIRECTION ( 'NONE',  ( -1.000000000000000000, -0.000000000000000000, 0.000000000000000000 ) ) ;
#1801 = DIRECTION ( 'NONE',  ( 1.000000000000000000, -0.000000000000000000, -0.000000000000000000 ) ) ;
#1802 = EDGE_CURVE ( 'NONE', #971, #4330, #4107, .T. ) ;
#1803 = EDGE_LOOP ( 'NONE', ( #2537, #324, #1459, #2431 ) ) ;
#1804 = CC_DESIGN_APPROVAL ( #840, ( #2019 ) ) ;
#1805 = CARTESIAN_POINT ( 'NONE',  ( -57.29999999999996874, -20.00000000000001066, 33.69604301605743757 ) ) ;
#1806 = CARTESIAN_POINT ( 'NONE',  ( -79.65575337182836790, -19.60349479664103356, -26.90445322288189445 ) ) ;
#1807 = CARTESIAN_POINT ( 'NONE',  ( 10.84999999999997655, -20.00000000000000355, -28.40790524597781896 ) ) ;
#1808 = DIRECTION ( 'NONE',  ( 1.000000000000000000, -0.000000000000000000, -0.000000000000000000 ) ) ;
#1809 = ORIENTED_EDGE ( 'NONE', *, *, #2089, .T. ) ;
#1810 = ORIENTED_EDGE ( 'NONE', *, *, #2920, .T. ) ;
#1811 = EDGE_CURVE ( 'NONE', #2018, #2115, #4398, .T. ) ;
#1812 = ORIENTED_EDGE ( 'NONE', *, *, #3207, .T. ) ;
#1813 = CARTESIAN_POINT ( 'NONE',  ( -58.07060923587516754, -16.78279555869101713, -41.90307895560936657 ) ) ;
#1814 = ORIENTED_EDGE ( 'NONE', *, *, #3280, .T. ) ;
#1815 = CARTESIAN_POINT ( 'NONE',  ( -80.17055237045181570, -17.31435347780821488, 4.571542383572925417 ) ) ;
#1816 = CARTESIAN_POINT ( 'NONE',  ( 10.84999999999998899, -20.00000000000000711, 7.592094754022179259 ) ) ;
#1817 = EDGE_CURVE ( 'NONE', #3035, #1937, #1822, .T. ) ;
#1818 = CARTESIAN_POINT ( 'NONE',  ( -66.29999999999998295, 14.97810195293247304, -44.53878952978850947 ) ) ;
#1819 = AXIS2_PLACEMENT_3D ( 'NONE', #2359, #218, #3326 ) ;
#1820 = CARTESIAN_POINT ( 'NONE',  ( -33.14999999999999147, -24.70000000000000639, -10.40790524597781364 ) ) ;
#1821 = CARTESIAN_POINT ( 'NONE',  ( -7.702796668257323454, -19.99999999999999645, -43.99605907366071733 ) ) ;
#1822 = CIRCLE ( 'NONE', #3576, 2.000000000000000444 ) ;
#1823 = FACE_OUTER_BOUND ( 'NONE', #1217, .T. ) ;
#1824 = CARTESIAN_POINT ( 'NONE',  ( -7.000000000000000888, 5.023975569927935148, -4.368302179500640925 ) ) ;
#1825 = EDGE_CURVE ( 'NONE', #781, #706, #1396, .T. ) ;
#1826 = ORIENTED_EDGE ( 'NONE', *, *, #1949, .F. ) ;
#1827 = VECTOR ( 'NONE', #4320, 1000.000000000000000 ) ;
#1828 = CARTESIAN_POINT ( 'NONE',  ( -57.35403964436436297, -17.44040644131712980, 34.53720350907769898 ) ) ;
#1829 = ORIENTED_EDGE ( 'NONE', *, *, #1954, .T. ) ;
#1830 = ADVANCED_FACE ( 'NONE', ( #1066 ), #3384, .F. ) ;
#1831 = CARTESIAN_POINT ( 'NONE',  ( 12.15873942397095142, -19.92191802946400259, -27.62266159159401013 ) ) ;
#1832 = CARTESIAN_POINT ( 'NONE',  ( -9.000000000000001776, 7.973689171506453732, -14.15509345761719828 ) ) ;
#1833 = ORIENTED_EDGE ( 'NONE', *, *, #2461, .T. ) ;
#1834 = DIRECTION ( 'NONE',  ( 0.000000000000000000, 0.000000000000000000, -1.000000000000000000 ) ) ;
#1835 = CARTESIAN_POINT ( 'NONE',  ( 19.52054638154832134, -19.69649888156851603, -26.19214921522550910 ) ) ;
#1836 = CARTESIAN_POINT ( 'NONE',  ( 15.84999999999999254, 7.999999999999992895, 2.592094754022184588 ) ) ;
#1837 = VERTEX_POINT ( 'NONE', #2400 ) ;
#1838 = CARTESIAN_POINT ( 'NONE',  ( -8.564557978042392605, -18.27211587590126030, 35.86862266237963581 ) ) ;
#1839 = DIRECTION ( 'NONE',  ( -0.000000000000000000, 1.000000000000000000, 0.000000000000000000 ) ) ;
#1840 = CARTESIAN_POINT ( 'NONE',  ( -1.000000000000000000, 14.97810195293247304, -44.53878952978850947 ) ) ;
#1841 = DIRECTION ( 'NONE',  ( -1.000000000000000000, 0.000000000000000000, 0.000000000000000000 ) ) ;
#1842 = DIRECTION ( 'NONE',  ( 0.000000000000000000, 0.000000000000000000, 1.000000000000000000 ) ) ;
#1843 = VERTEX_POINT ( 'NONE', #3452 ) ;
#1844 = EDGE_CURVE ( 'NONE', #2660, #1070, #2523, .T. ) ;
#1845 = ORIENTED_EDGE ( 'NONE', *, *, #1023, .F. ) ;
#1846 = CARTESIAN_POINT ( 'NONE',  ( 0.000000000000000000, 27.98400122115187116, -44.98323391926547998 ) ) ;
#1847 = CARTESIAN_POINT ( 'NONE',  ( -84.76467712269918309, -18.82996937483230937, -24.43236711714378018 ) ) ;
#1848 =( BOUNDED_CURVE ( )  B_SPLINE_CURVE ( 3, ( #3820, #4166, #418, #87 ),
 .UNSPECIFIED., .F., .T. ) 
 B_SPLINE_CURVE_WITH_KNOTS ( ( 4, 4 ),
 ( 4.712388980384689674, 6.283185307179586232 ),
 .UNSPECIFIED. ) 
 CURVE ( )  GEOMETRIC_REPRESENTATION_ITEM ( )  RATIONAL_B_SPLINE_CURVE ( ( 1.000000000000000000, 0.8047378541243649375, 0.8047378541243649375, 1.000000000000000000 ) ) 
 REPRESENTATION_ITEM ( '' )  );
#1849 = CARTESIAN_POINT ( 'NONE',  ( 1.301042606982605321E-15, -17.99999999999999645, -41.99605910568064360 ) ) ;
#1850 = CARTESIAN_POINT ( 'NONE',  ( -66.29999999999998295, -17.99999999999999645, -41.99605910568064360 ) ) ;
#1851 = ORIENTED_EDGE ( 'NONE', *, *, #1811, .T. ) ;
#1852 = ORIENTED_EDGE ( 'NONE', *, *, #4392, .T. ) ;
#1853 = EDGE_CURVE ( 'NONE', #2893, #3563, #746, .T. ) ;
#1854 = DIRECTION ( 'NONE',  ( -1.000000000000000000, -0.000000000000000000, -0.000000000000000000 ) ) ;
#1855 = CARTESIAN_POINT ( 'NONE',  ( -79.97062839114207122, -18.25977905610873719, 4.771466362881081835 ) ) ;
#1856 = LINE ( 'NONE', #3211, #1472 ) ;
#1857 = CARTESIAN_POINT ( 'NONE',  ( -84.14999999999997726, 7.999999999999991118, 2.592094754022198355 ) ) ;
#1858 = CARTESIAN_POINT ( 'NONE',  ( -9.000000000000005329, -17.21869782877061894, 34.15903430771776783 ) ) ;
#1859 = AXIS2_PLACEMENT_3D ( 'NONE', #438, #1808, #3147 ) ;
#1860 = CARTESIAN_POINT ( 'NONE',  ( -80.14999999999997726, -18.75735931288072322, 2.592094754022193470 ) ) ;
#1861 = CARTESIAN_POINT ( 'NONE',  ( -9.950024169985660194, -19.99999999999999645, -43.37423686955615665 ) ) ;
#1862 = AXIS2_PLACEMENT_3D ( 'NONE', #404, #723, #2092 ) ;
#1863 = CIRCLE ( 'NONE', #1508, 1.500000000000001332 ) ;
#1864 = DIRECTION ( 'NONE',  ( 0.000000000000000000, 1.773818015894350404E-15, 1.000000000000000000 ) ) ;
#1865 = ORIENTED_EDGE ( 'NONE', *, *, #4336, .T. ) ;
#1866 = VERTEX_POINT ( 'NONE', #3075 ) ;
#1867 = DIRECTION ( 'NONE',  ( 0.000000000000000000, 0.000000000000000000, -1.000000000000000000 ) ) ;
#1868 = CARTESIAN_POINT ( 'NONE',  ( -84.14215292189818740, -17.13083672297506865, -25.40005816787545356 ) ) ;
#1869 = AXIS2_PLACEMENT_3D ( 'NONE', #274, #1645, #3949 ) ;
#1870 = CARTESIAN_POINT ( 'NONE',  ( 10.84999999999998010, -20.00000000000000355, -28.40790524597782252 ) ) ;
#1871 = ORIENTED_EDGE ( 'NONE', *, *, #878, .T. ) ;
#1872 = LINE ( 'NONE', #2554, #2492 ) ;
#1873 = ORIENTED_EDGE ( 'NONE', *, *, #3545, .T. ) ;
#1874 =( BOUNDED_CURVE ( )  B_SPLINE_CURVE ( 3, ( #425, #2417, #3447, #1728 ),
 .UNSPECIFIED., .F., .T. ) 
 B_SPLINE_CURVE_WITH_KNOTS ( ( 4, 4 ),
 ( 3.141592653589793116, 4.712388980384689674 ),
 .UNSPECIFIED. ) 
 CURVE ( )  GEOMETRIC_REPRESENTATION_ITEM ( )  RATIONAL_B_SPLINE_CURVE ( ( 1.000000000000000000, 0.8047378541243649375, 0.8047378541243649375, 1.000000000000000000 ) ) 
 REPRESENTATION_ITEM ( '' )  );
#1875 = ADVANCED_FACE ( 'NONE', ( #29 ), #3119, .T. ) ;
#1876 = LINE ( 'NONE', #2516, #864 ) ;
#1877 = CARTESIAN_POINT ( 'NONE',  ( -79.84649888173522925, -18.32945361804911499, 3.097929951130244941 ) ) ;
#1878 = CARTESIAN_POINT ( 'NONE',  ( 2.000000000000001776, -20.00000000000001066, 34.46388433277643060 ) ) ;
#1879 = EDGE_CURVE ( 'NONE', #165, #4203, #2531, .T. ) ;
#1880 = CARTESIAN_POINT ( 'NONE',  ( -85.32003062497928170, -19.38532287717492508, 4.542145795653455664 ) ) ;
#1881 = CARTESIAN_POINT ( 'NONE',  ( -7.000000000000002665, -20.00000000000001066, 38.89142680434118660 ) ) ;
#1882 = CARTESIAN_POINT ( 'NONE',  ( -33.14999999999998437, -23.00000000000002842, -70.40790524597782962 ) ) ;
#1883 = FACE_BOUND ( 'NONE', #3894, .T. ) ;
#1884 = AXIS2_PLACEMENT_3D ( 'NONE', #3554, #2889, #2191 ) ;
#1885 = DIRECTION ( 'NONE',  ( 0.000000000000000000, 0.000000000000000000, 1.000000000000000000 ) ) ;
#1886 = EDGE_LOOP ( 'NONE', ( #2429, #4403, #518, #3758, #1414 ) ) ;
#1887 = ORIENTED_EDGE ( 'NONE', *, *, #1879, .F. ) ;
#1888 = CYLINDRICAL_SURFACE ( 'NONE', #780, 3.000000000000002665 ) ;
#1889 = AXIS2_PLACEMENT_3D ( 'NONE', #1339, #3426, #4041 ) ;
#1890 = CARTESIAN_POINT ( 'NONE',  ( 26.85000000000001918, 7.973689171506453732, -1.855093457617198016 ) ) ;
#1891 = EDGE_LOOP ( 'NONE', ( #3613, #534, #2881, #89 ) ) ;
#1892 = DIRECTION ( 'NONE',  ( 0.000000000000000000, 0.000000000000000000, -1.000000000000000000 ) ) ;
#1893 = AXIS2_PLACEMENT_3D ( 'NONE', #4355, #2663, #2895 ) ;
#1894 = VECTOR ( 'NONE', #1761, 1000.000000000000000 ) ;
#1895 = EDGE_CURVE ( 'NONE', #2084, #1163, #1676, .T. ) ;
#1896 = CARTESIAN_POINT ( 'NONE',  ( -0.0007784615589358907751, -18.13047545566258734, -41.99528064412140083 ) ) ;
#1897 = ORIENTED_EDGE ( 'NONE', *, *, #1023, .T. ) ;
#1898 = CARTESIAN_POINT ( 'NONE',  ( 0.000000000000000000, 5.023975569927935148, -4.368302179500640925 ) ) ;
#1899 = ORIENTED_EDGE ( 'NONE', *, *, #3164, .F. ) ;
#1900 = ORIENTED_EDGE ( 'NONE', *, *, #1222, .T. ) ;
#1901 = EDGE_LOOP ( 'NONE', ( #1812, #1134, #1753, #1221 ) ) ;
#1902 = EDGE_CURVE ( 'NONE', #2648, #3930, #2163, .T. ) ;
#1903 = CARTESIAN_POINT ( 'NONE',  ( -68.29999999999998295, -19.99999999999999645, -40.53272616761720570 ) ) ;
#1904 = CARTESIAN_POINT ( 'NONE',  ( 17.80005104163161889, -19.38532287717423586, -26.57793587095611088 ) ) ;
#1905 = DIRECTION ( 'NONE',  ( 0.000000000000000000, 0.000000000000000000, 1.000000000000000000 ) ) ;
#1906 = CARTESIAN_POINT ( 'NONE',  ( -8.475234699826502904, -18.39598151259712466, 36.06759567775873876 ) ) ;
#1907 = ORIENTED_EDGE ( 'NONE', *, *, #3847, .T. ) ;
#1908 = CARTESIAN_POINT ( 'NONE',  ( -10.08591391163282225, -20.00000000000001066, 37.68353995916337595 ) ) ;
#1909 = CARTESIAN_POINT ( 'NONE',  ( -66.29999999999998295, 7.973689171506453732, 3.094906542382827475 ) ) ;
#1910 = DIRECTION ( 'NONE',  ( -1.000000000000000000, 0.000000000000000000, 0.000000000000000000 ) ) ;
#1911 = FACE_OUTER_BOUND ( 'NONE', #1933, .T. ) ;
#1912 = ORIENTED_EDGE ( 'NONE', *, *, #2440, .T. ) ;
#1913 = ADVANCED_FACE ( 'NONE', ( #798 ), #820, .F. ) ;
#1914 = CARTESIAN_POINT ( 'NONE',  ( -77.93524365438432255, -19.92191802946377521, -27.09916582200607138 ) ) ;
#1915 = DIRECTION ( 'NONE',  ( 0.000000000000000000, 1.000000000000000000, 1.779499736546008737E-16 ) ) ;
#1916 = CARTESIAN_POINT ( 'NONE',  ( -84.32937160885806804, -18.25977905610917063, -25.58727685483653502 ) ) ;
#1917 = CARTESIAN_POINT ( 'NONE',  ( 2.000000000000004885, -19.99999999999999289, -43.99605910568065781 ) ) ;
#1918 = EDGE_LOOP ( 'NONE', ( #1061, #2896, #704, #2691 ) ) ;
#1919 = CARTESIAN_POINT ( 'NONE',  ( -57.29999999999998295, 26.98400122115187472, -44.96581114591766237 ) ) ;
#1920 = ORIENTED_EDGE ( 'NONE', *, *, #2707, .T. ) ;
#1921 = ORIENTED_EDGE ( 'NONE', *, *, #2686, .T. ) ;
#1922 = VERTEX_POINT ( 'NONE', #1846 ) ;
#1923 = DIRECTION ( 'NONE',  ( 0.000000000000000000, -1.000000000000000000, -1.779499736546008737E-16 ) ) ;
#1924 = CARTESIAN_POINT ( 'NONE',  ( -7.000000000000000888, 16.00033292080716407, 14.65174792317291441 ) ) ;
#1925 = CARTESIAN_POINT ( 'NONE',  ( -33.14999999999999147, -20.00000000000000355, -10.40790524597781364 ) ) ;
#1926 = ADVANCED_FACE ( 'NONE', ( #3203 ), #136, .F. ) ;
#1927 = CARTESIAN_POINT ( 'NONE',  ( -84.30322168666751281, -17.96664697614143336, 2.847464231801273282 ) ) ;
#1928 = CARTESIAN_POINT ( 'NONE',  ( 15.85000000000169251, -17.19635176726981030, 4.592094754022181036 ) ) ;
#1929 = DIRECTION ( 'NONE',  ( 0.000000000000000000, -1.000000000000000000, 0.000000000000000000 ) ) ;
#1930 = CARTESIAN_POINT ( 'NONE',  ( -57.29999999999998295, -16.99999999999999645, -39.95486337595898618 ) ) ;
#1931 = LINE ( 'NONE', #627, #1515 ) ;
#1932 = VECTOR ( 'NONE', #2404, 1000.000000000000000 ) ;
#1933 = EDGE_LOOP ( 'NONE', ( #942, #2604, #3598, #1176 ) ) ;
#1934 = CARTESIAN_POINT ( 'NONE',  ( -78.65345202309690364, -19.60349479664035144, -25.90215187415014952 ) ) ;
#1935 = CARTESIAN_POINT ( 'NONE',  ( -59.29999999999998295, 14.97810195293247304, -44.53878952978850947 ) ) ;
#1936 = AXIS2_PLACEMENT_3D ( 'NONE', #3358, #334, #1707 ) ;
#1937 = VERTEX_POINT ( 'NONE', #4216 ) ;
#1938 = CARTESIAN_POINT ( 'NONE',  ( 26.85000000000001918, 16.47368917150645373, -10.40509345761720006 ) ) ;
#1939 = ADVANCED_FACE ( 'NONE', ( #2793 ), #3152, .T. ) ;
#1940 = CARTESIAN_POINT ( 'NONE',  ( -85.84126057603288018, -19.92191802946400259, -27.62266159159399947 ) ) ;
#1941 = AXIS2_PLACEMENT_3D ( 'NONE', #3735, #303, #692 ) ;
#1942 = B_SPLINE_CURVE_WITH_KNOTS ( 'NONE', 3,
 ( #1641, #4013, #3356, #585, #333, #3293 ),
 .UNSPECIFIED., .F., .F.,
 ( 4, 2, 4 ),
 ( 0.000000000000000000, 0.5000000000000000000, 1.000000000000000000 ),
 .UNSPECIFIED. ) ;
#1943 = CARTESIAN_POINT ( 'NONE',  ( 1.607230118449058720, -19.99999999999999289, -43.73421251797889653 ) ) ;
#1944 = CARTESIAN_POINT ( 'NONE',  ( -0.008815498366662498711, -21.23719031357589770, 37.47994330019283638 ) ) ;
#1945 = ORIENTED_EDGE ( 'NONE', *, *, #1811, .F. ) ;
#1946 = CIRCLE ( 'NONE', #3991, 1.500000000000000444 ) ;
#1947 = CARTESIAN_POINT ( 'NONE',  ( -59.10395715580151688, -16.99785760761590936, -42.26123866274466678 ) ) ;
#1948 = CARTESIAN_POINT ( 'NONE',  ( -82.14999999999997726, 7.999999999999996447, -23.40790524597780120 ) ) ;
#1949 = EDGE_CURVE ( 'NONE', #3235, #3324, #1536, .T. ) ;
#1950 = CARTESIAN_POINT ( 'NONE',  ( -58.94701344117449082, -17.00033292881501623, -42.26381612422901668 ) ) ;
#1951 = CARTESIAN_POINT ( 'NONE',  ( -84.76467712269948152, -18.82996937483276412, 3.616556625188332763 ) ) ;
#1952 = ORIENTED_EDGE ( 'NONE', *, *, #3570, .T. ) ;
#1953 = CARTESIAN_POINT ( 'NONE',  ( 17.80005104163088347, -19.38532287717478297, 5.762125379001282077 ) ) ;
#1954 = EDGE_CURVE ( 'NONE', #443, #2224, #117, .T. ) ;
#1955 = CARTESIAN_POINT ( 'NONE',  ( 13.87448598397976696, -17.42996240070233327, 4.567608770042861366 ) ) ;
#1956 = CARTESIAN_POINT ( 'NONE',  ( -62.77537688925657733, -19.07537654102716829, 37.20287530589551039 ) ) ;
#1957 = VERTEX_POINT ( 'NONE', #3496 ) ;
#1958 = LINE ( 'NONE', #1044, #1543 ) ;
#1959 = CARTESIAN_POINT ( 'NONE',  ( -59.29999999999998295, -20.00000000000001066, 38.89142680434118660 ) ) ;
#1960 = DIRECTION ( 'NONE',  ( -1.000000000000000000, -0.000000000000000000, -0.000000000000000000 ) ) ;
#1961 = ADVANCED_FACE ( 'NONE', ( #2161 ), #3508, .F. ) ;
#1962 = CARTESIAN_POINT ( 'NONE',  ( -84.14999999999997726, -17.00000000000000711, 4.592094754022193470 ) ) ;
#1963 = CIRCLE ( 'NONE', #1248, 8.500000000000001776 ) ;
#1964 = CYLINDRICAL_SURFACE ( 'NONE', #2174, 12.52646064719166041 ) ;
#1965 = ORIENTED_EDGE ( 'NONE', *, *, #2821, .T. ) ;
#1966 = CARTESIAN_POINT ( 'NONE',  ( -0.3696677315760155680, -21.98792470254758058, 38.63327611972079723 ) ) ;
#1967 = ORIENTED_EDGE ( 'NONE', *, *, #4235, .T. ) ;
#1968 = ORIENTED_EDGE ( 'NONE', *, *, #1292, .T. ) ;
#1969 = AXIS2_PLACEMENT_3D ( 'NONE', #2713, #2773, #4135 ) ;
#1970 = DIRECTION ( 'NONE',  ( 0.000000000000000000, 1.734723475976808672E-15, -1.000000000000000000 ) ) ;
#1971 = VECTOR ( 'NONE', #1144, 1000.000000000000000 ) ;
#1972 = DIRECTION ( 'NONE',  ( 0.000000000000000000, 0.000000000000000000, 1.000000000000000000 ) ) ;
#1973 = CARTESIAN_POINT ( 'NONE',  ( -57.52320909817104422, -16.59526592380698773, -41.28008278451431323 ) ) ;
#1974 = CARTESIAN_POINT ( 'NONE',  ( -84.14999999999997726, -17.19635176726976056, 2.592094754022763681 ) ) ;
#1975 = FACE_OUTER_BOUND ( 'NONE', #2578, .T. ) ;
#1976 = CARTESIAN_POINT ( 'NONE',  ( 13.69677831333227580, -17.96664697614184192, 2.847464231801256407 ) ) ;
#1977 = CYLINDRICAL_SURFACE ( 'NONE', #3049, 12.52646064719166397 ) ;
#1978 = CARTESIAN_POINT ( 'NONE',  ( -62.94122881615858489, -19.31254761704149914, 37.37897375181847082 ) ) ;
#1979 = EDGE_LOOP ( 'NONE', ( #1768, #3989, #3232, #3972 ) ) ;
#1980 = CARTESIAN_POINT ( 'NONE',  ( -67.76854191752534007, -19.93316574299748112, 34.79126498291969227 ) ) ;
#1981 = CARTESIAN_POINT ( 'NONE',  ( -57.29999999999998295, 7.973689171506451956, -18.95509345761719899 ) ) ;
#1982 = CARTESIAN_POINT ( 'NONE',  ( -12.00000000000000000, -20.00000000000000355, -10.40790524597781364 ) ) ;
#1983 = ADVANCED_FACE ( 'NONE', ( #1558 ), #981, .F. ) ;
#1984 = FACE_OUTER_BOUND ( 'NONE', #1141, .T. ) ;
#1985 = CARTESIAN_POINT ( 'NONE',  ( 13.77893218813450993, -20.00000000000000355, -26.65054593309709929 ) ) ;
#1986 = ORIENTED_EDGE ( 'NONE', *, *, #1817, .T. ) ;
#1987 = EDGE_LOOP ( 'NONE', ( #2035, #2568 ) ) ;
#1988 = CARTESIAN_POINT ( 'NONE',  ( -7.808539109248422427, -20.00000000000001066, 38.82258097394099394 ) ) ;
#1989 = CARTESIAN_POINT ( 'NONE',  ( -6.999999999999999112, -17.30263860977007084, -42.08935732073210545 ) ) ;
#1990 = EDGE_CURVE ( 'NONE', #3118, #4101, #969, .T. ) ;
#1991 = CARTESIAN_POINT ( 'NONE',  ( -54.50750119368791502, -19.99999999999999645, -41.42848774695389125 ) ) ;
#1992 = DIRECTION ( 'NONE',  ( 0.000000000000000000, 0.000000000000000000, 1.000000000000000000 ) ) ;
#1993 = ADVANCED_FACE ( 'NONE', ( #233 ), #2040, .T. ) ;
#1994 = ORIENTED_EDGE ( 'NONE', *, *, #4211, .F. ) ;
#1995 = CARTESIAN_POINT ( 'NONE',  ( 17.84999999998871800, -17.06497768081845834, 4.592094754010768831 ) ) ;
#1996 = CARTESIAN_POINT ( 'NONE',  ( 13.83066173611570449, -17.39269422780610341, 2.624325193829313285 ) ) ;
#1997 = CARTESIAN_POINT ( 'NONE',  ( -9.000000000000001776, -17.00000000000000711, 33.69604301605744467 ) ) ;
#1998 = CARTESIAN_POINT ( 'NONE',  ( -57.88530337976753515, -18.47980945863623958, 36.20230913991577637 ) ) ;
#1999 = ORIENTED_EDGE ( 'NONE', *, *, #2693, .F. ) ;
#2000 = CARTESIAN_POINT ( 'NONE',  ( -9.000000000000001776, -0.5263108284935463788, -12.78009345761719473 ) ) ;
#2001 = CARTESIAN_POINT ( 'NONE',  ( -84.14999999999997726, -18.75735931288072322, 2.592094754022196135 ) ) ;
#2002 = EDGE_CURVE ( 'NONE', #417, #1520, #1326, .T. ) ;
#2003 = ORIENTED_EDGE ( 'NONE', *, *, #2169, .F. ) ;
#2004 = DIRECTION ( 'NONE',  ( 1.000000000000000000, 0.000000000000000000, 0.000000000000000000 ) ) ;
#2005 = VECTOR ( 'NONE', #2943, 1000.000000000000000 ) ;
#2006 = DIRECTION ( 'NONE',  ( 0.000000000000000000, 0.000000000000000000, 1.000000000000000000 ) ) ;
#2007 = AXIS2_PLACEMENT_3D ( 'NONE', #836, #3139, #469 ) ;
#2008 = CARTESIAN_POINT ( 'NONE',  ( 15.84999999999998543, -18.75735931288071612, -25.40790524597781541 ) ) ;
#2009 = ORIENTED_EDGE ( 'NONE', *, *, #1484, .F. ) ;
#2010 = CIRCLE ( 'NONE', #4130, 60.00000000000001421 ) ;
#2011 = VECTOR ( 'NONE', #1788, 1000.000000000000000 ) ;
#2012 = FACE_BOUND ( 'NONE', #3666, .T. ) ;
#2013 = CYLINDRICAL_SURFACE ( 'NONE', #2234, 2.000000000000001776 ) ;
#2014 = FACE_BOUND ( 'NONE', #1308, .T. ) ;
#2015 = VECTOR ( 'NONE', #3423, 1000.000000000000000 ) ;
#2016 = PLANE ( 'NONE',  #2290 ) ;
#2017 = ADVANCED_FACE ( 'NONE', ( #2641 ), #3317, .F. ) ;
#2018 = VERTEX_POINT ( 'NONE', #4263 ) ;
#2019 = PRODUCT_DEFINITION_FORMATION_WITH_SPECIFIED_SOURCE ( 'ANY', '', #3195, .NOT_KNOWN. ) ;
#2020 = CARTESIAN_POINT ( 'NONE',  ( 19.52054638154832489, -19.69649888156852313, 5.376338723269868503 ) ) ;
#2021 = CARTESIAN_POINT ( 'NONE',  ( 15.84999999999998899, -17.00000000000000711, 4.592094754022179259 ) ) ;
#2022 = EDGE_CURVE ( 'NONE', #4106, #1534, #1624, .T. ) ;
#2023 = B_SPLINE_CURVE_WITH_KNOTS ( 'NONE', 3,
 ( #390, #1407, #1096, #78 ),
 .UNSPECIFIED., .F., .F.,
 ( 4, 4 ),
 ( 3.469446951953614189E-18, 0.005659323759986755777 ),
 .UNSPECIFIED. ) ;
#2024 = CARTESIAN_POINT ( 'NONE',  ( -12.00000000000000000, -20.00000000000001066, 33.69604301605743046 ) ) ;
#2025 = DATE_AND_TIME ( #649, #1232 ) ;
#2026 = ORIENTED_EDGE ( 'NONE', *, *, #3399, .F. ) ;
#2027 = CYLINDRICAL_SURFACE ( 'NONE', #2674, 2.000000000000000000 ) ;
#2028 = CARTESIAN_POINT ( 'NONE',  ( 0.000000000000000000, 16.50016646040357671, 15.51786941158809618 ) ) ;
#2029 = LINE ( 'NONE', #4040, #2717 ) ;
#2030 = ORIENTED_EDGE ( 'NONE', *, *, #932, .T. ) ;
#2031 = CARTESIAN_POINT ( 'NONE',  ( -37.14999999999999147, -30.00000000000000711, -17.90790524597781541 ) ) ;
#2032 = AXIS2_PLACEMENT_3D ( 'NONE', #1415, #695, #2128 ) ;
#2033 = CARTESIAN_POINT ( 'NONE',  ( -66.29999999999998295, -18.00000000000001066, 35.96102292796209099 ) ) ;
#2034 = CARTESIAN_POINT ( 'NONE',  ( 12.83248025235907797, -19.26016043476019135, -25.10377149204581926 ) ) ;
#2035 = ORIENTED_EDGE ( 'NONE', *, *, #4075, .T. ) ;
#2036 = CIRCLE ( 'NONE', #1114, 13.50000000000003908 ) ;
#2037 = ORIENTED_EDGE ( 'NONE', *, *, #2955, .T. ) ;
#2038 = FACE_OUTER_BOUND ( 'NONE', #2044, .T. ) ;
#2039 = EDGE_CURVE ( 'NONE', #3855, #3323, #1678, .T. ) ;
#2040 = TOROIDAL_SURFACE ( 'NONE', #4014, 3.000000000000000000, 1.000000000000000000 ) ;
#2041 = LINE ( 'NONE', #1903, #286 ) ;
#2042 = CARTESIAN_POINT ( 'NONE',  ( 11.37364392074161756, -19.99999999999679900, 7.068450833280550683 ) ) ;
#2043 = LINE ( 'NONE', #2342, #4059 ) ;
#2044 = EDGE_LOOP ( 'NONE', ( #2916, #869, #1021, #2654 ) ) ;
#2045 = DIRECTION ( 'NONE',  ( 0.000000000000000000, 0.000000000000000000, -1.000000000000000000 ) ) ;
#2046 = ORIENTED_EDGE ( 'NONE', *, *, #3520, .F. ) ;
#2047 = CARTESIAN_POINT ( 'NONE',  ( -57.29999999999998295, 7.973689171506451956, -17.45509345761719899 ) ) ;
#2048 = CARTESIAN_POINT ( 'NONE',  ( 0.000000000000000000, 27.98400122115187116, -44.98323391926547998 ) ) ;
#2049 = EDGE_CURVE ( 'NONE', #4096, #684, #4087, .T. ) ;
#2050 = EDGE_LOOP ( 'NONE', ( #3734, #415, #1123 ) ) ;
#2051 = CARTESIAN_POINT ( 'NONE',  ( -33.14999999999998437, -29.99999999999999645, -70.40790524597782962 ) ) ;
#2052 = DIRECTION ( 'NONE',  ( 0.000000000000000000, -0.8661214884151777760, 0.4998335395964111361 ) ) ;
#2053 = DIRECTION ( 'NONE',  ( 0.000000000000000000, -1.156482317317871478E-16, 1.000000000000000000 ) ) ;
#2054 = CARTESIAN_POINT ( 'NONE',  ( -58.29999999999998295, 28.98400122115187827, -44.99999899417180416 ) ) ;
#2055 = ORIENTED_EDGE ( 'NONE', *, *, #1798, .F. ) ;
#2056 = CYLINDRICAL_SURFACE ( 'NONE', #503, 12.50000000000000355 ) ;
#2057 = DIRECTION ( 'NONE',  ( -1.000000000000000000, 0.000000000000000000, 0.000000000000000000 ) ) ;
#2058 = ORIENTED_EDGE ( 'NONE', *, *, #488, .T. ) ;
#2059 = DIRECTION ( 'NONE',  ( 0.000000000000000000, 0.000000000000000000, -1.000000000000000000 ) ) ;
#2060 = CIRCLE ( 'NONE', #4038, 0.9999999999999994449 ) ;
#2061 = EDGE_CURVE ( 'NONE', #434, #3981, #586, .T. ) ;
#2062 = DIRECTION ( 'NONE',  ( -0.000000000000000000, -1.000000000000000000, -0.000000000000000000 ) ) ;
#2063 = EDGE_LOOP ( 'NONE', ( #713, #3800, #3070, #1871 ) ) ;
#2064 = DIRECTION ( 'NONE',  ( -1.000000000000000000, -0.000000000000000000, 0.000000000000000000 ) ) ;
#2065 = FACE_OUTER_BOUND ( 'NONE', #3867, .T. ) ;
#2066 = CARTESIAN_POINT ( 'NONE',  ( -84.14999999999997726, 7.999999999999996447, -25.40790524597780120 ) ) ;
#2067 = DIRECTION ( 'NONE',  ( -1.000000000000000000, -2.057959978987270500E-32, 1.156482317317871725E-16 ) ) ;
#2068 = LINE ( 'NONE', #2093, #2015 ) ;
#2069 = LOCAL_TIME ( 14, 27, 6.000000000000000000, #91 ) ;
#2070 = EDGE_CURVE ( 'NONE', #4412, #3930, #3585, .T. ) ;
#2071 = EDGE_LOOP ( 'NONE', ( #2110, #2117, #2631 ) ) ;
#2072 = DIRECTION ( 'NONE',  ( 1.000000000000000000, 0.000000000000000000, 0.000000000000000000 ) ) ;
#2073 = EDGE_CURVE ( 'NONE', #2281, #17, #459, .T. ) ;
#2074 = VECTOR ( 'NONE', #1408, 1000.000000000000114 ) ;
#2075 = CARTESIAN_POINT ( 'NONE',  ( -8.000000000000000000, 28.98400122115187472, -44.99999899417180416 ) ) ;
#2076 = CARTESIAN_POINT ( 'NONE',  ( 14.15413375393232798, -19.26016043476036543, -26.42542499361889341 ) ) ;
#2077 = DIRECTION ( 'NONE',  ( 0.000000000000000000, -1.000000000000000000, -1.779499736546008737E-16 ) ) ;
#2078 = VERTEX_POINT ( 'NONE', #911 ) ;
#2079 = AXIS2_PLACEMENT_3D ( 'NONE', #1356, #1337, #381 ) ;
#2080 = VECTOR ( 'NONE', #1767, 1000.000000000000000 ) ;
#2081 = DIRECTION ( 'NONE',  ( 0.000000000000000000, 0.000000000000000000, -1.000000000000000000 ) ) ;
#2082 = ADVANCED_FACE ( 'NONE', ( #2597 ), #2388, .T. ) ;
#2083 = CARTESIAN_POINT ( 'NONE',  ( -3.358887022423188817, -19.31231771308441125, 37.37877505400728495 ) ) ;
#2084 = VERTEX_POINT ( 'NONE', #2260 ) ;
#2085 = AXIS2_PLACEMENT_3D ( 'NONE', #1018, #4408, #4369 ) ;
#2086 = CARTESIAN_POINT ( 'NONE',  ( -80.14999999999997726, 7.999999999999996447, -25.40790524597780475 ) ) ;
#2087 = CARTESIAN_POINT ( 'NONE',  ( 17.84999999999998721, 7.999999999999996447, -23.40790524597781896 ) ) ;
#2088 = LINE ( 'NONE', #2436, #285 ) ;
#2089 = EDGE_CURVE ( 'NONE', #1843, #3424, #3192, .T. ) ;
#2090 = EDGE_LOOP ( 'NONE', ( #292, #906, #1967, #2580, #2374 ) ) ;
#2091 = CARTESIAN_POINT ( 'NONE',  ( -1.000000000000000888, -17.99999999999999645, -41.99605910568064360 ) ) ;
#2092 = DIRECTION ( 'NONE',  ( 0.000000000000000000, -0.4998335395964111361, -0.8661214884151777760 ) ) ;
#2093 = CARTESIAN_POINT ( 'NONE',  ( -33.14999999999999147, -20.00000000000001421, 38.89142680434118660 ) ) ;
#2094 = ORIENTED_EDGE ( 'NONE', *, *, #468, .T. ) ;
#2095 = DIRECTION ( 'NONE',  ( 0.000000000000000000, 0.000000000000000000, 1.000000000000000000 ) ) ;
#2096 = DIRECTION ( 'NONE',  ( 0.000000000000000000, 0.000000000000000000, -1.000000000000000000 ) ) ;
#2097 = DIRECTION ( 'NONE',  ( -1.000000000000000000, 0.000000000000000000, 0.000000000000000000 ) ) ;
#2098 = CARTESIAN_POINT ( 'NONE',  ( 0.000000000000000000, -18.97803361277385648, 34.70488125747370844 ) ) ;
#2099 = EDGE_LOOP ( 'NONE', ( #1994, #1451, #1098, #213 ) ) ;
#2100 = ORIENTED_EDGE ( 'NONE', *, *, #3246, .T. ) ;
#2101 = EDGE_LOOP ( 'NONE', ( #372, #3925, #2185, #1887 ) ) ;
#2102 = DIRECTION ( 'NONE',  ( 0.000000000000000000, 0.000000000000000000, 1.000000000000000000 ) ) ;
#2103 = ORIENTED_EDGE ( 'NONE', *, *, #2995, .T. ) ;
#2104 = VECTOR ( 'NONE', #3029, 1000.000000000000000 ) ;
#2105 = CARTESIAN_POINT ( 'NONE',  ( -57.29999999999998295, 7.973689171506453732, -1.855093457617198016 ) ) ;
#2106 = FACE_OUTER_BOUND ( 'NONE', #2744, .T. ) ;
#2107 = CARTESIAN_POINT ( 'NONE',  ( -8.218518611052333611, 28.57531277084158106, -44.99322364686811682 ) ) ;
#2108 = AXIS2_PLACEMENT_3D ( 'NONE', #1102, #1439, #1463 ) ;
#2109 = CIRCLE ( 'NONE', #2735, 14.01349094556904262 ) ;
#2110 = ORIENTED_EDGE ( 'NONE', *, *, #2137, .F. ) ;
#2111 = CARTESIAN_POINT ( 'NONE',  ( -9.000000000000001776, 7.973689171506451956, -20.45509345761720255 ) ) ;
#2112 = CIRCLE ( 'NONE', #175, 2.000000000000000000 ) ;
#2113 = DIRECTION ( 'NONE',  ( 1.000000000000000000, 0.000000000000000000, 0.000000000000000000 ) ) ;
#2114 = CYLINDRICAL_SURFACE ( 'NONE', #3272, 14.01349094556904262 ) ;
#2115 = VERTEX_POINT ( 'NONE', #3133 ) ;
#2116 = CARTESIAN_POINT ( 'NONE',  ( -33.14999999999998437, -29.99999999999999645, -70.40790524597782962 ) ) ;
#2117 = ORIENTED_EDGE ( 'NONE', *, *, #3501, .F. ) ;
#2118 = ADVANCED_FACE ( 'NONE', ( #4036 ), #4167, .T. ) ;
#2119 = CARTESIAN_POINT ( 'NONE',  ( 26.85000000000001918, 7.973689171506453732, -10.40509345761719828 ) ) ;
#2120 = LINE ( 'NONE', #4110, #2238 ) ;
#2121 = DIRECTION ( 'NONE',  ( 1.000000000000000000, 1.543469984240450904E-31, -8.673617379884027583E-16 ) ) ;
#2122 = ORIENTED_EDGE ( 'NONE', *, *, #3515, .F. ) ;
#2123 = VERTEX_POINT ( 'NONE', #294 ) ;
#2124 = APPROVAL ( #2500, 'UNSPECIFIED' ) ;
#2125 = ORIENTED_EDGE ( 'NONE', *, *, #4293, .T. ) ;
#2126 = DIRECTION ( 'NONE',  ( 0.000000000000000000, 0.000000000000000000, -1.000000000000000000 ) ) ;
#2127 = EDGE_LOOP ( 'NONE', ( #115, #2860 ) ) ;
#2128 = DIRECTION ( 'NONE',  ( 0.000000000000000000, 0.000000000000000000, -1.000000000000000000 ) ) ;
#2129 = DIRECTION ( 'NONE',  ( 1.000000000000000000, 0.000000000000000000, 0.000000000000000000 ) ) ;
#2130 = ADVANCED_FACE ( 'NONE', ( #88 ), #3432, .T. ) ;
#2131 = CARTESIAN_POINT ( 'NONE',  ( -8.912236883401869036, -17.53076972250445209, 34.68104080193833028 ) ) ;
#2132 = EDGE_LOOP ( 'NONE', ( #697, #1567, #1852, #710 ) ) ;
#2133 = CARTESIAN_POINT ( 'NONE',  ( -11.79249880631119396, -19.99999999999999645, -41.42848774695379888 ) ) ;
#2134 = DIRECTION ( 'NONE',  ( 0.000000000000000000, 0.000000000000000000, 1.000000000000000000 ) ) ;
#2135 = DIRECTION ( 'NONE',  ( -1.000000000000000000, 0.000000000000000000, 0.000000000000000000 ) ) ;
#2136 = VERTEX_POINT ( 'NONE', #62 ) ;
#2137 = EDGE_CURVE ( 'NONE', #3129, #2289, #4115, .T. ) ;
#2138 = CARTESIAN_POINT ( 'NONE',  ( -33.14999999999999147, -23.00000000000002842, -10.40790524597781364 ) ) ;
#2139 = ORIENTED_EDGE ( 'NONE', *, *, #672, .F. ) ;
#2140 = ORIENTED_EDGE ( 'NONE', *, *, #700, .T. ) ;
#2141 = CARTESIAN_POINT ( 'NONE',  ( -80.15000000000898694, -17.06497768081848321, -25.40790524596653555 ) ) ;
#2142 = CARTESIAN_POINT ( 'NONE',  ( -58.29999999999998295, 7.973689171506455509, -22.90509345761720184 ) ) ;
#2143 = CARTESIAN_POINT ( 'NONE',  ( 0.000000000000000000, -18.00000000000001066, 33.47919422529675160 ) ) ;
#2144 = ORIENTED_EDGE ( 'NONE', *, *, #1714, .T. ) ;
#2145 = ORIENTED_EDGE ( 'NONE', *, *, #3091, .F. ) ;
#2146 = CIRCLE ( 'NONE', #2280, 2.000000000000000000 ) ;
#2147 = CARTESIAN_POINT ( 'NONE',  ( -57.43562200872225532, -16.63557043844199868, -41.00114178099568818 ) ) ;
#2148 = ORIENTED_EDGE ( 'NONE', *, *, #1208, .T. ) ;
#2149 = CYLINDRICAL_SURFACE ( 'NONE', #2108, 12.50000000000000355 ) ;
#2150 = AXIS2_PLACEMENT_3D ( 'NONE', #2262, #2644, #3993 ) ;
#2151 = CIRCLE ( 'NONE', #74, 1.500000000000001332 ) ;
#2152 = ADVANCED_FACE ( 'NONE', ( #2106 ), #4186, .T. ) ;
#2153 = DIRECTION ( 'NONE',  ( 0.000000000000000000, -1.156482317317871478E-16, 1.000000000000000000 ) ) ;
#2154 = ORIENTED_EDGE ( 'NONE', *, *, #2758, .F. ) ;
#2155 = ADVANCED_FACE ( 'NONE', ( #374 ), #2149, .F. ) ;
#2156 = VECTOR ( 'NONE', #2594, 1000.000000000000000 ) ;
#2157 = FACE_OUTER_BOUND ( 'NONE', #1458, .T. ) ;
#2158 = CARTESIAN_POINT ( 'NONE',  ( 0.000000000000000000, -17.99999999999999645, -40.99605910568064360 ) ) ;
#2159 = VERTEX_POINT ( 'NONE', #2455 ) ;
#2160 = AXIS2_PLACEMENT_3D ( 'NONE', #1376, #717, #3041 ) ;
#2161 = FACE_OUTER_BOUND ( 'NONE', #3817, .T. ) ;
#2162 = EDGE_LOOP ( 'NONE', ( #441, #1510, #3840, #4342 ) ) ;
#2163 =( BOUNDED_CURVE ( )  B_SPLINE_CURVE ( 3, ( #4175, #3856, #3876, #1198 ),
 .UNSPECIFIED., .F., .T. ) 
 B_SPLINE_CURVE_WITH_KNOTS ( ( 4, 4 ),
 ( 0.000000000000000000, 1.570796326794896558 ),
 .UNSPECIFIED. ) 
 CURVE ( )  GEOMETRIC_REPRESENTATION_ITEM ( )  RATIONAL_B_SPLINE_CURVE ( ( 1.000000000000000000, 0.8047378541243649375, 0.8047378541243649375, 1.000000000000000000 ) ) 
 REPRESENTATION_ITEM ( '' )  );
#2164 = CARTESIAN_POINT ( 'NONE',  ( 11.90797987450584294, -19.86168123595451362, -27.34992537146894875 ) ) ;
#2165 = DIRECTION ( 'NONE',  ( 0.000000000000000000, 0.000000000000000000, 1.000000000000000000 ) ) ;
#2166 = EDGE_LOOP ( 'NONE', ( #3636, #547, #2529, #735 ) ) ;
#2167 = CARTESIAN_POINT ( 'NONE',  ( -57.78179487239851397, -16.67535580336875967, -41.64540704994638531 ) ) ;
#2168 = CARTESIAN_POINT ( 'NONE',  ( -77.14999999999994884, -20.00000000000000355, 7.592094754022198799 ) ) ;
#2169 = EDGE_CURVE ( 'NONE', #965, #1183, #2459, .T. ) ;
#2170 = CARTESIAN_POINT ( 'NONE',  ( -8.615063376356456359, -18.19638315396003492, 35.74870307063157782 ) ) ;
#2171 = VECTOR ( 'NONE', #946, 1000.000000000000000 ) ;
#2172 = CARTESIAN_POINT ( 'NONE',  ( -9.212074589021042925, -20.00000000000001066, 34.14501279504823827 ) ) ;
#2173 = CARTESIAN_POINT ( 'NONE',  ( -77.14999999999996305, -20.00000000000000711, 7.592094754022193470 ) ) ;
#2174 = AXIS2_PLACEMENT_3D ( 'NONE', #2577, #3299, #1628 ) ;
#2175 = CARTESIAN_POINT ( 'NONE',  ( -11.99999991331425520, -19.99999999999999645, -40.81850175745501019 ) ) ;
#2176 = DIRECTION ( 'NONE',  ( -0.000000000000000000, 1.000000000000000000, 1.779499736546008737E-16 ) ) ;
#2177 = ORIENTED_EDGE ( 'NONE', *, *, #2381, .F. ) ;
#2178 = ORIENTED_EDGE ( 'NONE', *, *, #2169, .T. ) ;
#2179 = AXIS2_PLACEMENT_3D ( 'NONE', #3417, #3782, #3337 ) ;
#2180 = CARTESIAN_POINT ( 'NONE',  ( 26.85000000000001918, 7.973689171506451956, -17.45509345761719899 ) ) ;
#2181 = ADVANCED_FACE ( 'NONE', ( #3804 ), #3155, .F. ) ;
#2182 = CARTESIAN_POINT ( 'NONE',  ( -85.32003062497928170, -19.38532287717491798, -25.35795628760869391 ) ) ;
#2183 = CARTESIAN_POINT ( 'NONE',  ( 1.476504228864880419, -19.94794535233565469, -43.21081544897901949 ) ) ;
#2184 = VERTEX_POINT ( 'NONE', #445 ) ;
#2185 = ORIENTED_EDGE ( 'NONE', *, *, #631, .T. ) ;
#2186 = CARTESIAN_POINT ( 'NONE',  ( -57.42997008619862953, -16.63854271301790178, -40.98246487381746306 ) ) ;
#2187 = CARTESIAN_POINT ( 'NONE',  ( 18.34424662817232843, -19.60349479664103356, -26.90445322288190511 ) ) ;
#2188 = CARTESIAN_POINT ( 'NONE',  ( 1.745403529696969214, -19.98873159980900738, 34.64816865398258727 ) ) ;
#2189 = DIRECTION ( 'NONE',  ( 1.000000000000000000, -0.000000000000000000, -0.000000000000000000 ) ) ;
#2190 = CARTESIAN_POINT ( 'NONE',  ( -7.538977064472517142, -20.00000000000054001, 37.67105103617620188 ) ) ;
#2191 = DIRECTION ( 'NONE',  ( 0.000000000000000000, -1.156482317317871725E-16, 1.000000000000000000 ) ) ;
#2192 = CARTESIAN_POINT ( 'NONE',  ( -12.00000000000000000, -19.99999999999999645, -39.95486337595898618 ) ) ;
#2193 = CARTESIAN_POINT ( 'NONE',  ( -87.14999999999997726, -17.00000000000000000, -25.40790524597780475 ) ) ;
#2194 = VERTEX_POINT ( 'NONE', #1482 ) ;
#2195 = EDGE_LOOP ( 'NONE', ( #3434, #3236, #3954, #2865 ) ) ;
#2196 = EDGE_CURVE ( 'NONE', #1336, #3947, #1667, .T. ) ;
#2197 = CARTESIAN_POINT ( 'NONE',  ( 0.000000000000000000, 7.999999999999992895, 2.669634627693079928E-15 ) ) ;
#2198 = EDGE_CURVE ( 'NONE', #3393, #3483, #3941, .T. ) ;
#2199 = CARTESIAN_POINT ( 'NONE',  ( 1.738153412298375500, -19.99999999999999289, -43.60328922412887920 ) ) ;
#2200 = ORIENTED_EDGE ( 'NONE', *, *, #2626, .F. ) ;
#2201 = CARTESIAN_POINT ( 'NONE',  ( 26.85000000000001918, 16.47368917150645373, -8.030093457617198283 ) ) ;
#2202 = ORIENTED_EDGE ( 'NONE', *, *, #58, .T. ) ;
#2203 = CARTESIAN_POINT ( 'NONE',  ( -57.78697908279509221, -16.67718053920640031, -41.65130577541425794 ) ) ;
#2204 = CARTESIAN_POINT ( 'NONE',  ( -80.15784707809937970, -17.13083672297663185, 4.584247675920146925 ) ) ;
#2205 = CARTESIAN_POINT ( 'NONE',  ( 0.5520224571510675693, -19.38691548357981276, 34.79894079023332409 ) ) ;
#2206 = CIRCLE ( 'NONE', #3332, 2.375000000000002220 ) ;
#2207 = CARTESIAN_POINT ( 'NONE',  ( -84.45350111826471107, -18.32945361804911499, 3.097929951130247161 ) ) ;
#2208 = CYLINDRICAL_SURFACE ( 'NONE', #428, 2.000000000000000000 ) ;
#2209 = AXIS2_PLACEMENT_3D ( 'NONE', #295, #3608, #3656 ) ;
#2210 = DIRECTION ( 'NONE',  ( 0.000000000000000000, -1.000000000000000000, -1.779499736546008737E-16 ) ) ;
#2211 = LINE ( 'NONE', #3160, #1581 ) ;
#2212 = EDGE_CURVE ( 'NONE', #866, #2281, #2495, .T. ) ;
#2213 = CIRCLE ( 'NONE', #2218, 8.500000000000000000 ) ;
#2214 = DIRECTION ( 'NONE',  ( 0.000000000000000000, 0.000000000000000000, 1.000000000000000000 ) ) ;
#2215 = ORIENTED_EDGE ( 'NONE', *, *, #3736, .T. ) ;
#2216 = ORIENTED_EDGE ( 'NONE', *, *, #2725, .F. ) ;
#2217 = CARTESIAN_POINT ( 'NONE',  ( -78.45873942396707434, -19.92191802946400259, -27.62266159159400658 ) ) ;
#2218 = AXIS2_PLACEMENT_3D ( 'NONE', #2678, #2736, #2081 ) ;
#2219 = CARTESIAN_POINT ( 'NONE',  ( -58.06405277335827009, -18.65164035313826574, 36.49375894850869884 ) ) ;
#2220 = ADVANCED_FACE ( 'NONE', ( #4374 ), #2687, .F. ) ;
#2221 = CARTESIAN_POINT ( 'NONE',  ( -8.000000000000000000, 7.973689171506453732, -6.655093457617198283 ) ) ;
#2222 = VECTOR ( 'NONE', #2621, 1000.000000000000114 ) ;
#2223 = CARTESIAN_POINT ( 'NONE',  ( -0.9806617356783783324, -18.26179615333643014, -42.00895128189505101 ) ) ;
#2224 = VERTEX_POINT ( 'NONE', #2087 ) ;
#2225 = CARTESIAN_POINT ( 'NONE',  ( -58.65561510142057955, 28.88187840331086065, -44.99831569004946630 ) ) ;
#2226 = ORIENTED_EDGE ( 'NONE', *, *, #3219, .F. ) ;
#2227 = CARTESIAN_POINT ( 'NONE',  ( -57.29999999999998295, 7.973689171506451956, -18.95509345761719899 ) ) ;
#2228 = CARTESIAN_POINT ( 'NONE',  ( 19.54126057602979216, -19.92191802946400259, -27.62266159159401724 ) ) ;
#2229 = DIRECTION ( 'NONE',  ( -1.000000000000000000, 0.000000000000000000, 0.000000000000000000 ) ) ;
#2230 = CARTESIAN_POINT ( 'NONE',  ( -84.93424396924534392, -19.69649888156859063, 6.262641135570692796 ) ) ;
#2231 = DIRECTION ( 'NONE',  ( 0.000000000000000000, -1.000000000000000000, -1.779499736546008737E-16 ) ) ;
#2232 = DIRECTION ( 'NONE',  ( -1.000000000000000000, -0.000000000000000000, 0.000000000000000000 ) ) ;
#2233 = DIRECTION ( 'NONE',  ( -0.000000000000000000, 1.000000000000000000, 1.156482317317871478E-16 ) ) ;
#2234 = AXIS2_PLACEMENT_3D ( 'NONE', #1948, #3014, #1631 ) ;
#2235 = DIRECTION ( 'NONE',  ( 1.000000000000000000, 0.000000000000000000, 0.000000000000000000 ) ) ;
#2236 = ORIENTED_EDGE ( 'NONE', *, *, #2196, .T. ) ;
#2237 = CARTESIAN_POINT ( 'NONE',  ( -78.97996937502065862, -19.38532287717491798, -25.35795628760943998 ) ) ;
#2238 = VECTOR ( 'NONE', #1119, 1000.000000000000000 ) ;
#2239 = DIRECTION ( 'NONE',  ( 0.000000000000000000, -1.779499736546008737E-16, 1.000000000000000000 ) ) ;
#2240 = CARTESIAN_POINT ( 'NONE',  ( -11.21475634692215806, -19.92191803000494943, -39.95486337595898618 ) ) ;
#2241 = CARTESIAN_POINT ( 'NONE',  ( -61.76076474672404260, -20.00000000000001421, 38.89142680434118660 ) ) ;
#2242 = VECTOR ( 'NONE', #2840, 1000.000000000000000 ) ;
#2243 = CARTESIAN_POINT ( 'NONE',  ( -8.000000000000000000, -17.00033292080717473, -42.26381612885029426 ) ) ;
#2244 = ORIENTED_EDGE ( 'NONE', *, *, #3127, .F. ) ;
#2245 = EDGE_CURVE ( 'NONE', #370, #2397, #170, .T. ) ;
#2246 = CARTESIAN_POINT ( 'NONE',  ( -58.41350140691213966, 28.78158013194554243, -44.99665569771785556 ) ) ;
#2247 = EDGE_LOOP ( 'NONE', ( #2416, #3655, #480, #1117 ) ) ;
#2248 = CARTESIAN_POINT ( 'NONE',  ( -58.37506210778935412, -16.87786745916862685, -42.07272414928986848 ) ) ;
#2249 = CARTESIAN_POINT ( 'NONE',  ( -79.45850678185533411, -19.02179400076232341, 5.283587972163463320 ) ) ;
#2250 = DIRECTION ( 'NONE',  ( 0.000000000000000000, 0.000000000000000000, 1.000000000000000000 ) ) ;
#2251 = CARTESIAN_POINT ( 'NONE',  ( -7.700948685753325584, -18.93149278308227323, 37.00729432925823659 ) ) ;
#2252 = VERTEX_POINT ( 'NONE', #4120 ) ;
#2253 = CARTESIAN_POINT ( 'NONE',  ( 15.84999999999998899, -17.00000000000000711, 4.592094754022180148 ) ) ;
#2254 = LINE ( 'NONE', #198, #2664 ) ;
#2255 = ADVANCED_FACE ( 'NONE', ( #532 ), #2930, .F. ) ;
#2256 = CARTESIAN_POINT ( 'NONE',  ( -57.29999999999998295, -19.99999999999999645, -39.95486337595898618 ) ) ;
#2257 = CARTESIAN_POINT ( 'NONE',  ( -57.29999999999998295, -0.5263108284935463788, -12.78009345761719473 ) ) ;
#2258 = ORIENTED_EDGE ( 'NONE', *, *, #1494, .T. ) ;
#2259 = CARTESIAN_POINT ( 'NONE',  ( -79.36575603075459640, -19.69649888156878959, -27.07845162752680324 ) ) ;
#2260 = CARTESIAN_POINT ( 'NONE',  ( -58.29999999999998295, 7.973689171506453732, -14.15509345761719828 ) ) ;
#2261 = ORIENTED_EDGE ( 'NONE', *, *, #907, .F. ) ;
#2262 = CARTESIAN_POINT ( 'NONE',  ( -33.14999999999999147, -24.70000000000000639, -10.40790524597781364 ) ) ;
#2263 = CARTESIAN_POINT ( 'NONE',  ( -86.09202012549852157, -19.86168123595594182, -27.34992537146880309 ) ) ;
#2264 = ADVANCED_FACE ( 'NONE', ( #900 ), #3658, .T. ) ;
#2265 = ORIENTED_EDGE ( 'NONE', *, *, #761, .F. ) ;
#2266 = DIRECTION ( 'NONE',  ( 0.000000000000000000, -1.000000000000000000, 0.000000000000000000 ) ) ;
#2267 = LINE ( 'NONE', #238, #1074 ) ;
#2268 = EDGE_LOOP ( 'NONE', ( #1436, #3048, #4302, #3708, #2303 ) ) ;
#2269 = EDGE_CURVE ( 'NONE', #2472, #3630, #173, .T. ) ;
#2270 = CARTESIAN_POINT ( 'NONE',  ( -59.29999999999998295, -17.00033292080717828, -42.26381612885029426 ) ) ;
#2271 = CARTESIAN_POINT ( 'NONE',  ( -8.000000000000000000, 7.973689171506453732, -14.15509345761719828 ) ) ;
#2272 = CARTESIAN_POINT ( 'NONE',  ( -57.53296536616821300, -20.00000000000676437, -40.44805940009203482 ) ) ;
#2273 = CARTESIAN_POINT ( 'NONE',  ( -82.18223043980812292, -17.39269422780606433, 4.611433017906470866 ) ) ;
#2274 = EDGE_LOOP ( 'NONE', ( #2363, #4060, #1746, #3832 ) ) ;
#2275 = DIRECTION ( 'NONE',  ( -0.000000000000000000, 1.000000000000000000, 1.779499736546008737E-16 ) ) ;
#2276 = CARTESIAN_POINT ( 'NONE',  ( -58.29999999999998295, 7.973689171506453732, -6.655093457617198283 ) ) ;
#2277 = EDGE_CURVE ( 'NONE', #3285, #3370, #2585, .T. ) ;
#2278 = FACE_OUTER_BOUND ( 'NONE', #2162, .T. ) ;
#2279 = DIRECTION ( 'NONE',  ( 1.000000000000000000, 0.000000000000000000, 0.000000000000000000 ) ) ;
#2280 = AXIS2_PLACEMENT_3D ( 'NONE', #757, #1097, #79 ) ;
#2281 = VERTEX_POINT ( 'NONE', #150 ) ;
#2282 = CARTESIAN_POINT ( 'NONE',  ( -77.14999999999994884, -20.00000000000000355, -28.40790524597781896 ) ) ;
#2283 = CARTESIAN_POINT ( 'NONE',  ( -1.000000000000000888, -17.99999999999999645, -43.99605910568065070 ) ) ;
#2284 = ADVANCED_FACE ( 'NONE', ( #485 ), #1234, .F. ) ;
#2285 = CIRCLE ( 'NONE', #4197, 1.000000000000001554 ) ;
#2286 = VERTEX_POINT ( 'NONE', #2906 ) ;
#2287 = CARTESIAN_POINT ( 'NONE',  ( -10.15635984007525394, -19.39900052719454138, -39.95486337595899329 ) ) ;
#2288 = CARTESIAN_POINT ( 'NONE',  ( -66.29999999999998295, -21.16982547767636547, 37.40382939741019896 ) ) ;
#2289 = VERTEX_POINT ( 'NONE', #809 ) ;
#2290 = AXIS2_PLACEMENT_3D ( 'NONE', #36, #1700, #14 ) ;
#2291 = LINE ( 'NONE', #3011, #1040 ) ;
#2292 = DIRECTION ( 'NONE',  ( 0.000000000000000000, 0.000000000000000000, 1.000000000000000000 ) ) ;
#2293 = ORIENTED_EDGE ( 'NONE', *, *, #870, .F. ) ;
#2294 = CARTESIAN_POINT ( 'NONE',  ( -58.38441688145307040, -16.88041030860801683, -42.07685419716244724 ) ) ;
#2295 = DIRECTION ( 'NONE',  ( 0.000000000000000000, 0.000000000000000000, 1.000000000000000000 ) ) ;
#2296 = CARTESIAN_POINT ( 'NONE',  ( -63.66424476818463773, -20.00000000000001421, 38.89142680434118660 ) ) ;
#2297 = CARTESIAN_POINT ( 'NONE',  ( -8.555886246291924735, -18.28427823813617792, 35.88810877853094894 ) ) ;
#2298 = ORIENTED_EDGE ( 'NONE', *, *, #254, .F. ) ;
#2299 = DIRECTION ( 'NONE',  ( -0.000000000000000000, 1.000000000000000000, 1.779499736546008737E-16 ) ) ;
#2300 =( BOUNDED_CURVE ( )  B_SPLINE_CURVE ( 3, ( #2410, #1413, #1100, #1056 ),
 .UNSPECIFIED., .F., .T. ) 
 B_SPLINE_CURVE_WITH_KNOTS ( ( 4, 4 ),
 ( 3.141592653589793116, 4.712388980384689674 ),
 .UNSPECIFIED. ) 
 CURVE ( )  GEOMETRIC_REPRESENTATION_ITEM ( )  RATIONAL_B_SPLINE_CURVE ( ( 1.000000000000000000, 0.8047378541243649375, 0.8047378541243649375, 1.000000000000000000 ) ) 
 REPRESENTATION_ITEM ( '' )  );
#2301 = EDGE_CURVE ( 'NONE', #2344, #3895, #528, .T. ) ;
#2302 = CARTESIAN_POINT ( 'NONE',  ( -8.662587325319027087, -16.62396329110915261, -41.48388161647768868 ) ) ;
#2303 = ORIENTED_EDGE ( 'NONE', *, *, #254, .T. ) ;
#2304 = CARTESIAN_POINT ( 'NONE',  ( -54.29999999999999005, -20.00000000000001066, 33.69604301605743046 ) ) ;
#2305 = CARTESIAN_POINT ( 'NONE',  ( -56.68512702411663184, -20.00000000000001066, 38.05613926131346147 ) ) ;
#2306 = CIRCLE ( 'NONE', #4006, 3.750000000000000000 ) ;
#2307 = DIRECTION ( 'NONE',  ( 0.000000000000000000, 0.000000000000000000, -1.000000000000000000 ) ) ;
#2308 = CARTESIAN_POINT ( 'NONE',  ( 10.84999999999998543, -20.00000000000000000, -25.40790524597781541 ) ) ;
#2309 = EDGE_CURVE ( 'NONE', #3798, #3271, #4226, .T. ) ;
#2310 = VECTOR ( 'NONE', #1381, 1000.000000000000000 ) ;
#2311 = FACE_OUTER_BOUND ( 'NONE', #344, .T. ) ;
#2312 = EDGE_LOOP ( 'NONE', ( #3722, #2993, #2361, #1664, #3603 ) ) ;
#2313 = EDGE_CURVE ( 'NONE', #3774, #3202, #2314, .T. ) ;
#2314 = CIRCLE ( 'NONE', #314, 1.500000000000000444 ) ;
#2315 = CIRCLE ( 'NONE', #972, 1.999999999999998890 ) ;
#2316 = CARTESIAN_POINT ( 'NONE',  ( -7.000000000000000888, 28.98400122115187827, -44.99999899417180416 ) ) ;
#2317 = CIRCLE ( 'NONE', #976, 22.96002565122392625 ) ;
#2318 = CARTESIAN_POINT ( 'NONE',  ( -6.999999999999999112, -19.55759647192803286, -42.69386179499893785 ) ) ;
#2319 = CARTESIAN_POINT ( 'NONE',  ( -57.94699491990266438, -16.73410511336076212, -41.83047651596235283 ) ) ;
#2320 = CARTESIAN_POINT ( 'NONE',  ( 17.84999999999999076, -17.00000000000000355, 2.592094754022181036 ) ) ;
#2321 = ORIENTED_EDGE ( 'NONE', *, *, #832, .F. ) ;
#2322 = DIRECTION ( 'NONE',  ( 0.000000000000000000, 0.000000000000000000, 1.000000000000000000 ) ) ;
#2323 = CARTESIAN_POINT ( 'NONE',  ( 13.89994895836835553, -19.38532287717470126, 5.762125379001154180 ) ) ;
#2324 = DIRECTION ( 'NONE',  ( 0.000000000000000000, 1.000000000000000000, 0.000000000000000000 ) ) ;
#2325 = CARTESIAN_POINT ( 'NONE',  ( -33.14999999999999147, -20.00000000000000355, -10.40790524597781364 ) ) ;
#2326 = ORIENTED_EDGE ( 'NONE', *, *, #2401, .T. ) ;
#2327 = CARTESIAN_POINT ( 'NONE',  ( -56.21408608836716070, -20.00000000000001066, 37.68353995916337595 ) ) ;
#2328 = CARTESIAN_POINT ( 'NONE',  ( -59.29999999999998295, -18.34932211511120315, -41.99610944001313584 ) ) ;
#2329 = ORIENTED_EDGE ( 'NONE', *, *, #71, .T. ) ;
#2330 = FACE_OUTER_BOUND ( 'NONE', #4153, .T. ) ;
#2331 = DIRECTION ( 'NONE',  ( -1.000000000000000000, -0.000000000000000000, -0.000000000000000000 ) ) ;
#2332 = DIRECTION ( 'NONE',  ( 0.000000000000000000, -1.000000000000000000, 0.000000000000000000 ) ) ;
#2333 = EDGE_CURVE ( 'NONE', #3483, #2452, #679, .T. ) ;
#2334 = EDGE_CURVE ( 'NONE', #4148, #781, #3866, .T. ) ;
#2335 = CARTESIAN_POINT ( 'NONE',  ( 17.84999999999998721, -17.00000000000000000, -23.40790524597782252 ) ) ;
#2336 = DIRECTION ( 'NONE',  ( 0.000000000000000000, 0.000000000000000000, 1.000000000000000000 ) ) ;
#2337 = FACE_BOUND ( 'NONE', #4049, .T. ) ;
#2338 = CARTESIAN_POINT ( 'NONE',  ( 17.94595005369628637, -17.77784770429051164, 2.752011510182741816 ) ) ;
#2339 = EDGE_CURVE ( 'NONE', #1255, #2660, #1856, .T. ) ;
#2340 = CARTESIAN_POINT ( 'NONE',  ( -33.14999999999999147, -24.70000000000000639, -10.40790524597781364 ) ) ;
#2341 = VECTOR ( 'NONE', #2795, 1000.000000000000000 ) ;
#2342 = CARTESIAN_POINT ( 'NONE',  ( -57.29999999999998295, 26.98400122115186406, -4.368302179500640925 ) ) ;
#2343 =( NAMED_UNIT ( * ) PLANE_ANGLE_UNIT ( ) SI_UNIT ( $, .RADIAN. ) );
#2344 = VERTEX_POINT ( 'NONE', #3909 ) ;
#2345 = DIRECTION ( 'NONE',  ( -0.000000000000000000, 2.561630862559161035E-16, -1.000000000000000000 ) ) ;
#2346 = CARTESIAN_POINT ( 'NONE',  ( 13.84999999999998721, -17.00000000000000711, 2.592094754022180592 ) ) ;
#2347 = ORIENTED_EDGE ( 'NONE', *, *, #1160, .F. ) ;
#2348 = DIRECTION ( 'NONE',  ( 0.000000000000000000, 0.000000000000000000, 1.000000000000000000 ) ) ;
#2349 = CIRCLE ( 'NONE', #1577, 2.375000000000000444 ) ;
#2350 = DIRECTION ( 'NONE',  ( 8.659560562354932858E-17, -0.7071067811865474617, 0.7071067811865475727 ) ) ;
#2351 = B_SPLINE_CURVE_WITH_KNOTS ( 'NONE', 3,
 ( #3487, #4187, #2457, #3805, #766, #3156, #2131, #3463, #421, #110, #1793, #1146, #2498, #810, #2170, #3509, #465, #1838, #3575, #509, #2297, #533, #1906, #599, #1616, #1280, #2587, #195, #1235, #3213, #902, #244, #261, #2251, #4300, #850 ),
 .UNSPECIFIED., .F., .F.,
 ( 4, 2, 2, 1, 2, 2, 2, 2, 1, 1, 1, 1, 2, 2, 2, 2, 1, 1, 1, 2, 2, 4 ),
 ( 0.000000000000000000, 0.1249999999999946709, 0.1874999999999903688, 0.2187499999999886202, 0.2343749999999887312, 0.2499999999999888423, 0.3749999999999957812, 0.4374999999999999445, 0.4687500000000022204, 0.4843750000000009992, 0.4921875000000026090, 0.4960937500000023315, 0.4980468750000029976, 0.5000000000000036637, 0.6249999999999429345, 0.6874999999999125144, 0.7187499999998956390, 0.7343749999998849809, 0.7421874999998814282, 0.7460937499998809841, 0.7499999999998804290, 1.000000000000000000 ),
 .UNSPECIFIED. ) ;
#2352 = ORIENTED_EDGE ( 'NONE', *, *, #420, .T. ) ;
#2353 = AXIS2_PLACEMENT_3D ( 'NONE', #954, #3288, #2959 ) ;
#2354 = AXIS2_PLACEMENT_3D ( 'NONE', #927, #2275, #3621 ) ;
#2355 = CARTESIAN_POINT ( 'NONE',  ( -80.14999999999997726, 7.999999999999996447, -25.40790524597780475 ) ) ;
#2356 = ADVANCED_FACE ( 'NONE', ( #3573 ), #3548, .T. ) ;
#2357 = VECTOR ( 'NONE', #1446, 1000.000000000000000 ) ;
#2358 = CARTESIAN_POINT ( 'NONE',  ( 26.85000000000001918, 7.973689171506451956, -20.45509345761720255 ) ) ;
#2359 = CARTESIAN_POINT ( 'NONE',  ( -8.000000000000000000, 14.97810195293247304, -44.53878952978850947 ) ) ;
#2360 = FACE_OUTER_BOUND ( 'NONE', #118, .T. ) ;
#2361 = ORIENTED_EDGE ( 'NONE', *, *, #2977, .F. ) ;
#2362 = CIRCLE ( 'NONE', #578, 2.000000000000001776 ) ;
#2363 = ORIENTED_EDGE ( 'NONE', *, *, #1651, .F. ) ;
#2364 = CARTESIAN_POINT ( 'NONE',  ( -87.14999999999999147, -20.00000000000000355, 7.592094754022202352 ) ) ;
#2365 = VERTEX_POINT ( 'NONE', #874 ) ;
#2366 = CC_DESIGN_APPROVAL ( #702, ( #1498 ) ) ;
#2367 = CARTESIAN_POINT ( 'NONE',  ( 26.85000000000001918, 7.973689171506453732, -10.40509345761719828 ) ) ;
#2368 = CARTESIAN_POINT ( 'NONE',  ( 11.90797987450655526, -19.86168123595453849, 6.534114879514858920 ) ) ;
#2369 = EDGE_CURVE ( 'NONE', #3360, #1534, #2671, .T. ) ;
#2370 = DIRECTION ( 'NONE',  ( 1.000000000000000000, 0.000000000000000000, 0.000000000000000000 ) ) ;
#2371 = PERSON_AND_ORGANIZATION_ROLE ( 'classification_officer' ) ;
#2372 = EDGE_LOOP ( 'NONE', ( #3875, #2009 ) ) ;
#2373 = CARTESIAN_POINT ( 'NONE',  ( -66.32744377221416698, -18.39940004040744626, 33.95825481852688910 ) ) ;
#2374 = ORIENTED_EDGE ( 'NONE', *, *, #4353, .T. ) ;
#2375 = DIRECTION ( 'NONE',  ( 0.000000000000000000, 0.000000000000000000, -1.000000000000000000 ) ) ;
#2376 = CARTESIAN_POINT ( 'NONE',  ( -0.4962086255898082721, 28.85770879617272300, -44.99791621444086331 ) ) ;
#2377 = VERTEX_POINT ( 'NONE', #2971 ) ;
#2378 = DIRECTION ( 'NONE',  ( 0.000000000000000000, 0.4998335395964107475, 0.8661214884151779980 ) ) ;
#2379 = CIRCLE ( 'NONE', #3074, 1.999999999999998890 ) ;
#2380 = APPLICATION_CONTEXT ( 'configuration controlled 3d designs of mechanical parts and assemblies' ) ;
#2381 = EDGE_CURVE ( 'NONE', #1608, #3798, #663, .T. ) ;
#2382 = DIRECTION ( 'NONE',  ( -1.000000000000000000, -0.000000000000000000, -0.000000000000000000 ) ) ;
#2383 = CARTESIAN_POINT ( 'NONE',  ( 13.23532287730017387, -18.82996937483320821, -24.43236711714379084 ) ) ;
#2384 = DIRECTION ( 'NONE',  ( -1.000000000000000000, 0.000000000000000000, 0.000000000000000000 ) ) ;
#2385 = EDGE_LOOP ( 'NONE', ( #1635, #158, #2509 ) ) ;
#2386 = VECTOR ( 'NONE', #1321, 1000.000000000000000 ) ;
#2387 = FACE_OUTER_BOUND ( 'NONE', #2247, .T. ) ;
#2388 = TOROIDAL_SURFACE ( 'NONE', #1045, 12.01349094556904085, 2.000000000000000000 ) ;
#2389 = CARTESIAN_POINT ( 'NONE',  ( -54.29999999999999005, -20.00000000000001066, 33.69604301605743046 ) ) ;
#2390 = ORIENTED_EDGE ( 'NONE', *, *, #1106, .F. ) ;
#2391 = DIRECTION ( 'NONE',  ( -0.000000000000000000, 1.156482317317871478E-16, -1.000000000000000000 ) ) ;
#2392 = FACE_BOUND ( 'NONE', #2372, .T. ) ;
#2393 = CARTESIAN_POINT ( 'NONE',  ( -1.000000000000000000, 14.97810195293247304, -44.53878952978850947 ) ) ;
#2394 = ORIENTED_EDGE ( 'NONE', *, *, #3064, .F. ) ;
#2395 = EDGE_CURVE ( 'NONE', #3922, #17, #1697, .T. ) ;
#2396 = CARTESIAN_POINT ( 'NONE',  ( -8.942841775365252488, -16.67167439380610361, -40.75125736455370173 ) ) ;
#2397 = VERTEX_POINT ( 'NONE', #3707 ) ;
#2398 = CYLINDRICAL_SURFACE ( 'NONE', #2079, 3.750000000000000000 ) ;
#2399 = CARTESIAN_POINT ( 'NONE',  ( -8.000000000000000000, 5.023975569927935148, -4.368302179500640925 ) ) ;
#2400 = CARTESIAN_POINT ( 'NONE',  ( -7.000000000000000888, 7.973689171506443962, -56.67617516545738710 ) ) ;
#2401 = EDGE_CURVE ( 'NONE', #4330, #1183, #3015, .T. ) ;
#2402 = DIRECTION ( 'NONE',  ( 0.000000000000000000, -2.561630862559161035E-16, 1.000000000000000000 ) ) ;
#2403 = CARTESIAN_POINT ( 'NONE',  ( 13.87448598397883615, -17.42996240070171510, -25.38341926199741039 ) ) ;
#2404 = DIRECTION ( 'NONE',  ( -0.000000000000000000, 1.000000000000000000, 1.779499736546008737E-16 ) ) ;
#2405 = ORIENTED_EDGE ( 'NONE', *, *, #1361, .T. ) ;
#2406 = ADVANCED_FACE ( 'NONE', ( #2014, #2337, #640, #3348, #260, #3684 ), #4382, .F. ) ;
#2407 = ORIENTED_EDGE ( 'NONE', *, *, #1028, .F. ) ;
#2408 = CARTESIAN_POINT ( 'NONE',  ( 17.84999999999998721, 7.999999999999996447, -25.40790524597781541 ) ) ;
#2409 = ORIENTED_EDGE ( 'NONE', *, *, #2313, .F. ) ;
#2410 = CARTESIAN_POINT ( 'NONE',  ( -1.000000000000000888, -17.99999999999999645, -41.99605910568064360 ) ) ;
#2411 = ORIENTED_EDGE ( 'NONE', *, *, #3901, .T. ) ;
#2412 = CARTESIAN_POINT ( 'NONE',  ( 18.02937160885873524, -18.25977905610921681, -25.58727685483592751 ) ) ;
#2413 = CIRCLE ( 'NONE', #1633, 60.00000000000001421 ) ;
#2414 = FACE_BOUND ( 'NONE', #1071, .T. ) ;
#2415 = COORDINATED_UNIVERSAL_TIME_OFFSET ( 6, 0, .BEHIND. ) ;
#2416 = ORIENTED_EDGE ( 'NONE', *, *, #3302, .F. ) ;
#2417 = CARTESIAN_POINT ( 'NONE',  ( 15.84999999999998899, -18.75735931288071612, -25.40790524597781541 ) ) ;
#2418 = LINE ( 'NONE', #4126, #2710 ) ;
#2419 = CARTESIAN_POINT ( 'NONE',  ( -0.1263243868443563733, 28.48762712884903081, -44.99175933396437443 ) ) ;
#2420 = ORIENTED_EDGE ( 'NONE', *, *, #1527, .F. ) ;
#2421 = FACE_OUTER_BOUND ( 'NONE', #2274, .T. ) ;
#2422 = AXIS2_PLACEMENT_3D ( 'NONE', #2603, #3952, #2292 ) ;
#2423 = DIRECTION ( 'NONE',  ( 0.000000000000000000, 0.000000000000000000, 1.000000000000000000 ) ) ;
#2424 = CARTESIAN_POINT ( 'NONE',  ( 13.85000000001097398, -17.06497768081872835, -25.40790524596654265 ) ) ;
#2425 = CARTESIAN_POINT ( 'NONE',  ( 13.84999999999998721, -17.00000000000000711, 4.592094754022179259 ) ) ;
#2426 = EDGE_LOOP ( 'NONE', ( #3643, #2514, #2892, #2411, #1679, #1566, #1945, #3433 ) ) ;
#2427 = EDGE_LOOP ( 'NONE', ( #998, #3453, #56, #1398, #3516 ) ) ;
#2428 = AXIS2_PLACEMENT_3D ( 'NONE', #2739, #762, #2126 ) ;
#2429 = ORIENTED_EDGE ( 'NONE', *, *, #219, .F. ) ;
#2430 = CARTESIAN_POINT ( 'NONE',  ( -84.10005104163234080, -19.38532287717446323, -26.57793587095643772 ) ) ;
#2431 = ORIENTED_EDGE ( 'NONE', *, *, #1028, .T. ) ;
#2432 = CARTESIAN_POINT ( 'NONE',  ( -33.14999999999999147, -24.70000000000000639, -18.90790524597781541 ) ) ;
#2433 = VERTEX_POINT ( 'NONE', #968 ) ;
#2434 = DIRECTION ( 'NONE',  ( 1.000000000000000000, -0.000000000000000000, -0.000000000000000000 ) ) ;
#2435 = CARTESIAN_POINT ( 'NONE',  ( -87.14999999999997726, -20.00000000000000711, 7.592094754022193470 ) ) ;
#2436 = CARTESIAN_POINT ( 'NONE',  ( -93.15100000000002467, 7.999999999999996447, -22.93436589316946694 ) ) ;
#2437 = PERSON_AND_ORGANIZATION ( #1694, #803 ) ;
#2438 = CARTESIAN_POINT ( 'NONE',  ( 13.84999999999998366, 7.999999999999996447, -25.40790524597781186 ) ) ;
#2439 = CARTESIAN_POINT ( 'NONE',  ( -37.14999999999999147, -24.70000000000000639, -17.90790524597781541 ) ) ;
#2440 = EDGE_CURVE ( 'NONE', #2433, #1922, #3220, .T. ) ;
#2441 = DIRECTION ( 'NONE',  ( 1.000000000000000000, -0.000000000000000000, -0.000000000000000000 ) ) ;
#2442 = DIRECTION ( 'NONE',  ( 1.000000000000000000, 0.000000000000000000, 0.000000000000000000 ) ) ;
#2443 = ORIENTED_EDGE ( 'NONE', *, *, #83, .F. ) ;
#2444 = CARTESIAN_POINT ( 'NONE',  ( -66.29999999999998295, -17.99999999999999645, -41.99605910568064360 ) ) ;
#2445 =( BOUNDED_CURVE ( )  B_SPLINE_CURVE ( 2, ( #1997, #2682, #2024 ),
 .UNSPECIFIED., .F., .T. ) 
 B_SPLINE_CURVE_WITH_KNOTS ( ( 3, 3 ),
 ( 0.000000000000000000, 1.000000000000000000 ),
 .UNSPECIFIED. ) 
 CURVE ( )  GEOMETRIC_REPRESENTATION_ITEM ( )  RATIONAL_B_SPLINE_CURVE ( ( 1.000000000000000000, 0.7071067812087404869, 1.000000000000000000 ) ) 
 REPRESENTATION_ITEM ( '' )  );
#2446 = LINE ( 'NONE', #3793, #1610 ) ;
#2447 = ADVANCED_FACE ( 'NONE', ( #2360 ), #617, .F. ) ;
#2448 = CARTESIAN_POINT ( 'NONE',  ( 15.81776956019299440, -17.39269422780603236, -25.42724350986208748 ) ) ;
#2449 = CARTESIAN_POINT ( 'NONE',  ( 17.84999999999998010, -20.00000000000000000, -28.40790524597781896 ) ) ;
#2450 = VERTEX_POINT ( 'NONE', #2998 ) ;
#2451 = CARTESIAN_POINT ( 'NONE',  ( -58.29999999999998295, 16.99999999999998579, 16.38399090000327263 ) ) ;
#2452 = VERTEX_POINT ( 'NONE', #4363 ) ;
#2453 = CIRCLE ( 'NONE', #2804, 2.000000000000000000 ) ;
#2454 = DIRECTION ( 'NONE',  ( 0.000000000000000000, 0.000000000000000000, 1.000000000000000000 ) ) ;
#2455 = CARTESIAN_POINT ( 'NONE',  ( -1.000000000000000000, 28.98400122115186406, -4.368302179500638260 ) ) ;
#2456 = B_SPLINE_CURVE_WITH_KNOTS ( 'NONE', 3,
 ( #1669, #3297, #2288, #3970 ),
 .UNSPECIFIED., .F., .F.,
 ( 4, 4 ),
 ( -0.003187374456188833867, 0.004379811802136544634 ),
 .UNSPECIFIED. ) ;
#2457 = CARTESIAN_POINT ( 'NONE',  ( -8.993639992808256878, -17.15867297657266022, 34.01829918009382681 ) ) ;
#2458 = VERTEX_POINT ( 'NONE', #1323 ) ;
#2459 = CIRCLE ( 'NONE', #606, 12.52646064719166041 ) ;
#2460 = CIRCLE ( 'NONE', #3154, 8.500000000000001776 ) ;
#2461 = EDGE_CURVE ( 'NONE', #2078, #3932, #2676, .T. ) ;
#2462 = DIRECTION ( 'NONE',  ( -0.000000000000000000, 1.000000000000000000, 1.156482317317871478E-16 ) ) ;
#2463 = DIRECTION ( 'NONE',  ( -0.000000000000000000, 0.000000000000000000, -1.000000000000000000 ) ) ;
#2464 = LINE ( 'NONE', #853, #3765 ) ;
#2465 = DIRECTION ( 'NONE',  ( -1.000000000000000000, -0.000000000000000000, -0.000000000000000000 ) ) ;
#2466 = ORIENTED_EDGE ( 'NONE', *, *, #1619, .T. ) ;
#2467 = CARTESIAN_POINT ( 'NONE',  ( -59.29999999999998295, -20.00000000000001066, 37.73646998340193193 ) ) ;
#2468 = CARTESIAN_POINT ( 'NONE',  ( -79.08986920255169650, -19.35413284249806054, -26.46803604342969152 ) ) ;
#2469 = CARTESIAN_POINT ( 'NONE',  ( 0.1563598366471659340, -19.59933368251019914, -42.76696566344465822 ) ) ;
#2470 = EDGE_CURVE ( 'NONE', #985, #2224, #2797, .T. ) ;
#2471 = DIRECTION ( 'NONE',  ( 1.156482317317871725E-16, -1.779499736546009476E-16, 1.000000000000000000 ) ) ;
#2472 = VERTEX_POINT ( 'NONE', #391 ) ;
#2473 = ORIENTED_EDGE ( 'NONE', *, *, #1262, .T. ) ;
#2474 = EDGE_CURVE ( 'NONE', #1183, #12, #3431, .T. ) ;
#2475 = LINE ( 'NONE', #529, #1445 ) ;
#2476 = ORIENTED_EDGE ( 'NONE', *, *, #2002, .T. ) ;
#2477 = DIRECTION ( 'NONE',  ( 0.000000000000000000, 0.000000000000000000, -1.000000000000000000 ) ) ;
#2478 = CARTESIAN_POINT ( 'NONE',  ( -7.886381811231909289, 28.78163642398658695, -44.99665663066137000 ) ) ;
#2479 = CALENDAR_DATE ( 2026, 21, 4 ) ;
#2480 = ORIENTED_EDGE ( 'NONE', *, *, #3878, .T. ) ;
#2481 = DIRECTION ( 'NONE',  ( -1.000000000000000000, 0.000000000000000000, 0.000000000000000000 ) ) ;
#2482 = LINE ( 'NONE', #791, #2772 ) ;
#2483 = CARTESIAN_POINT ( 'NONE',  ( 9.146158679442888426E-16, -19.17157287525380127, -40.99605910568063649 ) ) ;
#2484 = EDGE_LOOP ( 'NONE', ( #950, #2148, #135, #1116 ) ) ;
#2485 = CARTESIAN_POINT ( 'NONE',  ( -57.50451513041039675, -17.87757513368493534, 35.24894176910778043 ) ) ;
#2486 = VERTEX_POINT ( 'NONE', #4161 ) ;
#2487 = CARTESIAN_POINT ( 'NONE',  ( -79.45850678185530569, -19.02179400076230920, -26.09939846411869979 ) ) ;
#2488 = CARTESIAN_POINT ( 'NONE',  ( 0.4891430625120704589, -19.74757277770948249, -42.98882114735540938 ) ) ;
#2489 = EDGE_CURVE ( 'NONE', #417, #2252, #1120, .T. ) ;
#2490 = CARTESIAN_POINT ( 'NONE',  ( 26.85000000000001918, -0.5263108284935467118, -10.40509345761719473 ) ) ;
#2491 = ORIENTED_EDGE ( 'NONE', *, *, #3491, .T. ) ;
#2492 = VECTOR ( 'NONE', #3208, 1000.000000000000000 ) ;
#2493 = CARTESIAN_POINT ( 'NONE',  ( -58.32914752861000096, -16.86512754769286460, -42.05177697445923002 ) ) ;
#2494 = CARTESIAN_POINT ( 'NONE',  ( -77.67364392074878765, -20.00000000000643041, 7.068450833287798218 ) ) ;
#2495 = LINE ( 'NONE', #630, #530 ) ;
#2496 = AXIS2_PLACEMENT_3D ( 'NONE', #2705, #4061, #1087 ) ;
#2497 = AXIS2_PLACEMENT_3D ( 'NONE', #4255, #1839, #3241 ) ;
#2498 = CARTESIAN_POINT ( 'NONE',  ( -8.681282631563007612, -18.08544393406723216, 35.57456710988625304 ) ) ;
#2499 = EDGE_CURVE ( 'NONE', #1367, #2018, #1069, .T. ) ;
#2500 = APPROVAL_STATUS ( 'not_yet_approved' ) ;
#2501 = CIRCLE ( 'NONE', #3625, 2.375000000000000444 ) ;
#2502 = CARTESIAN_POINT ( 'NONE',  ( -9.279486827669286342, -20.00000000000000711, 34.59524132483534231 ) ) ;
#2503 = CARTESIAN_POINT ( 'NONE',  ( 20.84999999999999076, -20.00000000000000711, 4.592094754022185477 ) ) ;
#2504 = EDGE_CURVE ( 'NONE', #189, #4385, #2146, .T. ) ;
#2505 = VECTOR ( 'NONE', #1064, 1000.000000000000000 ) ;
#2506 = CARTESIAN_POINT ( 'NONE',  ( -7.702796668257323454, -19.99999999999999645, -43.99605907366071733 ) ) ;
#2507 = DIRECTION ( 'NONE',  ( -0.000000000000000000, 1.779499736546008737E-16, -1.000000000000000000 ) ) ;
#2508 = ORIENTED_EDGE ( 'NONE', *, *, #2815, .T. ) ;
#2509 = ORIENTED_EDGE ( 'NONE', *, *, #901, .F. ) ;
#2510 = DIRECTION ( 'NONE',  ( 0.000000000000000000, 1.000000000000000000, 0.000000000000000000 ) ) ;
#2511 = CARTESIAN_POINT ( 'NONE',  ( -85.64654797690305088, -19.60349479664035144, -25.90215187415088138 ) ) ;
#2512 = CARTESIAN_POINT ( 'NONE',  ( 0.4097847478079139627, -19.21997958223642655, -41.61073622739197475 ) ) ;
#2513 = CARTESIAN_POINT ( 'NONE',  ( -68.29999999999998295, -19.99999999999999645, -43.99605910568065070 ) ) ;
#2514 = ORIENTED_EDGE ( 'NONE', *, *, #2606, .T. ) ;
#2515 = EDGE_CURVE ( 'NONE', #1210, #362, #412, .T. ) ;
#2516 = CARTESIAN_POINT ( 'NONE',  ( 26.85000000000001918, 7.973689171506453732, -14.15509345761719828 ) ) ;
#2517 = CARTESIAN_POINT ( 'NONE',  ( -80.14999999999997726, -17.00000000000000711, 2.592094754022194358 ) ) ;
#2518 = DIRECTION ( 'NONE',  ( 0.000000000000000000, 0.000000000000000000, 1.000000000000000000 ) ) ;
#2519 = CARTESIAN_POINT ( 'NONE',  ( -8.598131305513714295, 28.21444130144308460, -44.98716356547284789 ) ) ;
#2520 = AXIS2_PLACEMENT_3D ( 'NONE', #3957, #551, #4338 ) ;
#2521 = CARTESIAN_POINT ( 'NONE',  ( -8.945960355636959349, -17.44040644131636597, 34.53720350907315861 ) ) ;
#2522 = EDGE_CURVE ( 'NONE', #452, #2289, #367, .T. ) ;
#2523 = CIRCLE ( 'NONE', #3361, 13.50000000000002665 ) ;
#2524 = AXIS2_PLACEMENT_3D ( 'NONE', #365, #1094, #4044 ) ;
#2525 = FACE_BOUND ( 'NONE', #239, .T. ) ;
#2526 = CARTESIAN_POINT ( 'NONE',  ( -9.000000000000001776, 26.98400122115173616, -44.96581114591765527 ) ) ;
#2527 = EDGE_CURVE ( 'NONE', #3035, #1014, #1786, .T. ) ;
#2528 = ORIENTED_EDGE ( 'NONE', *, *, #3696, .F. ) ;
#2529 = ORIENTED_EDGE ( 'NONE', *, *, #431, .F. ) ;
#2530 = AXIS2_PLACEMENT_3D ( 'NONE', #419, #1749, #1791 ) ;
#2531 = LINE ( 'NONE', #2180, #3081 ) ;
#2532 = ORIENTED_EDGE ( 'NONE', *, *, #3542, .F. ) ;
#2533 = CARTESIAN_POINT ( 'NONE',  ( -84.88983956523996710, -18.98248025235927017, -24.64097118804433251 ) ) ;
#2534 = CARTESIAN_POINT ( 'NONE',  ( 0.1917214425955737211, -18.93426998835100861, -42.18778054827562585 ) ) ;
#2535 = ORIENTED_EDGE ( 'NONE', *, *, #3438, .T. ) ;
#2536 = FACE_BOUND ( 'NONE', #3569, .T. ) ;
#2537 = ORIENTED_EDGE ( 'NONE', *, *, #1517, .T. ) ;
#2538 = CARTESIAN_POINT ( 'NONE',  ( -57.75629085796931861, -16.66653313407497805, -41.61565422904203615 ) ) ;
#2539 = CARTESIAN_POINT ( 'NONE',  ( -81.64416480289236233, -18.32945361804922157, 4.895595872286977901 ) ) ;
#2540 = CARTESIAN_POINT ( 'NONE',  ( 13.84999999999998188, -17.00000000000000000, -28.40790524597781541 ) ) ;
#2541 = EDGE_CURVE ( 'NONE', #1629, #1409, #3057, .T. ) ;
#2542 = CARTESIAN_POINT ( 'NONE',  ( -33.14999999999999147, -30.00000000000000711, -18.90790524597781541 ) ) ;
#2543 = ORIENTED_EDGE ( 'NONE', *, *, #2499, .T. ) ;
#2544 = CARTESIAN_POINT ( 'NONE',  ( -7.403799876258480239, -18.97509368791739703, 37.10584394458351198 ) ) ;
#2545 = DIRECTION ( 'NONE',  ( 0.000000000000000000, -0.4998335395964096373, -0.8661214884151786642 ) ) ;
#2546 = CARTESIAN_POINT ( 'NONE',  ( -8.000000000000000000, 7.973689171506453732, -0.3550934576171975166 ) ) ;
#2547 = DIRECTION ( 'NONE',  ( 0.000000000000000000, 0.8661214884151779980, -0.4998335395964107475 ) ) ;
#2548 = EDGE_LOOP ( 'NONE', ( #2588, #1099, #318, #3725 ) ) ;
#2549 = VERTEX_POINT ( 'NONE', #34 ) ;
#2550 = ORIENTED_EDGE ( 'NONE', *, *, #4295, .T. ) ;
#2551 = CARTESIAN_POINT ( 'NONE',  ( -1.000000000000021760, 7.973689171506453732, -22.90509345761720184 ) ) ;
#2552 = CARTESIAN_POINT ( 'NONE',  ( 0.06396670217266402225, -18.51856513472800003, -41.09200915893985950 ) ) ;
#2553 = ORIENTED_EDGE ( 'NONE', *, *, #3352, .F. ) ;
#2554 = CARTESIAN_POINT ( 'NONE',  ( 26.85000000000001918, 16.47368917150645373, -12.78009345761720184 ) ) ;
#2555 = CARTESIAN_POINT ( 'NONE',  ( -57.79043915963653433, -16.67840651525143514, -41.65520338024801816 ) ) ;
#2556 = CARTESIAN_POINT ( 'NONE',  ( -77.80461647216264964, -20.00000000000000355, 7.199324870733892823 ) ) ;
#2557 = CARTESIAN_POINT ( 'NONE',  ( -58.29999999999998295, -0.5263108284935467118, -10.40509345761719473 ) ) ;
#2558 = CIRCLE ( 'NONE', #2150, 8.500000000000000000 ) ;
#2559 = CARTESIAN_POINT ( 'NONE',  ( -84.64424662817157241, -19.60349479664072447, 6.088642730925814206 ) ) ;
#2560 = CARTESIAN_POINT ( 'NONE',  ( -8.153667317759744293, -20.00000000000053291, 37.36076965064011546 ) ) ;
#2561 = AXIS2_PLACEMENT_3D ( 'NONE', #4394, #2067, #1756 ) ;
#2562 = CARTESIAN_POINT ( 'NONE',  ( 26.85000000000001918, 7.973689171506453732, -10.40509345761719828 ) ) ;
#2563 = FACE_OUTER_BOUND ( 'NONE', #257, .T. ) ;
#2564 = CIRCLE ( 'NONE', #1723, 60.00000000000001421 ) ;
#2565 = VECTOR ( 'NONE', #327, 1000.000000000000000 ) ;
#2566 = CYLINDRICAL_SURFACE ( 'NONE', #3059, 1.500000000000000444 ) ;
#2567 = EDGE_CURVE ( 'NONE', #1281, #370, #732, .T. ) ;
#2568 = ORIENTED_EDGE ( 'NONE', *, *, #523, .T. ) ;
#2569 = CARTESIAN_POINT ( 'NONE',  ( -77.67364392074624391, -19.99999999999679190, -27.88426132524115530 ) ) ;
#2570 = VECTOR ( 'NONE', #3321, 1000.000000000000000 ) ;
#2571 = CARTESIAN_POINT ( 'NONE',  ( -59.29999999999999005, -19.90660123983805718, -43.29842286984042232 ) ) ;
#2572 = ORIENTED_EDGE ( 'NONE', *, *, #832, .T. ) ;
#2573 = DIRECTION ( 'NONE',  ( 0.000000000000000000, 0.000000000000000000, 1.000000000000000000 ) ) ;
#2574 = PLANE ( 'NONE',  #1444 ) ;
#2575 = EDGE_LOOP ( 'NONE', ( #2347, #3411, #1457, #881 ) ) ;
#2576 = LOCAL_TIME ( 14, 27, 6.000000000000000000, #2415 ) ;
#2577 = CARTESIAN_POINT ( 'NONE',  ( -93.15000000000000568, 7.999999999999994671, -10.40790524597780298 ) ) ;
#2578 = EDGE_LOOP ( 'NONE', ( #916, #3315, #3459 ) ) ;
#2579 = CARTESIAN_POINT ( 'NONE',  ( -59.29999999999998295, 28.98400122115187472, -44.99999899417180416 ) ) ;
#2580 = ORIENTED_EDGE ( 'NONE', *, *, #3581, .T. ) ;
#2581 = ORIENTED_EDGE ( 'NONE', *, *, #2489, .T. ) ;
#2582 = EDGE_CURVE ( 'NONE', #3125, #767, #3457, .T. ) ;
#2583 = DIRECTION ( 'NONE',  ( -1.000000000000000000, -0.000000000000000000, 0.000000000000000000 ) ) ;
#2584 = CARTESIAN_POINT ( 'NONE',  ( -79.87414770580049606, -18.45541001997792918, 4.867947048220253592 ) ) ;
#2585 = LINE ( 'NONE', #220, #2242 ) ;
#2586 =( BOUNDED_CURVE ( )  B_SPLINE_CURVE ( 3, ( #2622, #1985, #2008, #939 ),
 .UNSPECIFIED., .F., .T. ) 
 B_SPLINE_CURVE_WITH_KNOTS ( ( 4, 4 ),
 ( 1.570796326794896558, 3.141592653589793116 ),
 .UNSPECIFIED. ) 
 CURVE ( )  GEOMETRIC_REPRESENTATION_ITEM ( )  RATIONAL_B_SPLINE_CURVE ( ( 1.000000000000000000, 0.8047378541243649375, 0.8047378541243649375, 1.000000000000000000 ) ) 
 REPRESENTATION_ITEM ( '' )  );
#2587 = CARTESIAN_POINT ( 'NONE',  ( -8.120563442674676224, -18.70408964115646100, 36.59246294517244991 ) ) ;
#2588 = ORIENTED_EDGE ( 'NONE', *, *, #1714, .F. ) ;
#2589 = DIRECTION ( 'NONE',  ( -1.000000000000000000, 0.000000000000000000, 0.000000000000000000 ) ) ;
#2590 = DIRECTION ( 'NONE',  ( 0.000000000000000000, 0.000000000000000000, 1.000000000000000000 ) ) ;
#2591 = EDGE_CURVE ( 'NONE', #337, #1255, #1004, .T. ) ;
#2592 = DIRECTION ( 'NONE',  ( 0.000000000000000000, 0.000000000000000000, 1.000000000000000000 ) ) ;
#2593 = VECTOR ( 'NONE', #3394, 1000.000000000000000 ) ;
#2594 = DIRECTION ( 'NONE',  ( 1.000000000000000000, 0.000000000000000000, 0.000000000000000000 ) ) ;
#2595 = VERTEX_POINT ( 'NONE', #1456 ) ;
#2596 = CARTESIAN_POINT ( 'NONE',  ( -80.14999999999996305, -17.00000000000000000, -25.40790524597781186 ) ) ;
#2597 = FACE_OUTER_BOUND ( 'NONE', #3469, .T. ) ;
#2598 = EDGE_CURVE ( 'NONE', #767, #3895, #2657, .T. ) ;
#2599 = CARTESIAN_POINT ( 'NONE',  ( -10.48914305888730070, -19.62135916506277056, -39.95486337595898618 ) ) ;
#2600 = DIRECTION ( 'NONE',  ( 0.000000000000000000, -1.000000000000000000, 0.000000000000000000 ) ) ;
#2601 = AXIS2_PLACEMENT_3D ( 'NONE', #3090, #41, #1416 ) ;
#2602 = DIRECTION ( 'NONE',  ( 1.156482317317871478E-16, -1.779499736546008737E-16, 1.000000000000000000 ) ) ;
#2603 = CARTESIAN_POINT ( 'NONE',  ( -33.14999999999999147, -20.00000000000000355, -10.40790524597781364 ) ) ;
#2604 = ORIENTED_EDGE ( 'NONE', *, *, #2897, .F. ) ;
#2605 = EDGE_LOOP ( 'NONE', ( #4246, #3661, #3495, #763, #4063, #3383, #3966, #1965, #1283, #1333 ) ) ;
#2606 = EDGE_CURVE ( 'NONE', #1027, #1727, #2771, .T. ) ;
#2607 = CARTESIAN_POINT ( 'NONE',  ( 17.84999999999999076, 7.999999999999991118, 2.592094754022184588 ) ) ;
#2608 = DIRECTION ( 'NONE',  ( 0.000000000000000000, 0.000000000000000000, 1.000000000000000000 ) ) ;
#2609 = CARTESIAN_POINT ( 'NONE',  ( -57.29999999999999005, -17.00000000000000000, -39.95486337595898618 ) ) ;
#2610 = ADVANCED_FACE ( 'NONE', ( #3101 ), #4137, .F. ) ;
#2611 = CARTESIAN_POINT ( 'NONE',  ( -84.84149321814766154, -19.02179400076234117, 5.283587972161790880 ) ) ;
#2612 = ORIENTED_EDGE ( 'NONE', *, *, #3252, .T. ) ;
#2613 = FACE_OUTER_BOUND ( 'NONE', #2548, .T. ) ;
#2614 = CARTESIAN_POINT ( 'NONE',  ( 11.63524365438247266, -19.92191802946455326, 6.283355330050826026 ) ) ;
#2615 = CARTESIAN_POINT ( 'NONE',  ( -82.14999999999997726, -18.75735931288072322, 4.592094754022193470 ) ) ;
#2616 = CARTESIAN_POINT ( 'NONE',  ( -62.86207086581570280, -19.78375494083945085, 37.98215059135755922 ) ) ;
#2617 = VERTEX_POINT ( 'NONE', #11 ) ;
#2618 = CARTESIAN_POINT ( 'NONE',  ( -79.84649888173522925, -18.32945361804910789, -23.91374044308540192 ) ) ;
#2619 = DIRECTION ( 'NONE',  ( 0.000000000000000000, 0.000000000000000000, 1.000000000000000000 ) ) ;
#2620 = CARTESIAN_POINT ( 'NONE',  ( -82.14999999999997726, -17.00000000000000000, -25.40790524597780831 ) ) ;
#2621 = DIRECTION ( 'NONE',  ( -0.000000000000000000, 0.8661214884151779980, -0.4998335395964106920 ) ) ;
#2622 = CARTESIAN_POINT ( 'NONE',  ( 10.84999999999998543, -20.00000000000000000, -28.40790524597781186 ) ) ;
#2623 = CARTESIAN_POINT ( 'NONE',  ( -0.8483824267744254355, -21.86885236591103165, 38.80747352253493432 ) ) ;
#2624 = ORIENTED_EDGE ( 'NONE', *, *, #3164, .T. ) ;
#2625 = UNCERTAINTY_MEASURE_WITH_UNIT (LENGTH_MEASURE( 1.000000000000000082E-05 ), #4033, 'distance_accuracy_value', 'NONE');
#2626 = EDGE_CURVE ( 'NONE', #1837, #1784, #4407, .T. ) ;
#2627 = CARTESIAN_POINT ( 'NONE',  ( 15.84999999999998188, -17.00000000000000355, -23.40790524597781896 ) ) ;
#2628 = CARTESIAN_POINT ( 'NONE',  ( -59.29999999999998295, 28.98400122115187827, -44.99999899417180416 ) ) ;
#2629 = CARTESIAN_POINT ( 'NONE',  ( -59.29976529868574886, -20.00000000000377298, -40.53272619050860470 ) ) ;
#2630 = CARTESIAN_POINT ( 'NONE',  ( -84.14999999999997726, -17.00000000000000711, 2.592094754022195691 ) ) ;
#2631 = ORIENTED_EDGE ( 'NONE', *, *, #1787, .T. ) ;
#2632 = CARTESIAN_POINT ( 'NONE',  ( 16.35583519710758438, -18.32945361804916473, 4.895595872286941486 ) ) ;
#2633 = CARTESIAN_POINT ( 'NONE',  ( 13.31691399187685576, -18.83611591158187437, 5.125180762145311597 ) ) ;
#2634 = CARTESIAN_POINT ( 'NONE',  ( -8.776790901829667035, -16.59526592380684917, -41.28008278451226687 ) ) ;
#2635 = CARTESIAN_POINT ( 'NONE',  ( -57.60578508614659654, -18.09271487159303149, 35.58028196750145611 ) ) ;
#2636 = VECTOR ( 'NONE', #889, 1000.000000000000000 ) ;
#2637 = ORIENTED_EDGE ( 'NONE', *, *, #486, .F. ) ;
#2638 =( BOUNDED_CURVE ( )  B_SPLINE_CURVE ( 3, ( #2320, #3665, #622, #3685 ),
 .UNSPECIFIED., .F., .T. ) 
 B_SPLINE_CURVE_WITH_KNOTS ( ( 4, 4 ),
 ( 0.000000000000000000, 1.570796326794896780 ),
 .UNSPECIFIED. ) 
 CURVE ( )  GEOMETRIC_REPRESENTATION_ITEM ( )  RATIONAL_B_SPLINE_CURVE ( ( 1.000000000000000000, 0.8047378541243649375, 0.8047378541243649375, 1.000000000000000000 ) ) 
 REPRESENTATION_ITEM ( '' )  );
#2639 = EDGE_CURVE ( 'NONE', #2949, #1163, #1366, .T. ) ;
#2640 = CARTESIAN_POINT ( 'NONE',  ( -67.14043707090216628, -19.63141722124271382, 34.88855523515413637 ) ) ;
#2641 = FACE_OUTER_BOUND ( 'NONE', #828, .T. ) ;
#2642 = CIRCLE ( 'NONE', #718, 12.50000000000000355 ) ;
#2643 = AXIS2_PLACEMENT_3D ( 'NONE', #38, #693, #3754 ) ;
#2644 = DIRECTION ( 'NONE',  ( 0.000000000000000000, -1.000000000000000000, -1.779499736546008737E-16 ) ) ;
#2645 = LINE ( 'NONE', #2689, #2649 ) ;
#2646 = CIRCLE ( 'NONE', #3911, 12.01349094556904085 ) ;
#2647 = DIRECTION ( 'NONE',  ( 1.000000000000000000, 0.000000000000000000, 0.000000000000000000 ) ) ;
#2648 = VERTEX_POINT ( 'NONE', #688 ) ;
#2649 = VECTOR ( 'NONE', #3994, 1000.000000000000000 ) ;
#2650 = FACE_OUTER_BOUND ( 'NONE', #3063, .T. ) ;
#2651 = CARTESIAN_POINT ( 'NONE',  ( -6.999999999999999112, -19.99999999999999645, -43.99605910568065070 ) ) ;
#2652 = CARTESIAN_POINT ( 'NONE',  ( -59.29999999999997584, -20.00000000000000711, -40.53272616761718439 ) ) ;
#2653 = FACE_BOUND ( 'NONE', #1244, .T. ) ;
#2654 = ORIENTED_EDGE ( 'NONE', *, *, #2591, .T. ) ;
#2655 = DIRECTION ( 'NONE',  ( -1.000000000000000000, 0.000000000000000000, 0.000000000000000000 ) ) ;
#2656 = CARTESIAN_POINT ( 'NONE',  ( -33.14999999999999147, -24.70000000000000639, -10.40790524597781364 ) ) ;
#2657 = B_SPLINE_CURVE_WITH_KNOTS ( 'NONE', 3,
 ( #1763, #2775, #2098, #2143 ),
 .UNSPECIFIED., .F., .F.,
 ( 4, 4 ),
 ( 0.002863043768073406103, 0.007567186258311657705 ),
 .UNSPECIFIED. ) ;
#2658 = CARTESIAN_POINT ( 'NONE',  ( -54.29999999999998295, -16.99999999999999645, -43.99605910568065781 ) ) ;
#2659 = CARTESIAN_POINT ( 'NONE',  ( -57.35403964436436297, -17.44040644131712980, 34.53720350907769898 ) ) ;
#2660 = VERTEX_POINT ( 'NONE', #1386 ) ;
#2661 = CARTESIAN_POINT ( 'NONE',  ( -7.000000000000000888, -17.00033292080717473, -42.26381612885029426 ) ) ;
#2662 = EDGE_CURVE ( 'NONE', #1739, #3523, #1435, .T. ) ;
#2663 = DIRECTION ( 'NONE',  ( 0.000000000000000000, -1.000000000000000000, -1.734723475976806897E-15 ) ) ;
#2664 = VECTOR ( 'NONE', #1193, 1000.000000000000000 ) ;
#2665 = CYLINDRICAL_SURFACE ( 'NONE', #3401, 2.375000000000002220 ) ;
#2666 = EDGE_CURVE ( 'NONE', #1727, #2716, #1084, .T. ) ;
#2667 = FACE_OUTER_BOUND ( 'NONE', #1054, .T. ) ;
#2668 = VECTOR ( 'NONE', #2732, 1000.000000000000000 ) ;
#2669 = CARTESIAN_POINT ( 'NONE',  ( -56.69900052719453498, -18.84364015992475672, 33.69604301605744467 ) ) ;
#2670 = ORIENTED_EDGE ( 'NONE', *, *, #1902, .F. ) ;
#2671 = CIRCLE ( 'NONE', #384, 2.375000000000000444 ) ;
#2672 = VECTOR ( 'NONE', #729, 1000.000000000000000 ) ;
#2673 = DIRECTION ( 'NONE',  ( 0.000000000000000000, -1.000000000000000000, -1.779499736546008737E-16 ) ) ;
#2674 = AXIS2_PLACEMENT_3D ( 'NONE', #1686, #403, #1773 ) ;
#2675 = CARTESIAN_POINT ( 'NONE',  ( 15.84999999999999254, 7.999999999999992895, 4.592094754022184588 ) ) ;
#2676 = LINE ( 'NONE', #4025, #3510 ) ;
#2677 = EDGE_CURVE ( 'NONE', #979, #1367, #479, .T. ) ;
#2678 = CARTESIAN_POINT ( 'NONE',  ( -33.14999999999999147, -24.70000000000000639, -10.40790524597781364 ) ) ;
#2679 = CARTESIAN_POINT ( 'NONE',  ( 18.02937160885920065, -18.25977905610939445, 4.771466362881076506 ) ) ;
#2680 = EDGE_CURVE ( 'NONE', #540, #1354, #3181, .T. ) ;
#2681 = CARTESIAN_POINT ( 'NONE',  ( -58.29999999999998295, 28.98400122115186406, -4.368302179500638260 ) ) ;
#2682 = CARTESIAN_POINT ( 'NONE',  ( -9.000000000190171434, -20.00000000000001421, 33.69604301646003108 ) ) ;
#2683 = FACE_OUTER_BOUND ( 'NONE', #3953, .T. ) ;
#2684 = ORIENTED_EDGE ( 'NONE', *, *, #2541, .F. ) ;
#2685 = CARTESIAN_POINT ( 'NONE',  ( -1.000000000000000000, 28.98400122115187472, -44.99999899417180416 ) ) ;
#2686 = EDGE_CURVE ( 'NONE', #706, #781, #2349, .T. ) ;
#2687 = CYLINDRICAL_SURFACE ( 'NONE', #825, 2.000000000000001776 ) ;
#2688 = CARTESIAN_POINT ( 'NONE',  ( -9.000000000000001776, 16.00033292080716407, 14.65174792317291441 ) ) ;
#2689 = CARTESIAN_POINT ( 'NONE',  ( -9.000000000000001776, -16.38381360864217839, -40.31046086333581968 ) ) ;
#2690 = CARTESIAN_POINT ( 'NONE',  ( -7.000000000000000888, 16.00033292080716407, 14.65174792317291441 ) ) ;
#2691 = ORIENTED_EDGE ( 'NONE', *, *, #4042, .F. ) ;
#2692 = CARTESIAN_POINT ( 'NONE',  ( -84.14999999999997726, 7.999999999999996447, -23.40790524597780120 ) ) ;
#2693 = EDGE_CURVE ( 'NONE', #1559, #963, #3689, .T. ) ;
#2694 = CARTESIAN_POINT ( 'NONE',  ( 26.85000000000001918, 16.47368917150645373, -10.40509345761720006 ) ) ;
#2695 = DIRECTION ( 'NONE',  ( 0.000000000000000000, 0.000000000000000000, 1.000000000000000000 ) ) ;
#2696 = ORIENTED_EDGE ( 'NONE', *, *, #3219, .T. ) ;
#2697 = CARTESIAN_POINT ( 'NONE',  ( -87.14999999999999147, -20.00000000000000355, 7.592094754022200576 ) ) ;
#2698 = ORIENTED_EDGE ( 'NONE', *, *, #672, .T. ) ;
#2699 = CARTESIAN_POINT ( 'NONE',  ( 20.84999999999999432, -20.00000000000001066, 7.592094754022187253 ) ) ;
#2700 = CARTESIAN_POINT ( 'NONE',  ( 13.54649888173541861, -18.32945361804869933, 3.097929951130230286 ) ) ;
#2701 = CARTESIAN_POINT ( 'NONE',  ( -57.29999999999998295, 8.973356250699264791, -54.94393218862703065 ) ) ;
#2702 = PERSON_AND_ORGANIZATION_ROLE ( 'design_supplier' ) ;
#2703 = VERTEX_POINT ( 'NONE', #1832 ) ;
#2704 = CARTESIAN_POINT ( 'NONE',  ( -66.66879749139158662, -19.16582000792951845, 34.65971644885456726 ) ) ;
#2705 = CARTESIAN_POINT ( 'NONE',  ( -9.000000000000001776, 16.47368917150645373, -10.40509345761720006 ) ) ;
#2706 = AXIS2_PLACEMENT_3D ( 'NONE', #1203, #1518, #2165 ) ;
#2707 = EDGE_CURVE ( 'NONE', #1163, #2084, #4053, .T. ) ;
#2708 = CARTESIAN_POINT ( 'NONE',  ( -0.7383280549782348379, 28.95801275535845676, -44.99957175942624588 ) ) ;
#2709 = ORIENTED_EDGE ( 'NONE', *, *, #1225, .F. ) ;
#2710 = VECTOR ( 'NONE', #2727, 1000.000000000000114 ) ;
#2711 = DIRECTION ( 'NONE',  ( -0.000000000000000000, 1.000000000000000000, 1.779499736546008737E-16 ) ) ;
#2712 = AXIS2_PLACEMENT_3D ( 'NONE', #4147, #1190, #129 ) ;
#2713 = CARTESIAN_POINT ( 'NONE',  ( 26.85000000000001918, 16.47368917150645373, -10.40509345761720006 ) ) ;
#2714 = CARTESIAN_POINT ( 'NONE',  ( 13.11016043476017146, -18.98248025235909608, -24.64097118804434317 ) ) ;
#2715 = CARTESIAN_POINT ( 'NONE',  ( -66.29999999999998295, -18.00000000000000000, -43.99605910568065070 ) ) ;
#2716 = VERTEX_POINT ( 'NONE', #3859 ) ;
#2717 = VECTOR ( 'NONE', #2350, 1000.000000000000000 ) ;
#2718 = CYLINDRICAL_SURFACE ( 'NONE', #3406, 2.000000000000001776 ) ;
#2719 = EDGE_CURVE ( 'NONE', #1784, #2194, #2859, .T. ) ;
#2720 = CARTESIAN_POINT ( 'NONE',  ( 17.82551401602082564, -17.42996240070296210, -25.38341926199803922 ) ) ;
#2721 = CARTESIAN_POINT ( 'NONE',  ( -1.000000000000000000, -17.00033292080717118, -42.26381612885029426 ) ) ;
#2722 = CARTESIAN_POINT ( 'NONE',  ( 0.000000000000000000, 0.000000000000000000, 0.000000000000000000 ) ) ;
#2723 = CARTESIAN_POINT ( 'NONE',  ( 0.000000000000000000, -17.99999999999999645, -43.99605910568065070 ) ) ;
#2724 = CARTESIAN_POINT ( 'NONE',  ( 0.000000000000000000, -17.99999999999999645, -40.99605910568064360 ) ) ;
#2725 = EDGE_CURVE ( 'NONE', #3829, #3343, #3260, .T. ) ;
#2726 = ORIENTED_EDGE ( 'NONE', *, *, #1844, .F. ) ;
#2727 = DIRECTION ( 'NONE',  ( 0.000000000000000000, -0.8661214884151779980, 0.4998335395964106920 ) ) ;
#2728 = LINE ( 'NONE', #1732, #726 ) ;
#2729 = EDGE_CURVE ( 'NONE', #370, #979, #2978, .T. ) ;
#2730 = LINE ( 'NONE', #2116, #3864 ) ;
#2731 = DIRECTION ( 'NONE',  ( 1.000000000000000000, 0.000000000000000000, 0.000000000000000000 ) ) ;
#2732 = DIRECTION ( 'NONE',  ( -1.000000000000000000, -0.000000000000000000, -0.000000000000000000 ) ) ;
#2733 = DIRECTION ( 'NONE',  ( -1.156482317317871478E-16, 1.156482317317871478E-16, -1.000000000000000000 ) ) ;
#2734 = VECTOR ( 'NONE', #3253, 1000.000000000000000 ) ;
#2735 = AXIS2_PLACEMENT_3D ( 'NONE', #3595, #1612, #3325 ) ;
#2736 = DIRECTION ( 'NONE',  ( 0.000000000000000000, -1.000000000000000000, -1.779499736546008737E-16 ) ) ;
#2737 = EDGE_CURVE ( 'NONE', #3235, #3789, #1363, .T. ) ;
#2738 = VERTEX_POINT ( 'NONE', #1184 ) ;
#2739 = CARTESIAN_POINT ( 'NONE',  ( -59.29999999999998295, 14.97810195293247304, -44.53878952978850947 ) ) ;
#2740 = ORIENTED_EDGE ( 'NONE', *, *, #2061, .F. ) ;
#2741 = CARTESIAN_POINT ( 'NONE',  ( 16.35583519710758083, -18.32945361804932105, -25.71140636424264514 ) ) ;
#2742 = FACE_BOUND ( 'NONE', #2127, .T. ) ;
#2743 = APPROVAL_STATUS ( 'not_yet_approved' ) ;
#2744 = EDGE_LOOP ( 'NONE', ( #1011, #1122, #1227, #2405 ) ) ;
#2745 = CARTESIAN_POINT ( 'NONE',  ( -7.656116416835480720, -16.94999705801498280, -42.18897511475309159 ) ) ;
#2746 = ADVANCED_FACE ( 'NONE', ( #2536, #3882 ), #3166, .F. ) ;
#2747 = FACE_BOUND ( 'NONE', #1340, .T. ) ;
#2748 = DIRECTION ( 'NONE',  ( -1.000000000000000000, 0.000000000000000000, 0.000000000000000000 ) ) ;
#2749 = EDGE_LOOP ( 'NONE', ( #771, #3802, #2550, #3593, #659, #4174, #2390, #39, #1212 ) ) ;
#2750 = CYLINDRICAL_SURFACE ( 'NONE', #1889, 12.50000000000000355 ) ;
#2751 =( BOUNDED_SURFACE ( )  B_SPLINE_SURFACE ( 3, 2, ( 
 ( #3165, #1849, #2858 ),
 ( #1516, #2878, #4221 ),
 ( #4243, #1896, #2223 ),
 ( #2552, #120, #3565 ),
 ( #1161, #437, #1182 ),
 ( #478, #3231, #3838 ),
 ( #185, #1476, #4266 ),
 ( #2512, #2534, #823 ),
 ( #801, #3858, #1562 ),
 ( #3146, #2899, #2469 ),
 ( #3815, #1139, #2488 ),
 ( #2183, #3521, #843 ),
 ( #2199, #3539, #1943 ),
 ( #964, #1917, #4314 ) ),
 .UNSPECIFIED., .F., .F., .T. ) 
 B_SPLINE_SURFACE_WITH_KNOTS ( ( 4, 2, 2, 2, 2, 2, 4 ),
 ( 3, 3 ),
 ( 3.141592653589793116, 3.337942194439155408, 3.534291735288517255, 3.730641276137879103, 3.926990816987241395, 4.319689898685965090, 4.712388980384689674 ),
 ( 0.000000000000000000, 1.000000000000000000 ),
 .UNSPECIFIED. ) 
 GEOMETRIC_REPRESENTATION_ITEM ( )  RATIONAL_B_SPLINE_SURFACE ( (
 ( 1.000000000000000000, 0.7071067811865475727, 1.000000000000000000),
 ( 1.000000000000000000, 0.7070717276407338936, 1.000000000000000000),
 ( 1.000000000000000000, 0.7117460035099320015, 1.000000000000000000),
 ( 1.000000000000000000, 0.7291288930333842400, 1.000000000000000000),
 ( 1.000000000000000000, 0.7418334192087454593, 1.000000000000000000),
 ( 1.000000000000000000, 0.7723968204884585909, 1.000000000000000000),
 ( 1.000000000000000000, 0.7902180097996183150, 1.000000000000000000),
 ( 1.000000000000000000, 0.8275942684437231911, 1.000000000000000000),
 ( 1.000000000000000000, 0.8471316612623113196, 1.000000000000000000),
 ( 1.000000000000000000, 0.9038128888286948159, 1.000000000000000000),
 ( 1.000000000000000000, 0.9386556515529531630, 1.000000000000000000),
 ( 1.000000000000000000, 0.9867291882093597311, 1.000000000000000000),
 ( 1.000000000000000000, 1.000158581554873916, 1.000000000000000000),
 ( 1.000000000000000000, 1.000000000000000000, 1.000000000000000000) ) ) 
 REPRESENTATION_ITEM ( '' )  SURFACE ( )  );
#2752 = LINE ( 'NONE', #4109, #531 ) ;
#2753 = CARTESIAN_POINT ( 'NONE',  ( 13.84999999999998543, -17.00000000000000000, -23.40790524597781541 ) ) ;
#2754 = DIRECTION ( 'NONE',  ( 0.000000000000000000, 0.000000000000000000, -1.000000000000000000 ) ) ;
#2755 = ORIENTED_EDGE ( 'NONE', *, *, #3830, .F. ) ;
#2756 = CARTESIAN_POINT ( 'NONE',  ( -83.38306594206719069, -18.98248025235892200, -26.14774481121743932 ) ) ;
#2757 = ORIENTED_EDGE ( 'NONE', *, *, #288, .F. ) ;
#2758 = EDGE_CURVE ( 'NONE', #413, #1544, #1162, .T. ) ;
#2759 = CARTESIAN_POINT ( 'NONE',  ( -3.887557388802714620, -19.95234860992697534, 38.45201417598258331 ) ) ;
#2760 = ORIENTED_EDGE ( 'NONE', *, *, #1089, .T. ) ;
#2761 = CARTESIAN_POINT ( 'NONE',  ( 18.46467712269949857, -18.82996937483276056, -24.43236711714379439 ) ) ;
#2762 = DIRECTION ( 'NONE',  ( 0.000000000000000000, 0.000000000000000000, -1.000000000000000000 ) ) ;
#2763 = CARTESIAN_POINT ( 'NONE',  ( -6.999999999999999112, -20.00000000000001421, 38.89142680434118660 ) ) ;
#2764 = CARTESIAN_POINT ( 'NONE',  ( -33.14999999999999147, -20.00000000000000355, -12.40790524597781541 ) ) ;
#2765 = CARTESIAN_POINT ( 'NONE',  ( -8.776790901829667035, -16.59526592380684917, -41.28008278451226687 ) ) ;
#2766 = DIRECTION ( 'NONE',  ( 0.000000000000000000, 0.000000000000000000, 1.000000000000000000 ) ) ;
#2767 = CARTESIAN_POINT ( 'NONE',  ( -7.000000000000000888, 7.973689171506443962, -56.67617516545738710 ) ) ;
#2768 = EDGE_CURVE ( 'NONE', #888, #4027, #1872, .T. ) ;
#2769 = EDGE_LOOP ( 'NONE', ( #1622, #1589, #3167, #1565, #2258 ) ) ;
#2770 = CARTESIAN_POINT ( 'NONE',  ( -9.000000000000001776, -0.5263108284935467118, -10.40509345761719473 ) ) ;
#2771 = CIRCLE ( 'NONE', #1504, 2.000000000000001776 ) ;
#2772 = VECTOR ( 'NONE', #3492, 1000.000000000000000 ) ;
#2773 = DIRECTION ( 'NONE',  ( -1.000000000000000000, -0.000000000000000000, -0.000000000000000000 ) ) ;
#2774 =( BOUNDED_CURVE ( )  B_SPLINE_CURVE ( 3, ( #155, #1860, #835, #2173 ),
 .UNSPECIFIED., .F., .T. ) 
 B_SPLINE_CURVE_WITH_KNOTS ( ( 4, 4 ),
 ( 0.000000000000000000, 1.570796326794896780 ),
 .UNSPECIFIED. ) 
 CURVE ( )  GEOMETRIC_REPRESENTATION_ITEM ( )  RATIONAL_B_SPLINE_CURVE ( ( 1.000000000000000000, 0.8047378541243649375, 0.8047378541243649375, 1.000000000000000000 ) ) 
 REPRESENTATION_ITEM ( '' )  );
#2775 = CARTESIAN_POINT ( 'NONE',  ( 0.000000000000000000, -19.96511417018672319, 35.92332117825336724 ) ) ;
#2776 = EDGE_LOOP ( 'NONE', ( #1741, #760, #167, #378 ) ) ;
#2777 = ORIENTED_EDGE ( 'NONE', *, *, #3246, .F. ) ;
#2778 = EDGE_CURVE ( 'NONE', #1367, #3343, #1393, .T. ) ;
#2779 = VECTOR ( 'NONE', #1395, 1000.000000000000000 ) ;
#2780 = B_SPLINE_CURVE_WITH_KNOTS ( 'NONE', 3,
 ( #3237, #147, #191, #1568, #461, #3907, #871, #4164, #3863, #1479 ),
 .UNSPECIFIED., .F., .F.,
 ( 4, 2, 2, 2, 4 ),
 ( 0.000000000000000000, 0.2499999999999999722, 0.5000000000000000000, 0.7500000000000000000, 1.000000000000000000 ),
 .UNSPECIFIED. ) ;
#2781 = CARTESIAN_POINT ( 'NONE',  ( -77.14999999999996305, -20.00000000000000711, 4.592094754022196135 ) ) ;
#2782 = EDGE_LOOP ( 'NONE', ( #698, #4208, #3028, #3753 ) ) ;
#2783 = AXIS2_PLACEMENT_3D ( 'NONE', #633, #4378, #2006 ) ;
#2784 = DIRECTION ( 'NONE',  ( 0.000000000000000000, -1.000000000000000000, -1.779499736546008737E-16 ) ) ;
#2785 = CARTESIAN_POINT ( 'NONE',  ( -84.14999999999997726, 7.999999999999994671, -10.40790524597780298 ) ) ;
#2786 = CARTESIAN_POINT ( 'NONE',  ( -59.29999999999998295, 26.98400122115187472, -43.99605910568064360 ) ) ;
#2787 = AXIS2_PLACEMENT_3D ( 'NONE', #114, #1195, #3558 ) ;
#2788 = CARTESIAN_POINT ( 'NONE',  ( 13.84999999999998366, 7.999999999999996447, -23.40790524597781541 ) ) ;
#2789 = FACE_OUTER_BOUND ( 'NONE', #3650, .T. ) ;
#2790 = CARTESIAN_POINT ( 'NONE',  ( -6.999999999999999112, -19.99999999999999645, -43.99605910568065070 ) ) ;
#2791 = DIRECTION ( 'NONE',  ( -1.000000000000000000, -0.000000000000000000, -0.000000000000000000 ) ) ;
#2792 = ADVANCED_FACE ( 'NONE', ( #1477 ), #4180, .F. ) ;
#2793 = FACE_OUTER_BOUND ( 'NONE', #2749, .T. ) ;
#2794 = EDGE_CURVE ( 'NONE', #17, #2281, #566, .T. ) ;
#2795 = DIRECTION ( 'NONE',  ( -0.000000000000000000, 1.779499736546008737E-16, -1.000000000000000000 ) ) ;
#2796 = CARTESIAN_POINT ( 'NONE',  ( 13.80574791066344886, -17.89113263215572402, -25.45215733531467350 ) ) ;
#2797 = LINE ( 'NONE', #3773, #1613 ) ;
#2798 = ORIENTED_EDGE ( 'NONE', *, *, #4179, .F. ) ;
#2799 = ORIENTED_EDGE ( 'NONE', *, *, #856, .T. ) ;
#2800 = CIRCLE ( 'NONE', #243, 2.000000000000001776 ) ;
#2801 = ORIENTED_EDGE ( 'NONE', *, *, #1825, .T. ) ;
#2802 = CARTESIAN_POINT ( 'NONE',  ( -59.29999999999998295, 7.973689171506443962, -56.67617516545738710 ) ) ;
#2803 = ORIENTED_EDGE ( 'NONE', *, *, #4075, .F. ) ;
#2804 = AXIS2_PLACEMENT_3D ( 'NONE', #3363, #3098, #51 ) ;
#2805 = DIRECTION ( 'NONE',  ( 0.000000000000000000, 0.000000000000000000, 1.000000000000000000 ) ) ;
#2806 = DIRECTION ( 'NONE',  ( 0.000000000000000000, 0.000000000000000000, -1.000000000000000000 ) ) ;
#2807 = DIRECTION ( 'NONE',  ( 1.000000000000000000, 2.057959978987270226E-32, -1.156482317317871725E-16 ) ) ;
#2808 = AXIS2_PLACEMENT_3D ( 'NONE', #1836, #128, #2518 ) ;
#2809 = VECTOR ( 'NONE', #4296, 1000.000000000000000 ) ;
#2810 = CARTESIAN_POINT ( 'NONE',  ( -33.14999999999999147, -24.70000000000000639, -18.90790524597781541 ) ) ;
#2811 = CARTESIAN_POINT ( 'NONE',  ( -7.000000000000000888, 26.98400122115186051, -4.368302179500638260 ) ) ;
#2812 = CARTESIAN_POINT ( 'NONE',  ( -58.29999999999998295, 16.47368917150645373, -10.40509345761720006 ) ) ;
#2813 = DIRECTION ( 'NONE',  ( -0.000000000000000000, 1.000000000000000000, 1.156482317317871478E-16 ) ) ;
#2814 = VERTEX_POINT ( 'NONE', #1250 ) ;
#2815 = EDGE_CURVE ( 'NONE', #4202, #1843, #2267, .T. ) ;
#2816 = DIRECTION ( 'NONE',  ( -1.000000000000000000, -0.000000000000000000, -0.000000000000000000 ) ) ;
#2817 = CARTESIAN_POINT ( 'NONE',  ( -79.87414770580051027, -18.45541001997791852, -25.68375754017657542 ) ) ;
#2818 = CARTESIAN_POINT ( 'NONE',  ( 13.06575603075268432, -19.69649888156878959, -27.07845162752680679 ) ) ;
#2819 = CARTESIAN_POINT ( 'NONE',  ( -57.29999999999998295, 14.97810195293247304, -44.53878952978850947 ) ) ;
#2820 = ORIENTED_EDGE ( 'NONE', *, *, #2686, .F. ) ;
#2821 = EDGE_CURVE ( 'NONE', #767, #2486, #1551, .T. ) ;
#2822 = CARTESIAN_POINT ( 'NONE',  ( -58.21861561990023404, -16.83205051073322522, -41.99476153104843235 ) ) ;
#2823 = CARTESIAN_POINT ( 'NONE',  ( -78.47945361845070522, -19.69649888156891038, 5.376338723269687314 ) ) ;
#2824 = CARTESIAN_POINT ( 'NONE',  ( -57.29999999999998295, -16.99999999999999645, -43.99605910568065781 ) ) ;
#2825 = DIRECTION ( 'NONE',  ( 0.000000000000000000, 0.000000000000000000, -1.000000000000000000 ) ) ;
#2826 = DIRECTION ( 'NONE',  ( 0.000000000000000000, -1.000000000000000000, -1.779499736546008983E-16 ) ) ;
#2827 = CARTESIAN_POINT ( 'NONE',  ( -8.010977260626495067, -19.99999999999903011, -40.95789404598816930 ) ) ;
#2828 = DIRECTION ( 'NONE',  ( -1.000000000000000000, 0.000000000000000000, 0.000000000000000000 ) ) ;
#2829 = CARTESIAN_POINT ( 'NONE',  ( -82.14999999999997726, -18.75735931288072322, 4.592094754022194358 ) ) ;
#2830 = ORIENTED_EDGE ( 'NONE', *, *, #3, .F. ) ;
#2831 = CARTESIAN_POINT ( 'NONE',  ( -57.29999999999999005, -17.21869782877298150, 34.15903430771295035 ) ) ;
#2832 = EDGE_CURVE ( 'NONE', #1691, #2450, #3046, .T. ) ;
#2833 = DIRECTION ( 'NONE',  ( -0.000000000000000000, 1.000000000000000000, 1.156482317317871725E-16 ) ) ;
#2834 = CARTESIAN_POINT ( 'NONE',  ( 13.35575337182727473, -19.60349479664080619, -26.90445322288156049 ) ) ;
#2835 = DIRECTION ( 'NONE',  ( 1.000000000000000000, 0.000000000000000000, 0.000000000000000000 ) ) ;
#2836 = EDGE_LOOP ( 'NONE', ( #937, #3295, #4316, #23 ) ) ;
#2837 = AXIS2_PLACEMENT_3D ( 'NONE', #1716, #3476, #54 ) ;
#2838 = CARTESIAN_POINT ( 'NONE',  ( -57.42006692537145796, -16.64458972367804179, -40.94817380992269307 ) ) ;
#2839 = CARTESIAN_POINT ( 'NONE',  ( -81.12553812883317050, -18.82996937483265398, 5.206771876721630221 ) ) ;
#2840 = DIRECTION ( 'NONE',  ( -0.000000000000000000, -1.000000000000000000, -1.779499736546008737E-16 ) ) ;
#2841 = VERTEX_POINT ( 'NONE', #935 ) ;
#2842 = CIRCLE ( 'NONE', #2209, 3.750000000000000000 ) ;
#2843 = AXIS2_PLACEMENT_3D ( 'NONE', #111, #3850, #466 ) ;
#2844 = EDGE_CURVE ( 'NONE', #2078, #525, #4031, .T. ) ;
#2845 = LINE ( 'NONE', #3135, #3194 ) ;
#2846 = AXIS2_PLACEMENT_3D ( 'NONE', #3528, #1167, #4168 ) ;
#2847 = FACE_OUTER_BOUND ( 'NONE', #1057, .T. ) ;
#2848 = AXIS2_PLACEMENT_3D ( 'NONE', #1824, #96, #1864 ) ;
#2849 = DIRECTION ( 'NONE',  ( 0.000000000000000000, 0.000000000000000000, -1.000000000000000000 ) ) ;
#2850 = EDGE_CURVE ( 'NONE', #4412, #2648, #43, .T. ) ;
#2851 = CARTESIAN_POINT ( 'NONE',  ( -8.000000000000000000, -0.5263108284935463788, -12.78009345761719473 ) ) ;
#2852 = EDGE_LOOP ( 'NONE', ( #3955, #2992, #245 ) ) ;
#2853 = EDGE_LOOP ( 'NONE', ( #817, #990, #2968, #1236 ) ) ;
#2854 = EDGE_CURVE ( 'NONE', #2617, #909, #1148, .T. ) ;
#2855 = DIRECTION ( 'NONE',  ( 0.000000000000000000, 0.000000000000000000, -1.000000000000000000 ) ) ;
#2856 = CARTESIAN_POINT ( 'NONE',  ( 17.84999999999999076, 7.999999999999994671, -10.40790524597781541 ) ) ;
#2857 = ADVANCED_FACE ( 'NONE', ( #1317 ), #2665, .F. ) ;
#2858 = CARTESIAN_POINT ( 'NONE',  ( -0.9999999999999986677, -17.99999999999999645, -41.99605910568064360 ) ) ;
#2859 = LINE ( 'NONE', #3839, #788 ) ;
#2860 = ORIENTED_EDGE ( 'NONE', *, *, #3077, .F. ) ;
#2861 = CARTESIAN_POINT ( 'NONE',  ( -33.14999999999999147, -30.00000000000000711, -10.40790524597781541 ) ) ;
#2862 = CARTESIAN_POINT ( 'NONE',  ( 19.11985079703231705, -19.50315821569004981, -26.67775604301015591 ) ) ;
#2863 = CARTESIAN_POINT ( 'NONE',  ( 26.85000000000001918, -0.5263108284935463788, -12.78009345761719473 ) ) ;
#2864 = AXIS2_PLACEMENT_3D ( 'NONE', #3940, #1169, #4210 ) ;
#2865 = ORIENTED_EDGE ( 'NONE', *, *, #2039, .T. ) ;
#2866 = CARTESIAN_POINT ( 'NONE',  ( -7.261897991624881143, 28.97105134165699525, -44.99978597477308995 ) ) ;
#2867 = DIRECTION ( 'NONE',  ( 0.000000000000000000, 0.000000000000000000, 1.000000000000000000 ) ) ;
#2868 = CC_DESIGN_PERSON_AND_ORGANIZATION_ASSIGNMENT ( #1020, #2371, ( #4282 ) ) ;
#2869 = FACE_OUTER_BOUND ( 'NONE', #474, .T. ) ;
#2870 = VECTOR ( 'NONE', #242, 1000.000000000000000 ) ;
#2871 = CYLINDRICAL_SURFACE ( 'NONE', #1082, 23.96002565122392980 ) ;
#2872 = CARTESIAN_POINT ( 'NONE',  ( -87.14999999999997726, -20.00000000000000711, 7.592094754022193470 ) ) ;
#2873 = EDGE_LOOP ( 'NONE', ( #80, #2037, #2100, #3067 ) ) ;
#2874 = VERTEX_POINT ( 'NONE', #4313 ) ;
#2875 = AXIS2_PLACEMENT_3D ( 'NONE', #2066, #1447, #2463 ) ;
#2876 = DIRECTION ( 'NONE',  ( 0.7071067811865431318, 8.659560562354987092E-17, 0.7071067811865517916 ) ) ;
#2877 = FACE_OUTER_BOUND ( 'NONE', #759, .T. ) ;
#2878 = CARTESIAN_POINT ( 'NONE',  ( -2.521992072515479249E-11, -18.06521576025114229, -41.99605910565756517 ) ) ;
#2879 = ORIENTED_EDGE ( 'NONE', *, *, #4102, .T. ) ;
#2880 = CARTESIAN_POINT ( 'NONE',  ( -59.03806511520636491, 28.97104769755120657, -44.99978591486936352 ) ) ;
#2881 = ORIENTED_EDGE ( 'NONE', *, *, #4008, .T. ) ;
#2882 = CARTESIAN_POINT ( 'NONE',  ( 20.84999999999998721, -20.00000000000000000, -28.40790524597782252 ) ) ;
#2883 = CARTESIAN_POINT ( 'NONE',  ( -80.19994895836759952, -19.38532287717464087, 5.762125379001083125 ) ) ;
#2884 = CARTESIAN_POINT ( 'NONE',  ( -7.000000000000000888, 26.98400122115186406, -4.944952010844932744 ) ) ;
#2885 =( BOUNDED_SURFACE ( )  B_SPLINE_SURFACE ( 3, 2, ( 
 ( #2630, #1597, #1571 ),
 ( #1974, #2953, #553 ),
 ( #3959, #3306, #2273 ),
 ( #3642, #2887, #3888 ),
 ( #1927, #1260, #3261 ),
 ( #2207, #4253, #222 ),
 ( #3551, #2972, #4323 ),
 ( #1951, #3284, #3980 ),
 ( #1211, #4276, #2931 ),
 ( #949, #2908, #3240 ),
 ( #1880, #2611, #4341 ),
 ( #1548, #925, #2559 ),
 ( #3913, #875, #2230 ),
 ( #3619, #577, #1677 ),
 ( #4094, #4384, #1012 ),
 ( #2364, #2697, #3752 ) ),
 .UNSPECIFIED., .F., .F., .T. ) 
 B_SPLINE_SURFACE_WITH_KNOTS ( ( 4, 2, 2, 2, 2, 2, 2, 4 ),
 ( 3, 3 ),
 ( 3.141592653589793116, 3.337942194439155408, 3.534291735288517255, 3.730641276137879103, 3.926990816987241395, 4.123340357836603687, 4.319689898685965090, 4.712388980384689674 ),
 ( 0.000000000000000000, 1.000000000000000000 ),
 .UNSPECIFIED. ) 
 GEOMETRIC_REPRESENTATION_ITEM ( )  RATIONAL_B_SPLINE_SURFACE ( (
 ( 1.000000000000000000, 0.7071067811865475727, 1.000000000000000000),
 ( 1.000000000000000000, 0.7070717281302729695, 1.000000000000000000),
 ( 1.000000000000000000, 0.7117460028581279463, 1.000000000000000000),
 ( 1.000000000000000000, 0.7291288936851885172, 1.000000000000000000),
 ( 1.000000000000000000, 0.7418334183296234619, 1.000000000000000000),
 ( 1.000000000000000000, 0.7723968213675799221, 1.000000000000000000),
 ( 1.000000000000000000, 0.7902180090373049914, 1.000000000000000000),
 ( 1.000000000000000000, 0.8275942692060364037, 1.000000000000000000),
 ( 1.000000000000000000, 0.8471316607149027567, 1.000000000000000000),
 ( 1.000000000000000000, 0.8849191468539755467, 1.000000000000000000),
 ( 1.000000000000000000, 0.9031650995971176599, 1.000000000000000000),
 ( 1.000000000000000000, 0.9360421840892778622, 1.000000000000000000),
 ( 1.000000000000000000, 0.9506740355058775904, 1.000000000000000000),
 ( 1.000000000000000000, 0.9867291886317137717, 1.000000000000000000),
 ( 1.000000000000000000, 1.000158581237663880, 1.000000000000000000),
 ( 1.000000000000000000, 1.000000000000000000, 1.000000000000000000) ) ) 
 REPRESENTATION_ITEM ( '' )  SURFACE ( )  );
#2886 = ADVANCED_FACE ( 'NONE', ( #3674 ), #3979, .T. ) ;
#2887 = CARTESIAN_POINT ( 'NONE',  ( -84.12944762954816724, -17.31435347780800882, 4.571542383572799295 ) ) ;
#2888 = CARTESIAN_POINT ( 'NONE',  ( -9.000000000000001776, 7.973689171506453732, -6.655093457617198283 ) ) ;
#2889 = DIRECTION ( 'NONE',  ( -0.000000000000000000, 1.000000000000000000, 1.156482317317871725E-16 ) ) ;
#2890 = DIRECTION ( 'NONE',  ( 0.000000000000000000, 0.000000000000000000, -1.000000000000000000 ) ) ;
#2891 = CARTESIAN_POINT ( 'NONE',  ( -33.14999999999999147, -24.70000000000000639, -10.40790524597781364 ) ) ;
#2892 = ORIENTED_EDGE ( 'NONE', *, *, #677, .T. ) ;
#2893 = VERTEX_POINT ( 'NONE', #3250 ) ;
#2894 = CARTESIAN_POINT ( 'NONE',  ( -79.53532287730074302, -18.82996937483234490, -24.43236711714461862 ) ) ;
#2895 = DIRECTION ( 'NONE',  ( 0.000000000000000000, 1.734723475976807094E-15, -1.000000000000000000 ) ) ;
#2896 = ORIENTED_EDGE ( 'NONE', *, *, #2768, .T. ) ;
#2897 = EDGE_CURVE ( 'NONE', #1196, #525, #1584, .T. ) ;
#2898 = CARTESIAN_POINT ( 'NONE',  ( -84.12944762955044098, -17.31435347780971412, -25.38735287552883690 ) ) ;
#2899 = CARTESIAN_POINT ( 'NONE',  ( 0.5176101468620543100, -19.40516407771943719, -42.51366925253796580 ) ) ;
#2900 = ORIENTED_EDGE ( 'NONE', *, *, #4336, .F. ) ;
#2901 = DIRECTION ( 'NONE',  ( 0.000000000000000000, 0.000000000000000000, 1.000000000000000000 ) ) ;
#2902 = EDGE_LOOP ( 'NONE', ( #667, #124 ) ) ;
#2903 = CARTESIAN_POINT ( 'NONE',  ( -8.479114387416091247, -20.00000000000001066, 38.62847843746662591 ) ) ;
#2904 = CARTESIAN_POINT ( 'NONE',  ( -81.48915799419224015, -18.50345202328497507, 4.988599957507487304 ) ) ;
#2905 = ADVANCED_FACE ( 'NONE', ( #632 ), #1626, .T. ) ;
#2906 = CARTESIAN_POINT ( 'NONE',  ( -3.597762351131005953, -18.99966707919283238, 37.15918382751083016 ) ) ;
#2907 = VECTOR ( 'NONE', #121, 1000.000000000000000 ) ;
#2908 = CARTESIAN_POINT ( 'NONE',  ( -84.68308600812174802, -18.83611591158256715, 5.125180762145848057 ) ) ;
#2909 = CARTESIAN_POINT ( 'NONE',  ( -58.29999999999998295, 7.973689171506453732, -1.855093457617198016 ) ) ;
#2910 = CIRCLE ( 'NONE', #139, 23.96002565122392980 ) ;
#2911 = CIRCLE ( 'NONE', #3699, 2.000000000000000000 ) ;
#2912 = DIRECTION ( 'NONE',  ( 0.000000000000000000, 0.000000000000000000, -1.000000000000000000 ) ) ;
#2913 = CARTESIAN_POINT ( 'NONE',  ( -65.29999999999995453, 7.973689171506453732, -10.40509345761719828 ) ) ;
#2914 = VECTOR ( 'NONE', #1720, 1000.000000000000000 ) ;
#2915 = DIRECTION ( 'NONE',  ( 0.000000000000000000, -0.8661214884151779980, 0.4998335395964106920 ) ) ;
#2916 = ORIENTED_EDGE ( 'NONE', *, *, #3175, .F. ) ;
#2917 = CARTESIAN_POINT ( 'NONE',  ( -79.41016043475998742, -18.98248025235926661, -24.64097118804432540 ) ) ;
#2918 = CARTESIAN_POINT ( 'NONE',  ( -37.14999999999999147, -24.70000000000000995, -2.907905245977811415 ) ) ;
#2919 = LINE ( 'NONE', #4289, #2005 ) ;
#2920 = EDGE_CURVE ( 'NONE', #1922, #3436, #2919, .T. ) ;
#2921 = DIRECTION ( 'NONE',  ( 0.000000000000000000, -1.779499736546008737E-16, 1.000000000000000000 ) ) ;
#2922 = AXIS2_PLACEMENT_3D ( 'NONE', #3582, #880, #3649 ) ;
#2923 = EDGE_CURVE ( 'NONE', #888, #2377, #2206, .T. ) ;
#2924 = CYLINDRICAL_SURFACE ( 'NONE', #822, 2.999999999999999112 ) ;
#2925 = DIRECTION ( 'NONE',  ( -1.000000000000000000, -0.000000000000000000, -0.000000000000000000 ) ) ;
#2926 = ORIENTED_EDGE ( 'NONE', *, *, #2821, .F. ) ;
#2927 = EDGE_LOOP ( 'NONE', ( #393, #86 ) ) ;
#2928 = CARTESIAN_POINT ( 'NONE',  ( -8.779502866727874277, -20.00000000000001066, 38.50009607786596888 ) ) ;
#2929 = CARTESIAN_POINT ( 'NONE',  ( -6.999999999999998224, -19.99999999999999289, -43.64702528882424559 ) ) ;
#2930 = CYLINDRICAL_SURFACE ( 'NONE', #3298, 1.500000000000000444 ) ;
#2931 = CARTESIAN_POINT ( 'NONE',  ( -83.38306594206719069, -18.98248025235927372, 5.331934319262180644 ) ) ;
#2932 = EDGE_LOOP ( 'NONE', ( #1432, #345, #269, #749 ) ) ;
#2933 = CARTESIAN_POINT ( 'NONE',  ( 17.89425208933636924, -17.89113263215622140, 4.636346843358893466 ) ) ;
#2934 = CARTESIAN_POINT ( 'NONE',  ( -9.000000000000001776, 26.98400122115186406, -4.368302179500639149 ) ) ;
#2935 = DIRECTION ( 'NONE',  ( -1.000000000000000000, -0.000000000000000000, -0.000000000000000000 ) ) ;
#2936 = VECTOR ( 'NONE', #259, 1000.000000000000000 ) ;
#2937 = CARTESIAN_POINT ( 'NONE',  ( -62.98599183295763737, -19.61813017062602427, 37.71103275436963997 ) ) ;
#2938 = ORIENTED_EDGE ( 'NONE', *, *, #340, .F. ) ;
#2939 = CARTESIAN_POINT ( 'NONE',  ( -80.14999999999997726, -17.00000000000000000, -23.40790524597780831 ) ) ;
#2940 = AXIS2_PLACEMENT_3D ( 'NONE', #1360, #1710, #1760 ) ;
#2941 = DIRECTION ( 'NONE',  ( 0.000000000000000000, 0.000000000000000000, 1.000000000000000000 ) ) ;
#2942 = AXIS2_PLACEMENT_3D ( 'NONE', #2075, #1735, #2402 ) ;
#2943 = DIRECTION ( 'NONE',  ( 0.000000000000000000, -2.561630862559161035E-16, 1.000000000000000000 ) ) ;
#2944 = ADVANCED_FACE ( 'NONE', ( #2330 ), #637, .F. ) ;
#2945 = CARTESIAN_POINT ( 'NONE',  ( -80.14999999999997726, -17.00000000000000000, -23.40790524597780475 ) ) ;
#2946 = AXIS2_PLACEMENT_3D ( 'NONE', #1615, #4402, #4046 ) ;
#2947 = CARTESIAN_POINT ( 'NONE',  ( -58.29999999999998295, 7.973689171506453732, -10.40509345761719828 ) ) ;
#2948 = CARTESIAN_POINT ( 'NONE',  ( -0.7028162094827019590, -21.95379253623223192, 38.81334499254636938 ) ) ;
#2949 = VERTEX_POINT ( 'NONE', #913 ) ;
#2950 = DIRECTION ( 'NONE',  ( -1.000000000000000000, 0.000000000000000000, 0.000000000000000000 ) ) ;
#2951 = FACE_OUTER_BOUND ( 'NONE', #2132, .T. ) ;
#2952 = CARTESIAN_POINT ( 'NONE',  ( -58.64388358316445959, -16.94999705801274814, -42.18897511475435635 ) ) ;
#2953 = CARTESIAN_POINT ( 'NONE',  ( -84.14999999999095337, -17.06497768081831623, 4.592094754011627700 ) ) ;
#2954 = ORIENTED_EDGE ( 'NONE', *, *, #870, .T. ) ;
#2955 = EDGE_CURVE ( 'NONE', #941, #312, #2558, .T. ) ;
#2956 = EDGE_LOOP ( 'NONE', ( #931, #3256, #2543, #1851 ) ) ;
#2957 = LINE ( 'NONE', #3687, #215 ) ;
#2958 = CARTESIAN_POINT ( 'NONE',  ( 26.85000000000001918, 7.973689171506453732, -0.3550934576171975166 ) ) ;
#2959 = DIRECTION ( 'NONE',  ( 0.000000000000000000, 0.000000000000000000, 1.000000000000000000 ) ) ;
#2960 = CARTESIAN_POINT ( 'NONE',  ( -8.000000000000000000, 28.98400122115186406, -4.368302179500638260 ) ) ;
#2961 = ORIENTED_EDGE ( 'NONE', *, *, #2309, .T. ) ;
#2962 = CARTESIAN_POINT ( 'NONE',  ( -55.03925019636950111, -20.00000000000001066, 36.33641643526314624 ) ) ;
#2963 = CARTESIAN_POINT ( 'NONE',  ( -59.29999999999999716, -17.65125448865115132, -41.99600881290714227 ) ) ;
#2964 = CARTESIAN_POINT ( 'NONE',  ( -9.378640834937224113, -18.51085694111268865, -39.95486337595897197 ) ) ;
#2965 = CARTESIAN_POINT ( 'NONE',  ( -87.14999999999999147, -20.00000000000000355, -28.40790524597781186 ) ) ;
#2966 = DIRECTION ( 'NONE',  ( -1.000000000000000000, -0.000000000000000000, -0.000000000000000000 ) ) ;
#2967 = VERTEX_POINT ( 'NONE', #960 ) ;
#2968 = ORIENTED_EDGE ( 'NONE', *, *, #545, .F. ) ;
#2969 = DIRECTION ( 'NONE',  ( -1.000000000000000000, -0.000000000000000000, -0.000000000000000000 ) ) ;
#2970 = CYLINDRICAL_SURFACE ( 'NONE', #2520, 14.01349094556904262 ) ;
#2971 = CARTESIAN_POINT ( 'NONE',  ( -57.29999999999998295, 16.47368917150645373, -8.030093457617198283 ) ) ;
#2972 = CARTESIAN_POINT ( 'NONE',  ( -84.19425208933483873, -17.89113263215572402, 4.636346843359060443 ) ) ;
#2973 = EDGE_CURVE ( 'NONE', #2949, #2458, #2842, .T. ) ;
#2974 = ORIENTED_EDGE ( 'NONE', *, *, #1484, .T. ) ;
#2975 = CARTESIAN_POINT ( 'NONE',  ( 18.38308600812311511, -18.83611591158254583, 5.125180762145480351 ) ) ;
#2976 = CARTESIAN_POINT ( 'NONE',  ( 13.84999999999998899, -17.19635176726988135, 2.592094754022747249 ) ) ;
#2977 = EDGE_CURVE ( 'NONE', #1153, #2433, #2285, .T. ) ;
#2978 = CIRCLE ( 'NONE', #1079, 23.96002565122392980 ) ;
#2979 = CARTESIAN_POINT ( 'NONE',  ( -93.15100000000002467, 7.999999999999994671, -10.40790524597780298 ) ) ;
#2980 = CARTESIAN_POINT ( 'NONE',  ( -62.70223764886898010, -18.99966707919283238, 37.15918382751083016 ) ) ;
#2981 = VECTOR ( 'NONE', #253, 1000.000000000000000 ) ;
#2982 = ORIENTED_EDGE ( 'NONE', *, *, #958, .F. ) ;
#2983 = CARTESIAN_POINT ( 'NONE',  ( -66.43080746603114051, -18.72023877080358290, 34.28140237236612364 ) ) ;
#2984 = DIRECTION ( 'NONE',  ( -1.000000000000000000, 0.000000000000000000, 0.000000000000000000 ) ) ;
#2985 = AXIS2_PLACEMENT_3D ( 'NONE', #4191, #1194, #769 ) ;
#2986 = CLOSED_SHELL ( 'NONE', ( #1759, #4098, #3110, #4159, #1830, #2017, #559, #2792, #2857, #3675, #592, #3021, #2082, #1155, #2610, #2130, #1665, #262, #1737, #1348, #3745, #3813, #921, #2181, #1441, #3344, #537, #3494, #4028, #565, #4043, #1731, #4325, #2746, #2155, #203, #67, #3646, #3172, #4113, #4373, #1417, #3456, #3640, #1939, #1983, #3466, #2220, #4169, #3632, #1926, #1611, #2264, #1875, #4400, #1034, #1993, #1574, #100, #3311, #806, #3451, #2406, #3243, #3144, #1421, #226, #2356, #3309, #3000, #2905, #2886, #3574, #4348, #3030, #974, #4377, #105, #1961, #3366, #2447, #1113, #336, #1913, #1394, #1552, #4051, #1625, #1124, #2255, #3951, #2944, #690, #3556, #3134, #1093, #1687, #3355, #728, #4238, #3971, #1488, #1693, #2284, #3037, #1706, #3604, #2118, #116, #1286, #3834, #1744, #1341, #756, #1282, #3938, #3618, #1530, #194, #896, #2152, #1137 ) ) ;
#2987 = CARTESIAN_POINT ( 'NONE',  ( -1.000000000000000888, -17.99999999999999645, -43.99605910568065070 ) ) ;
#2988 = MANIFOLD_SOLID_BREP ( 'Redondeo5', #2986 ) ;
#2989 = CARTESIAN_POINT ( 'NONE',  ( -77.14999999999996305, -20.00000000000000000, -28.40790524597781186 ) ) ;
#2990 = AXIS2_PLACEMENT_3D ( 'NONE', #281, #1656, #1033 ) ;
#2991 = LINE ( 'NONE', #1606, #2734 ) ;
#2992 = ORIENTED_EDGE ( 'NONE', *, *, #1902, .T. ) ;
#2993 = ORIENTED_EDGE ( 'NONE', *, *, #2440, .F. ) ;
#2994 = VECTOR ( 'NONE', #2547, 1000.000000000000114 ) ;
#2995 = EDGE_CURVE ( 'NONE', #4112, #165, #354, .T. ) ;
#2996 = LINE ( 'NONE', #4361, #2386 ) ;
#2997 = CARTESIAN_POINT ( 'NONE',  ( -77.14999999999994884, -20.00000000000000355, 7.592094754022201464 ) ) ;
#2998 = CARTESIAN_POINT ( 'NONE',  ( -82.14999999999997726, 7.999999999999996447, -25.40790524597780120 ) ) ;
#2999 = CYLINDRICAL_SURFACE ( 'NONE', #3128, 2.375000000000000444 ) ;
#3000 = ADVANCED_FACE ( 'NONE', ( #1688 ), #315, .T. ) ;
#3001 = CARTESIAN_POINT ( 'NONE',  ( 18.00322168666774303, -17.96664697614195205, 2.847464231801409174 ) ) ;
#3002 = CARTESIAN_POINT ( 'NONE',  ( 12.17945361845165486, -19.69649888156852313, 5.376338723269673103 ) ) ;
#3003 = CARTESIAN_POINT ( 'NONE',  ( -9.000000000000001776, 4.025410392616238120, -4.944952010844938073 ) ) ;
#3004 = FACE_OUTER_BOUND ( 'NONE', #894, .T. ) ;
#3005 = VERTEX_POINT ( 'NONE', #3095 ) ;
#3006 = DIRECTION ( 'NONE',  ( 0.000000000000000000, -1.000000000000000000, -1.779499736546008737E-16 ) ) ;
#3007 = DIRECTION ( 'NONE',  ( -0.000000000000000000, 1.000000000000000000, 1.779499736546008737E-16 ) ) ;
#3008 = AXIS2_PLACEMENT_3D ( 'NONE', #4097, #2434, #2454 ) ;
#3009 = CARTESIAN_POINT ( 'NONE',  ( -8.000000000000000000, 7.973689171506451956, -18.95509345761719899 ) ) ;
#3010 = CARTESIAN_POINT ( 'NONE',  ( -80.14999999999997726, -18.75735931288071612, -23.40790524597780831 ) ) ;
#3011 = CARTESIAN_POINT ( 'NONE',  ( -8.000000000000000000, 7.973689171506443962, -56.67617516545738710 ) ) ;
#3012 = VECTOR ( 'NONE', #3992, 1000.000000000000000 ) ;
#3013 = DIRECTION ( 'NONE',  ( 0.000000000000000000, -1.000000000000000000, -1.779499736546008737E-16 ) ) ;
#3014 = DIRECTION ( 'NONE',  ( 0.000000000000000000, -1.000000000000000000, -1.779499736546008983E-16 ) ) ;
#3015 = LINE ( 'NONE', #947, #1827 ) ;
#3016 = EDGE_LOOP ( 'NONE', ( #4141, #3088, #2900, #2394 ) ) ;
#3017 = CARTESIAN_POINT ( 'NONE',  ( 2.000000000000000000, -18.00000000000000355, -4.368302179500645366 ) ) ;
#3018 = ORIENTED_EDGE ( 'NONE', *, *, #677, .F. ) ;
#3019 = CARTESIAN_POINT ( 'NONE',  ( 18.34424662817307095, -19.60349479664050065, 6.088642730925458935 ) ) ;
#3020 = CARTESIAN_POINT ( 'NONE',  ( 13.57414770580193775, -18.45541001997791852, 4.867947048220228723 ) ) ;
#3021 = ADVANCED_FACE ( 'NONE', ( #1046 ), #2398, .F. ) ;
#3022 = LINE ( 'NONE', #4032, #2779 ) ;
#3023 = ORIENTED_EDGE ( 'NONE', *, *, #3736, .F. ) ;
#3024 = DIRECTION ( 'NONE',  ( 0.000000000000000000, 0.000000000000000000, 1.000000000000000000 ) ) ;
#3025 = ORIENTED_EDGE ( 'NONE', *, *, #2639, .F. ) ;
#3026 = CYLINDRICAL_SURFACE ( 'NONE', #214, 3.000000000000000888 ) ;
#3027 = CARTESIAN_POINT ( 'NONE',  ( 26.85000000000001918, 16.47368917150645373, -10.40509345761720006 ) ) ;
#3028 = ORIENTED_EDGE ( 'NONE', *, *, #1361, .F. ) ;
#3029 = DIRECTION ( 'NONE',  ( -0.000000000000000000, 1.156482317317871478E-16, -1.000000000000000000 ) ) ;
#3030 = ADVANCED_FACE ( 'NONE', ( #3380 ), #4082, .T. ) ;
#3031 = DIRECTION ( 'NONE',  ( 0.000000000000000000, 0.000000000000000000, 1.000000000000000000 ) ) ;
#3032 = CARTESIAN_POINT ( 'NONE',  ( 13.84152052692046198, -17.72060859681263167, -25.41638471905882923 ) ) ;
#3033 = CARTESIAN_POINT ( 'NONE',  ( -59.29999999999998295, -17.00033292080717828, -42.26381612885029426 ) ) ;
#3034 = ORIENTED_EDGE ( 'NONE', *, *, #3159, .T. ) ;
#3035 = VERTEX_POINT ( 'NONE', #2688 ) ;
#3036 = CARTESIAN_POINT ( 'NONE',  ( -1.000000000000000000, 28.98400122115187827, -44.99999899417180416 ) ) ;
#3037 = ADVANCED_FACE ( 'NONE', ( #747 ), #3026, .F. ) ;
#3038 = CARTESIAN_POINT ( 'NONE',  ( -4.539235253275941240, -20.00000000000001421, 38.89142680434118660 ) ) ;
#3039 = CARTESIAN_POINT ( 'NONE',  ( 17.84215292189704982, -17.13083672297743121, -25.40005816787546067 ) ) ;
#3040 = DIRECTION ( 'NONE',  ( 0.000000000000000000, 0.000000000000000000, -1.000000000000000000 ) ) ;
#3041 = DIRECTION ( 'NONE',  ( 0.000000000000000000, 0.000000000000000000, 1.000000000000000000 ) ) ;
#3042 = EDGE_CURVE ( 'NONE', #2286, #2486, #1351, .T. ) ;
#3043 = ORIENTED_EDGE ( 'NONE', *, *, #3, .T. ) ;
#3044 = FACE_OUTER_BOUND ( 'NONE', #4254, .T. ) ;
#3045 = FACE_OUTER_BOUND ( 'NONE', #55, .T. ) ;
#3046 = CIRCLE ( 'NONE', #1712, 2.000000000000001776 ) ;
#3047 = DIRECTION ( 'NONE',  ( -1.000000000000000000, 0.000000000000000000, 0.000000000000000000 ) ) ;
#3048 = ORIENTED_EDGE ( 'NONE', *, *, #1433, .T. ) ;
#3049 = AXIS2_PLACEMENT_3D ( 'NONE', #2979, #1638, #929 ) ;
#3050 = AXIS2_PLACEMENT_3D ( 'NONE', #1820, #2231, #4279 ) ;
#3051 = FACE_OUTER_BOUND ( 'NONE', #4294, .T. ) ;
#3052 =( BOUNDED_SURFACE ( )  B_SPLINE_SURFACE ( 3, 2, ( 
 ( #555, #3266, #2021 ),
 ( #2976, #605, #328 ),
 ( #1996, #1682, #671 ),
 ( #287, #1265, #4007 ),
 ( #1976, #1955, #1350 ),
 ( #2700, #975, #1285 ),
 ( #1017, #580, #4030 ),
 ( #1637, #3287, #3688 ),
 ( #4052, #3020, #3351 ),
 ( #308, #2633, #4347 ),
 ( #3331, #4368, #2323 ),
 ( #4387, #4304, #1660 ),
 ( #3002, #3668, #3623 ),
 ( #2614, #2368, #953 ),
 ( #3714, #2042, #1311 ),
 ( #1702, #992, #1329 ) ),
 .UNSPECIFIED., .F., .F., .T. ) 
 B_SPLINE_SURFACE_WITH_KNOTS ( ( 4, 2, 2, 2, 2, 2, 2, 4 ),
 ( 3, 3 ),
 ( 6.283185307179586232, 6.479534848028948524, 6.675884388878310816, 6.872233929727672219, 7.068583470577034511, 7.264933011426396803, 7.461282552275758206, 7.853981633974482790 ),
 ( 0.000000000000000000, 1.000000000000000000 ),
 .UNSPECIFIED. ) 
 GEOMETRIC_REPRESENTATION_ITEM ( )  RATIONAL_B_SPLINE_SURFACE ( (
 ( 1.000000000000000000, 0.7071067811865475727, 1.000000000000000000),
 ( 1.000000000000000000, 0.7070717281302599799, 1.000000000000000000),
 ( 1.000000000000000000, 0.7117460028581452658, 1.000000000000000000),
 ( 1.000000000000000000, 0.7291288936851709757, 1.000000000000000000),
 ( 1.000000000000000000, 0.7418334183295652862, 1.000000000000000000),
 ( 1.000000000000000000, 0.7723968213676384309, 1.000000000000000000),
 ( 1.000000000000000000, 0.7902180090373939203, 1.000000000000000000),
 ( 1.000000000000000000, 0.8275942692059472527, 1.000000000000000000),
 ( 1.000000000000000000, 0.8471316607148791089, 1.000000000000000000),
 ( 1.000000000000000000, 0.8849191468539965300, 1.000000000000000000),
 ( 1.000000000000000000, 0.9031650995970466056, 1.000000000000000000),
 ( 1.000000000000000000, 0.9360421840893485834, 1.000000000000000000),
 ( 1.000000000000000000, 0.9506740355060258052, 1.000000000000000000),
 ( 1.000000000000000000, 0.9867291886314168980, 1.000000000000000000),
 ( 1.000000000000000000, 1.000158581237887256, 1.000000000000000000),
 ( 1.000000000000000000, 1.000000000000000000, 1.000000000000000000) ) ) 
 REPRESENTATION_ITEM ( '' )  SURFACE ( )  );
#3053 = EDGE_CURVE ( 'NONE', #1866, #2136, #860, .T. ) ;
#3054 = AXIS2_PLACEMENT_3D ( 'NONE', #3003, #375, #44 ) ;
#3055 = CARTESIAN_POINT ( 'NONE',  ( -9.000000000000001776, -0.5263108284935467118, -8.030093457617194730 ) ) ;
#3056 = CARTESIAN_POINT ( 'NONE',  ( 13.89994895836872324, -19.38532287717446323, -26.57793587095644838 ) ) ;
#3057 = LINE ( 'NONE', #4069, #1932 ) ;
#3058 = EDGE_LOOP ( 'NONE', ( #4093, #2803, #919, #4371 ) ) ;
#3059 = AXIS2_PLACEMENT_3D ( 'NONE', #4192, #3921, #2214 ) ;
#3060 = EDGE_CURVE ( 'NONE', #2115, #3005, #2910, .T. ) ;
#3061 = CARTESIAN_POINT ( 'NONE',  ( 26.85000000000001918, -0.5263108284935467118, -8.030093457617194730 ) ) ;
#3062 = DIRECTION ( 'NONE',  ( -1.000000000000000000, 0.000000000000000000, 0.000000000000000000 ) ) ;
#3063 = EDGE_LOOP ( 'NONE', ( #1556, #1121, #2293, #665, #2961, #104, #368, #3905, #422, #3162, #1814, #1555, #3201, #635, #1783, #600 ) ) ;
#3064 = EDGE_CURVE ( 'NONE', #2397, #1336, #2418, .T. ) ;
#3065 = LINE ( 'NONE', #2086, #453 ) ;
#3066 = DIRECTION ( 'NONE',  ( -1.000000000000000000, -0.000000000000000000, -0.000000000000000000 ) ) ;
#3067 = ORIENTED_EDGE ( 'NONE', *, *, #3720, .T. ) ;
#3068 = DIRECTION ( 'NONE',  ( 0.000000000000000000, -1.000000000000000000, -1.779499736546008737E-16 ) ) ;
#3069 = CARTESIAN_POINT ( 'NONE',  ( 17.84999999999998721, -17.00000000000000000, -23.40790524597782252 ) ) ;
#3070 = ORIENTED_EDGE ( 'NONE', *, *, #4317, .T. ) ;
#3071 = DIRECTION ( 'NONE',  ( -1.000000000000000000, -2.057959978987269952E-32, 1.156482317317871478E-16 ) ) ;
#3072 = DIRECTION ( 'NONE',  ( 0.000000000000000000, 0.000000000000000000, 1.000000000000000000 ) ) ;
#3073 = EDGE_LOOP ( 'NONE', ( #3776, #495, #2581, #1268, #2709, #3131 ) ) ;
#3074 = AXIS2_PLACEMENT_3D ( 'NONE', #411, #4068, #33 ) ;
#3075 = CARTESIAN_POINT ( 'NONE',  ( 13.84999999999998721, 7.999999999999996447, -22.93436589316948115 ) ) ;
#3076 = ORIENTED_EDGE ( 'NONE', *, *, #1292, .F. ) ;
#3077 = EDGE_CURVE ( 'NONE', #4244, #1544, #1646, .T. ) ;
#3078 = LINE ( 'NONE', #2033, #1894 ) ;
#3079 = DIRECTION ( 'NONE',  ( 0.000000000000000000, 0.000000000000000000, 1.000000000000000000 ) ) ;
#3080 = DIRECTION ( 'NONE',  ( 0.000000000000000000, 1.779499736546009476E-16, -1.000000000000000000 ) ) ;
#3081 = VECTOR ( 'NONE', #2816, 1000.000000000000000 ) ;
#3082 = CIRCLE ( 'NONE', #1752, 1.500000000000001332 ) ;
#3083 = ORIENTED_EDGE ( 'NONE', *, *, #3507, .T. ) ;
#3084 = DIRECTION ( 'NONE',  ( -0.000000000000000000, 1.000000000000000000, 1.779499736546008737E-16 ) ) ;
#3085 = ORIENTED_EDGE ( 'NONE', *, *, #3438, .F. ) ;
#3086 = AXIS2_PLACEMENT_3D ( 'NONE', #765, #109, #1335 ) ;
#3087 = LINE ( 'NONE', #737, #3550 ) ;
#3088 = ORIENTED_EDGE ( 'NONE', *, *, #2567, .F. ) ;
#3089 = LINE ( 'NONE', #1127, #2593 ) ;
#3090 = CARTESIAN_POINT ( 'NONE',  ( -59.29999999999998295, 16.00033292080716407, 14.65174792317291441 ) ) ;
#3091 = EDGE_CURVE ( 'NONE', #3563, #2893, #2642, .T. ) ;
#3092 = DIRECTION ( 'NONE',  ( 0.000000000000000000, 2.561630862559161035E-16, -1.000000000000000000 ) ) ;
#3093 = EDGE_LOOP ( 'NONE', ( #349, #3206, #323, #4070, #3768 ) ) ;
#3094 = CARTESIAN_POINT ( 'NONE',  ( -59.29999999999998295, -17.00033292080717118, -42.26381612885029426 ) ) ;
#3095 = CARTESIAN_POINT ( 'NONE',  ( -66.29999999999998295, 16.99999999999998579, 16.38399090000327263 ) ) ;
#3096 = CARTESIAN_POINT ( 'NONE',  ( -0.8679254462529689684, 28.98400122115188537, -44.99999899417180416 ) ) ;
#3097 = ORIENTED_EDGE ( 'NONE', *, *, #1853, .T. ) ;
#3098 = DIRECTION ( 'NONE',  ( 0.000000000000000000, -1.000000000000000000, 0.000000000000000000 ) ) ;
#3099 = DIRECTION ( 'NONE',  ( -1.000000000000000000, -0.000000000000000000, -0.000000000000000000 ) ) ;
#3100 = DIRECTION ( 'NONE',  ( 0.000000000000000000, 0.000000000000000000, 1.000000000000000000 ) ) ;
#3101 = FACE_OUTER_BOUND ( 'NONE', #3420, .T. ) ;
#3102 = ORIENTED_EDGE ( 'NONE', *, *, #1295, .F. ) ;
#3103 = EDGE_LOOP ( 'NONE', ( #2265, #1809, #1300, #4215 ) ) ;
#3104 = CARTESIAN_POINT ( 'NONE',  ( -82.40536947777950161, -17.96664697614142625, -25.56112693264534386 ) ) ;
#3105 = ORIENTED_EDGE ( 'NONE', *, *, #2522, .F. ) ;
#3106 = CARTESIAN_POINT ( 'NONE',  ( -3.565780233378099684, -19.85940185079995146, 38.14902305824744388 ) ) ;
#3107 = ORIENTED_EDGE ( 'NONE', *, *, #3301, .F. ) ;
#3108 = CARTESIAN_POINT ( 'NONE',  ( 15.84999999999998543, -17.00000000000000000, -25.40790524597781541 ) ) ;
#3109 = CARTESIAN_POINT ( 'NONE',  ( -84.14999999999997726, -17.00000000000000711, 2.592094754022194358 ) ) ;
#3110 = ADVANCED_FACE ( 'NONE', ( #360 ), #2, .F. ) ;
#3111 = DIRECTION ( 'NONE',  ( 0.000000000000000000, 1.000000000000000000, 0.000000000000000000 ) ) ;
#3112 = FACE_OUTER_BOUND ( 'NONE', #2312, .T. ) ;
#3113 = VERTEX_POINT ( 'NONE', #3700 ) ;
#3114 = EDGE_CURVE ( 'NONE', #3477, #3829, #3190, .T. ) ;
#3115 = CARTESIAN_POINT ( 'NONE',  ( -8.156173478729204618, -16.81590275959381131, -41.97293325063156999 ) ) ;
#3116 = CARTESIAN_POINT ( 'NONE',  ( 13.84999999999998721, -17.00000000000000711, 7.592094754022180148 ) ) ;
#3117 = DIRECTION ( 'NONE',  ( 0.000000000000000000, 0.000000000000000000, -1.000000000000000000 ) ) ;
#3118 = VERTEX_POINT ( 'NONE', #2047 ) ;
#3119 = CYLINDRICAL_SURFACE ( 'NONE', #601, 1.000000000000000888 ) ;
#3120 = VECTOR ( 'NONE', #3080, 1000.000000000000000 ) ;
#3121 = CIRCLE ( 'NONE', #1220, 12.50000000000000355 ) ;
#3122 = CARTESIAN_POINT ( 'NONE',  ( -84.14999999999997726, -17.00000000000000000, -28.40790524597780475 ) ) ;
#3123 = CARTESIAN_POINT ( 'NONE',  ( 13.54649888173520367, -18.32945361804921447, -23.91374044308602009 ) ) ;
#3124 = CARTESIAN_POINT ( 'NONE',  ( -65.29999999999995453, 7.973689171506453732, -10.40509345761719828 ) ) ;
#3125 = VERTEX_POINT ( 'NONE', #2028 ) ;
#3126 = ORIENTED_EDGE ( 'NONE', *, *, #2598, .T. ) ;
#3127 = EDGE_CURVE ( 'NONE', #12, #1185, #3404, .T. ) ;
#3128 = AXIS2_PLACEMENT_3D ( 'NONE', #4404, #1370, #4071 ) ;
#3129 = VERTEX_POINT ( 'NONE', #1402 ) ;
#3130 = CARTESIAN_POINT ( 'NONE',  ( -3.300341605826309532, -19.54733527065106458, 37.61917249722421985 ) ) ;
#3131 = ORIENTED_EDGE ( 'NONE', *, *, #1246, .F. ) ;
#3132 = DIRECTION ( 'NONE',  ( 1.000000000000000000, 0.000000000000000000, 0.000000000000000000 ) ) ;
#3133 = CARTESIAN_POINT ( 'NONE',  ( -66.29999999999998295, 28.98400122115186406, -4.368302179500638260 ) ) ;
#3134 = ADVANCED_FACE ( 'NONE', ( #3045 ), #3400, .F. ) ;
#3135 = CARTESIAN_POINT ( 'NONE',  ( 13.84999999999998366, 7.999999999999996447, -25.40790524597781186 ) ) ;
#3136 = AXIS2_PLACEMENT_3D ( 'NONE', #4370, #3245, #1332 ) ;
#3137 = CARTESIAN_POINT ( 'NONE',  ( -84.14999999999997726, 7.999999999999992895, 2.592094754022198355 ) ) ;
#3138 = CARTESIAN_POINT ( 'NONE',  ( -8.662587325319027087, -16.62396329110915261, -41.48388161647768868 ) ) ;
#3139 = DIRECTION ( 'NONE',  ( 0.000000000000000000, -1.000000000000000000, -1.779499736546008737E-16 ) ) ;
#3140 = DIRECTION ( 'NONE',  ( 1.000000000000000000, 0.000000000000000000, 0.000000000000000000 ) ) ;
#3141 = ORIENTED_EDGE ( 'NONE', *, *, #1007, .F. ) ;
#3142 = CARTESIAN_POINT ( 'NONE',  ( -57.66073361687212895, -19.99999999999894129, 36.93573560668814082 ) ) ;
#3143 = EDGE_LOOP ( 'NONE', ( #3892, #3764, #1722, #2154 ) ) ;
#3144 = ADVANCED_FACE ( 'NONE', ( #2747, #4104, #3827, #1487, #3532, #68 ), #132, .F. ) ;
#3145 = CARTESIAN_POINT ( 'NONE',  ( -81.64416480289236233, -18.32945361804910789, -25.71140636424254566 ) ) ;
#3146 = CARTESIAN_POINT ( 'NONE',  ( 0.7709065577647949974, -19.59933368251097718, -42.15241894232708120 ) ) ;
#3147 = DIRECTION ( 'NONE',  ( 0.000000000000000000, 2.723369688518398103E-15, 1.000000000000000000 ) ) ;
#3148 = AXIS2_PLACEMENT_3D ( 'NONE', #2105, #3132, #2477 ) ;
#3149 = EDGE_LOOP ( 'NONE', ( #2830, #2760, #1766, #2637 ) ) ;
#3150 = DIRECTION ( 'NONE',  ( -1.000000000000000000, -0.000000000000000000, -0.000000000000000000 ) ) ;
#3151 = ORIENTED_EDGE ( 'NONE', *, *, #4211, .T. ) ;
#3152 = CONICAL_SURFACE ( 'NONE', #1181, 60.00000000000001421, 0.7853981633974482790 ) ;
#3153 = CARTESIAN_POINT ( 'NONE',  ( -80.13066173611561283, -17.39269422780638052, 2.624325193829327940 ) ) ;
#3154 = AXIS2_PLACEMENT_3D ( 'NONE', #2861, #829, #3482 ) ;
#3155 = PLANE ( 'NONE',  #3086 ) ;
#3156 = CARTESIAN_POINT ( 'NONE',  ( -8.926524697239653250, -17.47996450396431811, 34.59438705525658264 ) ) ;
#3157 = CARTESIAN_POINT ( 'NONE',  ( -7.808539109248422427, -20.00000000000001066, 38.82258097394099394 ) ) ;
#3158 = CARTESIAN_POINT ( 'NONE',  ( -7.000000000000002665, -19.99999999999999645, -43.99605910568066491 ) ) ;
#3159 = EDGE_CURVE ( 'NONE', #1014, #4193, #2464, .T. ) ;
#3160 = CARTESIAN_POINT ( 'NONE',  ( -58.29999999999998295, 7.973689171506455509, -22.90509345761720184 ) ) ;
#3161 = CARTESIAN_POINT ( 'NONE',  ( -68.29999999999998295, -20.00000000000001066, 34.46388433277643060 ) ) ;
#3162 = ORIENTED_EDGE ( 'NONE', *, *, #3230, .F. ) ;
#3163 = CARTESIAN_POINT ( 'NONE',  ( -58.57212974071040890, -18.89781815788400010, 36.95088240078865027 ) ) ;
#3164 = EDGE_CURVE ( 'NONE', #413, #2549, #4345, .T. ) ;
#3165 = CARTESIAN_POINT ( 'NONE',  ( 1.301042606982605321E-15, -17.99999999999999645, -40.99605910568064360 ) ) ;
#3166 = PLANE ( 'NONE',  #3833 ) ;
#3167 = ORIENTED_EDGE ( 'NONE', *, *, #235, .T. ) ;
#3168 = CARTESIAN_POINT ( 'NONE',  ( -57.36652397960481409, -16.69747274383853863, -40.72402874182456856 ) ) ;
#3169 = CARTESIAN_POINT ( 'NONE',  ( -81.99008324384027446, -17.77784770429059336, 4.688044807718512175 ) ) ;
#3170 = CARTESIAN_POINT ( 'NONE',  ( 26.85000000000001918, 7.973689171506453732, -1.855093457617198016 ) ) ;
#3171 = LINE ( 'NONE', #1483, #221 ) ;
#3172 = ADVANCED_FACE ( 'NONE', ( #1823 ), #2871, .T. ) ;
#3173 = DIRECTION ( 'NONE',  ( 0.000000000000000000, 0.000000000000000000, 1.000000000000000000 ) ) ;
#3174 = DIRECTION ( 'NONE',  ( 0.000000000000000000, 0.000000000000000000, 1.000000000000000000 ) ) ;
#3175 = EDGE_CURVE ( 'NONE', #1559, #1255, #2211, .T. ) ;
#3176 = FACE_OUTER_BOUND ( 'NONE', #2268, .T. ) ;
#3177 = ORIENTED_EDGE ( 'NONE', *, *, #125, .F. ) ;
#3178 = DIRECTION ( 'NONE',  ( -1.000000000000000000, -0.000000000000000000, -0.000000000000000000 ) ) ;
#3179 = CARTESIAN_POINT ( 'NONE',  ( -84.19425208933749616, -17.89113263215635641, -25.45215733531465574 ) ) ;
#3180 = CARTESIAN_POINT ( 'NONE',  ( 12.58014920296843009, -19.50315821569005337, -26.67775604301093750 ) ) ;
#3181 = LINE ( 'NONE', #166, #2907 ) ;
#3182 = B_SPLINE_CURVE_WITH_KNOTS ( 'NONE', 3,
 ( #2790, #2506, #94, #4151, #1861, #1110, #3853, #813, #2175, #2192 ),
 .UNSPECIFIED., .F., .F.,
 ( 4, 2, 2, 2, 4 ),
 ( 0.000000000000000000, 0.2500000000000000000, 0.5000000000000000000, 0.7500000000000000000, 1.000000000000000000 ),
 .UNSPECIFIED. ) ;
#3183 = VERTEX_POINT ( 'NONE', #450 ) ;
#3184 = EDGE_LOOP ( 'NONE', ( #689, #1785, #3785, #3335 ) ) ;
#3185 = CC_DESIGN_DATE_AND_TIME_ASSIGNMENT ( #1419, #1081, ( #1498 ) ) ;
#3186 = AXIS2_PLACEMENT_3D ( 'NONE', #3296, #612, #2307 ) ;
#3187 = CARTESIAN_POINT ( 'NONE',  ( -9.000000000000001776, 7.973689171506453732, -10.40509345761719828 ) ) ;
#3188 = CARTESIAN_POINT ( 'NONE',  ( -82.11776956019195950, -17.39269422780618868, 4.611433017906493959 ) ) ;
#3189 = DIRECTION ( 'NONE',  ( -0.7071067811865500152, 8.659560562354903276E-17, -0.7071067811865451302 ) ) ;
#3190 = CIRCLE ( 'NONE', #1507, 12.01349094556904085 ) ;
#3191 = VECTOR ( 'NONE', #2057, 1000.000000000000000 ) ;
#3192 =( BOUNDED_CURVE ( )  B_SPLINE_CURVE ( 3, ( #2435, #3443, #2001, #3109 ),
 .UNSPECIFIED., .F., .T. ) 
 B_SPLINE_CURVE_WITH_KNOTS ( ( 4, 4 ),
 ( 1.570796326794896780, 3.141592653589793116 ),
 .UNSPECIFIED. ) 
 CURVE ( )  GEOMETRIC_REPRESENTATION_ITEM ( )  RATIONAL_B_SPLINE_CURVE ( ( 1.000000000000000000, 0.8047378541243650485, 0.8047378541243650485, 1.000000000000000000 ) ) 
 REPRESENTATION_ITEM ( '' )  );
#3193 = LINE ( 'NONE', #1103, #3770 ) ;
#3194 = VECTOR ( 'NONE', #4207, 1000.000000000000000 ) ;
#3195 = PRODUCT ( 'Base_Default_sldprt', 'Base_Default_sldprt', '', ( #331 ) ) ;
#3196 = FACE_OUTER_BOUND ( 'NONE', #2873, .T. ) ;
#3197 = CARTESIAN_POINT ( 'NONE',  ( -1.000000000000000000, -16.38419833802032244, -41.46481127805948574 ) ) ;
#3198 = VECTOR ( 'NONE', #2791, 1000.000000000000000 ) ;
#3199 = DIRECTION ( 'NONE',  ( 1.000000000000000000, 0.000000000000000000, 0.000000000000000000 ) ) ;
#3200 = CARTESIAN_POINT ( 'NONE',  ( -84.22106781186545277, -20.00000000000001421, 5.834735441141478240 ) ) ;
#3201 = ORIENTED_EDGE ( 'NONE', *, *, #4306, .T. ) ;
#3202 = VERTEX_POINT ( 'NONE', #2546 ) ;
#3203 = FACE_OUTER_BOUND ( 'NONE', #515, .T. ) ;
#3204 = CARTESIAN_POINT ( 'NONE',  ( -82.65583519710757798, -18.32945361804910789, -25.71140636424254211 ) ) ;
#3205 = CARTESIAN_POINT ( 'NONE',  ( 12.35345202309649260, -19.60349479664063566, -25.90215187415089204 ) ) ;
#3206 = ORIENTED_EDGE ( 'NONE', *, *, #776, .T. ) ;
#3207 = EDGE_CURVE ( 'NONE', #963, #1559, #3549, .T. ) ;
#3208 = DIRECTION ( 'NONE',  ( -1.000000000000000000, -0.000000000000000000, -0.000000000000000000 ) ) ;
#3209 = CARTESIAN_POINT ( 'NONE',  ( -57.39201336210366122, -16.66760810456775843, -40.83988008196095620 ) ) ;
#3210 = CARTESIAN_POINT ( 'NONE',  ( -79.08986920255172492, -19.35413284249807120, 5.652225551473717857 ) ) ;
#3211 = CARTESIAN_POINT ( 'NONE',  ( -66.29999999999998295, 7.973689171506455509, -23.90509345761722315 ) ) ;
#3212 = CIRCLE ( 'NONE', #886, 1.999999999999998224 ) ;
#3213 = CARTESIAN_POINT ( 'NONE',  ( -8.013466148198014949, -18.76778765634569979, 36.70697772726077801 ) ) ;
#3214 = ORIENTED_EDGE ( 'NONE', *, *, #3318, .T. ) ;
#3215 = SHAPE_DEFINITION_REPRESENTATION ( #1658, #4131 ) ;
#3216 = CONICAL_SURFACE ( 'NONE', #3726, 13.50000000000002665, 0.7853981633974447263 ) ;
#3217 = CARTESIAN_POINT ( 'NONE',  ( -7.969032540418405475, -19.99999999999947775, 37.48487766246580577 ) ) ;
#3218 = CARTESIAN_POINT ( 'NONE',  ( -59.29999999999998295, 28.98400122115186406, -4.368302179500638260 ) ) ;
#3219 = EDGE_CURVE ( 'NONE', #3324, #1743, #792, .T. ) ;
#3220 = CIRCLE ( 'NONE', #2946, 13.01349094556904262 ) ;
#3221 = AXIS2_PLACEMENT_3D ( 'NONE', #3705, #707, #2096 ) ;
#3222 = FACE_OUTER_BOUND ( 'NONE', #3413, .T. ) ;
#3223 = PLANE ( 'NONE',  #2787 ) ;
#3224 = EDGE_LOOP ( 'NONE', ( #3403, #180, #250, #1345, #1952 ) ) ;
#3225 = ORIENTED_EDGE ( 'NONE', *, *, #58, .F. ) ;
#3226 = VECTOR ( 'NONE', #699, 1000.000000000000000 ) ;
#3227 = CARTESIAN_POINT ( 'NONE',  ( -80.14999999999997726, -17.19635176726967174, -23.40790524597951006 ) ) ;
#3228 = CARTESIAN_POINT ( 'NONE',  ( -59.29999999999998295, -19.99999999999999645, -43.64702528882425270 ) ) ;
#3229 = DIRECTION ( 'NONE',  ( 0.000000000000000000, 0.000000000000000000, -1.000000000000000000 ) ) ;
#3230 = EDGE_CURVE ( 'NONE', #3113, #525, #3182, .T. ) ;
#3231 = CARTESIAN_POINT ( 'NONE',  ( 0.05457548957966763120, -18.58128172815374768, -42.05063459526014924 ) ) ;
#3232 = ORIENTED_EDGE ( 'NONE', *, *, #730, .T. ) ;
#3233 = CARTESIAN_POINT ( 'NONE',  ( -58.29866755113238241, 28.72020353140035809, -44.99563774898786761 ) ) ;
#3234 = ORIENTED_EDGE ( 'NONE', *, *, #827, .T. ) ;
#3235 = VERTEX_POINT ( 'NONE', #4212 ) ;
#3236 = ORIENTED_EDGE ( 'NONE', *, *, #3847, .F. ) ;
#3237 = CARTESIAN_POINT ( 'NONE',  ( -54.29999999999998295, -19.99999999999999645, -39.95486337595898618 ) ) ;
#3238 = CARTESIAN_POINT ( 'NONE',  ( -82.14999999999997726, -17.00000000000000711, 4.592094754022194358 ) ) ;
#3239 = CARTESIAN_POINT ( 'NONE',  ( 8.155572029343305385E-13, -18.19639935183848323, 33.72532496714239159 ) ) ;
#3240 = CARTESIAN_POINT ( 'NONE',  ( -83.84586624606728833, -19.26016043476002437, 5.609614501662926855 ) ) ;
#3241 = DIRECTION ( 'NONE',  ( 0.000000000000000000, 0.000000000000000000, 1.000000000000000000 ) ) ;
#3242 = CARTESIAN_POINT ( 'NONE',  ( -82.14999999999997726, 7.999999999999992895, 4.592094754022198799 ) ) ;
#3243 = ADVANCED_FACE ( 'NONE', ( #3467, #1883, #1172, #2525, #3872, #2157 ), #426, .T. ) ;
#3244 = CARTESIAN_POINT ( 'NONE',  ( 0.000000000000000000, 7.973689171506455509, 3.094906542382839909 ) ) ;
#3245 = DIRECTION ( 'NONE',  ( 0.000000000000000000, -1.779499736546008737E-16, 1.000000000000000000 ) ) ;
#3246 = EDGE_CURVE ( 'NONE', #312, #3285, #1368, .T. ) ;
#3247 = ORIENTED_EDGE ( 'NONE', *, *, #1362, .T. ) ;
#3248 = CARTESIAN_POINT ( 'NONE',  ( -78.88014920296768651, -19.50315821569082786, -26.67775604301012393 ) ) ;
#3249 = DIRECTION ( 'NONE',  ( 0.000000000000000000, 0.000000000000000000, 1.000000000000000000 ) ) ;
#3250 = CARTESIAN_POINT ( 'NONE',  ( -8.000000000000000000, 7.973689171506453732, -22.90509345761720184 ) ) ;
#3251 = CARTESIAN_POINT ( 'NONE',  ( -84.12551401602078727, -17.42996240070234037, -25.38341926199863963 ) ) ;
#3252 = EDGE_CURVE ( 'NONE', #2123, #3630, #4127, .T. ) ;
#3253 = DIRECTION ( 'NONE',  ( 0.000000000000000000, -0.8661214884151779980, 0.4998335395964107475 ) ) ;
#3254 = CARTESIAN_POINT ( 'NONE',  ( -82.14999999999997726, 7.999999999999996447, -23.40790524597780120 ) ) ;
#3255 = ORIENTED_EDGE ( 'NONE', *, *, #3207, .F. ) ;
#3256 = ORIENTED_EDGE ( 'NONE', *, *, #2677, .T. ) ;
#3257 = CARTESIAN_POINT ( 'NONE',  ( -58.60373212697707146, -16.93922920141146804, -42.17162883602075851 ) ) ;
#3258 = DIRECTION ( 'NONE',  ( 0.000000000000000000, -0.8661214884151781090, 0.4998335395964107475 ) ) ;
#3259 = DIRECTION ( 'NONE',  ( -0.000000000000000000, 1.000000000000000000, 1.779499736546008737E-16 ) ) ;
#3260 = CIRCLE ( 'NONE', #3902, 12.01349094556904085 ) ;
#3261 = CARTESIAN_POINT ( 'NONE',  ( -82.40536947777950161, -17.96664697614126993, 4.745316440689667736 ) ) ;
#3262 = EDGE_LOOP ( 'NONE', ( #1789, #1461, #3458, #159 ) ) ;
#3263 = CARTESIAN_POINT ( 'NONE',  ( 20.32635607926057375, -19.99999999999679900, 7.068450833278350665 ) ) ;
#3264 = AXIS2_PLACEMENT_3D ( 'NONE', #1531, #1800, #4172 ) ;
#3265 = AXIS2_PLACEMENT_3D ( 'NONE', #554, #1310, #2322 ) ;
#3266 = CARTESIAN_POINT ( 'NONE',  ( 13.84999999999998899, -17.00000000000000711, 4.592094754022179259 ) ) ;
#3267 = EDGE_CURVE ( 'NONE', #2967, #4027, #69, .T. ) ;
#3268 = FACE_OUTER_BOUND ( 'NONE', #2090, .T. ) ;
#3269 = AXIS2_PLACEMENT_3D ( 'NONE', #1634, #174, #1307 ) ;
#3270 = CARTESIAN_POINT ( 'NONE',  ( -62.99961297176174924, -19.54829172530833148, 37.62032702098650816 ) ) ;
#3271 = VERTEX_POINT ( 'NONE', #1132 ) ;
#3272 = AXIS2_PLACEMENT_3D ( 'NONE', #3402, #1047, #1424 ) ;
#3273 = DIRECTION ( 'NONE',  ( 0.000000000000000000, 0.000000000000000000, -1.000000000000000000 ) ) ;
#3274 = ORIENTED_EDGE ( 'NONE', *, *, #2582, .T. ) ;
#3275 = CARTESIAN_POINT ( 'NONE',  ( -1.000000000000000000, 8.473522711102853933, -55.81005367704220532 ) ) ;
#3276 = CARTESIAN_POINT ( 'NONE',  ( -8.000000000000000000, 7.973689171506453732, -1.855093457617198016 ) ) ;
#3277 = CARTESIAN_POINT ( 'NONE',  ( -59.29999999999998295, -20.00000000000001421, 38.89142680434118660 ) ) ;
#3278 = CARTESIAN_POINT ( 'NONE',  ( -0.05233782999305320455, -21.50160493592402133, 37.83104532191537572 ) ) ;
#3279 = ORIENTED_EDGE ( 'NONE', *, *, #721, .F. ) ;
#3280 = EDGE_CURVE ( 'NONE', #3113, #2874, #2482, .T. ) ;
#3281 = CARTESIAN_POINT ( 'NONE',  ( -59.22195454884354149, -17.00033292080717828, -42.26381612885030137 ) ) ;
#3282 = CYLINDRICAL_SURFACE ( 'NONE', #1819, 14.01349094556904262 ) ;
#3283 = CARTESIAN_POINT ( 'NONE',  ( -56.34997583001337773, -19.99999999999999645, -43.37423686955614244 ) ) ;
#3284 = CARTESIAN_POINT ( 'NONE',  ( -84.32937160886062600, -18.25977905610983854, 4.771466362880936174 ) ) ;
#3285 = VERTEX_POINT ( 'NONE', #3580 ) ;
#3286 = CARTESIAN_POINT ( 'NONE',  ( 17.54586624606798040, -19.26016043475984674, 5.609614501662732344 ) ) ;
#3287 = CARTESIAN_POINT ( 'NONE',  ( 13.67062839114076844, -18.25977905610940510, 4.771466362881394474 ) ) ;
#3288 = DIRECTION ( 'NONE',  ( -1.000000000000000000, 0.000000000000000000, 0.000000000000000000 ) ) ;
#3289 = CIRCLE ( 'NONE', #670, 14.01349094556904262 ) ;
#3290 = CARTESIAN_POINT ( 'NONE',  ( -66.29999999999998295, 7.973689171506453732, 3.094906542382827475 ) ) ;
#3291 = EDGE_CURVE ( 'NONE', #4027, #2967, #641, .T. ) ;
#3292 = ORIENTED_EDGE ( 'NONE', *, *, #4317, .F. ) ;
#3293 = CARTESIAN_POINT ( 'NONE',  ( -59.29999999999998295, -18.99966707919283238, 37.15918382751083016 ) ) ;
#3294 = DIRECTION ( 'NONE',  ( 1.000000000000000000, 0.000000000000000000, 0.000000000000000000 ) ) ;
#3295 = ORIENTED_EDGE ( 'NONE', *, *, #2920, .F. ) ;
#3296 = CARTESIAN_POINT ( 'NONE',  ( -59.29999999999998295, 5.023975569927935148, -4.368302179500640925 ) ) ;
#3297 = CARTESIAN_POINT ( 'NONE',  ( -66.29999999999998295, -19.57328621103921051, 35.45086113080855483 ) ) ;
#3298 = AXIS2_PLACEMENT_3D ( 'NONE', #3170, #1501, #1905 ) ;
#3299 = DIRECTION ( 'NONE',  ( 1.000000000000000000, 0.000000000000000000, 0.000000000000000000 ) ) ;
#3300 = ORIENTED_EDGE ( 'NONE', *, *, #1189, .T. ) ;
#3301 = EDGE_CURVE ( 'NONE', #1255, #337, #3121, .T. ) ;
#3302 = EDGE_CURVE ( 'NONE', #2874, #2344, #1239, .T. ) ;
#3303 = LINE ( 'NONE', #4023, #1253 ) ;
#3304 = LINE ( 'NONE', #2675, #2936 ) ;
#3305 = CARTESIAN_POINT ( 'NONE',  ( -59.08164725918945948, -20.00000000000183320, -40.84122115057067504 ) ) ;
#3306 = CARTESIAN_POINT ( 'NONE',  ( -84.14215292190056061, -17.13083672297684146, 4.584247675920280152 ) ) ;
#3307 = VERTEX_POINT ( 'NONE', #4283 ) ;
#3308 = CARTESIAN_POINT ( 'NONE',  ( 16.10536947777952221, -17.96664697614138007, 4.745316440689697934 ) ) ;
#3309 = ADVANCED_FACE ( 'NONE', ( #3222 ), #1010, .T. ) ;
#3310 = CARTESIAN_POINT ( 'NONE',  ( -1.000000000000000000, 7.973689171506443962, -56.67617516545738710 ) ) ;
#3311 = ADVANCED_FACE ( 'NONE', ( #2563 ), #4307, .F. ) ;
#3312 = CARTESIAN_POINT ( 'NONE',  ( -8.942841775365252488, -16.67167439380610361, -40.75125736455370173 ) ) ;
#3313 = CARTESIAN_POINT ( 'NONE',  ( -61.76076474672404260, -20.00000000000001421, 38.89142680434118660 ) ) ;
#3314 =( BOUNDED_CURVE ( )  B_SPLINE_CURVE ( 3, ( #2989, #983, #3010, #2945 ),
 .UNSPECIFIED., .F., .T. ) 
 B_SPLINE_CURVE_WITH_KNOTS ( ( 4, 4 ),
 ( 4.712388980384689674, 6.283185307179586232 ),
 .UNSPECIFIED. ) 
 CURVE ( )  GEOMETRIC_REPRESENTATION_ITEM ( )  RATIONAL_B_SPLINE_CURVE ( ( 1.000000000000000000, 0.8047378541243649375, 0.8047378541243649375, 1.000000000000000000 ) ) 
 REPRESENTATION_ITEM ( '' )  );
#3315 = ORIENTED_EDGE ( 'NONE', *, *, #3763, .F. ) ;
#3316 = CARTESIAN_POINT ( 'NONE',  ( -68.04288916677930388, -19.98833385093329085, 34.64960858975190661 ) ) ;
#3317 = CYLINDRICAL_SURFACE ( 'NONE', #4231, 1.500000000000000444 ) ;
#3318 = EDGE_CURVE ( 'NONE', #3947, #3307, #1539, .T. ) ;
#3319 = EDGE_LOOP ( 'NONE', ( #3637, #1873, #3354, #1920 ) ) ;
#3320 = CARTESIAN_POINT ( 'NONE',  ( -9.000000000000001776, -16.99999999999999645, -39.95486337595898618 ) ) ;
#3321 = DIRECTION ( 'NONE',  ( -1.156482317317871725E-16, 1.779499736546008737E-16, -1.000000000000000000 ) ) ;
#3322 = DIRECTION ( 'NONE',  ( 0.000000000000000000, 0.8661214884151781090, -0.4998335395964107475 ) ) ;
#3323 = VERTEX_POINT ( 'NONE', #3919 ) ;
#3324 = VERTEX_POINT ( 'NONE', #3244 ) ;
#3325 = DIRECTION ( 'NONE',  ( 0.000000000000000000, 0.000000000000000000, 1.000000000000000000 ) ) ;
#3326 = DIRECTION ( 'NONE',  ( 0.000000000000000000, 0.000000000000000000, -1.000000000000000000 ) ) ;
#3327 = CARTESIAN_POINT ( 'NONE',  ( -54.30000008668852729, -19.99999999999999645, -40.81850175745498888 ) ) ;
#3328 = FACE_OUTER_BOUND ( 'NONE', #2932, .T. ) ;
#3329 = ORIENTED_EDGE ( 'NONE', *, *, #1879, .T. ) ;
#3330 = CARTESIAN_POINT ( 'NONE',  ( 17.08306594206650431, -18.98248025235944425, 5.331934319262332522 ) ) ;
#3331 = CARTESIAN_POINT ( 'NONE',  ( 12.67996937502109844, -19.38532287717464087, 4.542145795653439677 ) ) ;
#3332 = AXIS2_PLACEMENT_3D ( 'NONE', #1271, #1293, #982 ) ;
#3333 = CARTESIAN_POINT ( 'NONE',  ( 15.84999999999999254, 7.999999999999992895, 4.592094754022184588 ) ) ;
#3334 = CARTESIAN_POINT ( 'NONE',  ( -57.50451513041039675, -17.87757513368493534, 35.24894176910778043 ) ) ;
#3335 = ORIENTED_EDGE ( 'NONE', *, *, #2729, .F. ) ;
#3336 = CARTESIAN_POINT ( 'NONE',  ( -59.29999999999998295, -20.00000000000001421, 38.89142680434118660 ) ) ;
#3337 = DIRECTION ( 'NONE',  ( 0.000000000000000000, 0.000000000000000000, -1.000000000000000000 ) ) ;
#3338 = CIRCLE ( 'NONE', #4056, 3.750000000000000000 ) ;
#3339 = CARTESIAN_POINT ( 'NONE',  ( -9.000000000000001776, -17.39269908169872281, -39.95486337595897908 ) ) ;
#3340 = DIRECTION ( 'NONE',  ( -1.000000000000000000, 0.000000000000000000, 0.000000000000000000 ) ) ;
#3341 = CIRCLE ( 'NONE', #435, 21.96002565122392980 ) ;
#3342 = CARTESIAN_POINT ( 'NONE',  ( -57.22191803000492882, -17.78524365307785260, 33.69604301605744467 ) ) ;
#3343 = VERTEX_POINT ( 'NONE', #1312 ) ;
#3344 = ADVANCED_FACE ( 'NONE', ( #3268 ), #229, .T. ) ;
#3345 = DIRECTION ( 'NONE',  ( 0.000000000000000000, 1.779499736546008737E-16, -1.000000000000000000 ) ) ;
#3346 = B_SPLINE_CURVE_WITH_KNOTS ( 'NONE', 3,
 ( #90, #1465, #741, #1129, #2519, #1442, #2107, #152, #2478, #1525, #3444, #2866, #3823, #3848 ),
 .UNSPECIFIED., .F., .F.,
 ( 4, 2, 2, 2, 2, 2, 4 ),
 ( -4.744442731192338259E-05, 0.0007409953083642564818, 0.001529435044040436224, 0.001923654911878521813, 0.002317874779716608269, 0.002712094647554694291, 0.003106314515392780314 ),
 .UNSPECIFIED. ) ;
#3347 = CARTESIAN_POINT ( 'NONE',  ( 26.85000000000001918, 16.47368917150645373, -12.78009345761720184 ) ) ;
#3348 = FACE_BOUND ( 'NONE', #50, .T. ) ;
#3349 = CARTESIAN_POINT ( 'NONE',  ( -57.29999999999998295, 8.973356250699264791, -54.94393218862703065 ) ) ;
#3350 = CARTESIAN_POINT ( 'NONE',  ( 19.54126057602979571, -19.92191802946441825, 6.806851099639364300 ) ) ;
#3351 = CARTESIAN_POINT ( 'NONE',  ( 14.61693405793347189, -18.98248025235901082, 5.331934319261898203 ) ) ;
#3352 = EDGE_CURVE ( 'NONE', #4202, #1520, #3944, .T. ) ;
#3353 = LINE ( 'NONE', #1857, #144 ) ;
#3354 = ORIENTED_EDGE ( 'NONE', *, *, #2639, .T. ) ;
#3355 = ADVANCED_FACE ( 'NONE', ( #977 ), #1977, .F. ) ;
#3356 = CARTESIAN_POINT ( 'NONE',  ( -59.29999999999999005, -19.90654871342088938, 38.19359895835373209 ) ) ;
#3357 = AXIS2_PLACEMENT_3D ( 'NONE', #755, #366, #2053 ) ;
#3358 = CARTESIAN_POINT ( 'NONE',  ( -82.14999999999997726, 7.999999999999992895, 2.592094754022198355 ) ) ;
#3359 = DIRECTION ( 'NONE',  ( 0.000000000000000000, 0.000000000000000000, 1.000000000000000000 ) ) ;
#3360 = VERTEX_POINT ( 'NONE', #905 ) ;
#3361 = AXIS2_PLACEMENT_3D ( 'NONE', #408, #3747, #4379 ) ;
#3362 = AXIS2_PLACEMENT_3D ( 'NONE', #966, #1923, #3345 ) ;
#3363 = CARTESIAN_POINT ( 'NONE',  ( 15.84999999999998543, -17.00000000000000711, 2.592094754022180148 ) ) ;
#3364 = VECTOR ( 'NONE', #4229, 1000.000000000000000 ) ;
#3365 = CIRCLE ( 'NONE', #2524, 2.000000000000001776 ) ;
#3366 = ADVANCED_FACE ( 'NONE', ( #2278 ), #3648, .F. ) ;
#3367 = CARTESIAN_POINT ( 'NONE',  ( -66.29999999999998295, -18.00000000000001066, 33.47919422527910882 ) ) ;
#3368 = CARTESIAN_POINT ( 'NONE',  ( -9.000000000000001776, 7.973689171506453732, -10.40509345761719828 ) ) ;
#3369 = CARTESIAN_POINT ( 'NONE',  ( -58.14382652127081741, -16.81590275959605307, -41.97293325063030522 ) ) ;
#3370 = VERTEX_POINT ( 'NONE', #248 ) ;
#3371 = ORIENTED_EDGE ( 'NONE', *, *, #3808, .T. ) ;
#3372 = DIRECTION ( 'NONE',  ( -1.000000000000000000, 0.000000000000000000, 0.000000000000000000 ) ) ;
#3373 = CARTESIAN_POINT ( 'NONE',  ( -3.323385086748479544, -19.39349364258540831, 37.45231147544897254 ) ) ;
#3374 = FACE_OUTER_BOUND ( 'NONE', #1412, .T. ) ;
#3375 = FACE_BOUND ( 'NONE', #4129, .T. ) ;
#3376 = DIRECTION ( 'NONE',  ( 1.000000000000000000, 0.000000000000000000, 0.000000000000000000 ) ) ;
#3377 = EDGE_LOOP ( 'NONE', ( #1263, #4365, #3702, #1921 ) ) ;
#3378 = CARTESIAN_POINT ( 'NONE',  ( -67.41121703304467871, -19.79334115029335450, 34.88731299428096833 ) ) ;
#3379 = EDGE_CURVE ( 'NONE', #2377, #888, #572, .T. ) ;
#3380 = FACE_OUTER_BOUND ( 'NONE', #272, .T. ) ;
#3381 = EDGE_CURVE ( 'NONE', #1009, #1409, #2010, .T. ) ;
#3382 = CARTESIAN_POINT ( 'NONE',  ( -8.000000000000000000, 7.973689171506453732, -10.40509345761719828 ) ) ;
#3383 = ORIENTED_EDGE ( 'NONE', *, *, #2301, .T. ) ;
#3384 = CYLINDRICAL_SURFACE ( 'NONE', #892, 1.500000000000001332 ) ;
#3385 = ORIENTED_EDGE ( 'NONE', *, *, #3159, .F. ) ;
#3386 = EDGE_CURVE ( 'NONE', #2078, #826, #818, .T. ) ;
#3387 = FACE_OUTER_BOUND ( 'NONE', #2063, .T. ) ;
#3388 = CARTESIAN_POINT ( 'NONE',  ( 13.87055237044895151, -17.31435347780858791, -25.38735287552884756 ) ) ;
#3389 = CARTESIAN_POINT ( 'NONE',  ( -59.29999999999998295, 16.99999999999998579, 16.38399090000327263 ) ) ;
#3390 = ORIENTED_EDGE ( 'NONE', *, *, #4102, .F. ) ;
#3391 = DIRECTION ( 'NONE',  ( 0.000000000000000000, -1.000000000000000000, 0.000000000000000000 ) ) ;
#3392 = CARTESIAN_POINT ( 'NONE',  ( -3.597762351131005953, -18.99966707919283238, 37.15918382751083016 ) ) ;
#3393 = VERTEX_POINT ( 'NONE', #289 ) ;
#3394 = DIRECTION ( 'NONE',  ( 1.000000000000000000, 0.000000000000000000, 0.000000000000000000 ) ) ;
#3395 = CARTESIAN_POINT ( 'NONE',  ( 15.84999999999998899, -18.75735931288072322, 4.592094754022179259 ) ) ;
#3396 = DIRECTION ( 'NONE',  ( 0.000000000000000000, 0.000000000000000000, 1.000000000000000000 ) ) ;
#3397 = PLANE ( 'NONE',  #4411 ) ;
#3398 = CARTESIAN_POINT ( 'NONE',  ( 19.09264068711927109, -20.00000000000000000, -25.47897305784329447 ) ) ;
#3399 = EDGE_CURVE ( 'NONE', #1866, #985, #2088, .T. ) ;
#3400 = PLANE ( 'NONE',  #1302 ) ;
#3401 = AXIS2_PLACEMENT_3D ( 'NONE', #1938, #1960, #205 ) ;
#3402 = CARTESIAN_POINT ( 'NONE',  ( -8.000000000000000000, 14.97810195293247304, -44.53878952978850947 ) ) ;
#3403 = ORIENTED_EDGE ( 'NONE', *, *, #2499, .F. ) ;
#3404 = CIRCLE ( 'NONE', #1936, 2.000000000000000000 ) ;
#3405 = DIRECTION ( 'NONE',  ( 0.000000000000000000, -0.4998335395964107475, -0.8661214884151779980 ) ) ;
#3406 = AXIS2_PLACEMENT_3D ( 'NONE', #3017, #3710, #3391 ) ;
#3407 = CARTESIAN_POINT ( 'NONE',  ( -59.29999999999998295, -19.99999999999999645, -43.99605910568065070 ) ) ;
#3408 = EDGE_CURVE ( 'NONE', #2252, #1691, #3022, .T. ) ;
#3409 = CARTESIAN_POINT ( 'NONE',  ( 13.15850678185836031, -19.02179400076305171, -26.09939846411943876 ) ) ;
#3410 = DIRECTION ( 'NONE',  ( 0.000000000000000000, 0.000000000000000000, -1.000000000000000000 ) ) ;
#3411 = ORIENTED_EDGE ( 'NONE', *, *, #2395, .T. ) ;
#3412 = DIRECTION ( 'NONE',  ( 0.000000000000000000, 0.8661214884151779980, -0.4998335395964107475 ) ) ;
#3413 = EDGE_LOOP ( 'NONE', ( #107, #3679, #2200, #223, #4140 ) ) ;
#3414 = LINE ( 'NONE', #2451, #3191 ) ;
#3415 = EDGE_LOOP ( 'NONE', ( #4165, #915, #3883, #3385 ) ) ;
#3416 = CARTESIAN_POINT ( 'NONE',  ( 17.82944762955158780, -17.31435347780745104, -25.38735287552885467 ) ) ;
#3417 = CARTESIAN_POINT ( 'NONE',  ( -82.14999999999997726, 7.999999999999992895, 2.592094754022198355 ) ) ;
#3418 = DIRECTION ( 'NONE',  ( 0.000000000000000000, -1.000000000000000000, -2.561630862559161035E-16 ) ) ;
#3419 = CALENDAR_DATE ( 2026, 21, 4 ) ;
#3420 = EDGE_LOOP ( 'NONE', ( #725, #2777, #4194, #2352 ) ) ;
#3421 = CARTESIAN_POINT ( 'NONE',  ( -9.000000000000001776, -16.77587829184581381, -40.42933723692502923 ) ) ;
#3422 = DIRECTION ( 'NONE',  ( -1.000000000000000000, 0.000000000000000000, 0.000000000000000000 ) ) ;
#3423 = DIRECTION ( 'NONE',  ( -1.000000000000000000, -0.000000000000000000, -0.000000000000000000 ) ) ;
#3424 = VERTEX_POINT ( 'NONE', #716 ) ;
#3425 = VECTOR ( 'NONE', #3615, 1000.000000000000114 ) ;
#3426 = DIRECTION ( 'NONE',  ( 1.000000000000000000, 0.000000000000000000, 0.000000000000000000 ) ) ;
#3427 = EDGE_LOOP ( 'NONE', ( #3903, #3043, #99, #2326, #1299 ) ) ;
#3428 = AXIS2_PLACEMENT_3D ( 'NONE', #3518, #3178, #473 ) ;
#3429 = DIRECTION ( 'NONE',  ( -1.000000000000000000, 0.000000000000000000, 0.000000000000000000 ) ) ;
#3430 = EDGE_CURVE ( 'NONE', #4193, #1521, #2646, .T. ) ;
#3431 = LINE ( 'NONE', #3795, #3761 ) ;
#3432 = CONICAL_SURFACE ( 'NONE', #1401, 60.00000000000001421, 0.7853981633974482790 ) ;
#3433 = ORIENTED_EDGE ( 'NONE', *, *, #3570, .F. ) ;
#3434 = ORIENTED_EDGE ( 'NONE', *, *, #477, .F. ) ;
#3435 = CIRCLE ( 'NONE', #95, 13.50000000000002665 ) ;
#3436 = VERTEX_POINT ( 'NONE', #1331 ) ;
#3437 = CARTESIAN_POINT ( 'NONE',  ( -85.21013079744534480, -19.35413284249807475, -26.46803604343042693 ) ) ;
#3438 = EDGE_CURVE ( 'NONE', #3343, #3877, #2043, .T. ) ;
#3439 = AXIS2_PLACEMENT_3D ( 'NONE', #877, #1929, #2912 ) ;
#3440 = CARTESIAN_POINT ( 'NONE',  ( -3.524757495001487495, -19.07523743430686025, 37.20279502823778728 ) ) ;
#3441 = ORIENTED_EDGE ( 'NONE', *, *, #387, .T. ) ;
#3442 = CARTESIAN_POINT ( 'NONE',  ( 17.84999999999999432, -17.00000000000000000, -25.40790524597782252 ) ) ;
#3443 = CARTESIAN_POINT ( 'NONE',  ( -85.39264068711925404, -20.00000000000000711, 4.663162565887668976 ) ) ;
#3444 = CARTESIAN_POINT ( 'NONE',  ( -7.517359228874696875, 28.92031167345922782, -44.99894963660877778 ) ) ;
#3445 = APPLICATION_PROTOCOL_DEFINITION ( 'international standard', 'config_control_design', 1994, #2380 ) ;
#3446 = ORIENTED_EDGE ( 'NONE', *, *, #1895, .F. ) ;
#3447 = CARTESIAN_POINT ( 'NONE',  ( 17.92106781186546272, -20.00000000000000000, -26.65054593309709929 ) ) ;
#3448 = DIRECTION ( 'NONE',  ( 0.000000000000000000, 0.000000000000000000, -1.000000000000000000 ) ) ;
#3449 = CARTESIAN_POINT ( 'NONE',  ( -9.000000000000001776, 7.973689171506451956, -18.95509345761719899 ) ) ;
#3450 = ORIENTED_EDGE ( 'NONE', *, *, #3408, .F. ) ;
#3451 = ADVANCED_FACE ( 'NONE', ( #2414, #3375, #2742, #1352, #2392, #3757 ), #1683, .T. ) ;
#3452 = CARTESIAN_POINT ( 'NONE',  ( -87.14999999999997726, -20.00000000000000711, 7.592094754022193470 ) ) ;
#3453 = ORIENTED_EDGE ( 'NONE', *, *, #2198, .T. ) ;
#3454 = DIRECTION ( 'NONE',  ( 0.000000000000000000, 1.779499736546008737E-16, -1.000000000000000000 ) ) ;
#3455 = CARTESIAN_POINT ( 'NONE',  ( 13.69677831333249074, -17.96664697614131967, -23.66327472375674290 ) ) ;
#3456 = ADVANCED_FACE ( 'NONE', ( #4099 ), #4076, .F. ) ;
#3457 = LINE ( 'NONE', #1782, #2074 ) ;
#3458 = ORIENTED_EDGE ( 'NONE', *, *, #2212, .T. ) ;
#3459 = ORIENTED_EDGE ( 'NONE', *, *, #2504, .F. ) ;
#3460 = VERTEX_POINT ( 'NONE', #1703 ) ;
#3461 = CARTESIAN_POINT ( 'NONE',  ( 10.84999999999998543, -20.00000000000000000, -28.40790524597781186 ) ) ;
#3462 = DIRECTION ( 'NONE',  ( 0.000000000000000000, -1.000000000000000000, -1.779499736546008983E-16 ) ) ;
#3463 = CARTESIAN_POINT ( 'NONE',  ( -8.895358140438968775, -17.58466962086468399, 34.77088387596420915 ) ) ;
#3464 = ORIENTED_EDGE ( 'NONE', *, *, #2850, .F. ) ;
#3465 = CARTESIAN_POINT ( 'NONE',  ( -11.21598658377025437, -19.99999999999999645, -42.41461899358017007 ) ) ;
#3466 = ADVANCED_FACE ( 'NONE', ( #3716 ), #673, .F. ) ;
#3467 = FACE_BOUND ( 'NONE', #2927, .T. ) ;
#3468 = CARTESIAN_POINT ( 'NONE',  ( -37.14999999999999147, -30.00000000000000711, -10.40790524597781719 ) ) ;
#3469 = EDGE_LOOP ( 'NONE', ( #2528, #804, #571, #2139 ) ) ;
#3470 = CARTESIAN_POINT ( 'NONE',  ( -57.60578508614659654, -18.09271487159303149, 35.58028196750145611 ) ) ;
#3471 = AXIS2_PLACEMENT_3D ( 'NONE', #3124, #1738, #343 ) ;
#3472 = AXIS2_PLACEMENT_3D ( 'NONE', #879, #2233, #3964 ) ;
#3473 = CIRCLE ( 'NONE', #2428, 14.01349094556904262 ) ;
#3474 = CARTESIAN_POINT ( 'NONE',  ( -79.75349479651448803, -18.50345202328526995, -24.06874725178554186 ) ) ;
#3475 = CARTESIAN_POINT ( 'NONE',  ( 11.63524365438247088, -19.92191802946454615, -27.09916582200607493 ) ) ;
#3476 = DIRECTION ( 'NONE',  ( -0.000000000000000000, -1.000000000000000000, -1.779499736546008737E-16 ) ) ;
#3477 = VERTEX_POINT ( 'NONE', #2701 ) ;
#3478 = CIRCLE ( 'NONE', #358, 1.500000000000000444 ) ;
#3479 = B_SPLINE_CURVE_WITH_KNOTS ( 'NONE', 3,
 ( #3988, #558, #2659, #3334, #2635, #1998, #1240, #4011, #3943, #908, #539, #955 ),
 .UNSPECIFIED., .F., .F.,
 ( 4, 2, 2, 2, 2, 4 ),
 ( 0.000000000000000000, 0.2500000000000000000, 0.5000000000000000000, 0.7499999999999998890, 0.8750000000000000000, 1.000000000000000000 ),
 .UNSPECIFIED. ) ;
#3480 = ORIENTED_EDGE ( 'NONE', *, *, #4022, .F. ) ;
#3481 = EDGE_CURVE ( 'NONE', #1409, #1009, #2564, .T. ) ;
#3482 = DIRECTION ( 'NONE',  ( 0.000000000000000000, 0.000000000000000000, -1.000000000000000000 ) ) ;
#3483 = VERTEX_POINT ( 'NONE', #3333 ) ;
#3484 = CIRCLE ( 'NONE', #2848, 23.96002565122392980 ) ;
#3485 = CARTESIAN_POINT ( 'NONE',  ( 17.84999999999999076, -17.19635176726993819, -23.40790524597724698 ) ) ;
#3486 = DIRECTION ( 'NONE',  ( -1.000000000000000000, -0.000000000000000000, 0.000000000000000000 ) ) ;
#3487 = CARTESIAN_POINT ( 'NONE',  ( -9.000000000000001776, -17.00000000000000711, 33.69604301605744467 ) ) ;
#3488 = CIRCLE ( 'NONE', #2160, 14.01349094556904262 ) ;
#3489 = CARTESIAN_POINT ( 'NONE',  ( -8.000000000000000000, -0.5263108284935467118, -8.030093457617194730 ) ) ;
#3490 = CARTESIAN_POINT ( 'NONE',  ( -9.445148559064245219, -19.99999999999999645, -43.59155551484883517 ) ) ;
#3491 = EDGE_CURVE ( 'NONE', #1153, #2617, #3690, .T. ) ;
#3492 = DIRECTION ( 'NONE',  ( 1.000000000000000000, 0.000000000000000000, 0.000000000000000000 ) ) ;
#3493 = CARTESIAN_POINT ( 'NONE',  ( -59.29999999999998295, 26.98400122115186051, -4.368302179500638260 ) ) ;
#3494 = ADVANCED_FACE ( 'NONE', ( #647 ), #1418, .F. ) ;
#3495 = ORIENTED_EDGE ( 'NONE', *, *, #3381, .F. ) ;
#3496 = CARTESIAN_POINT ( 'NONE',  ( -58.29999999999998295, 7.973689171506451956, -20.45509345761720255 ) ) ;
#3497 = ORIENTED_EDGE ( 'NONE', *, *, #2973, .T. ) ;
#3498 = DIRECTION ( 'NONE',  ( -1.000000000000000000, -0.000000000000000000, -0.000000000000000000 ) ) ;
#3499 = DIRECTION ( 'NONE',  ( 1.000000000000000000, 0.000000000000000000, 0.000000000000000000 ) ) ;
#3500 = ORIENTED_EDGE ( 'NONE', *, *, #1246, .T. ) ;
#3501 = EDGE_CURVE ( 'NONE', #189, #3129, #3531, .T. ) ;
#3502 = CIRCLE ( 'NONE', #162, 1.500000000000001332 ) ;
#3503 = EDGE_CURVE ( 'NONE', #4112, #956, #4121, .T. ) ;
#3504 = CARTESIAN_POINT ( 'NONE',  ( -57.92305718776628964, -16.72910384989254950, -41.79243441367196255 ) ) ;
#3505 = CARTESIAN_POINT ( 'NONE',  ( -80.45413375393268041, -19.26016043476028017, 5.609614501663178210 ) ) ;
#3506 = CARTESIAN_POINT ( 'NONE',  ( 1.468953857957515430, -19.93335530459133054, 34.79119246009875610 ) ) ;
#3507 = EDGE_CURVE ( 'NONE', #3932, #1196, #2445, .T. ) ;
#3508 =( BOUNDED_SURFACE ( )  B_SPLINE_SURFACE ( 2, 3, ( 
 ( #1178, #2831, #1828, #2485, #3470, #3896, #2219, #454, #3163, #433, #3562, #4195 ),
 ( #1805, #517, #98, #75, #1453, #1473, #3142, #4156, #3812, #1115, #1135, #2467 ),
 ( #1291, #1316, #271, #3653, #959, #4288, #2305, #204, #562, #183, #934, #1959 ) ),
 .UNSPECIFIED., .F., .F., .T. ) 
 B_SPLINE_SURFACE_WITH_KNOTS ( ( 3, 3 ),
 ( 4, 2, 2, 2, 2, 4 ),
 ( 0.000000000000000000, 1.000000000000000000 ),
 ( 0.000000000000000000, 0.001819890324778557136, 0.003639780649557114271, 0.005459670974335670973, 0.006369616136724949758, 0.007279561299114228543 ),
 .UNSPECIFIED. ) 
 GEOMETRIC_REPRESENTATION_ITEM ( )  RATIONAL_B_SPLINE_SURFACE ( (
 ( 1.000000000000000000, 1.000000000000000000, 1.000000000000000000, 1.000000000000000000, 1.000000000000000000, 1.000000000000000000, 1.000000000000000000, 1.000000000000000000, 1.000000000000000000, 1.000000000000000000, 1.000000000000000000, 1.000000000000000000),
 ( 0.7071067811865487940, 0.7327534886209638998, 0.7508619387457088346, 0.7832749320915258773, 0.7974066464097550044, 0.8240154861922716067, 0.8365060000160630116, 0.8519997732937806267, 0.8565896689172525225, 0.8635338495504614187, 0.8659186013929349723, 0.8659773494718031595),
 ( 1.000000000000000000, 1.000000000000000000, 1.000000000000000000, 1.000000000000000000, 1.000000000000000000, 1.000000000000000000, 1.000000000000000000, 1.000000000000000000, 1.000000000000000000, 1.000000000000000000, 1.000000000000000000, 1.000000000000000000) ) ) 
 REPRESENTATION_ITEM ( '' )  SURFACE ( )  );
#3509 = CARTESIAN_POINT ( 'NONE',  ( -8.596029683687739009, -18.22614562540417538, 35.79556091422447395 ) ) ;
#3510 = VECTOR ( 'NONE', #988, 1000.000000000000000 ) ;
#3511 = FACE_OUTER_BOUND ( 'NONE', #3149, .T. ) ;
#3512 = DIRECTION ( 'NONE',  ( 1.156482317317871478E-16, -1.779499736546008737E-16, 1.000000000000000000 ) ) ;
#3513 = CARTESIAN_POINT ( 'NONE',  ( -57.29999999999998295, -17.99999999999999645, -43.99605910568065781 ) ) ;
#3514 = DIRECTION ( 'NONE',  ( 0.000000000000000000, 0.000000000000000000, -1.000000000000000000 ) ) ;
#3515 = EDGE_CURVE ( 'NONE', #3424, #12, #3353, .T. ) ;
#3516 = ORIENTED_EDGE ( 'NONE', *, *, #475, .T. ) ;
#3517 = ORIENTED_EDGE ( 'NONE', *, *, #3868, .T. ) ;
#3518 = CARTESIAN_POINT ( 'NONE',  ( 26.85000000000001918, -0.5263108284935467118, -10.40509345761719473 ) ) ;
#3519 = CARTESIAN_POINT ( 'NONE',  ( 10.84999999999998543, -20.00000000000000000, -28.40790524597781186 ) ) ;
#3520 = EDGE_CURVE ( 'NONE', #2136, #3393, #2845, .T. ) ;
#3521 = CARTESIAN_POINT ( 'NONE',  ( 1.338663119655898015, -19.91721681848108005, -43.33472222533281837 ) ) ;
#3522 = CARTESIAN_POINT ( 'NONE',  ( -67.12842712474618168, -19.99999999999998579, -42.82448623042682812 ) ) ;
#3523 = VERTEX_POINT ( 'NONE', #2542 ) ;
#3524 = EDGE_CURVE ( 'NONE', #2648, #2450, #3171, .T. ) ;
#3525 = CARTESIAN_POINT ( 'NONE',  ( -57.47667688284462173, -16.61666792172226792, -41.13189642283129643 ) ) ;
#3526 = FACE_OUTER_BOUND ( 'NONE', #1241, .T. ) ;
#3527 = CARTESIAN_POINT ( 'NONE',  ( 0.2798206314373337111, -19.05909255153848036, 34.59290568247602238 ) ) ;
#3528 = CARTESIAN_POINT ( 'NONE',  ( -57.29999999999998295, 7.973689171506453732, -1.855093457617198016 ) ) ;
#3529 = CARTESIAN_POINT ( 'NONE',  ( -7.867470888174556087, -18.84436338416653101, 36.84743925359230587 ) ) ;
#3530 = DIRECTION ( 'NONE',  ( 4.633293428703297631E-16, -0.8661214884151786642, 0.4998335395964095818 ) ) ;
#3531 =( BOUNDED_CURVE ( )  B_SPLINE_CURVE ( 3, ( #3740, #3395, #352, #1725 ),
 .UNSPECIFIED., .F., .T. ) 
 B_SPLINE_CURVE_WITH_KNOTS ( ( 4, 4 ),
 ( 0.000000000000000000, 1.570796326794896780 ),
 .UNSPECIFIED. ) 
 CURVE ( )  GEOMETRIC_REPRESENTATION_ITEM ( )  RATIONAL_B_SPLINE_CURVE ( ( 1.000000000000000000, 0.8047378541243649375, 0.8047378541243649375, 1.000000000000000000 ) ) 
 REPRESENTATION_ITEM ( '' )  );
#3532 = FACE_BOUND ( 'NONE', #3998, .T. ) ;
#3533 = CARTESIAN_POINT ( 'NONE',  ( -58.29999999999998295, -19.99999999999999645, -43.99605910568065070 ) ) ;
#3534 = ORIENTED_EDGE ( 'NONE', *, *, #2729, .T. ) ;
#3535 = EDGE_CURVE ( 'NONE', #4193, #540, #3346, .T. ) ;
#3536 = ORIENTED_EDGE ( 'NONE', *, *, #373, .T. ) ;
#3537 = DIRECTION ( 'NONE',  ( -0.000000000000000000, -1.000000000000000000, -0.000000000000000000 ) ) ;
#3538 = DIRECTION ( 'NONE',  ( -1.000000000000000000, 0.000000000000000000, 0.000000000000000000 ) ) ;
#3539 = CARTESIAN_POINT ( 'NONE',  ( 1.672726774203259437, -19.99999999999710809, -43.66878587988450988 ) ) ;
#3540 = ORIENTED_EDGE ( 'NONE', *, *, #3267, .F. ) ;
#3541 = DIRECTION ( 'NONE',  ( 1.000000000000000000, 0.000000000000000000, 0.000000000000000000 ) ) ;
#3542 = EDGE_CURVE ( 'NONE', #4047, #2472, #863, .T. ) ;
#3543 = ORIENTED_EDGE ( 'NONE', *, *, #2039, .F. ) ;
#3544 = AXIS2_PLACEMENT_3D ( 'NONE', #1470, #1841, #3174 ) ;
#3545 = EDGE_CURVE ( 'NONE', #2458, #2949, #1655, .T. ) ;
#3546 = CARTESIAN_POINT ( 'NONE',  ( -59.29999999999998295, 16.99999999999998579, 16.38399090000327263 ) ) ;
#3547 = CARTESIAN_POINT ( 'NONE',  ( -80.14152052692016071, -17.72060859681204548, 4.600574227102312896 ) ) ;
#3548 = CYLINDRICAL_SURFACE ( 'NONE', #1257, 1.999999999999998224 ) ;
#3549 = CIRCLE ( 'NONE', #3906, 12.50000000000000355 ) ;
#3550 = VECTOR ( 'NONE', #3062, 1000.000000000000000 ) ;
#3551 = CARTESIAN_POINT ( 'NONE',  ( -84.54650520348518228, -18.50345202328485783, 3.252936759830601599 ) ) ;
#3552 = CIRCLE ( 'NONE', #1941, 14.01349094556904262 ) ;
#3553 = CARTESIAN_POINT ( 'NONE',  ( -8.479114387416091247, -20.00000000000001066, 38.62847843746662591 ) ) ;
#3554 = CARTESIAN_POINT ( 'NONE',  ( 0.000000000000000000, 7.999999999999992895, 2.669634627693079928E-15 ) ) ;
#3555 = CIRCLE ( 'NONE', #6, 2.000000000000001776 ) ;
#3556 = ADVANCED_FACE ( 'NONE', ( #447 ), #1502, .F. ) ;
#3557 = CARTESIAN_POINT ( 'NONE',  ( -58.29999999999998295, 5.023975569927935148, -4.368302179500640925 ) ) ;
#3558 = DIRECTION ( 'NONE',  ( 0.000000000000000000, 0.8661214884151779980, -0.4998335395964106920 ) ) ;
#3559 = ORIENTED_EDGE ( 'NONE', *, *, #298, .F. ) ;
#3560 = ORIENTED_EDGE ( 'NONE', *, *, #4183, .T. ) ;
#3561 = CARTESIAN_POINT ( 'NONE',  ( -82.14999999999997726, -17.00000000000000000, -25.40790524597780831 ) ) ;
#3562 = CARTESIAN_POINT ( 'NONE',  ( -59.08006886693104320, -18.99966704522880434, 37.15918380791038800 ) ) ;
#3563 = VERTEX_POINT ( 'NONE', #833 ) ;
#3564 = DIRECTION ( 'NONE',  ( 0.000000000000000000, -1.156482317317871725E-16, 1.000000000000000000 ) ) ;
#3565 = CARTESIAN_POINT ( 'NONE',  ( -0.9040499467410021417, -18.51856513472807109, -42.06002580785332867 ) ) ;
#3566 = EDGE_LOOP ( 'NONE', ( #514, #494, #1296, #35 ) ) ;
#3567 = CARTESIAN_POINT ( 'NONE',  ( -58.29999999999998295, 7.973689171506453732, -10.40509345761719828 ) ) ;
#3568 = ORIENTED_EDGE ( 'NONE', *, *, #1619, .F. ) ;
#3569 = EDGE_LOOP ( 'NONE', ( #602, #2696 ) ) ;
#3570 = EDGE_CURVE ( 'NONE', #2738, #2018, #645, .T. ) ;
#3571 = CARTESIAN_POINT ( 'NONE',  ( -57.60954287185784750, -16.62521809287609642, -41.40690136587747361 ) ) ;
#3572 = CARTESIAN_POINT ( 'NONE',  ( 20.84999999999999076, -20.00000000000000355, -28.40790524597783318 ) ) ;
#3573 = FACE_OUTER_BOUND ( 'NONE', #3415, .T. ) ;
#3574 = ADVANCED_FACE ( 'NONE', ( #401 ), #487, .T. ) ;
#3575 = CARTESIAN_POINT ( 'NONE',  ( -8.559481585547723981, -18.27926292922315810, 35.88006358598204315 ) ) ;
#3576 = AXIS2_PLACEMENT_3D ( 'NONE', #2690, #1427, #2378 ) ;
#3577 = CARTESIAN_POINT ( 'NONE',  ( -7.727870259289571386, -18.89781815788321495, 36.95088240078818842 ) ) ;
#3578 = CARTESIAN_POINT ( 'NONE',  ( -1.000000000000000000, -16.50049938121076210, -41.39769464043511249 ) ) ;
#3579 = AXIS2_PLACEMENT_3D ( 'NONE', #3968, #1915, #3249 ) ;
#3580 = CARTESIAN_POINT ( 'NONE',  ( -33.14999999999999147, -24.70000000000000639, -1.907905245977812525 ) ) ;
#3581 = EDGE_CURVE ( 'NONE', #664, #965, #3193, .T. ) ;
#3582 = CARTESIAN_POINT ( 'NONE',  ( -58.29999999999998295, 7.973689171506443962, -56.67617516545738710 ) ) ;
#3583 = ORIENTED_EDGE ( 'NONE', *, *, #2758, .T. ) ;
#3584 = CARTESIAN_POINT ( 'NONE',  ( -81.89463052222043871, -17.96664697614142625, -25.56112693264534741 ) ) ;
#3585 = LINE ( 'NONE', #3606, #1538 ) ;
#3586 = EDGE_LOOP ( 'NONE', ( #4057, #570, #4359, #3247 ) ) ;
#3587 = CARTESIAN_POINT ( 'NONE',  ( -12.00000000000000000, -19.99999999999999645, -39.95486337595898618 ) ) ;
#3588 = DIRECTION ( 'NONE',  ( -1.000000000000000000, 0.000000000000000000, 0.000000000000000000 ) ) ;
#3589 = CARTESIAN_POINT ( 'NONE',  ( -80.14999999999997726, 7.999999999999996447, -23.40790524597780120 ) ) ;
#3590 = ORIENTED_EDGE ( 'NONE', *, *, #3501, .T. ) ;
#3591 = CARTESIAN_POINT ( 'NONE',  ( -57.35302559283596935, 27.51038359905944475, -44.97508861254055290 ) ) ;
#3592 = ORIENTED_EDGE ( 'NONE', *, *, #631, .F. ) ;
#3593 = ORIENTED_EDGE ( 'NONE', *, *, #1494, .F. ) ;
#3594 = EDGE_CURVE ( 'NONE', #3932, #796, #2351, .T. ) ;
#3595 = CARTESIAN_POINT ( 'NONE',  ( -7.000000000000000888, 14.97810195293247304, -44.53878952978850947 ) ) ;
#3596 = CARTESIAN_POINT ( 'NONE',  ( 18.91013079745115988, -19.35413284249735355, -26.46803604342898808 ) ) ;
#3597 = CARTESIAN_POINT ( 'NONE',  ( 1.875544027565409611, -20.00000000000001066, 34.56137604131187402 ) ) ;
#3598 = ORIENTED_EDGE ( 'NONE', *, *, #3507, .F. ) ;
#3599 = CARTESIAN_POINT ( 'NONE',  ( 17.84999999999999076, -17.00000000000000711, 2.592094754022181036 ) ) ;
#3600 = FACE_OUTER_BOUND ( 'NONE', #2071, .T. ) ;
#3601 = EDGE_CURVE ( 'NONE', #1544, #4244, #1512, .T. ) ;
#3602 = CARTESIAN_POINT ( 'NONE',  ( 17.84999999999999076, -17.00000000000000355, 2.592094754022181036 ) ) ;
#3603 = ORIENTED_EDGE ( 'NONE', *, *, #1013, .F. ) ;
#3604 = ADVANCED_FACE ( 'NONE', ( #3937 ), #2885, .T. ) ;
#3605 = CARTESIAN_POINT ( 'NONE',  ( -77.80461647215955168, -20.00000000000000355, -28.01513536268494420 ) ) ;
#3606 = CARTESIAN_POINT ( 'NONE',  ( -80.14999999999997726, -20.00000000000000000, -28.40790524597780831 ) ) ;
#3607 = EDGE_LOOP ( 'NONE', ( #1404, #3018, #339, #2938 ) ) ;
#3608 = DIRECTION ( 'NONE',  ( 1.000000000000000000, 0.000000000000000000, 0.000000000000000000 ) ) ;
#3609 = CARTESIAN_POINT ( 'NONE',  ( -86.75723011669795426, -20.00000000000000355, -27.75328877382753845 ) ) ;
#3610 = ORIENTED_EDGE ( 'NONE', *, *, #3230, .T. ) ;
#3611 = CARTESIAN_POINT ( 'NONE',  ( -56.14364015992472901, -19.39900052719455559, 33.69604301605743757 ) ) ;
#3612 = CARTESIAN_POINT ( 'NONE',  ( 0.000000000000000000, -20.95959145157908310, 37.13567204090666252 ) ) ;
#3613 = ORIENTED_EDGE ( 'NONE', *, *, #1199, .F. ) ;
#3614 = CARTESIAN_POINT ( 'NONE',  ( -11.80056285121280979, -20.00000000000001066, 35.19204729361700146 ) ) ;
#3615 = DIRECTION ( 'NONE',  ( 0.7071067811865431318, 0.000000000000000000, -0.7071067811865517916 ) ) ;
#3616 = CARTESIAN_POINT ( 'NONE',  ( -59.29999999999998295, -19.99999999999999645, -43.99605910568065070 ) ) ;
#3617 = AXIS2_PLACEMENT_3D ( 'NONE', #2987, #273, #4356 ) ;
#3618 = ADVANCED_FACE ( 'NONE', ( #4048 ), #711, .T. ) ;
#3619 = CARTESIAN_POINT ( 'NONE',  ( -86.36475634561561776, -19.92191802946378232, 6.283355330050454768 ) ) ;
#3620 = VERTEX_POINT ( 'NONE', #3036 ) ;
#3621 = DIRECTION ( 'NONE',  ( 0.000000000000000000, -1.734723475976806601E-16, 1.000000000000000000 ) ) ;
#3622 = CIRCLE ( 'NONE', #2843, 1.500000000000001332 ) ;
#3623 = CARTESIAN_POINT ( 'NONE',  ( 13.06575603075268610, -19.69649888156859063, 6.262641135570678586 ) ) ;
#3624 = CARTESIAN_POINT ( 'NONE',  ( -80.07893218813451597, -20.00000000000001421, 5.834735441141478240 ) ) ;
#3625 = AXIS2_PLACEMENT_3D ( 'NONE', #862, #3588, #736 ) ;
#3626 = DIRECTION ( 'NONE',  ( -0.000000000000000000, 0.4998335395964106920, 0.8661214884151779980 ) ) ;
#3627 = ORIENTED_EDGE ( 'NONE', *, *, #477, .T. ) ;
#3628 = DIRECTION ( 'NONE',  ( -1.156482317317871478E-16, 1.779499736546008737E-16, -1.000000000000000000 ) ) ;
#3629 = DIRECTION ( 'NONE',  ( -1.000000000000000000, -0.000000000000000000, -0.000000000000000000 ) ) ;
#3630 = VERTEX_POINT ( 'NONE', #642 ) ;
#3631 = CARTESIAN_POINT ( 'NONE',  ( -87.14999999999997726, -20.00000000000000000, -28.40790524597780120 ) ) ;
#3632 = ADVANCED_FACE ( 'NONE', ( #2387 ), #2718, .F. ) ;
#3633 = CARTESIAN_POINT ( 'NONE',  ( -86.62635607925186321, -19.99999999999679190, -27.88426132523932921 ) ) ;
#3634 = DIRECTION ( 'NONE',  ( -1.000000000000000000, -0.000000000000000000, -0.000000000000000000 ) ) ;
#3635 = CARTESIAN_POINT ( 'NONE',  ( -0.1759682987842448587, -21.80280862492256588, 38.27976468038730928 ) ) ;
#3636 = ORIENTED_EDGE ( 'NONE', *, *, #3898, .F. ) ;
#3637 = ORIENTED_EDGE ( 'NONE', *, *, #347, .F. ) ;
#3638 = CARTESIAN_POINT ( 'NONE',  ( -58.79533187464075894, -16.96744576429981777, -42.21538763949813244 ) ) ;
#3639 = CARTESIAN_POINT ( 'NONE',  ( -7.000000000000000888, 28.98400122115186406, -4.368302179500638260 ) ) ;
#3640 = ADVANCED_FACE ( 'NONE', ( #2038 ), #2056, .F. ) ;
#3641 = CARTESIAN_POINT ( 'NONE',  ( -55.46494125779890538, -19.99999999999999645, -42.78529295453288483 ) ) ;
#3642 = CARTESIAN_POINT ( 'NONE',  ( -84.24595005369629064, -17.77784770429052230, 2.752011510182756471 ) ) ;
#3643 = ORIENTED_EDGE ( 'NONE', *, *, #4183, .F. ) ;
#3644 = CARTESIAN_POINT ( 'NONE',  ( 19.79202012549267309, -19.86168123595453849, 6.534114879515613872 ) ) ;
#3645 = AXIS2_PLACEMENT_3D ( 'NONE', #3578, #3530, #2545 ) ;
#3646 = ADVANCED_FACE ( 'NONE', ( #2653, #325 ), #2016, .F. ) ;
#3647 = CYLINDRICAL_SURFACE ( 'NONE', #4220, 8.500000000000000000 ) ;
#3648 = CYLINDRICAL_SURFACE ( 'NONE', #1718, 2.999999999999999112 ) ;
#3649 = DIRECTION ( 'NONE',  ( 0.000000000000000000, -0.8661214884151779980, 0.4998335395964107475 ) ) ;
#3650 = EDGE_LOOP ( 'NONE', ( #1603, #3610, #738, #1431 ) ) ;
#3651 = LINE ( 'NONE', #2685, #388 ) ;
#3652 = VECTOR ( 'NONE', #2876, 1000.000000000000114 ) ;
#3653 = CARTESIAN_POINT ( 'NONE',  ( -55.03925019636950111, -20.00000000000001066, 36.33641643526314624 ) ) ;
#3654 = CIRCLE ( 'NONE', #893, 1.999999999999998224 ) ;
#3655 = ORIENTED_EDGE ( 'NONE', *, *, #4269, .T. ) ;
#3656 = DIRECTION ( 'NONE',  ( 0.000000000000000000, 0.000000000000000000, -1.000000000000000000 ) ) ;
#3657 = CARTESIAN_POINT ( 'NONE',  ( -87.14999999999999147, -20.00000000000000355, -28.40790524597780831 ) ) ;
#3658 = TOROIDAL_SURFACE ( 'NONE', #1755, 22.96002565122392625, 1.000000000000000000 ) ;
#3659 = CC_DESIGN_PERSON_AND_ORGANIZATION_ASSIGNMENT ( #1353, #2702, ( #2019 ) ) ;
#3660 = CYLINDRICAL_SURFACE ( 'NONE', #1109, 1.500000000000000444 ) ;
#3661 = ORIENTED_EDGE ( 'NONE', *, *, #3963, .T. ) ;
#3662 = CARTESIAN_POINT ( 'NONE',  ( -4.539235253275941240, -20.00000000000001421, 38.89142680434118660 ) ) ;
#3663 = CARTESIAN_POINT ( 'NONE',  ( -6.999999999999999112, -18.34932211511119959, -41.99610944001314294 ) ) ;
#3664 = CARTESIAN_POINT ( 'NONE',  ( -57.29999999999998295, -19.99999999999999645, -39.95486337595898618 ) ) ;
#3665 = CARTESIAN_POINT ( 'NONE',  ( 17.84999999999999076, -18.75735931288072322, 2.592094754022181480 ) ) ;
#3666 = EDGE_LOOP ( 'NONE', ( #3806, #2508, #4018, #891 ) ) ;
#3667 = CARTESIAN_POINT ( 'NONE',  ( 18.58983956523996284, -18.98248025235927017, 3.825160696088695467 ) ) ;
#3668 = CARTESIAN_POINT ( 'NONE',  ( 12.58014920296803218, -19.50315821569006047, 5.861945551054529524 ) ) ;
#3669 = CARTESIAN_POINT ( 'NONE',  ( -57.29999999999998295, 16.47368917150645373, -10.40509345761720006 ) ) ;
#3670 = CARTESIAN_POINT ( 'NONE',  ( 26.85100000000001330, 7.999999999999996447, -22.93436589316946339 ) ) ;
#3671 = EDGE_LOOP ( 'NONE', ( #3738, #787, #2974, #4081 ) ) ;
#3672 = CARTESIAN_POINT ( 'NONE',  ( -66.47652004692449168, -18.83112669076967904, 34.38559701152785664 ) ) ;
#3673 = CARTESIAN_POINT ( 'NONE',  ( -59.29999999999998295, -18.69791106695403471, -42.08955845057128187 ) ) ;
#3674 = FACE_OUTER_BOUND ( 'NONE', #3184, .T. ) ;
#3675 = ADVANCED_FACE ( 'NONE', ( #3328 ), #2999, .F. ) ;
#3676 = CYLINDRICAL_SURFACE ( 'NONE', #2783, 1.500000000000001332 ) ;
#3677 = ORIENTED_EDGE ( 'NONE', *, *, #3491, .F. ) ;
#3678 = CYLINDRICAL_SURFACE ( 'NONE', #3792, 12.50000000000000355 ) ;
#3679 = ORIENTED_EDGE ( 'NONE', *, *, #446, .F. ) ;
#3680 =( BOUNDED_CURVE ( )  B_SPLINE_CURVE ( 3, ( #4125, #3398, #3786, #3069 ),
 .UNSPECIFIED., .F., .T. ) 
 B_SPLINE_CURVE_WITH_KNOTS ( ( 4, 4 ),
 ( 1.570796326794896558, 3.141592653589793116 ),
 .UNSPECIFIED. ) 
 CURVE ( )  GEOMETRIC_REPRESENTATION_ITEM ( )  RATIONAL_B_SPLINE_CURVE ( ( 1.000000000000000000, 0.8047378541243649375, 0.8047378541243649375, 1.000000000000000000 ) ) 
 REPRESENTATION_ITEM ( '' )  );
#3681 = CARTESIAN_POINT ( 'NONE',  ( -12.00000000000000000, -19.99999999999999645, -39.95486337595898618 ) ) ;
#3682 = CC_DESIGN_SECURITY_CLASSIFICATION ( #4282, ( #2019 ) ) ;
#3683 = CYLINDRICAL_SURFACE ( 'NONE', #307, 2.375000000000002220 ) ;
#3684 = FACE_OUTER_BOUND ( 'NONE', #3746, .T. ) ;
#3685 = CARTESIAN_POINT ( 'NONE',  ( 20.84999999999999076, -20.00000000000000711, 7.592094754022179259 ) ) ;
#3686 = EDGE_CURVE ( 'NONE', #2159, #3436, #797, .T. ) ;
#3687 = CARTESIAN_POINT ( 'NONE',  ( -58.29999999999998295, 7.973689171506453732, 2.094906542382805714 ) ) ;
#3688 = CARTESIAN_POINT ( 'NONE',  ( 14.82553812883382349, -18.82996937483317623, 5.206771876721965064 ) ) ;
#3689 = CIRCLE ( 'NONE', #4340, 12.50000000000000355 ) ;
#3690 = LINE ( 'NONE', #2721, #1586 ) ;
#3691 = COORDINATED_UNIVERSAL_TIME_OFFSET ( 6, 0, .BEHIND. ) ;
#3692 = AXIS2_PLACEMENT_3D ( 'NONE', #1506, #3891, #2849 ) ;
#3693 = ORIENTED_EDGE ( 'NONE', *, *, #2955, .F. ) ;
#3694 = CARTESIAN_POINT ( 'NONE',  ( -1.000000000000000000, 16.50016646040357671, 15.51786941158809441 ) ) ;
#3695 = CARTESIAN_POINT ( 'NONE',  ( -58.29999999999998295, -18.00000000000000000, -43.99605910568065070 ) ) ;
#3696 = EDGE_CURVE ( 'NONE', #805, #263, #3552, .T. ) ;
#3697 = CIRCLE ( 'NONE', #1794, 2.000000000000001776 ) ;
#3698 = EDGE_LOOP ( 'NONE', ( #1036, #1519, #654, #501 ) ) ;
#3699 = AXIS2_PLACEMENT_3D ( 'NONE', #1420, #2462, #65 ) ;
#3700 = CARTESIAN_POINT ( 'NONE',  ( -6.999999999999999112, -19.99999999999999645, -43.99605910568065070 ) ) ;
#3701 = FACE_OUTER_BOUND ( 'NONE', #4270, .T. ) ;
#3702 = ORIENTED_EDGE ( 'NONE', *, *, #3715, .T. ) ;
#3703 = AXIS2_PLACEMENT_3D ( 'NONE', #1174, #3140, #854 ) ;
#3704 = FACE_OUTER_BOUND ( 'NONE', #584, .T. ) ;
#3705 = CARTESIAN_POINT ( 'NONE',  ( -57.29999999999998295, -0.5263108284935467118, -10.40509345761719473 ) ) ;
#3706 = CARTESIAN_POINT ( 'NONE',  ( 15.59463052222105972, -17.96664697614121309, -25.56112693264526570 ) ) ;
#3707 = CARTESIAN_POINT ( 'NONE',  ( -57.29999999999998295, 16.00033292080716407, 14.65174792317291796 ) ) ;
#3708 = ORIENTED_EDGE ( 'NONE', *, *, #2854, .T. ) ;
#3709 = ORIENTED_EDGE ( 'NONE', *, *, #1000, .F. ) ;
#3710 = DIRECTION ( 'NONE',  ( 0.000000000000000000, -1.779499736546008737E-16, 1.000000000000000000 ) ) ;
#3711 = EDGE_CURVE ( 'NONE', #2452, #2814, #1325, .T. ) ;
#3712 = ORIENTED_EDGE ( 'NONE', *, *, #4312, .F. ) ;
#3713 = DIRECTION ( 'NONE',  ( 0.000000000000000000, 0.000000000000000000, 1.000000000000000000 ) ) ;
#3714 = CARTESIAN_POINT ( 'NONE',  ( 11.24276988329487281, -20.00000000000001066, 6.937478281866445329 ) ) ;
#3715 = EDGE_CURVE ( 'NONE', #145, #706, #4026, .T. ) ;
#3716 = FACE_OUTER_BOUND ( 'NONE', #758, .T. ) ;
#3717 = APPROVAL_ROLE ( '' ) ;
#3718 = ORIENTED_EDGE ( 'NONE', *, *, #1145, .T. ) ;
#3719 = CARTESIAN_POINT ( 'NONE',  ( -66.30000000000001137, -18.19602275613171471, 33.72485301150864245 ) ) ;
#3720 = EDGE_CURVE ( 'NONE', #3285, #434, #2213, .T. ) ;
#3721 = VECTOR ( 'NONE', #2210, 1000.000000000000000 ) ;
#3722 = ORIENTED_EDGE ( 'NONE', *, *, #4066, .T. ) ;
#3723 = CARTESIAN_POINT ( 'NONE',  ( -57.29999999999998295, 14.97810195293247304, -44.53878952978850947 ) ) ;
#3724 = CARTESIAN_POINT ( 'NONE',  ( -0.02650146923118799902, 28.24715277922751255, -44.98771094401239168 ) ) ;
#3725 = ORIENTED_EDGE ( 'NONE', *, *, #3481, .T. ) ;
#3726 = AXIS2_PLACEMENT_3D ( 'NONE', #1777, #7, #2095 ) ;
#3727 = DIRECTION ( 'NONE',  ( 0.000000000000000000, 0.000000000000000000, 1.000000000000000000 ) ) ;
#3728 = ORIENTED_EDGE ( 'NONE', *, *, #2973, .F. ) ;
#3729 = VECTOR ( 'NONE', #1008, 1000.000000000000000 ) ;
#3730 = CARTESIAN_POINT ( 'NONE',  ( -7.000000000000000888, -20.00000000000001066, 38.54229688685739319 ) ) ;
#3731 = CARTESIAN_POINT ( 'NONE',  ( 14.61693405793310951, -18.98248025235892200, -26.14774481121744998 ) ) ;
#3732 = DIRECTION ( 'NONE',  ( -1.000000000000000000, -0.000000000000000000, -0.000000000000000000 ) ) ;
#3733 = ORIENTED_EDGE ( 'NONE', *, *, #3920, .F. ) ;
#3734 = ORIENTED_EDGE ( 'NONE', *, *, #151, .F. ) ;
#3735 = CARTESIAN_POINT ( 'NONE',  ( -59.29999999999998295, 14.97810195293247304, -44.53878952978850947 ) ) ;
#3736 = EDGE_CURVE ( 'NONE', #3947, #3477, #1053, .T. ) ;
#3737 = DIRECTION ( 'NONE',  ( -1.000000000000000000, -0.000000000000000000, -0.000000000000000000 ) ) ;
#3738 = ORIENTED_EDGE ( 'NONE', *, *, #523, .F. ) ;
#3739 = CARTESIAN_POINT ( 'NONE',  ( -33.14999999999999147, -30.00000000000000711, -10.40790524597781541 ) ) ;
#3740 = CARTESIAN_POINT ( 'NONE',  ( 15.84999999999998899, -17.00000000000000711, 4.592094754022180148 ) ) ;
#3741 = FACE_BOUND ( 'NONE', #2099, .T. ) ;
#3742 = CARTESIAN_POINT ( 'NONE',  ( -11.99999991331425520, -19.99999999999999645, -40.81850175745501019 ) ) ;
#3743 = CARTESIAN_POINT ( 'NONE',  ( -2.725808029318420811, -19.90226316986498745, 37.68006664229014291 ) ) ;
#3744 = DIRECTION ( 'NONE',  ( 1.000000000000000000, 0.000000000000000000, 0.000000000000000000 ) ) ;
#3745 = ADVANCED_FACE ( 'NONE', ( #989 ), #369, .F. ) ;
#3746 = EDGE_LOOP ( 'NONE', ( #3097, #482 ) ) ;
#3747 = DIRECTION ( 'NONE',  ( 1.000000000000000000, 0.000000000000000000, 0.000000000000000000 ) ) ;
#3748 = CARTESIAN_POINT ( 'NONE',  ( -7.000000000000001776, -18.99966707919283593, 37.15918382751083726 ) ) ;
#3749 = CARTESIAN_POINT ( 'NONE',  ( 13.75404994630362587, -17.77784770429078876, -23.56782200213852008 ) ) ;
#3750 = DIRECTION ( 'NONE',  ( 0.000000000000000000, -1.156482317317871478E-16, 1.000000000000000000 ) ) ;
#3751 = ORIENTED_EDGE ( 'NONE', *, *, #1895, .T. ) ;
#3752 = CARTESIAN_POINT ( 'NONE',  ( -87.14999999999999147, -20.00000000000000355, 7.592094754022198799 ) ) ;
#3753 = ORIENTED_EDGE ( 'NONE', *, *, #2504, .T. ) ;
#3754 = DIRECTION ( 'NONE',  ( 0.000000000000000000, 0.000000000000000000, 1.000000000000000000 ) ) ;
#3755 = ORIENTED_EDGE ( 'NONE', *, *, #1468, .T. ) ;
#3756 = CARTESIAN_POINT ( 'NONE',  ( -65.29999999999995453, 7.973689171506455509, -22.90509345761720184 ) ) ;
#3757 = FACE_OUTER_BOUND ( 'NONE', #3945, .T. ) ;
#3758 = ORIENTED_EDGE ( 'NONE', *, *, #2666, .F. ) ;
#3759 = FACE_OUTER_BOUND ( 'NONE', #123, .T. ) ;
#3760 = CARTESIAN_POINT ( 'NONE',  ( -59.29999999999998295, -16.00066584161435301, -40.53157315201993782 ) ) ;
#3761 = VECTOR ( 'NONE', #3750, 1000.000000000000000 ) ;
#3762 = CARTESIAN_POINT ( 'NONE',  ( -0.3853138564394198995, 28.78348116798827050, -44.99668903284932497 ) ) ;
#3763 = EDGE_CURVE ( 'NONE', #4385, #2841, #2638, .T. ) ;
#3764 = ORIENTED_EDGE ( 'NONE', *, *, #1295, .T. ) ;
#3765 = VECTOR ( 'NONE', #1449, 1000.000000000000000 ) ;
#3766 = AXIS2_PLACEMENT_3D ( 'NONE', #1721, #1389, #2102 ) ;
#3767 = CYLINDRICAL_SURFACE ( 'NONE', #4010, 2.000000000000001776 ) ;
#3768 = ORIENTED_EDGE ( 'NONE', *, *, #2470, .T. ) ;
#3769 = EDGE_CURVE ( 'NONE', #452, #1210, #3799, .T. ) ;
#3770 = VECTOR ( 'NONE', #2153, 1000.000000000000000 ) ;
#3771 = DIRECTION ( 'NONE',  ( 0.000000000000000000, 0.000000000000000000, -1.000000000000000000 ) ) ;
#3772 = FACE_OUTER_BOUND ( 'NONE', #1205, .T. ) ;
#3773 = CARTESIAN_POINT ( 'NONE',  ( 17.84999999999998721, 7.999999999999996447, -25.40790524597781541 ) ) ;
#3774 = VERTEX_POINT ( 'NONE', #394 ) ;
#3775 = CONICAL_SURFACE ( 'NONE', #363, 12.50000000000000355, 0.7853981633974543852 ) ;
#3776 = ORIENTED_EDGE ( 'NONE', *, *, #1802, .F. ) ;
#3777 = CARTESIAN_POINT ( 'NONE',  ( -84.64424662817157241, -19.60349479664080619, -26.90445322288155339 ) ) ;
#3778 = ORIENTED_EDGE ( 'NONE', *, *, #2854, .F. ) ;
#3779 = LINE ( 'NONE', #2781, #2011 ) ;
#3780 = ORIENTED_EDGE ( 'NONE', *, *, #790, .F. ) ;
#3781 = FACE_OUTER_BOUND ( 'NONE', #2385, .T. ) ;
#3782 = DIRECTION ( 'NONE',  ( 0.000000000000000000, -1.000000000000000000, -1.779499736546008737E-16 ) ) ;
#3783 = APPROVAL_STATUS ( 'not_yet_approved' ) ;
#3784 = EDGE_CURVE ( 'NONE', #145, #4148, #2501, .T. ) ;
#3785 = ORIENTED_EDGE ( 'NONE', *, *, #4285, .F. ) ;
#3786 = CARTESIAN_POINT ( 'NONE',  ( 17.84999999999998366, -18.75735931288071612, -23.40790524597781896 ) ) ;
#3787 = CARTESIAN_POINT ( 'NONE',  ( -8.000000000000000000, 7.973689171506453732, -10.40509345761719828 ) ) ;
#3788 = FACE_OUTER_BOUND ( 'NONE', #1979, .T. ) ;
#3789 = VERTEX_POINT ( 'NONE', #2551 ) ;
#3790 = VECTOR ( 'NONE', #3512, 1000.000000000000000 ) ;
#3791 = FACE_OUTER_BOUND ( 'NONE', #1490, .T. ) ;
#3792 = AXIS2_PLACEMENT_3D ( 'NONE', #2947, #984, #297 ) ;
#3793 = CARTESIAN_POINT ( 'NONE',  ( 0.000000000000000000, -17.99999999999999645, -43.99605910568065070 ) ) ;
#3794 = CARTESIAN_POINT ( 'NONE',  ( 13.83066173611572580, -17.39269422780597907, -23.44013568578480644 ) ) ;
#3795 = CARTESIAN_POINT ( 'NONE',  ( -84.14999999999997726, 7.999999999999996447, -25.40790524597780120 ) ) ;
#3796 = AXIS2_PLACEMENT_3D ( 'NONE', #1981, #3294, #3273 ) ;
#3797 = ORIENTED_EDGE ( 'NONE', *, *, #3594, .F. ) ;
#3798 = VERTEX_POINT ( 'NONE', #2241 ) ;
#3799 =( BOUNDED_CURVE ( )  B_SPLINE_CURVE ( 3, ( #1200, #184, #1514, #3519 ),
 .UNSPECIFIED., .F., .T. ) 
 B_SPLINE_CURVE_WITH_KNOTS ( ( 4, 4 ),
 ( 3.141592653589794004, 4.712388980384689674 ),
 .UNSPECIFIED. ) 
 CURVE ( )  GEOMETRIC_REPRESENTATION_ITEM ( )  RATIONAL_B_SPLINE_CURVE ( ( 1.000000000000000000, 0.8047378541243652705, 0.8047378541243652705, 1.000000000000000000 ) ) 
 REPRESENTATION_ITEM ( '' )  );
#3800 = ORIENTED_EDGE ( 'NONE', *, *, #2680, .T. ) ;
#3801 = CARTESIAN_POINT ( 'NONE',  ( -4.343687514433484331, -20.00000000000002132, 38.77794108110536797 ) ) ;
#3802 = ORIENTED_EDGE ( 'NONE', *, *, #2309, .F. ) ;
#3803 = CARTESIAN_POINT ( 'NONE',  ( 15.88223043980697291, -17.39269422780603236, -25.42724350986208748 ) ) ;
#3804 = FACE_OUTER_BOUND ( 'NONE', #3073, .T. ) ;
#3805 = CARTESIAN_POINT ( 'NONE',  ( -8.964829957188380050, -17.32262043365675552, 34.31894325726241846 ) ) ;
#3806 = ORIENTED_EDGE ( 'NONE', *, *, #317, .T. ) ;
#3807 = CARTESIAN_POINT ( 'NONE',  ( -12.00000000000000000, -19.99999999999999645, -39.95486337595898618 ) ) ;
#3808 = EDGE_CURVE ( 'NONE', #2648, #2252, #3697, .T. ) ;
#3809 = DIRECTION ( 'NONE',  ( -1.000000000000000000, 0.000000000000000000, 0.000000000000000000 ) ) ;
#3810 = CARTESIAN_POINT ( 'NONE',  ( -9.000000000000001776, 7.973689171506453732, -1.855093457617198016 ) ) ;
#3811 = VERTEX_POINT ( 'NONE', #2221 ) ;
#3812 = CARTESIAN_POINT ( 'NONE',  ( -58.33096745958202689, -19.99999999999895550, 37.48487766246582709 ) ) ;
#3813 = ADVANCED_FACE ( 'NONE', ( #3879 ), #2574, .T. ) ;
#3814 = CARTESIAN_POINT ( 'NONE',  ( 0.000000000000000000, -20.95959145157908310, 37.13567204090666252 ) ) ;
#3815 = CARTESIAN_POINT ( 'NONE',  ( 0.9927620416747571230, -19.74757277770947894, -42.48520216819174067 ) ) ;
#3816 = DIRECTION ( 'NONE',  ( 0.000000000000000000, 0.000000000000000000, 1.000000000000000000 ) ) ;
#3817 = EDGE_LOOP ( 'NONE', ( #920, #2954, #72, #1865 ) ) ;
#3818 = LINE ( 'NONE', #1522, #1369 ) ;
#3819 = ORIENTED_EDGE ( 'NONE', *, *, #4257, .T. ) ;
#3820 = CARTESIAN_POINT ( 'NONE',  ( 20.84999999999999076, -20.00000000000000711, 7.592094754022179259 ) ) ;
#3821 = CARTESIAN_POINT ( 'NONE',  ( 12.60735931288070510, -20.00000000000001421, 4.663162565887656541 ) ) ;
#3822 = EDGE_CURVE ( 'NONE', #2814, #985, #4275, .T. ) ;
#3823 = CARTESIAN_POINT ( 'NONE',  ( -7.132051874853603479, 28.98400122115187116, -44.99999899417180416 ) ) ;
#3824 = DATE_AND_TIME ( #2479, #2069 ) ;
#3825 = ORIENTED_EDGE ( 'NONE', *, *, #455, .T. ) ;
#3826 = CARTESIAN_POINT ( 'NONE',  ( -9.950024169985660194, -19.99999999999999645, -43.37423686955615665 ) ) ;
#3827 = FACE_BOUND ( 'NONE', #1426, .T. ) ;
#3828 = DIRECTION ( 'NONE',  ( 0.000000000000000000, 0.000000000000000000, -1.000000000000000000 ) ) ;
#3829 = VERTEX_POINT ( 'NONE', #1411 ) ;
#3830 = EDGE_CURVE ( 'NONE', #263, #2738, #1765, .T. ) ;
#3831 = CARTESIAN_POINT ( 'NONE',  ( -58.29999999999998295, 7.973689171506453732, -10.40509345761719828 ) ) ;
#3832 = ORIENTED_EDGE ( 'NONE', *, *, #581, .T. ) ;
#3833 = AXIS2_PLACEMENT_3D ( 'NONE', #1898, #824, #845 ) ;
#3834 = ADVANCED_FACE ( 'NONE', ( #2877 ), #4260, .T. ) ;
#3835 = AXIS2_PLACEMENT_3D ( 'NONE', #557, #4009, #626 ) ;
#3836 = CIRCLE ( 'NONE', #499, 60.00000000000001421 ) ;
#3837 = FACE_OUTER_BOUND ( 'NONE', #2852, .T. ) ;
#3838 = CARTESIAN_POINT ( 'NONE',  ( -0.6964988825120171922, -18.88630241078269378, -42.19839318400602934 ) ) ;
#3839 = CARTESIAN_POINT ( 'NONE',  ( -8.000000000000000000, 14.97810195293247304, -58.55228047535754854 ) ) ;
#3840 = ORIENTED_EDGE ( 'NONE', *, *, #3318, .F. ) ;
#3841 = AXIS2_PLACEMENT_3D ( 'NONE', #3669, #178, #1620 ) ;
#3842 = EDGE_LOOP ( 'NONE', ( #1578, #13 ) ) ;
#3843 = CARTESIAN_POINT ( 'NONE',  ( -58.36111326705815117, -16.87405018919740485, -42.06649945428830506 ) ) ;
#3844 = CIRCLE ( 'NONE', #1309, 3.750000000000000000 ) ;
#3845 = CARTESIAN_POINT ( 'NONE',  ( -77.54276988330393294, -20.00000000000000355, 6.937478281872742514 ) ) ;
#3846 = CARTESIAN_POINT ( 'NONE',  ( 26.85000000000001918, 7.973689171506453732, -3.355093457617198460 ) ) ;
#3847 = EDGE_CURVE ( 'NONE', #3202, #3774, #3478, .T. ) ;
#3848 = CARTESIAN_POINT ( 'NONE',  ( -7.000000000000000888, 28.98400122115187827, -44.99999899417180416 ) ) ;
#3849 = APPROVAL_DATE_TIME ( #3824, #2124 ) ;
#3850 = DIRECTION ( 'NONE',  ( -1.000000000000000000, 0.000000000000000000, 0.000000000000000000 ) ) ;
#3851 = CC_DESIGN_PERSON_AND_ORGANIZATION_ASSIGNMENT ( #1042, #64, ( #3195 ) ) ;
#3852 = CYLINDRICAL_SURFACE ( 'NONE', #743, 1.000000000000002442 ) ;
#3853 = CARTESIAN_POINT ( 'NONE',  ( -11.21598658377025437, -19.99999999999999645, -42.41461899358017007 ) ) ;
#3854 = DIRECTION ( 'NONE',  ( 0.000000000000000000, 0.000000000000000000, -1.000000000000000000 ) ) ;
#3855 = VERTEX_POINT ( 'NONE', #936 ) ;
#3856 = CARTESIAN_POINT ( 'NONE',  ( -82.14999999999997726, -18.75735931288071612, -25.40790524597780475 ) ) ;
#3857 = CARTESIAN_POINT ( 'NONE',  ( -82.15000000000451053, -17.19635176726993109, -25.40790524597780831 ) ) ;
#3858 = CARTESIAN_POINT ( 'NONE',  ( 0.2607166458962391631, -19.05760229256867433, -42.25677575157941135 ) ) ;
#3859 = CARTESIAN_POINT ( 'NONE',  ( -68.29999999999998295, -19.99999999999999645, -43.99605910568065070 ) ) ;
#3860 = ORIENTED_EDGE ( 'NONE', *, *, #1160, .T. ) ;
#3861 = VECTOR ( 'NONE', #4327, 1000.000000000000000 ) ;
#3862 = ORIENTED_EDGE ( 'NONE', *, *, #1007, .T. ) ;
#3863 = CARTESIAN_POINT ( 'NONE',  ( -58.59720333174399087, -19.99999999999999645, -43.99605907367195101 ) ) ;
#3864 = VECTOR ( 'NONE', #2711, 1000.000000000000000 ) ;
#3865 = CARTESIAN_POINT ( 'NONE',  ( -77.93524365438432255, -19.92191802946378232, 6.283355330050841125 ) ) ;
#3866 = LINE ( 'NONE', #2863, #3364 ) ;
#3867 = EDGE_LOOP ( 'NONE', ( #4261, #3234 ) ) ;
#3868 = EDGE_CURVE ( 'NONE', #1733, #3424, #1605, .T. ) ;
#3869 = CARTESIAN_POINT ( 'NONE',  ( 13.84999999999998366, 7.999999999999996447, -25.40790524597781186 ) ) ;
#3870 = CARTESIAN_POINT ( 'NONE',  ( -7.293306220188625844, -19.99999999999791456, 37.73646992101924269 ) ) ;
#3871 = FACE_OUTER_BOUND ( 'NONE', #3093, .T. ) ;
#3872 = FACE_BOUND ( 'NONE', #773, .T. ) ;
#3873 = CARTESIAN_POINT ( 'NONE',  ( -9.000000000000001776, 7.973689171506451956, -17.45509345761719899 ) ) ;
#3874 = ORIENTED_EDGE ( 'NONE', *, *, #1065, .T. ) ;
#3875 = ORIENTED_EDGE ( 'NONE', *, *, #353, .F. ) ;
#3876 = CARTESIAN_POINT ( 'NONE',  ( -80.07893218813451597, -20.00000000000000000, -26.65054593309709219 ) ) ;
#3877 = VERTEX_POINT ( 'NONE', #207 ) ;
#3878 = EDGE_CURVE ( 'NONE', #3930, #2252, #3314, .T. ) ;
#3879 = FACE_OUTER_BOUND ( 'NONE', #2427, .T. ) ;
#3880 = FACE_OUTER_BOUND ( 'NONE', #3377, .T. ) ;
#3881 = ORIENTED_EDGE ( 'NONE', *, *, #3542, .T. ) ;
#3882 = FACE_OUTER_BOUND ( 'NONE', #4324, .T. ) ;
#3883 = ORIENTED_EDGE ( 'NONE', *, *, #3535, .F. ) ;
#3884 = ORIENTED_EDGE ( 'NONE', *, *, #1517, .F. ) ;
#3885 = CARTESIAN_POINT ( 'NONE',  ( -57.69426670126342316, -16.64681831682419144, -41.53573832147284151 ) ) ;
#3886 = CARTESIAN_POINT ( 'NONE',  ( -80.15000000000898694, -17.06497768081847966, 4.592094754011626812 ) ) ;
#3887 = CARTESIAN_POINT ( 'NONE',  ( 0.8461227508255418917, -19.63543965034874006, 34.88931782098426027 ) ) ;
#3888 = CARTESIAN_POINT ( 'NONE',  ( -82.30991675615953795, -17.77784770429071060, 4.688044807718537044 ) ) ;
#3889 = CARTESIAN_POINT ( 'NONE',  ( -11.80056285121280979, -20.00000000000001066, 35.19204729361700146 ) ) ;
#3890 = CARTESIAN_POINT ( 'NONE',  ( -66.29999999999998295, -17.00033292080717118, -42.26381612885029426 ) ) ;
#3891 = DIRECTION ( 'NONE',  ( 1.000000000000000000, 0.000000000000000000, 0.000000000000000000 ) ) ;
#3892 = ORIENTED_EDGE ( 'NONE', *, *, #282, .F. ) ;
#3893 = CYLINDRICAL_SURFACE ( 'NONE', #951, 2.999999999999999112 ) ;
#3894 = EDGE_LOOP ( 'NONE', ( #2532, #569 ) ) ;
#3895 = VERTEX_POINT ( 'NONE', #296 ) ;
#3896 = CARTESIAN_POINT ( 'NONE',  ( -57.88530337976753515, -18.47980945863623958, 36.20230913991577637 ) ) ;
#3897 = EDGE_LOOP ( 'NONE', ( #734, #3177 ) ) ;
#3898 = EDGE_CURVE ( 'NONE', #3932, #3035, #255, .T. ) ;
#3899 = DIRECTION ( 'NONE',  ( 0.000000000000000000, -1.000000000000000000, 0.000000000000000000 ) ) ;
#3900 = EDGE_LOOP ( 'NONE', ( #134, #2244, #2122, #1796 ) ) ;
#3901 = EDGE_CURVE ( 'NONE', #657, #3183, #2456, .T. ) ;
#3902 = AXIS2_PLACEMENT_3D ( 'NONE', #2819, #3541, #1542 ) ;
#3903 = ORIENTED_EDGE ( 'NONE', *, *, #3127, .T. ) ;
#3904 = CARTESIAN_POINT ( 'NONE',  ( -59.16792936821108384, 28.98400122115187827, -44.99999899417178284 ) ) ;
#3905 = ORIENTED_EDGE ( 'NONE', *, *, #468, .F. ) ;
#3906 = AXIS2_PLACEMENT_3D ( 'NONE', #491, #512, #1150 ) ;
#3907 = CARTESIAN_POINT ( 'NONE',  ( -56.34997583001337773, -19.99999999999999645, -43.37423686955614244 ) ) ;
#3908 = CARTESIAN_POINT ( 'NONE',  ( 19.79202012549259493, -19.86168123595449586, -27.34992537147043024 ) ) ;
#3909 = CARTESIAN_POINT ( 'NONE',  ( 2.000000000000001776, -20.00000000000001066, 34.46388433277643060 ) ) ;
#3910 = EDGE_CURVE ( 'NONE', #3811, #84, #1627, .T. ) ;
#3911 = AXIS2_PLACEMENT_3D ( 'NONE', #1039, #330, #993 ) ;
#3912 = B_SPLINE_CURVE_WITH_KNOTS ( 'NONE', 3,
 ( #1358, #3096, #2708, #2376, #3762, #25, #2419, #3724, #681, #2048 ),
 .UNSPECIFIED., .F., .F.,
 ( 4, 2, 2, 2, 4 ),
 ( 0.000000000000000000, 0.0003905995512375226336, 0.0007811991024750452673, 0.001171798653712567955, 0.001562398204950090535 ),
 .UNSPECIFIED. ) ;
#3913 = CARTESIAN_POINT ( 'NONE',  ( -85.82054638154923509, -19.69649888156891038, 5.376338723269881825 ) ) ;
#3914 = CIRCLE ( 'NONE', #76, 56.99999999999997868 ) ;
#3915 = CARTESIAN_POINT ( 'NONE',  ( -9.178242620599805335, -20.00000000000001066, 35.83758957017716540 ) ) ;
#3916 =( BOUNDED_CURVE ( )  B_SPLINE_CURVE ( 3, ( #1489, #2829, #3200, #2872 ),
 .UNSPECIFIED., .F., .F. ) 
 B_SPLINE_CURVE_WITH_KNOTS ( ( 4, 4 ),
 ( 3.141592653589793116, 4.712388980384689674 ),
 .UNSPECIFIED. ) 
 CURVE ( )  GEOMETRIC_REPRESENTATION_ITEM ( )  RATIONAL_B_SPLINE_CURVE ( ( 1.000000000000000000, 0.8047378541243649375, 0.8047378541243649375, 1.000000000000000000 ) ) 
 REPRESENTATION_ITEM ( '' )  );
#3917 = LINE ( 'NONE', #852, #1672 ) ;
#3918 = LOCAL_TIME ( 14, 27, 6.000000000000000000, #45 ) ;
#3919 = CARTESIAN_POINT ( 'NONE',  ( -9.000000000000001776, 7.973689171506453732, -3.355093457617198460 ) ) ;
#3920 = EDGE_CURVE ( 'NONE', #1521, #2078, #2645, .T. ) ;
#3921 = DIRECTION ( 'NONE',  ( -1.000000000000000000, -0.000000000000000000, -0.000000000000000000 ) ) ;
#3922 = VERTEX_POINT ( 'NONE', #962 ) ;
#3923 = CARTESIAN_POINT ( 'NONE',  ( -81.48915799419224015, -18.50345202328422189, -25.80441044946259765 ) ) ;
#3924 = CARTESIAN_POINT ( 'NONE',  ( -59.29999999999998295, -19.99999999999999645, -43.99605910568065070 ) ) ;
#3925 = ORIENTED_EDGE ( 'NONE', *, *, #3503, .T. ) ;
#3926 = DIRECTION ( 'NONE',  ( -0.000000000000000000, 1.000000000000000000, 1.156482317317871478E-16 ) ) ;
#3927 = EDGE_CURVE ( 'NONE', #3129, #1210, #1001, .T. ) ;
#3928 = CARTESIAN_POINT ( 'NONE',  ( -84.54650520348548071, -18.50345202328530547, -24.06874725178637320 ) ) ;
#3929 = LINE ( 'NONE', #567, #1324 ) ;
#3930 = VERTEX_POINT ( 'NONE', #1318 ) ;
#3931 = DIRECTION ( 'NONE',  ( 0.000000000000000000, -9.050091917828317944E-16, -1.000000000000000000 ) ) ;
#3932 = VERTEX_POINT ( 'NONE', #613 ) ;
#3933 = DIRECTION ( 'NONE',  ( 0.000000000000000000, 0.000000000000000000, 1.000000000000000000 ) ) ;
#3934 = CARTESIAN_POINT ( 'NONE',  ( -79.41016043475998742, -18.98248025235927017, 3.825160696088708789 ) ) ;
#3935 = DIRECTION ( 'NONE',  ( -1.000000000000000000, -0.000000000000000000, -0.000000000000000000 ) ) ;
#3936 = AXIS2_PLACEMENT_3D ( 'NONE', #511, #131, #4280 ) ;
#3937 = FACE_OUTER_BOUND ( 'NONE', #2050, .T. ) ;
#3938 = ADVANCED_FACE ( 'NONE', ( #1984 ), #4017, .T. ) ;
#3939 = CARTESIAN_POINT ( 'NONE',  ( -8.414696620231987723, -18.47980945863346847, 36.20230913991483135 ) ) ;
#3940 = CARTESIAN_POINT ( 'NONE',  ( 26.85000000000001918, 7.973689171506451956, -18.95509345761719899 ) ) ;
#3941 = CIRCLE ( 'NONE', #2530, 2.000000000000000000 ) ;
#3942 = CARTESIAN_POINT ( 'NONE',  ( -82.14999999999997726, -17.00000000000000711, 4.592094754022194358 ) ) ;
#3943 = CARTESIAN_POINT ( 'NONE',  ( -58.57212974071040890, -18.89781815788400010, 36.95088240078865027 ) ) ;
#3944 =( BOUNDED_CURVE ( )  B_SPLINE_CURVE ( 3, ( #1266, #3624, #2615, #3942 ),
 .UNSPECIFIED., .F., .F. ) 
 B_SPLINE_CURVE_WITH_KNOTS ( ( 4, 4 ),
 ( 4.712388980384689674, 6.283185307179586232 ),
 .UNSPECIFIED. ) 
 CURVE ( )  GEOMETRIC_REPRESENTATION_ITEM ( )  RATIONAL_B_SPLINE_CURVE ( ( 1.000000000000000000, 0.8047378541243649375, 0.8047378541243649375, 1.000000000000000000 ) ) 
 REPRESENTATION_ITEM ( '' )  );
#3945 = EDGE_LOOP ( 'NONE', ( #1254, #1833, #3982, #4084, #3034, #212 ) ) ;
#3946 = CARTESIAN_POINT ( 'NONE',  ( -80.14152052692016071, -17.72060859681204192, -25.41638471905762842 ) ) ;
#3947 = VERTEX_POINT ( 'NONE', #4357 ) ;
#3948 = DIRECTION ( 'NONE',  ( 0.000000000000000000, 0.8661214884151781090, -0.4998335395964107475 ) ) ;
#3949 = DIRECTION ( 'NONE',  ( 0.000000000000000000, 0.000000000000000000, -1.000000000000000000 ) ) ;
#3950 = FACE_OUTER_BOUND ( 'NONE', #1901, .T. ) ;
#3951 = ADVANCED_FACE ( 'NONE', ( #2667 ), #3676, .F. ) ;
#3952 = DIRECTION ( 'NONE',  ( 0.000000000000000000, 1.000000000000000000, 1.779499736546008737E-16 ) ) ;
#3953 = EDGE_LOOP ( 'NONE', ( #4281, #276, #643, #733, #1273 ) ) ;
#3954 = ORIENTED_EDGE ( 'NONE', *, *, #1171, .T. ) ;
#3955 = ORIENTED_EDGE ( 'NONE', *, *, #2850, .T. ) ;
#3956 = FACE_BOUND ( 'NONE', #1803, .T. ) ;
#3957 = CARTESIAN_POINT ( 'NONE',  ( -58.29999999999998295, 14.97810195293247304, -44.53878952978850947 ) ) ;
#3958 = CARTESIAN_POINT ( 'NONE',  ( -59.28216288643547927, -19.99999999999806732, -40.63868944663054350 ) ) ;
#3959 = CARTESIAN_POINT ( 'NONE',  ( -84.16933826388429907, -17.39269422780625973, 2.624325193829328828 ) ) ;
#3960 = ORIENTED_EDGE ( 'NONE', *, *, #4360, .F. ) ;
#3961 = CYLINDRICAL_SURFACE ( 'NONE', #2354, 60.00000000000001421 ) ;
#3962 = LINE ( 'NONE', #2681, #594 ) ;
#3963 = EDGE_CURVE ( 'NONE', #3271, #1409, #2029, .T. ) ;
#3964 = DIRECTION ( 'NONE',  ( 0.000000000000000000, -1.156482317317871478E-16, 1.000000000000000000 ) ) ;
#3965 = LINE ( 'NONE', #3670, #1159 ) ;
#3966 = ORIENTED_EDGE ( 'NONE', *, *, #2598, .F. ) ;
#3967 = CARTESIAN_POINT ( 'NONE',  ( -79.13248025235924388, -19.26016043476001371, -25.10377149204580149 ) ) ;
#3968 = CARTESIAN_POINT ( 'NONE',  ( -33.14999999999999147, -20.00000000000000355, -10.40790524597781364 ) ) ;
#3969 = CARTESIAN_POINT ( 'NONE',  ( -9.078081969995055900, -17.78524365307783839, -39.95486337595898618 ) ) ;
#3970 = CARTESIAN_POINT ( 'NONE',  ( -66.29999999999998295, -22.78332968953889548, 39.34271292875547488 ) ) ;
#3971 = ADVANCED_FACE ( 'NONE', ( #3701 ), #656, .F. ) ;
#3972 = ORIENTED_EDGE ( 'NONE', *, *, #1013, .T. ) ;
#3973 = ORIENTED_EDGE ( 'NONE', *, *, #2832, .F. ) ;
#3974 = CARTESIAN_POINT ( 'NONE',  ( -0.9289820310177590024, -21.79563422656216787, 38.77271977432437922 ) ) ;
#3975 = EDGE_CURVE ( 'NONE', #826, #1837, #770, .T. ) ;
#3976 = CARTESIAN_POINT ( 'NONE',  ( -9.614872975883475448, -20.00000000000001066, 38.05613926131339753 ) ) ;
#3977 = CARTESIAN_POINT ( 'NONE',  ( -8.000000000000000000, -0.5263108284935467118, -10.40509345761719473 ) ) ;
#3978 = CARTESIAN_POINT ( 'NONE',  ( -58.52054561525006449, -20.00000000000637002, -40.98672659484581260 ) ) ;
#3979 = TOROIDAL_SURFACE ( 'NONE', #3186, 21.96002565122392980, 2.000000000000000000 ) ;
#3980 = CARTESIAN_POINT ( 'NONE',  ( -83.17446187116725298, -18.82996937483291333, 5.206771876721807857 ) ) ;
#3981 = VERTEX_POINT ( 'NONE', #1088 ) ;
#3982 = ORIENTED_EDGE ( 'NONE', *, *, #3898, .T. ) ;
#3983 = CARTESIAN_POINT ( 'NONE',  ( 17.85847947307981087, -17.72060859681204192, 4.600574227102000258 ) ) ;
#3984 = CIRCLE ( 'NONE', #3265, 2.000000000000000000 ) ;
#3985 = CARTESIAN_POINT ( 'NONE',  ( -84.14999999999997726, 7.999999999999992895, 2.118555401213858325 ) ) ;
#3986 = CARTESIAN_POINT ( 'NONE',  ( -54.29999999999998295, -19.99999999999999645, -39.95486337595898618 ) ) ;
#3987 = AXIS2_PLACEMENT_3D ( 'NONE', #2786, #1770, #3111 ) ;
#3988 = CARTESIAN_POINT ( 'NONE',  ( -57.29999999999998295, -17.00000000000001066, 33.69604301605743046 ) ) ;
#3989 = ORIENTED_EDGE ( 'NONE', *, *, #446, .T. ) ;
#3990 = CARTESIAN_POINT ( 'NONE',  ( -58.49146089075047428, -20.00000000000001066, 38.82258097394097973 ) ) ;
#3991 = AXIS2_PLACEMENT_3D ( 'NONE', #3810, #3047, #4 ) ;
#3992 = DIRECTION ( 'NONE',  ( -1.000000000000000000, -0.000000000000000000, -0.000000000000000000 ) ) ;
#3993 = DIRECTION ( 'NONE',  ( 0.000000000000000000, 0.000000000000000000, -1.000000000000000000 ) ) ;
#3994 = DIRECTION ( 'NONE',  ( 0.000000000000000000, -0.8661214884151779980, 0.4998335395964107475 ) ) ;
#3995 = EDGE_CURVE ( 'NONE', #3271, #527, #1726, .T. ) ;
#3996 = FACE_OUTER_BOUND ( 'NONE', #190, .T. ) ;
#3997 = ORIENTED_EDGE ( 'NONE', *, *, #3386, .F. ) ;
#3998 = EDGE_LOOP ( 'NONE', ( #1024, #3446 ) ) ;
#3999 =( BOUNDED_SURFACE ( )  B_SPLINE_SURFACE ( 3, 2, ( 
 ( #3238, #484, #2517 ),
 ( #1546, #3886, #192 ),
 ( #3188, #2204, #3153 ),
 ( #3169, #1815, #1569 ),
 ( #149, #4227, #1187 ),
 ( #2539, #3547, #1877 ),
 ( #2904, #848, #1523 ),
 ( #2839, #1855, #4273 ),
 ( #1233, #2584, #3934 ),
 ( #3505, #1207, #4205 ),
 ( #2883, #2249, #108 ),
 ( #507, #3210, #171 ),
 ( #4250, #1481, #2823 ),
 ( #1165, #4185, #3865 ),
 ( #2556, #2494, #3845 ),
 ( #2168, #1674, #2997 ) ),
 .UNSPECIFIED., .F., .F., .T. ) 
 B_SPLINE_SURFACE_WITH_KNOTS ( ( 4, 2, 2, 2, 2, 2, 2, 4 ),
 ( 3, 3 ),
 ( 6.283185307179586232, 6.479534848028948524, 6.675884388878310816, 6.872233929727672219, 7.068583470577034511, 7.264933011426396803, 7.461282552275758206, 7.853981633974482790 ),
 ( 0.000000000000000000, 1.000000000000000000 ),
 .UNSPECIFIED. ) 
 GEOMETRIC_REPRESENTATION_ITEM ( )  RATIONAL_B_SPLINE_SURFACE ( (
 ( 1.000000000000000000, 0.7071067811865475727, 1.000000000000000000),
 ( 1.000000000000000000, 0.7070717281302463242, 1.000000000000000000),
 ( 1.000000000000000000, 0.7117460028581636955, 1.000000000000000000),
 ( 1.000000000000000000, 0.7291288936851525460, 1.000000000000000000),
 ( 1.000000000000000000, 0.7418334183296428908, 1.000000000000000000),
 ( 1.000000000000000000, 0.7723968213675603822, 1.000000000000000000),
 ( 1.000000000000000000, 0.7902180090372487031, 1.000000000000000000),
 ( 1.000000000000000000, 0.8275942692060929140, 1.000000000000000000),
 ( 1.000000000000000000, 0.8471316607149456113, 1.000000000000000000),
 ( 1.000000000000000000, 0.8849191468539293615, 1.000000000000000000),
 ( 1.000000000000000000, 0.9031650995970230689, 1.000000000000000000),
 ( 1.000000000000000000, 0.9360421840893723422, 1.000000000000000000),
 ( 1.000000000000000000, 0.9506740355058775904, 1.000000000000000000),
 ( 1.000000000000000000, 0.9867291886317137717, 1.000000000000000000),
 ( 1.000000000000000000, 1.000158581237663880, 1.000000000000000000),
 ( 1.000000000000000000, 1.000000000000000000, 1.000000000000000000) ) ) 
 REPRESENTATION_ITEM ( '' )  SURFACE ( )  );
#4000 = B_SPLINE_CURVE_WITH_KNOTS ( 'NONE', 3,
 ( #4249, #779, #1186, #126, #3168, #3209, #1206, #2838, #2186, #2147, #3525, #4204, #3571, #1164, #3885, #483, #2538, #847, #2167, #2203, #2555, #442, #3504, #1813, #106, #2822, #4184, #1142, #2493, #3843, #2248, #2294, #1277, #3257, #3638, #1947, #3281, #2270 ),
 .UNSPECIFIED., .F., .F.,
 ( 4, 2, 2, 1, 2, 2, 2, 2, 1, 1, 1, 2, 2, 2, 2, 2, 1, 1, 2, 2, 2, 4 ),
 ( 0.000000000000000000, 0.1249999999998898104, 0.1874999999998329392, 0.2187499999998050726, 0.2343749999997891131, 0.2499999999997731814, 0.3749999999996849187, 0.4374999999996437294, 0.4687499999996259659, 0.4843749999996146971, 0.4921874999996087019, 0.4960937499996060929, 0.4999999999996034283, 0.6249999999996364020, 0.6874999999996515010, 0.7187499999996590505, 0.7343749999996628253, 0.7421874999996647126, 0.7460937499996689315, 0.7499999999996731503, 0.8749999999998364641, 1.000000000000000000 ),
 .UNSPECIFIED. ) ;
#4001 = PLANE ( 'NONE',  #3362 ) ;
#4002 = CARTESIAN_POINT ( 'NONE',  ( -7.000000000000000000, -19.90660123983804652, -43.29842286984041522 ) ) ;
#4003 = CARTESIAN_POINT ( 'NONE',  ( -57.97898361984212556, -19.99999999999999645, -43.90013982612659760 ) ) ;
#4004 = DIRECTION ( 'NONE',  ( 0.000000000000000000, 0.000000000000000000, 1.000000000000000000 ) ) ;
#4005 = CARTESIAN_POINT ( 'NONE',  ( 17.84215292189822932, -17.13083672297663185, 4.584247675920279264 ) ) ;
#4006 = AXIS2_PLACEMENT_3D ( 'NONE', #3368, #3429, #3079 ) ;
#4007 = CARTESIAN_POINT ( 'NONE',  ( 15.69008324383913688, -17.77784770429056493, 4.688044807718491747 ) ) ;
#4008 = EDGE_CURVE ( 'NONE', #2893, #3789, #2728, .T. ) ;
#4009 = DIRECTION ( 'NONE',  ( -1.000000000000000000, 0.000000000000000000, 0.000000000000000000 ) ) ;
#4010 = AXIS2_PLACEMENT_3D ( 'NONE', #727, #1003, #319 ) ;
#4011 = CARTESIAN_POINT ( 'NONE',  ( -58.43252911182569420, -18.84436338416360357, 36.84743925359078531 ) ) ;
#4012 = ORIENTED_EDGE ( 'NONE', *, *, #2061, .T. ) ;
#4013 = CARTESIAN_POINT ( 'NONE',  ( -59.29999999999996874, -20.00000000000001776, 38.54229688685738608 ) ) ;
#4014 = AXIS2_PLACEMENT_3D ( 'NONE', #2283, #252, #2619 ) ;
#4015 = CARTESIAN_POINT ( 'NONE',  ( -59.29999999999998295, -17.30263860977007795, -42.08935732073209834 ) ) ;
#4016 = CARTESIAN_POINT ( 'NONE',  ( -59.29999999999998295, 15.88403187761672264, 14.71886456079727523 ) ) ;
#4017 = CYLINDRICAL_SURFACE ( 'NONE', #1869, 1.999999999999998224 ) ;
#4018 = ORIENTED_EDGE ( 'NONE', *, *, #761, .T. ) ;
#4019 = FACE_OUTER_BOUND ( 'NONE', #1112, .T. ) ;
#4020 = ORIENTED_EDGE ( 'NONE', *, *, #2725, .T. ) ;
#4021 = ORIENTED_EDGE ( 'NONE', *, *, #304, .T. ) ;
#4022 = EDGE_CURVE ( 'NONE', #4203, #956, #1448, .T. ) ;
#4023 = CARTESIAN_POINT ( 'NONE',  ( -7.000000000000000888, 16.99999999999998579, 16.38399090000327263 ) ) ;
#4024 = CARTESIAN_POINT ( 'NONE',  ( -57.29999999999998295, -17.00000000000001066, 33.69604301605743046 ) ) ;
#4025 = CARTESIAN_POINT ( 'NONE',  ( -9.000000000000001776, -17.00000000000000355, -4.944952010844941626 ) ) ;
#4026 = LINE ( 'NONE', #3061, #1 ) ;
#4027 = VERTEX_POINT ( 'NONE', #1380 ) ;
#4028 = ADVANCED_FACE ( 'NONE', ( #4083 ), #49, .T. ) ;
#4029 = CARTESIAN_POINT ( 'NONE',  ( 18.91013079745188108, -19.35413284249663235, 5.652225551473346599 ) ) ;
#4030 = CARTESIAN_POINT ( 'NONE',  ( 15.18915799419160351, -18.50345202328444927, 4.988599957507122262 ) ) ;
#4031 = B_SPLINE_CURVE_WITH_KNOTS ( 'NONE', 3,
 ( #3320, #3339, #3969, #2964, #884, #2287, #2599, #2240, #1643, #3587 ),
 .UNSPECIFIED., .F., .F.,
 ( 4, 2, 2, 2, 4 ),
 ( 0.000000000000000000, 0.2500000000000000000, 0.5000000000000000000, 0.7500000000000000000, 1.000000000000000000 ),
 .UNSPECIFIED. ) ;
#4032 = CARTESIAN_POINT ( 'NONE',  ( -80.14999999999997726, 7.999999999999996447, -23.40790524597780120 ) ) ;
#4033 =( LENGTH_UNIT ( ) NAMED_UNIT ( * ) SI_UNIT ( .MILLI., .METRE. ) );
#4034 = ORIENTED_EDGE ( 'NONE', *, *, #1275, .T. ) ;
#4035 = CARTESIAN_POINT ( 'NONE',  ( -7.000000000000001776, -18.99966707919283593, 37.15918382751083726 ) ) ;
#4036 = FACE_OUTER_BOUND ( 'NONE', #3900, .T. ) ;
#4037 = EDGE_LOOP ( 'NONE', ( #471, #4181 ) ) ;
#4038 = AXIS2_PLACEMENT_3D ( 'NONE', #3694, #4372, #4058 ) ;
#4039 = CARTESIAN_POINT ( 'NONE',  ( -3.597762351131005953, -18.99966707919283238, 37.15918382751083016 ) ) ;
#4040 = CARTESIAN_POINT ( 'NONE',  ( -33.14999999999998437, -23.00000000000002842, 49.59209475402219169 ) ) ;
#4041 = DIRECTION ( 'NONE',  ( 0.000000000000000000, 0.000000000000000000, -1.000000000000000000 ) ) ;
#4042 = EDGE_CURVE ( 'NONE', #2377, #2967, #405, .T. ) ;
#4043 = ADVANCED_FACE ( 'NONE', ( #3788 ), #2114, .T. ) ;
#4044 = DIRECTION ( 'NONE',  ( -1.000000000000000000, -1.734723475976805517E-15, 0.000000000000000000 ) ) ;
#4045 = CARTESIAN_POINT ( 'NONE',  ( -37.14999999999999147, -24.70000000000000639, -17.90790524597781541 ) ) ;
#4046 = DIRECTION ( 'NONE',  ( 0.000000000000000000, 0.000000000000000000, 1.000000000000000000 ) ) ;
#4047 = VERTEX_POINT ( 'NONE', #1690 ) ;
#4048 = FACE_OUTER_BOUND ( 'NONE', #3698, .T. ) ;
#4049 = EDGE_LOOP ( 'NONE', ( #1907, #414 ) ) ;
#4050 = CARTESIAN_POINT ( 'NONE',  ( 15.84999999999998899, -17.00000000000000711, 4.592094754022181036 ) ) ;
#4051 = ADVANCED_FACE ( 'NONE', ( #1111 ), #4062, .F. ) ;
#4052 = CARTESIAN_POINT ( 'NONE',  ( 13.11016043475983572, -18.98248025235944070, 3.825160696088693246 ) ) ;
#4053 = CIRCLE ( 'NONE', #2706, 3.750000000000000000 ) ;
#4054 = CARTESIAN_POINT ( 'NONE',  ( -58.29999999999998295, 28.98400122115187472, -44.99999899417180416 ) ) ;
#4055 = SECURITY_CLASSIFICATION_LEVEL ( 'unclassified' ) ;
#4056 = AXIS2_PLACEMENT_3D ( 'NONE', #3187, #169, #1545 ) ;
#4057 = ORIENTED_EDGE ( 'NONE', *, *, #556, .F. ) ;
#4058 = DIRECTION ( 'NONE',  ( 0.000000000000000000, 0.4998335395964111361, 0.8661214884151777760 ) ) ;
#4059 = VECTOR ( 'NONE', #19, 1000.000000000000000 ) ;
#4060 = ORIENTED_EDGE ( 'NONE', *, *, #4235, .F. ) ;
#4061 = DIRECTION ( 'NONE',  ( -1.000000000000000000, 0.000000000000000000, 0.000000000000000000 ) ) ;
#4062 = CYLINDRICAL_SURFACE ( 'NONE', #1799, 2.375000000000002220 ) ;
#4063 = ORIENTED_EDGE ( 'NONE', *, *, #4306, .F. ) ;
#4064 = VECTOR ( 'NONE', #1663, 1000.000000000000114 ) ;
#4065 = CARTESIAN_POINT ( 'NONE',  ( -84.14999999999997726, -17.00000000000000355, -23.40790524597780475 ) ) ;
#4066 = EDGE_CURVE ( 'NONE', #3620, #1922, #3912, .T. ) ;
#4067 = CARTESIAN_POINT ( 'NONE',  ( -7.000000000000000000, -19.90654871342088583, 38.19359895835375340 ) ) ;
#4068 = DIRECTION ( 'NONE',  ( 0.000000000000000000, -0.8661214884151778870, 0.4998335395964111361 ) ) ;
#4069 = CARTESIAN_POINT ( 'NONE',  ( -33.14999999999999147, -30.00000000000001776, 49.59209475402219169 ) ) ;
#4070 = ORIENTED_EDGE ( 'NONE', *, *, #3399, .T. ) ;
#4071 = DIRECTION ( 'NONE',  ( 0.000000000000000000, 0.000000000000000000, 1.000000000000000000 ) ) ;
#4072 = DIRECTION ( 'NONE',  ( -0.000000000000000000, 1.000000000000000000, 1.779499736546008737E-16 ) ) ;
#4073 = ORIENTED_EDGE ( 'NONE', *, *, #3064, .T. ) ;
#4074 = CARTESIAN_POINT ( 'NONE',  ( 16.10536947777951866, -17.96664697614121309, -25.56112693264526570 ) ) ;
#4075 = EDGE_CURVE ( 'NONE', #3811, #1434, #3844, .T. ) ;
#4076 = PLANE ( 'NONE',  #722 ) ;
#4077 = DIRECTION ( 'NONE',  ( 0.000000000000000000, 0.000000000000000000, 1.000000000000000000 ) ) ;
#4078 = DIRECTION ( 'NONE',  ( -1.000000000000000000, -0.000000000000000000, 0.000000000000000000 ) ) ;
#4079 = CARTESIAN_POINT ( 'NONE',  ( -68.29999999999998295, -20.00000000000001066, 34.46388433277643060 ) ) ;
#4080 = AXIS2_PLACEMENT_3D ( 'NONE', #40, #1790, #2805 ) ;
#4081 = ORIENTED_EDGE ( 'NONE', *, *, #3910, .F. ) ;
#4082 = CYLINDRICAL_SURFACE ( 'NONE', #943, 1.999999999999998890 ) ;
#4083 = FACE_OUTER_BOUND ( 'NONE', #20, .T. ) ;
#4084 = ORIENTED_EDGE ( 'NONE', *, *, #2527, .T. ) ;
#4085 = AXIS2_PLACEMENT_3D ( 'NONE', #550, #2950, #638 ) ;
#4086 = DIRECTION ( 'NONE',  ( 0.000000000000000000, 0.8661214884151779980, -0.4998335395964107475 ) ) ;
#4087 = B_SPLINE_CURVE_WITH_KNOTS ( 'NONE', 3,
 ( #4311, #4015, #2963, #2328, #3673, #1243, #1270, #2571, #3228, #3924 ),
 .UNSPECIFIED., .F., .F.,
 ( 4, 2, 2, 2, 4 ),
 ( 0.000000000000000000, 0.2500000000000000000, 0.5000000000000000000, 0.7500000000000000000, 1.000000000000000000 ),
 .UNSPECIFIED. ) ;
#4088 = VECTOR ( 'NONE', #883, 1000.000000000000000 ) ;
#4089 = EDGE_CURVE ( 'NONE', #4343, #3360, #335, .T. ) ;
#4090 = CARTESIAN_POINT ( 'NONE',  ( -87.14999999999997726, -20.00000000000000000, -28.40790524597780120 ) ) ;
#4091 = CARTESIAN_POINT ( 'NONE',  ( 13.85784707810234195, -17.13083672297625526, -25.40005816787545712 ) ) ;
#4092 = DIRECTION ( 'NONE',  ( -1.000000000000000000, 0.000000000000000000, 0.000000000000000000 ) ) ;
#4093 = ORIENTED_EDGE ( 'NONE', *, *, #407, .F. ) ;
#4094 = CARTESIAN_POINT ( 'NONE',  ( -86.75723011669633422, -20.00000000000000355, 6.937478281872858865 ) ) ;
#4095 = FACE_OUTER_BOUND ( 'NONE', #623, .T. ) ;
#4096 = VERTEX_POINT ( 'NONE', #1708 ) ;
#4097 = CARTESIAN_POINT ( 'NONE',  ( -80.14999999999997726, 7.999999999999994671, -10.40790524597780298 ) ) ;
#4098 = ADVANCED_FACE ( 'NONE', ( #748 ), #3775, .F. ) ;
#4099 = FACE_OUTER_BOUND ( 'NONE', #2956, .T. ) ;
#4100 = CARTESIAN_POINT ( 'NONE',  ( -87.14999999999997726, -20.00000000000000000, -28.40790524597780120 ) ) ;
#4101 = VERTEX_POINT ( 'NONE', #70 ) ;
#4102 = EDGE_CURVE ( 'NONE', #3323, #3855, #1946, .T. ) ;
#4103 = CARTESIAN_POINT ( 'NONE',  ( -8.501615164904384514, -20.00000000000090949, -40.67446933847915602 ) ) ;
#4104 = FACE_BOUND ( 'NONE', #3897, .T. ) ;
#4105 = DIRECTION ( 'NONE',  ( 0.000000000000000000, 0.000000000000000000, 1.000000000000000000 ) ) ;
#4106 = VERTEX_POINT ( 'NONE', #703 ) ;
#4107 = LINE ( 'NONE', #2355, #2104 ) ;
#4108 = EDGE_CURVE ( 'NONE', #527, #4390, #2068, .T. ) ;
#4109 = CARTESIAN_POINT ( 'NONE',  ( 13.84999999999998366, 7.999999999999996447, -23.40790524597781541 ) ) ;
#4110 = CARTESIAN_POINT ( 'NONE',  ( 13.84999999999998721, -20.00000000000000711, 7.592094754022179259 ) ) ;
#4111 = CARTESIAN_POINT ( 'NONE',  ( -80.14999999999997726, -17.00000000000000000, -25.40790524597780831 ) ) ;
#4112 = VERTEX_POINT ( 'NONE', #382 ) ;
#4113 = ADVANCED_FACE ( 'NONE', ( #1757 ), #3223, .F. ) ;
#4114 = CARTESIAN_POINT ( 'NONE',  ( -82.18223043980579234, -17.39269422780603236, -25.42724350986207327 ) ) ;
#4115 =( BOUNDED_CURVE ( )  B_SPLINE_CURVE ( 3, ( #1816, #3821, #740, #2346 ),
 .UNSPECIFIED., .F., .T. ) 
 B_SPLINE_CURVE_WITH_KNOTS ( ( 4, 4 ),
 ( 4.712388980384689674, 6.283185307179586232 ),
 .UNSPECIFIED. ) 
 CURVE ( )  GEOMETRIC_REPRESENTATION_ITEM ( )  RATIONAL_B_SPLINE_CURVE ( ( 1.000000000000000000, 0.8047378541243649375, 0.8047378541243649375, 1.000000000000000000 ) ) 
 REPRESENTATION_ITEM ( '' )  );
#4116 = ORIENTED_EDGE ( 'NONE', *, *, #3808, .F. ) ;
#4117 = LINE ( 'NONE', #1075, #2565 ) ;
#4118 = ORIENTED_EDGE ( 'NONE', *, *, #3381, .T. ) ;
#4119 = CARTESIAN_POINT ( 'NONE',  ( 18.12585229419734034, -18.45541001997792918, -25.68375754017517210 ) ) ;
#4120 = CARTESIAN_POINT ( 'NONE',  ( -80.14999999999997726, -17.00000000000000000, -23.40790524597780475 ) ) ;
#4121 = LINE ( 'NONE', #1374, #1156 ) ;
#4122 = ORIENTED_EDGE ( 'NONE', *, *, #2474, .F. ) ;
#4123 = PERSON_AND_ORGANIZATION_ROLE ( 'creator' ) ;
#4124 = VERTEX_POINT ( 'NONE', #3161 ) ;
#4125 = CARTESIAN_POINT ( 'NONE',  ( 20.84999999999998721, -20.00000000000000000, -28.40790524597782252 ) ) ;
#4126 = CARTESIAN_POINT ( 'NONE',  ( -57.29999999999998295, -19.99933415838566475, 35.42694085068047372 ) ) ;
#4127 = CIRCLE ( 'NONE', #3544, 1.500000000000000444 ) ;
#4128 = DIRECTION ( 'NONE',  ( -0.000000000000000000, 1.000000000000000000, 1.779499736546008737E-16 ) ) ;
#4129 = EDGE_LOOP ( 'NONE', ( #3543, #3390 ) ) ;
#4130 = AXIS2_PLACEMENT_3D ( 'NONE', #1553, #199, #2890 ) ;
#4131 = ADVANCED_BREP_SHAPE_REPRESENTATION ( 'Base_Default_sldprt', ( #2988, #81 ), #1594 ) ;
#4132 = CIRCLE ( 'NONE', #3766, 2.375000000000002220 ) ;
#4133 = DIRECTION ( 'NONE',  ( -1.000000000000000000, 0.000000000000000000, 0.000000000000000000 ) ) ;
#4134 = VECTOR ( 'NONE', #3412, 1000.000000000000000 ) ;
#4135 = DIRECTION ( 'NONE',  ( 0.000000000000000000, 0.000000000000000000, 1.000000000000000000 ) ) ;
#4136 = CARTESIAN_POINT ( 'NONE',  ( 13.84999999999998366, -17.00000000000000355, -25.40790524597781541 ) ) ;
#4137 = CYLINDRICAL_SURFACE ( 'NONE', #2837, 8.500000000000000000 ) ;
#4138 = ORIENTED_EDGE ( 'NONE', *, *, #3975, .T. ) ;
#4139 = AXIS2_PLACEMENT_3D ( 'NONE', #2891, #2176, #3828 ) ;
#4140 = ORIENTED_EDGE ( 'NONE', *, *, #3430, .F. ) ;
#4141 = ORIENTED_EDGE ( 'NONE', *, *, #2245, .F. ) ;
#4142 = CARTESIAN_POINT ( 'NONE',  ( -33.14999999999999147, -30.00000000000000711, -10.40790524597781541 ) ) ;
#4143 = EDGE_LOOP ( 'NONE', ( #3825, #4162, #816 ) ) ;
#4144 = CARTESIAN_POINT ( 'NONE',  ( 17.08306594206651141, -18.98248025235892200, -26.14774481121745353 ) ) ;
#4145 = CARTESIAN_POINT ( 'NONE',  ( -33.14999999999999147, -23.00000000000002842, -10.40790524597781364 ) ) ;
#4146 =( BOUNDED_SURFACE ( )  B_SPLINE_SURFACE ( 3, 2, ( 
 ( #1372, #3442, #3108 ),
 ( #3485, #18, #444 ),
 ( #350, #3039, #3803 ),
 ( #4406, #3416, #1724 ),
 ( #1392, #2720, #4074 ),
 ( #1769, #1037, #2741 ),
 ( #1438, #1058, #1101 ),
 ( #2761, #2412, #714 ),
 ( #1748, #4119, #4144 ),
 ( #1077, #739, #398 ),
 ( #61, #764, #1904 ),
 ( #127, #3596, #2187 ),
 ( #1835, #2862, #1143 ),
 ( #873, #3908, #2228 ),
 ( #808, #899, #1500 ),
 ( #3572, #462, #830 ) ),
 .UNSPECIFIED., .F., .F., .T. ) 
 B_SPLINE_SURFACE_WITH_KNOTS ( ( 4, 2, 2, 2, 2, 2, 2, 4 ),
 ( 3, 3 ),
 ( 3.141592653589793116, 3.337942194439155408, 3.534291735288517255, 3.730641276137879103, 3.926990816987241395, 4.123340357836603687, 4.319689898685965090, 4.712388980384689674 ),
 ( 0.000000000000000000, 1.000000000000000000 ),
 .UNSPECIFIED. ) 
 GEOMETRIC_REPRESENTATION_ITEM ( )  RATIONAL_B_SPLINE_SURFACE ( (
 ( 1.000000000000000000, 0.7071067811865469066, 1.000000000000000000),
 ( 1.000000000000000000, 0.7070717281301757140, 1.000000000000000000),
 ( 1.000000000000000000, 0.7117460028582562881, 1.000000000000000000),
 ( 1.000000000000000000, 0.7291288936850577329, 1.000000000000000000),
 ( 1.000000000000000000, 0.7418334183296234619, 1.000000000000000000),
 ( 1.000000000000000000, 0.7723968213675799221, 1.000000000000000000),
 ( 1.000000000000000000, 0.7902180090373672749, 1.000000000000000000),
 ( 1.000000000000000000, 0.8275942692059740091, 1.000000000000000000),
 ( 1.000000000000000000, 0.8471316607149471656, 1.000000000000000000),
 ( 1.000000000000000000, 0.8849191468539309158, 1.000000000000000000),
 ( 1.000000000000000000, 0.9031650995970701423, 1.000000000000000000),
 ( 1.000000000000000000, 0.9360421840893248246, 1.000000000000000000),
 ( 1.000000000000000000, 0.9506740355059514203, 1.000000000000000000),
 ( 1.000000000000000000, 0.9867291886315651128, 1.000000000000000000),
 ( 1.000000000000000000, 1.000158581237775568, 1.000000000000000000),
 ( 1.000000000000000000, 1.000000000000000000, 1.000000000000000000) ) ) 
 REPRESENTATION_ITEM ( '' )  SURFACE ( )  );
#4147 = CARTESIAN_POINT ( 'NONE',  ( -57.29999999999998295, 7.973689171506453732, -10.40509345761719828 ) ) ;
#4148 = VERTEX_POINT ( 'NONE', #2851 ) ;
#4149 = CARTESIAN_POINT ( 'NONE',  ( -7.352986558825551633, -17.00033292881817104, -42.26381612422720480 ) ) ;
#4150 = EDGE_CURVE ( 'NONE', #1520, #1843, #3916, .T. ) ;
#4151 = CARTESIAN_POINT ( 'NONE',  ( -9.445148559064245219, -19.99999999999999645, -43.59155551484883517 ) ) ;
#4152 = DIRECTION ( 'NONE',  ( -1.000000000000000000, 0.000000000000000000, 0.000000000000000000 ) ) ;
#4153 = EDGE_LOOP ( 'NONE', ( #1826, #1229, #838, #2226 ) ) ;
#4154 = CIRCLE ( 'NONE', #3148, 1.500000000000000444 ) ;
#4155 = PRODUCT_RELATED_PRODUCT_CATEGORY ( 'detail', '', ( #3195 ) ) ;
#4156 = CARTESIAN_POINT ( 'NONE',  ( -58.14633268224054063, -20.00000000000053291, 37.36076965063909938 ) ) ;
#4157 = ORIENTED_EDGE ( 'NONE', *, *, #3763, .T. ) ;
#4158 = CARTESIAN_POINT ( 'NONE',  ( -80.17448598397913884, -17.42996240070234037, -25.38341926199863963 ) ) ;
#4159 = ADVANCED_FACE ( 'NONE', ( #157 ), #2566, .F. ) ;
#4160 = CARTESIAN_POINT ( 'NONE',  ( 13.45349479651506819, -18.50345202328440664, -24.06874725178638386 ) ) ;
#4161 = CARTESIAN_POINT ( 'NONE',  ( -1.000000000016883828, -21.72043810413713416, 38.72932454104705613 ) ) ;
#4162 = ORIENTED_EDGE ( 'NONE', *, *, #1590, .F. ) ;
#4163 = ORIENTED_EDGE ( 'NONE', *, *, #700, .F. ) ;
#4164 = CARTESIAN_POINT ( 'NONE',  ( -57.97898361984212556, -19.99999999999999645, -43.90013982612659760 ) ) ;
#4165 = ORIENTED_EDGE ( 'NONE', *, *, #958, .T. ) ;
#4166 = CARTESIAN_POINT ( 'NONE',  ( 17.92106781186546627, -20.00000000000001421, 5.834735441141465806 ) ) ;
#4167 = CYLINDRICAL_SURFACE ( 'NONE', #2179, 2.000000000000000000 ) ;
#4168 = DIRECTION ( 'NONE',  ( 0.000000000000000000, 0.000000000000000000, -1.000000000000000000 ) ) ;
#4169 = ADVANCED_FACE ( 'NONE', ( #3176 ), #4237, .F. ) ;
#4170 = LINE ( 'NONE', #2438, #355 ) ;
#4171 = DIRECTION ( 'NONE',  ( 0.000000000000000000, 0.000000000000000000, -1.000000000000000000 ) ) ;
#4172 = DIRECTION ( 'NONE',  ( 0.000000000000000000, 0.000000000000000000, 1.000000000000000000 ) ) ;
#4173 = CARTESIAN_POINT ( 'NONE',  ( -9.000000000000001776, 16.47368917150645373, -12.78009345761720184 ) ) ;
#4174 = ORIENTED_EDGE ( 'NONE', *, *, #815, .T. ) ;
#4175 = CARTESIAN_POINT ( 'NONE',  ( -82.14999999999997726, -17.00000000000000000, -25.40790524597780831 ) ) ;
#4176 = ORIENTED_EDGE ( 'NONE', *, *, #3291, .F. ) ;
#4177 = CARTESIAN_POINT ( 'NONE',  ( -79.97062839113952748, -18.25977905610937313, -25.58727685483701464 ) ) ;
#4178 = CYLINDRICAL_SURFACE ( 'NONE', #1747, 2.375000000000000444 ) ;
#4179 = EDGE_CURVE ( 'NONE', #1354, #1937, #3484, .T. ) ;
#4180 = CYLINDRICAL_SURFACE ( 'NONE', #715, 2.375000000000000444 ) ;
#4181 = ORIENTED_EDGE ( 'NONE', *, *, #2369, .F. ) ;
#4182 = AXIS2_PLACEMENT_3D ( 'NONE', #1474, #774, #3024 ) ;
#4183 = EDGE_CURVE ( 'NONE', #1027, #2738, #1152, .T. ) ;
#4184 = CARTESIAN_POINT ( 'NONE',  ( -58.25122349585276993, -16.84219090242060446, -42.01266133801084379 ) ) ;
#4185 = CARTESIAN_POINT ( 'NONE',  ( -78.20797987450740152, -19.86168123595447099, 6.534114879515116492 ) ) ;
#4186 = CYLINDRICAL_SURFACE ( 'NONE', #30, 2.000000000000000000 ) ;
#4187 = CARTESIAN_POINT ( 'NONE',  ( -9.000000000000001776, -17.06966424715030684, 33.84352477182962815 ) ) ;
#4188 = DATE_AND_TIME ( #153, #439 ) ;
#4189 = CARTESIAN_POINT ( 'NONE',  ( -8.639266383127722548, -19.99999999999894484, 36.93573560668568234 ) ) ;
#4190 = DIRECTION ( 'NONE',  ( 0.000000000000000000, -1.775520737856051158E-15, 1.000000000000000000 ) ) ;
#4191 = CARTESIAN_POINT ( 'NONE',  ( -8.000000000000000000, 16.47368917150645373, -10.40509345761720006 ) ) ;
#4192 = CARTESIAN_POINT ( 'NONE',  ( 26.85000000000001918, 7.973689171506453732, -1.855093457617198016 ) ) ;
#4193 = VERTEX_POINT ( 'NONE', #2526 ) ;
#4194 = ORIENTED_EDGE ( 'NONE', *, *, #15, .T. ) ;
#4195 = CARTESIAN_POINT ( 'NONE',  ( -59.29999999999998295, -18.99966707919285014, 37.15918382751083726 ) ) ;
#4196 = CARTESIAN_POINT ( 'NONE',  ( -84.14999999999997726, -17.19635176727010517, -23.40790524597780831 ) ) ;
#4197 = AXIS2_PLACEMENT_3D ( 'NONE', #3275, #234, #1668 ) ;
#4198 = AXIS2_PLACEMENT_3D ( 'NONE', #2909, #2589, #903 ) ;
#4199 = CARTESIAN_POINT ( 'NONE',  ( 11.37364392074136887, -19.99999999999679190, -27.88426132523642664 ) ) ;
#4200 = EDGE_CURVE ( 'NONE', #1534, #3360, #868, .T. ) ;
#4201 = CARTESIAN_POINT ( 'NONE',  ( -9.000000000000001776, -0.5263108284935467118, -10.40509345761719473 ) ) ;
#4202 = VERTEX_POINT ( 'NONE', #4213 ) ;
#4203 = VERTEX_POINT ( 'NONE', #3873 ) ;
#4204 = CARTESIAN_POINT ( 'NONE',  ( -57.52266155126589808, -16.61301164467019476, -41.24511111191612400 ) ) ;
#4205 = CARTESIAN_POINT ( 'NONE',  ( -79.13248025235924388, -19.26016043476002082, 4.287961000090184882 ) ) ;
#4206 = CARTESIAN_POINT ( 'NONE',  ( 1.115685747123295268, -19.79554630412196659, 34.88669788273200112 ) ) ;
#4207 = DIRECTION ( 'NONE',  ( 1.156482317317871725E-16, -1.156482317317871725E-16, 1.000000000000000000 ) ) ;
#4208 = ORIENTED_EDGE ( 'NONE', *, *, #2333, .F. ) ;
#4209 = CARTESIAN_POINT ( 'NONE',  ( -8.000000000000000000, 7.973689171506451956, -18.95509345761719899 ) ) ;
#4210 = DIRECTION ( 'NONE',  ( 0.000000000000000000, 0.000000000000000000, 1.000000000000000000 ) ) ;
#4211 = EDGE_CURVE ( 'NONE', #3981, #1739, #837, .T. ) ;
#4212 = CARTESIAN_POINT ( 'NONE',  ( -1.000000000000021760, 7.973689171506455509, 2.094906542382805714 ) ) ;
#4213 = CARTESIAN_POINT ( 'NONE',  ( -77.14999999999996305, -20.00000000000000711, 7.592094754022193470 ) ) ;
#4214 = ORIENTED_EDGE ( 'NONE', *, *, #1602, .T. ) ;
#4215 = ORIENTED_EDGE ( 'NONE', *, *, #660, .T. ) ;
#4216 = CARTESIAN_POINT ( 'NONE',  ( -7.000000000000000888, 16.99999999999998579, 16.38399090000327263 ) ) ;
#4217 = ORIENTED_EDGE ( 'NONE', *, *, #2339, .T. ) ;
#4218 = CARTESIAN_POINT ( 'NONE',  ( -84.15847947307980803, -17.72060859681203837, -25.41638471905762486 ) ) ;
#4219 = DESIGN_CONTEXT ( 'detailed design', #1561, 'design' ) ;
#4220 = AXIS2_PLACEMENT_3D ( 'NONE', #2656, #928, #625 ) ;
#4221 = CARTESIAN_POINT ( 'NONE',  ( -0.9999999999980827559, -18.13090117707909954, -41.99605910568064360 ) ) ;
#4222 = DIRECTION ( 'NONE',  ( -1.000000000000000000, -0.000000000000000000, -0.000000000000000000 ) ) ;
#4223 = VECTOR ( 'NONE', #2966, 1000.000000000000000 ) ;
#4224 = ORIENTED_EDGE ( 'NONE', *, *, #282, .T. ) ;
#4225 = CARTESIAN_POINT ( 'NONE',  ( -80.14999999999997726, -17.00000000000000355, 2.592094754022195247 ) ) ;
#4226 = CIRCLE ( 'NONE', #898, 56.99999999999997868 ) ;
#4227 = CARTESIAN_POINT ( 'NONE',  ( -80.17448598397913884, -17.42996240070235103, 4.567608770042724586 ) ) ;
#4228 = VECTOR ( 'NONE', #3013, 1000.000000000000000 ) ;
#4229 = DIRECTION ( 'NONE',  ( -1.000000000000000000, -0.000000000000000000, -0.000000000000000000 ) ) ;
#4230 = DIRECTION ( 'NONE',  ( -0.000000000000000000, 1.000000000000000000, 1.779499736546008737E-16 ) ) ;
#4231 = AXIS2_PLACEMENT_3D ( 'NONE', #1890, #3629, #2941 ) ;
#4232 = PERSON_AND_ORGANIZATION ( #1694, #803 ) ;
#4233 = CARTESIAN_POINT ( 'NONE',  ( -9.614872975883475448, -20.00000000000001066, 38.05613926131339753 ) ) ;
#4234 = DIRECTION ( 'NONE',  ( 0.000000000000000000, -0.8661214884151779980, 0.4998335395964107475 ) ) ;
#4235 = EDGE_CURVE ( 'NONE', #2450, #664, #3555, .T. ) ;
#4236 = DIRECTION ( 'NONE',  ( 0.000000000000000000, 0.000000000000000000, -1.000000000000000000 ) ) ;
#4237 = CYLINDRICAL_SURFACE ( 'NONE', #3703, 2.000000000000001776 ) ;
#4238 = ADVANCED_FACE ( 'NONE', ( #1533 ), #3893, .F. ) ;
#4239 = VERTEX_POINT ( 'NONE', #1554 ) ;
#4240 = ORIENTED_EDGE ( 'NONE', *, *, #1065, .F. ) ;
#4241 = CARTESIAN_POINT ( 'NONE',  ( 17.84999999999998721, 7.999999999999996447, -23.40790524597781896 ) ) ;
#4242 = CARTESIAN_POINT ( 'NONE',  ( -84.16933826388419959, -17.39269422780581209, -23.44013568578479578 ) ) ;
#4243 = CARTESIAN_POINT ( 'NONE',  ( 0.01289217621441683496, -18.26179615333649764, -41.01539737000204866 ) ) ;
#4244 = VERTEX_POINT ( 'NONE', #4173 ) ;
#4245 = DIRECTION ( 'NONE',  ( -0.000000000000000000, 2.561630862559161035E-16, -1.000000000000000000 ) ) ;
#4246 = ORIENTED_EDGE ( 'NONE', *, *, #3995, .F. ) ;
#4247 = ORIENTED_EDGE ( 'NONE', *, *, #4353, .F. ) ;
#4248 = ORIENTED_EDGE ( 'NONE', *, *, #721, .T. ) ;
#4249 = CARTESIAN_POINT ( 'NONE',  ( -57.29999999999998295, -16.99999999999999645, -39.95486337595898618 ) ) ;
#4250 = CARTESIAN_POINT ( 'NONE',  ( -79.36575603075459640, -19.69649888156859063, 6.262641135570691908 ) ) ;
#4251 = CARTESIAN_POINT ( 'NONE',  ( 0.6601532135041560112, -19.49304816168050181, 34.85074090471290731 ) ) ;
#4252 = EDGE_CURVE ( 'NONE', #2716, #684, #429, .T. ) ;
#4253 = CARTESIAN_POINT ( 'NONE',  ( -84.15847947307980803, -17.72060859681204192, 4.600574227102610436 ) ) ;
#4254 = EDGE_LOOP ( 'NONE', ( #676, #3693, #1968, #593 ) ) ;
#4255 = CARTESIAN_POINT ( 'NONE',  ( 15.84999999999998899, -17.00000000000000000, -23.40790524597781896 ) ) ;
#4256 = FACE_OUTER_BOUND ( 'NONE', #3319, .T. ) ;
#4257 = EDGE_CURVE ( 'NONE', #866, #3922, #1657, .T. ) ;
#4258 = CARTESIAN_POINT ( 'NONE',  ( -8.156173478729204618, -16.81590275959381131, -41.97293325063156999 ) ) ;
#4259 = CARTESIAN_POINT ( 'NONE',  ( -33.14999999999999147, -19.99999999999999289, -67.40790524597778699 ) ) ;
#4260 =( BOUNDED_SURFACE ( )  B_SPLINE_SURFACE ( 3, 2, ( 
 ( #1180, #1560, #498 ),
 ( #3857, #519, #4196 ),
 ( #4114, #1868, #4242 ),
 ( #885, #2898, #4264 ),
 ( #3104, #3251, #1223 ),
 ( #3204, #4218, #1158 ),
 ( #119, #3179, #3928 ),
 ( #544, #1916, #1847 ),
 ( #2756, #1072, #2533 ),
 ( #138, #161, #842 ),
 ( #2430, #821, #2182 ),
 ( #3777, #3437, #2511 ),
 ( #4334, #1338, #914 ),
 ( #1940, #2263, #4290 ),
 ( #589, #3633, #3609 ),
 ( #3657, #2965, #564 ) ),
 .UNSPECIFIED., .F., .F., .T. ) 
 B_SPLINE_SURFACE_WITH_KNOTS ( ( 4, 2, 2, 2, 2, 2, 2, 4 ),
 ( 3, 3 ),
 ( 3.141592653589793116, 3.337942194439155408, 3.534291735288517255, 3.730641276137879103, 3.926990816987241395, 4.123340357836603687, 4.319689898685965090, 4.712388980384689674 ),
 ( 0.000000000000000000, 1.000000000000000000 ),
 .UNSPECIFIED. ) 
 GEOMETRIC_REPRESENTATION_ITEM ( )  RATIONAL_B_SPLINE_SURFACE ( (
 ( 1.000000000000000000, 0.7071067811865469066, 1.000000000000000000),
 ( 1.000000000000000000, 0.7070717281303002810, 1.000000000000000000),
 ( 1.000000000000000000, 0.7117460028580914200, 1.000000000000000000),
 ( 1.000000000000000000, 0.7291288936852259317, 1.000000000000000000),
 ( 1.000000000000000000, 0.7418334183296234619, 1.000000000000000000),
 ( 1.000000000000000000, 0.7723968213675799221, 1.000000000000000000),
 ( 1.000000000000000000, 0.7902180090371804244, 1.000000000000000000),
 ( 1.000000000000000000, 0.8275942692061611927, 1.000000000000000000),
 ( 1.000000000000000000, 0.8471316607149248501, 1.000000000000000000),
 ( 1.000000000000000000, 0.8849191468539532313, 1.000000000000000000),
 ( 1.000000000000000000, 0.9031650995970700313, 1.000000000000000000),
 ( 1.000000000000000000, 0.9360421840893247136, 1.000000000000000000),
 ( 1.000000000000000000, 0.9506740355058279635, 1.000000000000000000),
 ( 1.000000000000000000, 0.9867291886318125815, 1.000000000000000000),
 ( 1.000000000000000000, 1.000158581237589717, 1.000000000000000000),
 ( 1.000000000000000000, 1.000000000000000000, 1.000000000000000000) ) ) 
 REPRESENTATION_ITEM ( '' )  SURFACE ( )  );
#4261 = ORIENTED_EDGE ( 'NONE', *, *, #329, .T. ) ;
#4262 = CARTESIAN_POINT ( 'NONE',  ( -79.99677831333242750, -17.96664697614142625, -23.66327472375733976 ) ) ;
#4263 = CARTESIAN_POINT ( 'NONE',  ( -66.29999999999998295, 28.98400122115187827, -44.99999899417180416 ) ) ;
#4264 = CARTESIAN_POINT ( 'NONE',  ( -84.24595005369636169, -17.77784770429095573, -23.56782200213850942 ) ) ;
#4265 = AXIS2_PLACEMENT_3D ( 'NONE', #1052, #2384, #3816 ) ;
#4266 = CARTESIAN_POINT ( 'NONE',  ( -0.6034947955269382991, -19.00230134984207808, -42.26039590866262330 ) ) ;
#4267 = ORIENTED_EDGE ( 'NONE', *, *, #1383, .F. ) ;
#4268 = CARTESIAN_POINT ( 'NONE',  ( -57.70170697034372864, 28.21423871413286477, -44.98716014075143477 ) ) ;
#4269 = EDGE_CURVE ( 'NONE', #2874, #784, #1373, .T. ) ;
#4270 = EDGE_LOOP ( 'NONE', ( #1175, #3862, #302, #2480 ) ) ;
#4271 = B_SPLINE_CURVE_WITH_KNOTS ( 'NONE', 3,
 ( #3748, #52, #4399, #4067, #3730, #341 ),
 .UNSPECIFIED., .F., .F.,
 ( 4, 2, 4 ),
 ( 0.000000000000000000, 0.5000000000000000000, 1.000000000000000000 ),
 .UNSPECIFIED. ) ;
#4272 = CARTESIAN_POINT ( 'NONE',  ( -7.439535090056368816, -20.00000000000001066, 38.89142673136570494 ) ) ;
#4273 = CARTESIAN_POINT ( 'NONE',  ( -79.53532287730074302, -18.82996937483235200, 3.616556625188358076 ) ) ;
#4274 = CARTESIAN_POINT ( 'NONE',  ( 0.000000000000000000, -18.00000000000001066, 33.47919422529675160 ) ) ;
#4275 = CIRCLE ( 'NONE', #576, 12.52646064719166574 ) ;
#4276 = CARTESIAN_POINT ( 'NONE',  ( -84.42585229419945847, -18.45541001997721864, 4.867947048219723349 ) ) ;
#4277 = ORIENTED_EDGE ( 'NONE', *, *, #2339, .F. ) ;
#4278 = VECTOR ( 'NONE', #1801, 1000.000000000000000 ) ;
#4279 = DIRECTION ( 'NONE',  ( 0.000000000000000000, 1.779499736546008737E-16, -1.000000000000000000 ) ) ;
#4280 = DIRECTION ( 'NONE',  ( 0.000000000000000000, 1.826024711554534406E-16, -1.000000000000000000 ) ) ;
#4281 = ORIENTED_EDGE ( 'NONE', *, *, #373, .F. ) ;
#4282 = SECURITY_CLASSIFICATION ( '', '', #4055 ) ;
#4283 = CARTESIAN_POINT ( 'NONE',  ( -54.29999999999998295, -19.99999999999999645, -39.95486337595898618 ) ) ;
#4284 = CARTESIAN_POINT ( 'NONE',  ( -62.14468433622045751, -19.99091791695427389, 38.65656213379231332 ) ) ;
#4285 = EDGE_CURVE ( 'NONE', #979, #3877, #2362, .T. ) ;
#4286 = VERTEX_POINT ( 'NONE', #4259 ) ;
#4287 = CARTESIAN_POINT ( 'NONE',  ( -82.14999999999542979, -17.19635176726983872, -25.40790524597780831 ) ) ;
#4288 = CARTESIAN_POINT ( 'NONE',  ( -56.21408608836716070, -20.00000000000001066, 37.68353995916337595 ) ) ;
#4289 = CARTESIAN_POINT ( 'NONE',  ( 0.000000000000000000, 27.98400122115186051, -4.368302179500638260 ) ) ;
#4290 = CARTESIAN_POINT ( 'NONE',  ( -86.36475634561561776, -19.92191802946377521, -27.09916582200606427 ) ) ;
#4291 = CARTESIAN_POINT ( 'NONE',  ( 20.84999999999998721, -17.00000000000000000, -25.40790524597781896 ) ) ;
#4292 = CARTESIAN_POINT ( 'NONE',  ( -0.5485678789503362074, -22.00247261055680781, 38.76974379120857606 ) ) ;
#4293 = EDGE_CURVE ( 'NONE', #3877, #2397, #3341, .T. ) ;
#4294 = EDGE_LOOP ( 'NONE', ( #2145, #1076, #522, #1541 ) ) ;
#4295 = EDGE_CURVE ( 'NONE', #3798, #1090, #31, .T. ) ;
#4296 = DIRECTION ( 'NONE',  ( 1.000000000000000000, 0.000000000000000000, 0.000000000000000000 ) ) ;
#4297 = CARTESIAN_POINT ( 'NONE',  ( -6.999999999999999112, -19.30242182614869151, -42.43865036290280557 ) ) ;
#4298 = DIRECTION ( 'NONE',  ( 2.678169576946650726E-15, 1.826024711554534406E-16, -1.000000000000000000 ) ) ;
#4299 = AXIS2_PLACEMENT_3D ( 'NONE', #2562, #1238, #2590 ) ;
#4300 = CARTESIAN_POINT ( 'NONE',  ( -7.357634221668792662, -18.99966702395530049, 37.15918379563358087 ) ) ;
#4301 = AXIS2_PLACEMENT_3D ( 'NONE', #386, #3405, #4086 ) ;
#4302 = ORIENTED_EDGE ( 'NONE', *, *, #1689, .F. ) ;
#4303 = CARTESIAN_POINT ( 'NONE',  ( 18.63424396924690285, -19.69649888156859063, 6.262641135570678586 ) ) ;
#4304 = CARTESIAN_POINT ( 'NONE',  ( 12.78986920254882165, -19.35413284249735355, 5.652225551474069576 ) ) ;
#4305 = AXIS2_PLACEMENT_3D ( 'NONE', #1642, #2984, #1219 ) ;
#4306 = EDGE_CURVE ( 'NONE', #2344, #4286, #3914, .T. ) ;
#4307 = PLANE ( 'NONE',  #4410 ) ;
#4308 = CYLINDRICAL_SURFACE ( 'NONE', #3136, 2.999999999999999112 ) ;
#4309 = ORIENTED_EDGE ( 'NONE', *, *, #1362, .F. ) ;
#4310 = FACE_OUTER_BOUND ( 'NONE', #4393, .T. ) ;
#4311 = CARTESIAN_POINT ( 'NONE',  ( -59.29999999999998295, -17.00033292080717828, -42.26381612885029426 ) ) ;
#4312 = EDGE_CURVE ( 'NONE', #337, #1070, #291, .T. ) ;
#4313 = CARTESIAN_POINT ( 'NONE',  ( 2.000000000000000000, -19.99999999999999645, -43.99605910568065070 ) ) ;
#4314 = CARTESIAN_POINT ( 'NONE',  ( 2.000000000000005773, -19.99999999999999289, -43.99605910568065781 ) ) ;
#4315 = DIRECTION ( 'NONE',  ( -1.000000000000000000, -0.000000000000000000, -0.000000000000000000 ) ) ;
#4316 = ORIENTED_EDGE ( 'NONE', *, *, #4066, .F. ) ;
#4317 = EDGE_CURVE ( 'NONE', #1354, #2159, #249, .T. ) ;
#4318 = CARTESIAN_POINT ( 'NONE',  ( -37.14999999999999147, -24.70000000000000995, -2.907905245977811415 ) ) ;
#4319 = CARTESIAN_POINT ( 'NONE',  ( -58.29999999999998295, 7.973689171506451956, -18.95509345761719899 ) ) ;
#4320 = DIRECTION ( 'NONE',  ( -1.000000000000000000, -0.000000000000000000, -0.000000000000000000 ) ) ;
#4321 = B_SPLINE_CURVE_WITH_KNOTS ( 'NONE', 3,
 ( #1022, #3719, #2373, #2983, #3672, #1290, #2704, #4354, #1315, #2640, #678, #610, #3378, #293, #1980, #3316, #1378, #4079 ),
 .UNSPECIFIED., .F., .F.,
 ( 4, 2, 2, 2, 2, 2, 2, 2, 4 ),
 ( 0.000000000000000000, 0.0009304868962042695500, 0.001395730344306396952, 0.001860973792408524572, 0.002326217240510651974, 0.002558838964561700388, 0.002791460688612748368, 0.003256704136714811369, 0.003721947584816874804 ),
 .UNSPECIFIED. ) ;
#4322 = CC_DESIGN_PERSON_AND_ORGANIZATION_ASSIGNMENT ( #994, #4123, ( #1498 ) ) ;
#4323 = CARTESIAN_POINT ( 'NONE',  ( -82.81084200580724541, -18.50345202328470862, 4.988599957507311444 ) ) ;
#4324 = EDGE_LOOP ( 'NONE', ( #1685, #2202, #4021, #1912, #1810, #841, #3274, #3126 ) ) ;
#4325 = ADVANCED_FACE ( 'NONE', ( #2683 ), #1313, .T. ) ;
#4326 = CARTESIAN_POINT ( 'NONE',  ( 17.86933826388430191, -17.39269422780627039, 2.624325193829314173 ) ) ;
#4327 = DIRECTION ( 'NONE',  ( -1.000000000000000000, -0.000000000000000000, -0.000000000000000000 ) ) ;
#4328 = CARTESIAN_POINT ( 'NONE',  ( -9.000000000000001776, -16.99999999999999645, -39.95486337595898618 ) ) ;
#4329 = CARTESIAN_POINT ( 'NONE',  ( -8.000000000000000000, 16.99999999999998579, 16.38399090000327263 ) ) ;
#4330 = VERTEX_POINT ( 'NONE', #1288 ) ;
#4331 = CYLINDRICAL_SURFACE ( 'NONE', #481, 8.500000000000000000 ) ;
#4332 = CARTESIAN_POINT ( 'NONE',  ( 26.85000000000001918, -0.5263108284935467118, -8.030093457617194730 ) ) ;
#4333 = DIRECTION ( 'NONE',  ( 0.000000000000000000, 0.4998335395964111361, 0.8661214884151777760 ) ) ;
#4334 = CARTESIAN_POINT ( 'NONE',  ( -84.93424396924534392, -19.69649888156878959, -27.07845162752679613 ) ) ;
#4335 = FACE_OUTER_BOUND ( 'NONE', #1563, .T. ) ;
#4336 = EDGE_CURVE ( 'NONE', #1336, #1281, #3479, .T. ) ;
#4337 = LINE ( 'NONE', #2607, #172 ) ;
#4338 = DIRECTION ( 'NONE',  ( 0.000000000000000000, 0.000000000000000000, 1.000000000000000000 ) ) ;
#4339 = DIRECTION ( 'NONE',  ( -1.000000000000000000, 0.000000000000000000, 0.000000000000000000 ) ) ;
#4340 = AXIS2_PLACEMENT_3D ( 'NONE', #3567, #2835, #142 ) ;
#4341 = CARTESIAN_POINT ( 'NONE',  ( -84.10005104163234080, -19.38532287717455915, 5.762125379000955228 ) ) ;
#4342 = ORIENTED_EDGE ( 'NONE', *, *, #2196, .F. ) ;
#4343 = VERTEX_POINT ( 'NONE', #2257 ) ;
#4344 = CARTESIAN_POINT ( 'NONE',  ( 15.88223043980740989, -17.39269422780621355, 4.611433017906485965 ) ) ;
#4345 = CIRCLE ( 'NONE', #2985, 2.375000000000002220 ) ;
#4346 = AXIS2_PLACEMENT_3D ( 'NONE', #712, #4072, #1371 ) ;
#4347 = CARTESIAN_POINT ( 'NONE',  ( 14.15413375393199580, -19.26016043476028017, 5.609614501663164887 ) ) ;
#4348 = ADVANCED_FACE ( 'NONE', ( #268 ), #800, .T. ) ;
#4349 = CARTESIAN_POINT ( 'NONE',  ( 2.000000000000000000, -20.00000000000001066, 35.96102292796209099 ) ) ;
#4350 = AXIS2_PLACEMENT_3D ( 'NONE', #346, #1346, #4364 ) ;
#4351 = DIRECTION ( 'NONE',  ( 0.000000000000000000, 0.000000000000000000, -1.000000000000000000 ) ) ;
#4352 = EDGE_LOOP ( 'NONE', ( #3755, #1048, #3997, #3733 ) ) ;
#4353 = EDGE_CURVE ( 'NONE', #965, #3460, #3965, .T. ) ;
#4354 = CARTESIAN_POINT ( 'NONE',  ( -66.84887498845984055, -19.38354404189448132, 34.79708160913275350 ) ) ;
#4355 = CARTESIAN_POINT ( 'NONE',  ( -82.14999999999997726, -17.00000000000000355, 2.592094754022194358 ) ) ;
#4356 = DIRECTION ( 'NONE',  ( 0.000000000000000000, 1.734723475976805517E-15, 1.000000000000000000 ) ) ;
#4357 = CARTESIAN_POINT ( 'NONE',  ( -57.29999999999998295, -16.99999999999999645, -39.95486337595898618 ) ) ;
#4358 = DIRECTION ( 'NONE',  ( 0.000000000000000000, 0.4998335395964111361, 0.8661214884151777760 ) ) ;
#4359 = ORIENTED_EDGE ( 'NONE', *, *, #1527, .T. ) ;
#4360 = EDGE_CURVE ( 'NONE', #1090, #1281, #1931, .T. ) ;
#4361 = CARTESIAN_POINT ( 'NONE',  ( -80.14999999999997726, 7.999999999999991118, 2.592094754022198355 ) ) ;
#4362 = FACE_OUTER_BOUND ( 'NONE', #3224, .T. ) ;
#4363 = CARTESIAN_POINT ( 'NONE',  ( 17.84999999999999076, 7.999999999999992895, 2.592094754022184588 ) ) ;
#4364 = DIRECTION ( 'NONE',  ( 0.000000000000000000, 0.000000000000000000, -1.000000000000000000 ) ) ;
#4365 = ORIENTED_EDGE ( 'NONE', *, *, #3784, .F. ) ;
#4366 = CARTESIAN_POINT ( 'NONE',  ( 16.87446187116615448, -18.82996937483302702, 5.206771876721865588 ) ) ;
#4367 = CIRCLE ( 'NONE', #2032, 2.375000000000000444 ) ;
#4368 = CARTESIAN_POINT ( 'NONE',  ( 13.15850678185833900, -19.02179400076307658, 5.283587972163075186 ) ) ;
#4369 = DIRECTION ( 'NONE',  ( 0.000000000000000000, 0.000000000000000000, 1.000000000000000000 ) ) ;
#4370 = CARTESIAN_POINT ( 'NONE',  ( -12.00000000000000000, -17.00000000000000355, -4.944952010844941626 ) ) ;
#4371 = ORIENTED_EDGE ( 'NONE', *, *, #353, .T. ) ;
#4372 = DIRECTION ( 'NONE',  ( 1.734145950436954913E-15, 0.8661214884151778870, -0.4998335395964111361 ) ) ;
#4373 = ADVANCED_FACE ( 'NONE', ( #3004 ), #608, .F. ) ;
#4374 = FACE_OUTER_BOUND ( 'NONE', #1886, .T. ) ;
#4375 = CONICAL_SURFACE ( 'NONE', #1680, 13.50000000000002665, 0.7853981633974447263 ) ;
#4376 = DIRECTION ( 'NONE',  ( -1.000000000000000000, 0.000000000000000000, 0.000000000000000000 ) ) ;
#4377 = ADVANCED_FACE ( 'NONE', ( #1911 ), #4308, .F. ) ;
#4378 = DIRECTION ( 'NONE',  ( -1.000000000000000000, -0.000000000000000000, -0.000000000000000000 ) ) ;
#4379 = DIRECTION ( 'NONE',  ( 0.000000000000000000, 0.000000000000000000, -1.000000000000000000 ) ) ;
#4380 = CARTESIAN_POINT ( 'NONE',  ( -9.000000000000001776, 7.973689171506451956, -18.95509345761719899 ) ) ;
#4381 = DIRECTION ( 'NONE',  ( -1.000000000000000000, 0.000000000000000000, 0.000000000000000000 ) ) ;
#4382 = PLANE ( 'NONE',  #970 ) ;
#4383 = ORIENTED_EDGE ( 'NONE', *, *, #2778, .F. ) ;
#4384 = CARTESIAN_POINT ( 'NONE',  ( -86.62635607924967474, -20.00000000000643041, 7.068450833286360258 ) ) ;
#4385 = VERTEX_POINT ( 'NONE', #3602 ) ;
#4386 = CARTESIAN_POINT ( 'NONE',  ( 20.84999999999999787, -20.00000000000001066, 7.592094754022185477 ) ) ;
#4387 = CARTESIAN_POINT ( 'NONE',  ( 12.35345202309649437, -19.60349479664064276, 5.086341382194887295 ) ) ;
#4388 = DIRECTION ( 'NONE',  ( 1.000000000000000000, 2.057959978987270500E-32, -1.156482317317871725E-16 ) ) ;
#4389 = APPROVAL_DATE_TIME ( #2025, #840 ) ;
#4390 = VERTEX_POINT ( 'NONE', #2763 ) ;
#4391 = CARTESIAN_POINT ( 'NONE',  ( -33.14999999999999147, -24.70000000000000639, -10.40790524597781364 ) ) ;
#4392 = EDGE_CURVE ( 'NONE', #2194, #1153, #3488, .T. ) ;
#4393 = EDGE_LOOP ( 'NONE', ( #409, #2670, #3371 ) ) ;
#4394 = CARTESIAN_POINT ( 'NONE',  ( 13.84999999999998721, 7.999999999999994671, -10.40790524597781541 ) ) ;
#4395 = DIRECTION ( 'NONE',  ( -1.000000000000000000, -0.000000000000000000, -0.000000000000000000 ) ) ;
#4396 = B_SPLINE_CURVE_WITH_KNOTS ( 'NONE', 3,
 ( #2651, #2929, #4002, #2318, #4297, #923, #3663, #620, #1989, #1322 ),
 .UNSPECIFIED., .F., .F.,
 ( 4, 2, 2, 2, 4 ),
 ( 0.000000000000000000, 0.2500000000000000000, 0.5000000000000000000, 0.7500000000000000000, 1.000000000000000000 ),
 .UNSPECIFIED. ) ;
#4397 = ORIENTED_EDGE ( 'NONE', *, *, #2677, .F. ) ;
#4398 = LINE ( 'NONE', #364, #1252 ) ;
#4399 = CARTESIAN_POINT ( 'NONE',  ( -7.000000000000001776, -19.55736068446634945, 37.58892175722591844 ) ) ;
#4400 = ADVANCED_FACE ( 'NONE', ( #3112 ), #872, .T. ) ;
#4401 = DIRECTION ( 'NONE',  ( 1.000000000000000000, 0.000000000000000000, 0.000000000000000000 ) ) ;
#4402 = DIRECTION ( 'NONE',  ( 1.000000000000000000, 0.000000000000000000, -0.000000000000000000 ) ) ;
#4403 = ORIENTED_EDGE ( 'NONE', *, *, #2049, .T. ) ;
#4404 = CARTESIAN_POINT ( 'NONE',  ( 26.85000000000001918, -0.5263108284935467118, -10.40509345761719473 ) ) ;
#4405 = DIRECTION ( 'NONE',  ( 0.000000000000000000, -1.000000000000000000, -1.779499736546008737E-16 ) ) ;
#4406 = CARTESIAN_POINT ( 'NONE',  ( 17.94595005369633256, -17.77784770429073191, -23.56782200213852363 ) ) ;
#4407 = CIRCLE ( 'NONE', #1859, 14.01349094556904262 ) ;
#4408 = DIRECTION ( 'NONE',  ( -0.000000000000000000, 1.000000000000000000, 1.779499736546008737E-16 ) ) ;
#4409 =( NAMED_UNIT ( * ) SI_UNIT ( $, .STERADIAN. ) SOLID_ANGLE_UNIT ( ) );
#4410 = AXIS2_PLACEMENT_3D ( 'NONE', #267, #1910, #2592 ) ;
#4411 = AXIS2_PLACEMENT_3D ( 'NONE', #356, #3068, #176 ) ;
#4412 = VERTEX_POINT ( 'NONE', #4100 ) ;
#4413 = DIRECTION ( 'NONE',  ( -0.000000000000000000, -1.000000000000000000, -1.779499736546008737E-16 ) ) ;
ENDSEC;
END-ISO-10303-21;
