ISO-10303-21;
HEADER;
FILE_DESCRIPTION (( 'STEP AP203' ),
    '1' );
FILE_NAME ('BoxBase_Default_sldprt.STEP',
    '2026-04-21T20:27:11',
    ( '' ),
    ( '' ),
    'SwSTEP 2.0',
    'SolidWorks 2025',
    '' );
FILE_SCHEMA (( 'CONFIG_CONTROL_DESIGN' ));
ENDSEC;

DATA;
#1 = VECTOR ( 'NONE', #2406, 1000.000000000000000 ) ;
#2 = DIRECTION ( 'NONE',  ( 1.000000000000000000, 0.000000000000000000, 0.000000000000000000 ) ) ;
#3 = DIRECTION ( 'NONE',  ( 0.000000000000000000, 0.000000000000000000, 1.000000000000000000 ) ) ;
#4 = LINE ( 'NONE', #25, #1160 ) ;
#5 = ORIENTED_EDGE ( 'NONE', *, *, #1664, .T. ) ;
#6 = VERTEX_POINT ( 'NONE', #1282 ) ;
#7 = LINE ( 'NONE', #3125, #196 ) ;
#8 = PLANE ( 'NONE',  #3133 ) ;
#9 = CARTESIAN_POINT ( 'NONE',  ( 14.00000000000004086, 0.000000000000000000, 64.50000000000000000 ) ) ;
#10 = CARTESIAN_POINT ( 'NONE',  ( 82.99999999999997158, 3.000000000000003109, 59.50000000000000711 ) ) ;
#11 = VERTEX_POINT ( 'NONE', #910 ) ;
#12 = VERTEX_POINT ( 'NONE', #2075 ) ;
#13 = CARTESIAN_POINT ( 'NONE',  ( 13.99999999999997158, 0.000000000000000000, 0.000000000000000000 ) ) ;
#14 = LINE ( 'NONE', #1959, #2688 ) ;
#15 = EDGE_LOOP ( 'NONE', ( #464, #1847, #1876, #4760 ) ) ;
#16 = LINE ( 'NONE', #3580, #124 ) ;
#17 = EDGE_CURVE ( 'NONE', #4509, #1373, #2395, .T. ) ;
#18 = DIRECTION ( 'NONE',  ( 4.625929269271481378E-15, 1.000000000000000000, 0.000000000000000000 ) ) ;
#19 = EDGE_CURVE ( 'NONE', #1337, #1620, #285, .T. ) ;
#20 = EDGE_CURVE ( 'NONE', #3207, #2906, #980, .T. ) ;
#21 = DIRECTION ( 'NONE',  ( 0.000000000000000000, 0.000000000000000000, 1.000000000000000000 ) ) ;
#22 = ADVANCED_FACE ( 'NONE', ( #551 ), #1692, .T. ) ;
#23 = ORIENTED_EDGE ( 'NONE', *, *, #1652, .F. ) ;
#24 = CARTESIAN_POINT ( 'NONE',  ( 3.000000000000002665, 1.000000000000000444, -64.29289321881346098 ) ) ;
#25 = CARTESIAN_POINT ( 'NONE',  ( 84.99999999999997158, 0.9999999999999410472, 59.50000000000000711 ) ) ;
#26 = CIRCLE ( 'NONE', #688, 5.000000000000004441 ) ;
#27 = ORIENTED_EDGE ( 'NONE', *, *, #4646, .T. ) ;
#28 = CIRCLE ( 'NONE', #2877, 0.5000000000000004441 ) ;
#29 = CIRCLE ( 'NONE', #2878, 0.5000000000000004441 ) ;
#30 = DIRECTION ( 'NONE',  ( 0.000000000000000000, 0.000000000000000000, 1.000000000000000000 ) ) ;
#31 = APPROVAL_PERSON_ORGANIZATION ( #3994, #654, #2023 ) ;
#32 = CARTESIAN_POINT ( 'NONE',  ( 0.000000000000000000, 3.999999999999996447, -25.00000000000000000 ) ) ;
#33 = CIRCLE ( 'NONE', #3295, 2.000000000000001776 ) ;
#34 = CARTESIAN_POINT ( 'NONE',  ( 91.00000000000004263, 0.000000000000000000, 0.000000000000000000 ) ) ;
#35 = AXIS2_PLACEMENT_3D ( 'NONE', #1713, #2603, #4849 ) ;
#36 = EDGE_LOOP ( 'NONE', ( #2180, #4855, #3076, #4479 ) ) ;
#37 = ORIENTED_EDGE ( 'NONE', *, *, #421, .F. ) ;
#38 = VECTOR ( 'NONE', #1229, 1000.000000000000000 ) ;
#39 = CARTESIAN_POINT ( 'NONE',  ( 89.49999999999998579, -3.000000000000000000, -64.00000000000000000 ) ) ;
#40 = DIRECTION ( 'NONE',  ( 0.000000000000000000, 0.000000000000000000, -1.000000000000000000 ) ) ;
#41 = ORIENTED_EDGE ( 'NONE', *, *, #113, .T. ) ;
#42 = DIRECTION ( 'NONE',  ( 0.000000000000000000, 0.000000000000000000, 1.000000000000000000 ) ) ;
#43 = AXIS2_PLACEMENT_3D ( 'NONE', #2863, #4519, #4422 ) ;
#44 = CYLINDRICAL_SURFACE ( 'NONE', #4895, 0.5000000000000004441 ) ;
#45 = ADVANCED_FACE ( 'NONE', ( #2181 ), #1328, .T. ) ;
#46 = CARTESIAN_POINT ( 'NONE',  ( 156.9999999999999432, 1.000000000000001332, -59.86561944896766363 ) ) ;
#47 = EDGE_LOOP ( 'NONE', ( #3152, #3222, #2754, #4785 ) ) ;
#48 = ADVANCED_FACE ( 'NONE', ( #2101 ), #4091, .F. ) ;
#49 = EDGE_CURVE ( 'NONE', #4943, #4491, #2235, .T. ) ;
#50 = CARTESIAN_POINT ( 'NONE',  ( 76.49999999999998579, -79.49999999999998579, 64.50000000000000000 ) ) ;
#51 = CARTESIAN_POINT ( 'NONE',  ( 3.500000000000002665, 0.000000000000000000, -60.00000000000000711 ) ) ;
#52 = DIRECTION ( 'NONE',  ( -1.224646799147353207E-16, 1.000000000000000000, 0.000000000000000000 ) ) ;
#53 = EDGE_LOOP ( 'NONE', ( #3850, #4165, #5047, #2531 ) ) ;
#54 = ORIENTED_EDGE ( 'NONE', *, *, #2704, .F. ) ;
#55 = DIRECTION ( 'NONE',  ( -0.000000000000000000, -1.000000000000000000, -0.000000000000000000 ) ) ;
#56 = CARTESIAN_POINT ( 'NONE',  ( 110.5000000000003411, -19.49999999999985789, 38.99999999999955236 ) ) ;
#57 = TOROIDAL_SURFACE ( 'NONE', #4543, 4.499999999999997335, 0.5000000000000000000 ) ;
#58 = CARTESIAN_POINT ( 'NONE',  ( 89.99999999999998579, 0.000000000000000000, 59.50000000000000711 ) ) ;
#59 = DIRECTION ( 'NONE',  ( 1.000000000000000000, 0.000000000000000000, 0.000000000000000000 ) ) ;
#60 = CARTESIAN_POINT ( 'NONE',  ( 0.000000000000000000, -3.000000000000000000, 64.50000000000000000 ) ) ;
#61 = EDGE_LOOP ( 'NONE', ( #4863, #3120, #1868, #828 ) ) ;
#62 = AXIS2_PLACEMENT_3D ( 'NONE', #527, #4823, #1636 ) ;
#63 = DIRECTION ( 'NONE',  ( 0.000000000000000000, 0.000000000000000000, -1.000000000000000000 ) ) ;
#64 = CARTESIAN_POINT ( 'NONE',  ( 84.99999999999997158, 3.000000000000002665, 59.50000000000000711 ) ) ;
#65 = ORIENTED_EDGE ( 'NONE', *, *, #2985, .F. ) ;
#66 = DIRECTION ( 'NONE',  ( 0.000000000000000000, -1.000000000000000000, 0.000000000000000000 ) ) ;
#67 = DIRECTION ( 'NONE',  ( 0.000000000000000000, -1.000000000000000000, 0.000000000000000000 ) ) ;
#68 = DIRECTION ( 'NONE',  ( -1.000000000000000000, -0.000000000000000000, -0.000000000000000000 ) ) ;
#69 = DIRECTION ( 'NONE',  ( 0.000000000000000000, 1.000000000000000000, 0.000000000000000000 ) ) ;
#70 = ORIENTED_EDGE ( 'NONE', *, *, #206, .F. ) ;
#71 = AXIS2_PLACEMENT_3D ( 'NONE', #64, #3456, #1604 ) ;
#72 = COORDINATED_UNIVERSAL_TIME_OFFSET ( 6, 0, .BEHIND. ) ;
#73 = FACE_OUTER_BOUND ( 'NONE', #1419, .T. ) ;
#74 = VECTOR ( 'NONE', #3957, 1000.000000000000000 ) ;
#75 = FACE_OUTER_BOUND ( 'NONE', #430, .T. ) ;
#76 = EDGE_LOOP ( 'NONE', ( #2111, #4456, #1535, #797 ) ) ;
#77 = EDGE_CURVE ( 'NONE', #3256, #4801, #3758, .T. ) ;
#78 = VERTEX_POINT ( 'NONE', #4434 ) ;
#79 = ORIENTED_EDGE ( 'NONE', *, *, #3147, .F. ) ;
#80 = EDGE_CURVE ( 'NONE', #1924, #1764, #1825, .T. ) ;
#81 = CIRCLE ( 'NONE', #2439, 4.499999999999997335 ) ;
#82 = PLANE ( 'NONE',  #118 ) ;
#83 = ORIENTED_EDGE ( 'NONE', *, *, #3859, .T. ) ;
#84 = DIRECTION ( 'NONE',  ( 1.000000000000000000, 0.000000000000000000, 0.000000000000000000 ) ) ;
#85 = EDGE_CURVE ( 'NONE', #3765, #3100, #3786, .T. ) ;
#86 = EDGE_CURVE ( 'NONE', #2811, #3115, #3216, .T. ) ;
#87 = CARTESIAN_POINT ( 'NONE',  ( 157.4999999999999716, 4.625929269271481378E-15, -60.00000000000000711 ) ) ;
#88 = ORIENTED_EDGE ( 'NONE', *, *, #310, .F. ) ;
#89 = CARTESIAN_POINT ( 'NONE',  ( 5.500000000000003553, 3.000000000000003553, -64.50000000000000000 ) ) ;
#90 = FACE_OUTER_BOUND ( 'NONE', #2702, .T. ) ;
#91 = DIRECTION ( 'NONE',  ( 4.625929269271485322E-15, 1.000000000000000000, 0.000000000000000000 ) ) ;
#92 = ORIENTED_EDGE ( 'NONE', *, *, #1441, .T. ) ;
#93 = CARTESIAN_POINT ( 'NONE',  ( 0.000000000000000000, 0.000000000000000000, 64.50000000000000000 ) ) ;
#94 = CYLINDRICAL_SURFACE ( 'NONE', #4045, 0.5000000000000004441 ) ;
#95 = DATE_AND_TIME ( #1407, #1815 ) ;
#96 = CARTESIAN_POINT ( 'NONE',  ( 12.99999999999999822, 1.000000000000000888, -59.50000000000000711 ) ) ;
#97 = DIRECTION ( 'NONE',  ( 1.000000000000000000, 0.000000000000000000, 0.000000000000000000 ) ) ;
#98 = FACE_BOUND ( 'NONE', #1343, .T. ) ;
#99 = ORIENTED_EDGE ( 'NONE', *, *, #614, .F. ) ;
#100 = ORIENTED_EDGE ( 'NONE', *, *, #4948, .F. ) ;
#101 =( BOUNDED_CURVE ( )  B_SPLINE_CURVE ( 3, ( #399, #812, #4234, #1163 ),
 .UNSPECIFIED., .F., .T. ) 
 B_SPLINE_CURVE_WITH_KNOTS ( ( 4, 4 ),
 ( 3.141592653589802442, 3.926990816987257382 ),
 .UNSPECIFIED. ) 
 CURVE ( )  GEOMETRIC_REPRESENTATION_ITEM ( )  RATIONAL_B_SPLINE_CURVE ( ( 1.000000000000000000, 0.9492530216741903448, 0.9492530216741903448, 1.000000000000000000 ) ) 
 REPRESENTATION_ITEM ( '' )  );
#102 = AXIS2_PLACEMENT_3D ( 'NONE', #1977, #4285, #2757 ) ;
#103 = DIRECTION ( 'NONE',  ( 0.000000000000000000, -0.000000000000000000, -1.000000000000000000 ) ) ;
#104 = VERTEX_POINT ( 'NONE', #958 ) ;
#105 = DIRECTION ( 'NONE',  ( 0.000000000000000000, 0.000000000000000000, -1.000000000000000000 ) ) ;
#106 = DIRECTION ( 'NONE',  ( 0.000000000000000000, 0.000000000000000000, -1.000000000000000000 ) ) ;
#107 = EDGE_CURVE ( 'NONE', #2548, #1518, #4922, .T. ) ;
#108 = DIRECTION ( 'NONE',  ( 0.000000000000000000, 0.000000000000000000, 1.000000000000000000 ) ) ;
#109 = DIRECTION ( 'NONE',  ( 1.000000000000000000, 0.000000000000000000, 0.000000000000000000 ) ) ;
#110 = AXIS2_PLACEMENT_3D ( 'NONE', #754, #3178, #2280 ) ;
#111 = VECTOR ( 'NONE', #1653, 1000.000000000000000 ) ;
#112 = ORIENTED_EDGE ( 'NONE', *, *, #1915, .F. ) ;
#113 = EDGE_CURVE ( 'NONE', #4751, #3315, #3532, .T. ) ;
#114 = DIRECTION ( 'NONE',  ( -0.000000000000000000, 1.000000000000000000, -0.000000000000000000 ) ) ;
#115 = FACE_OUTER_BOUND ( 'NONE', #205, .T. ) ;
#116 = EDGE_CURVE ( 'NONE', #3430, #1650, #1489, .T. ) ;
#117 = CARTESIAN_POINT ( 'NONE',  ( 10.49999999999999645, 3.000000000000002665, -64.50000000000000000 ) ) ;
#118 = AXIS2_PLACEMENT_3D ( 'NONE', #1621, #3176, #3928 ) ;
#119 = CARTESIAN_POINT ( 'NONE',  ( 12.99999999999999822, 0.000000000000000000, -60.00000000000000711 ) ) ;
#120 = VERTEX_POINT ( 'NONE', #4899 ) ;
#121 = CARTESIAN_POINT ( 'NONE',  ( 166.9999999999999716, 1.000000000000000888, -60.00000000000000711 ) ) ;
#122 = VECTOR ( 'NONE', #4605, 1000.000000000000000 ) ;
#123 = ORIENTED_EDGE ( 'NONE', *, *, #2067, .T. ) ;
#124 = VECTOR ( 'NONE', #1585, 1000.000000000000000 ) ;
#125 = CARTESIAN_POINT ( 'NONE',  ( 166.4999999999999716, 3.000000000000002665, -60.00000000000000711 ) ) ;
#126 = ORIENTED_EDGE ( 'NONE', *, *, #3638, .T. ) ;
#127 = VECTOR ( 'NONE', #4039, 1000.000000000000114 ) ;
#128 = VECTOR ( 'NONE', #4097, 1000.000000000000000 ) ;
#129 = APPROVAL_ROLE ( '' ) ;
#130 = CARTESIAN_POINT ( 'NONE',  ( 9.999999999999989342, 3.000000000000002665, 59.50000000000000711 ) ) ;
#131 = ORIENTED_EDGE ( 'NONE', *, *, #394, .F. ) ;
#132 = ORIENTED_EDGE ( 'NONE', *, *, #1751, .T. ) ;
#133 = FACE_OUTER_BOUND ( 'NONE', #1408, .T. ) ;
#134 = ORIENTED_EDGE ( 'NONE', *, *, #4795, .T. ) ;
#135 = DIRECTION ( 'NONE',  ( 0.000000000000000000, 0.000000000000000000, 1.000000000000000000 ) ) ;
#136 = DIRECTION ( 'NONE',  ( 1.000000000000000000, -0.000000000000000000, -0.000000000000000000 ) ) ;
#137 = LINE ( 'NONE', #4421, #1208 ) ;
#138 = FACE_BOUND ( 'NONE', #5029, .T. ) ;
#139 = ORIENTED_EDGE ( 'NONE', *, *, #413, .T. ) ;
#140 =( BOUNDED_CURVE ( )  B_SPLINE_CURVE ( 3, ( #3043, #2617, #1425, #4607 ),
 .UNSPECIFIED., .F., .F. ) 
 B_SPLINE_CURVE_WITH_KNOTS ( ( 4, 4 ),
 ( 0.000000000000000000, 0.7853981633974485010 ),
 .UNSPECIFIED. ) 
 CURVE ( )  GEOMETRIC_REPRESENTATION_ITEM ( )  RATIONAL_B_SPLINE_CURVE ( ( 1.000000000000000000, 0.9492530216741911220, 0.9492530216741911220, 1.000000000000000000 ) ) 
 REPRESENTATION_ITEM ( '' )  );
#141 = EDGE_CURVE ( 'NONE', #3520, #2423, #3689, .T. ) ;
#142 = DIRECTION ( 'NONE',  ( -1.000000000000000000, -0.000000000000000000, -0.000000000000000000 ) ) ;
#143 = CIRCLE ( 'NONE', #4792, 5.000000000000004441 ) ;
#144 = LINE ( 'NONE', #290, #4238 ) ;
#145 = CARTESIAN_POINT ( 'NONE',  ( 161.9999999999999716, 3.000000000000002665, -60.00000000000000711 ) ) ;
#146 = EDGE_LOOP ( 'NONE', ( #298, #4562, #4416, #183 ) ) ;
#147 = PLANE ( 'NONE',  #1415 ) ;
#148 = EDGE_LOOP ( 'NONE', ( #981, #3279, #3453, #2365 ) ) ;
#149 = ADVANCED_FACE ( 'NONE', ( #1354 ), #2926, .T. ) ;
#150 = ORIENTED_EDGE ( 'NONE', *, *, #4055, .T. ) ;
#151 = EDGE_CURVE ( 'NONE', #4591, #914, #3717, .T. ) ;
#152 = CARTESIAN_POINT ( 'NONE',  ( 156.9999999999999716, 1.000000000000001332, 59.86561944896766363 ) ) ;
#153 = CARTESIAN_POINT ( 'NONE',  ( 7.999999999999992895, 3.000000000000002665, 64.50000000000000000 ) ) ;
#154 = DIRECTION ( 'NONE',  ( 0.000000000000000000, 0.000000000000000000, -1.000000000000000000 ) ) ;
#155 = CARTESIAN_POINT ( 'NONE',  ( 0.000000000000000000, 0.000000000000000000, 0.000000000000000000 ) ) ;
#156 = DIRECTION ( 'NONE',  ( 0.000000000000000000, 0.000000000000000000, 1.000000000000000000 ) ) ;
#157 = DIRECTION ( 'NONE',  ( -1.000000000000000000, 0.000000000000000000, 0.000000000000000000 ) ) ;
#158 = ORIENTED_EDGE ( 'NONE', *, *, #3049, .T. ) ;
#159 = CARTESIAN_POINT ( 'NONE',  ( 89.99999999999998579, 0.000000000000000000, -60.00000000000000711 ) ) ;
#160 = AXIS2_PLACEMENT_3D ( 'NONE', #4722, #2419, #3168 ) ;
#161 = EDGE_LOOP ( 'NONE', ( #4081, #4624, #150, #3581 ) ) ;
#162 = ORIENTED_EDGE ( 'NONE', *, *, #3631, .F. ) ;
#163 = CIRCLE ( 'NONE', #5056, 64.50000000000000000 ) ;
#164 = CARTESIAN_POINT ( 'NONE',  ( -38.45626663143507784, 40.00000000000000000, 26.82687348075205946 ) ) ;
#165 = ORIENTED_EDGE ( 'NONE', *, *, #237, .T. ) ;
#166 = CARTESIAN_POINT ( 'NONE',  ( 156.9999999999999716, 0.000000000000000000, 59.50000000000000711 ) ) ;
#167 = AXIS2_PLACEMENT_3D ( 'NONE', #3730, #2838, #947 ) ;
#168 = ORIENTED_EDGE ( 'NONE', *, *, #116, .F. ) ;
#169 = DIRECTION ( 'NONE',  ( 0.000000000000000000, -1.000000000000000000, 0.000000000000000000 ) ) ;
#170 = VECTOR ( 'NONE', #877, 1000.000000000000000 ) ;
#171 = DIRECTION ( 'NONE',  ( -0.000000000000000000, -1.000000000000000000, -0.000000000000000000 ) ) ;
#172 = EDGE_LOOP ( 'NONE', ( #760, #3645, #2505, #229 ) ) ;
#173 = EDGE_LOOP ( 'NONE', ( #1667, #2677, #2123, #2814, #1798, #4102 ) ) ;
#174 = CARTESIAN_POINT ( 'NONE',  ( 86.99999999999998579, 3.000000000000002665, 59.50000000000000711 ) ) ;
#175 = LINE ( 'NONE', #3211, #2751 ) ;
#176 = CARTESIAN_POINT ( 'NONE',  ( 166.6343805510323648, 1.000000000000001332, 59.50000000000000711 ) ) ;
#177 = ADVANCED_FACE ( 'NONE', ( #326 ), #1649, .F. ) ;
#178 = EDGE_CURVE ( 'NONE', #2121, #1891, #3296, .T. ) ;
#179 = FACE_OUTER_BOUND ( 'NONE', #4720, .T. ) ;
#180 = EDGE_CURVE ( 'NONE', #557, #2871, #2263, .T. ) ;
#181 = CARTESIAN_POINT ( 'NONE',  ( 12.99999999999998579, 1.000000000000029088, 59.86561944896765652 ) ) ;
#182 = ORIENTED_EDGE ( 'NONE', *, *, #4887, .T. ) ;
#183 = ORIENTED_EDGE ( 'NONE', *, *, #4541, .F. ) ;
#184 = CARTESIAN_POINT ( 'NONE',  ( 166.8535533905932766, 1.146446609406725381, 59.64644660940673759 ) ) ;
#185 = CARTESIAN_POINT ( 'NONE',  ( 3.500000000000003109, 1.000000000000028644, 59.50000000000000711 ) ) ;
#186 = ORIENTED_EDGE ( 'NONE', *, *, #2639, .F. ) ;
#187 = VECTOR ( 'NONE', #4241, 1000.000000000000000 ) ;
#188 = CARTESIAN_POINT ( 'NONE',  ( 84.99999999999997158, 3.000000000000000444, -60.00000000000000711 ) ) ;
#189 = ORIENTED_EDGE ( 'NONE', *, *, #679, .F. ) ;
#190 = VECTOR ( 'NONE', #4496, 1000.000000000000000 ) ;
#191 = DIRECTION ( 'NONE',  ( 0.000000000000000000, 0.000000000000000000, 1.000000000000000000 ) ) ;
#192 = EDGE_LOOP ( 'NONE', ( #3499, #4429, #3741, #4111, #2256, #1746, #3496 ) ) ;
#193 = VERTEX_POINT ( 'NONE', #1087 ) ;
#194 = LOCAL_TIME ( 14, 27, 11.00000000000000000, #1742 ) ;
#195 = AXIS2_PLACEMENT_3D ( 'NONE', #2217, #3349, #1025 ) ;
#196 = VECTOR ( 'NONE', #4754, 999.9999999999998863 ) ;
#197 = EDGE_LOOP ( 'NONE', ( #2600, #2304, #1017, #4223, #4228 ) ) ;
#198 = CARTESIAN_POINT ( 'NONE',  ( 0.000000000000000000, 0.000000000000000000, 58.50000000000000000 ) ) ;
#199 = CIRCLE ( 'NONE', #3944, 0.5000000000000004441 ) ;
#200 = ADVANCED_FACE ( 'NONE', ( #3432 ), #5025, .F. ) ;
#201 = LINE ( 'NONE', #1747, #4695 ) ;
#202 = DIRECTION ( 'NONE',  ( -1.224646799147353454E-16, 0.000000000000000000, -1.000000000000000000 ) ) ;
#203 = AXIS2_PLACEMENT_3D ( 'NONE', #2797, #1661, #4349 ) ;
#204 = DIRECTION ( 'NONE',  ( -1.000000000000000000, 0.000000000000000000, 0.000000000000000000 ) ) ;
#205 = EDGE_LOOP ( 'NONE', ( #5043, #1461, #3590, #2894 ) ) ;
#206 = EDGE_CURVE ( 'NONE', #3938, #3369, #376, .T. ) ;
#207 = EDGE_LOOP ( 'NONE', ( #4740, #2934, #3863, #2093, #2429, #4797, #2927, #2981 ) ) ;
#208 = AXIS2_PLACEMENT_3D ( 'NONE', #4048, #3312, #4465 ) ;
#209 = EDGE_CURVE ( 'NONE', #2466, #3737, #1895, .T. ) ;
#210 = LINE ( 'NONE', #4469, #437 ) ;
#211 = DIRECTION ( 'NONE',  ( 0.000000000000000000, 1.000000000000000000, 0.000000000000000000 ) ) ;
#212 = CYLINDRICAL_SURFACE ( 'NONE', #2103, 0.5000000000000004441 ) ;
#213 = CC_DESIGN_DATE_AND_TIME_ASSIGNMENT ( #3614, #255, ( #1313 ) ) ;
#214 = ORIENTED_EDGE ( 'NONE', *, *, #1557, .F. ) ;
#215 = ORIENTED_EDGE ( 'NONE', *, *, #4575, .T. ) ;
#216 = DIRECTION ( 'NONE',  ( -0.000000000000000000, 1.000000000000000000, -0.000000000000000000 ) ) ;
#217 = CARTESIAN_POINT ( 'NONE',  ( 161.9999999999999716, 3.000000000000000000, 59.50000000000000711 ) ) ;
#218 = CARTESIAN_POINT ( 'NONE',  ( 10.49999999999998934, 3.000000000000003109, 64.50000000000000000 ) ) ;
#219 = CARTESIAN_POINT ( 'NONE',  ( 3.500000000000002665, 3.000000000000002665, -59.50000000000000711 ) ) ;
#220 = VERTEX_POINT ( 'NONE', #4947 ) ;
#221 = AXIS2_PLACEMENT_3D ( 'NONE', #1090, #1848, #3460 ) ;
#222 = DIRECTION ( 'NONE',  ( -0.7071067811865376918, -0.7071067811865574537, -0.000000000000000000 ) ) ;
#223 = ORIENTED_EDGE ( 'NONE', *, *, #4984, .F. ) ;
#224 = CARTESIAN_POINT ( 'NONE',  ( 3.500000000000002665, 0.000000000000000000, 60.00000000000000711 ) ) ;
#225 = VECTOR ( 'NONE', #1488, 1000.000000000000000 ) ;
#226 = ORIENTED_EDGE ( 'NONE', *, *, #687, .F. ) ;
#227 = LINE ( 'NONE', #2183, #4113 ) ;
#228 = CARTESIAN_POINT ( 'NONE',  ( 157.4999999999999432, 3.000000000000007550, -64.50000000000000000 ) ) ;
#229 = ORIENTED_EDGE ( 'NONE', *, *, #1110, .F. ) ;
#230 = CARTESIAN_POINT ( 'NONE',  ( 157.0514252105121216, 1.051425210512173969, -59.74146800830128257 ) ) ;
#231 = FACE_BOUND ( 'NONE', #3834, .T. ) ;
#232 = VERTEX_POINT ( 'NONE', #4969 ) ;
#233 = ORIENTED_EDGE ( 'NONE', *, *, #4064, .F. ) ;
#234 = DIRECTION ( 'NONE',  ( -1.000000000000000000, 0.000000000000000000, 0.000000000000000000 ) ) ;
#235 = CARTESIAN_POINT ( 'NONE',  ( 79.99999999999998579, 0.9999999999999408251, 64.00000000000000000 ) ) ;
#236 = CARTESIAN_POINT ( 'NONE',  ( 104.0000000000016200, -52.00000000000031974, -6.500000000001151079 ) ) ;
#237 = EDGE_CURVE ( 'NONE', #1650, #1019, #1735, .T. ) ;
#238 = CYLINDRICAL_SURFACE ( 'NONE', #1970, 0.5000000000000004441 ) ;
#239 = CYLINDRICAL_SURFACE ( 'NONE', #4266, 0.5000000000000004441 ) ;
#240 = CARTESIAN_POINT ( 'NONE',  ( 167.9999999999999716, 0.000000000000000000, 58.50000000000000000 ) ) ;
#241 = VERTEX_POINT ( 'NONE', #4567 ) ;
#242 = EDGE_CURVE ( 'NONE', #2780, #3574, #3619, .T. ) ;
#243 = ORIENTED_EDGE ( 'NONE', *, *, #3023, .T. ) ;
#244 = AXIS2_PLACEMENT_3D ( 'NONE', #684, #3382, #1810 ) ;
#245 = ORIENTED_EDGE ( 'NONE', *, *, #3087, .F. ) ;
#246 = ADVANCED_FACE ( 'NONE', ( #4253 ), #3391, .F. ) ;
#247 = EDGE_CURVE ( 'NONE', #2421, #3641, #3701, .T. ) ;
#248 = CARTESIAN_POINT ( 'NONE',  ( 89.99999999999998579, 1.000000000000028644, -60.00000000000000711 ) ) ;
#249 = CIRCLE ( 'NONE', #1362, 4.500000000000003553 ) ;
#250 = DIRECTION ( 'NONE',  ( -0.000000000000000000, 1.000000000000000000, -0.000000000000000000 ) ) ;
#251 = ORIENTED_EDGE ( 'NONE', *, *, #4130, .F. ) ;
#252 = ORIENTED_EDGE ( 'NONE', *, *, #1624, .T. ) ;
#253 = VECTOR ( 'NONE', #2842, 1000.000000000000000 ) ;
#254 = FACE_OUTER_BOUND ( 'NONE', #912, .T. ) ;
#255 = DATE_TIME_ROLE ( 'creation_date' ) ;
#256 = ORIENTED_EDGE ( 'NONE', *, *, #1754, .F. ) ;
#257 = DIRECTION ( 'NONE',  ( 0.000000000000000000, 0.000000000000000000, -1.000000000000000000 ) ) ;
#258 = CARTESIAN_POINT ( 'NONE',  ( 166.8535533905932766, 1.146446609406727823, -59.64644660940672338 ) ) ;
#259 = DIRECTION ( 'NONE',  ( 0.000000000000000000, 0.000000000000000000, 1.000000000000000000 ) ) ;
#260 = ORIENTED_EDGE ( 'NONE', *, *, #3328, .T. ) ;
#261 = ORIENTED_EDGE ( 'NONE', *, *, #2764, .T. ) ;
#262 = DIRECTION ( 'NONE',  ( 0.000000000000000000, 8.673617379884027583E-16, -1.000000000000000000 ) ) ;
#263 = DIRECTION ( 'NONE',  ( -0.000000000000000000, 1.000000000000000000, -0.000000000000000000 ) ) ;
#264 = DIRECTION ( 'NONE',  ( 0.000000000000000000, 0.000000000000000000, 1.000000000000000000 ) ) ;
#265 = CARTESIAN_POINT ( 'NONE',  ( -21.41954159403425351, 40.62180185532525201, 13.32687348075206302 ) ) ;
#266 = ORIENTED_EDGE ( 'NONE', *, *, #3234, .T. ) ;
#267 = DIRECTION ( 'NONE',  ( -0.000000000000000000, 1.000000000000000000, -0.000000000000000000 ) ) ;
#268 = EDGE_CURVE ( 'NONE', #241, #1701, #740, .T. ) ;
#269 = CARTESIAN_POINT ( 'NONE',  ( -23.20626663143508495, 20.62180185532525556, 13.32687348075206302 ) ) ;
#270 = CARTESIAN_POINT ( 'NONE',  ( 8.000000000000000000, 3.000000000000002665, -64.50000000000000000 ) ) ;
#271 = ORIENTED_EDGE ( 'NONE', *, *, #1915, .T. ) ;
#272 = VERTEX_POINT ( 'NONE', #690 ) ;
#273 = EDGE_CURVE ( 'NONE', #3270, #2054, #5013, .T. ) ;
#274 = EDGE_CURVE ( 'NONE', #1749, #3925, #1247, .T. ) ;
#275 = CARTESIAN_POINT ( 'NONE',  ( 7.999999999999992895, 3.000000000000002665, 64.00000000000000000 ) ) ;
#276 = DIRECTION ( 'NONE',  ( 0.000000000000000000, 1.000000000000000000, 0.000000000000000000 ) ) ;
#277 = ORIENTED_EDGE ( 'NONE', *, *, #4541, .T. ) ;
#278 = DIRECTION ( 'NONE',  ( 0.000000000000000000, 0.000000000000000000, -1.000000000000000000 ) ) ;
#279 = AXIS2_PLACEMENT_3D ( 'NONE', #4610, #2267, #4997 ) ;
#280 = CARTESIAN_POINT ( 'NONE',  ( -24.64471652123327061, 0.1176327569706076270, 13.32687348075205946 ) ) ;
#281 = DIRECTION ( 'NONE',  ( 0.000000000000000000, -1.000000000000000000, 0.000000000000000000 ) ) ;
#282 = DIRECTION ( 'NONE',  ( 0.000000000000000000, 0.000000000000000000, 1.000000000000000000 ) ) ;
#283 = AXIS2_PLACEMENT_3D ( 'NONE', #2763, #4311, #1597 ) ;
#284 = DIRECTION ( 'NONE',  ( 1.000000000000000000, 9.540979117872431131E-15, 0.000000000000000000 ) ) ;
#285 = CIRCLE ( 'NONE', #4272, 0.5000000000000004441 ) ;
#286 = CARTESIAN_POINT ( 'NONE',  ( -38.45626663143507784, 59.75000000000000000, 13.32687348075206302 ) ) ;
#287 = ORIENTED_EDGE ( 'NONE', *, *, #3662, .T. ) ;
#288 = CIRCLE ( 'NONE', #3706, 0.5000000000000004441 ) ;
#289 = CARTESIAN_POINT ( 'NONE',  ( 12.75853199169869789, 1.051425210512195729, 59.55142521051217841 ) ) ;
#290 = CARTESIAN_POINT ( 'NONE',  ( 80.50000000000000000, 3.000000000000023537, 59.50000000000000711 ) ) ;
#291 = DIRECTION ( 'NONE',  ( -1.000000000000000000, 0.000000000000000000, 0.000000000000000000 ) ) ;
#292 = DIRECTION ( 'NONE',  ( 1.000000000000000000, -4.336808689942013792E-15, 0.000000000000000000 ) ) ;
#293 = CARTESIAN_POINT ( 'NONE',  ( 157.1464466094066950, 1.146446609406721828, 59.64644660940672338 ) ) ;
#294 = VECTOR ( 'NONE', #3498, 1000.000000000000000 ) ;
#295 = ORIENTED_EDGE ( 'NONE', *, *, #2157, .F. ) ;
#296 = CARTESIAN_POINT ( 'NONE',  ( 0.000000000000000000, 0.000000000000000000, -58.49999999999995026 ) ) ;
#297 = CIRCLE ( 'NONE', #1580, 3.750000000000000000 ) ;
#298 = ORIENTED_EDGE ( 'NONE', *, *, #4977, .F. ) ;
#299 = LINE ( 'NONE', #3789, #1206 ) ;
#300 = CARTESIAN_POINT ( 'NONE',  ( -22.76742594393445884, 55.00000000000000000, 10.32687348075206302 ) ) ;
#301 = ORIENTED_EDGE ( 'NONE', *, *, #452, .T. ) ;
#302 = EDGE_CURVE ( 'NONE', #3823, #3860, #4644, .T. ) ;
#303 = ORIENTED_EDGE ( 'NONE', *, *, #4798, .T. ) ;
#304 = EDGE_CURVE ( 'NONE', #3256, #4800, #3798, .T. ) ;
#305 = DIRECTION ( 'NONE',  ( -1.000000000000000000, 0.000000000000000000, 0.000000000000000000 ) ) ;
#306 = EDGE_CURVE ( 'NONE', #3860, #365, #2570, .T. ) ;
#307 = ADVANCED_FACE ( 'NONE', ( #1845 ), #3031, .F. ) ;
#308 = CARTESIAN_POINT ( 'NONE',  ( 80.49999999999998579, 1.500000000000008216, -64.50000000000000000 ) ) ;
#309 = VECTOR ( 'NONE', #3051, 1000.000000000000000 ) ;
#310 = EDGE_CURVE ( 'NONE', #557, #3218, #16, .T. ) ;
#311 = ORIENTED_EDGE ( 'NONE', *, *, #640, .F. ) ;
#312 = CARTESIAN_POINT ( 'NONE',  ( 8.000000000000000000, 3.000000000000002665, -59.50000000000000711 ) ) ;
#313 = DIRECTION ( 'NONE',  ( 0.000000000000000000, 0.000000000000000000, 1.000000000000000000 ) ) ;
#314 = DIRECTION ( 'NONE',  ( -1.000000000000000000, 0.000000000000000000, 0.000000000000000000 ) ) ;
#315 = CARTESIAN_POINT ( 'NONE',  ( 3.500000000000002665, 3.000000000000002665, 59.50000000000000711 ) ) ;
#316 = FACE_OUTER_BOUND ( 'NONE', #2278, .T. ) ;
#317 = CARTESIAN_POINT ( 'NONE',  ( 89.50000000000000000, 2.999999999999981792, 59.50000000000000711 ) ) ;
#318 = ORIENTED_EDGE ( 'NONE', *, *, #3534, .T. ) ;
#319 = DIRECTION ( 'NONE',  ( 4.625929269271485322E-15, 1.000000000000000000, 0.000000000000000000 ) ) ;
#320 = ORIENTED_EDGE ( 'NONE', *, *, #2582, .F. ) ;
#321 = CARTESIAN_POINT ( 'NONE',  ( -22.76742594393445884, 55.00000000000000000, 10.32687348075206302 ) ) ;
#322 = DIRECTION ( 'NONE',  ( 0.000000000000000000, 1.000000000000000000, 0.000000000000000000 ) ) ;
#323 = VERTEX_POINT ( 'NONE', #4406 ) ;
#324 = VECTOR ( 'NONE', #2816, 1000.000000000000000 ) ;
#325 = VERTEX_POINT ( 'NONE', #2384 ) ;
#326 = FACE_OUTER_BOUND ( 'NONE', #1150, .T. ) ;
#327 = DIRECTION ( 'NONE',  ( 1.000000000000000000, 0.000000000000000000, 0.000000000000000000 ) ) ;
#328 = ADVANCED_FACE ( 'NONE', ( #2361 ), #3940, .F. ) ;
#329 = DIRECTION ( 'NONE',  ( -0.7071067811865474617, 0.7071067811865474617, 0.000000000000000000 ) ) ;
#330 = EDGE_LOOP ( 'NONE', ( #4040, #3545, #2758, #2879 ) ) ;
#331 = ORIENTED_EDGE ( 'NONE', *, *, #247, .T. ) ;
#332 = EDGE_CURVE ( 'NONE', #397, #4007, #4965, .T. ) ;
#333 = DIRECTION ( 'NONE',  ( -8.673617379884026597E-16, -1.000000000000000000, -8.673617379884026597E-16 ) ) ;
#334 = CARTESIAN_POINT ( 'NONE',  ( 84.99999999999997158, 1.000000000000028644, -59.50000000000000711 ) ) ;
#335 = CARTESIAN_POINT ( 'NONE',  ( 89.99999999999998579, 1.000000000000028644, -64.00000000000000000 ) ) ;
#336 = CARTESIAN_POINT ( 'NONE',  ( 166.9999999999999716, 1.000000000000000888, -59.50000000000000711 ) ) ;
#337 = PLANE ( 'NONE',  #2387 ) ;
#338 = VERTEX_POINT ( 'NONE', #4693 ) ;
#339 = VERTEX_POINT ( 'NONE', #4742 ) ;
#340 = CARTESIAN_POINT ( 'NONE',  ( -26.20626663143508495, 10.62180185532525556, 13.32687348075206302 ) ) ;
#341 = CARTESIAN_POINT ( 'NONE',  ( 7.999999999999992895, 3.000000000000002665, 64.50000000000000000 ) ) ;
#342 = LINE ( 'NONE', #1888, #3573 ) ;
#343 = CARTESIAN_POINT ( 'NONE',  ( 0.000000000000000000, 0.000000000000000000, -64.50000000000000000 ) ) ;
#344 = ORIENTED_EDGE ( 'NONE', *, *, #2323, .F. ) ;
#345 = CARTESIAN_POINT ( 'NONE',  ( 89.85355339059324820, 1.146446609406669870, 59.64644660940673759 ) ) ;
#346 = ORIENTED_EDGE ( 'NONE', *, *, #2034, .T. ) ;
#347 = DIRECTION ( 'NONE',  ( -0.000000000000000000, -0.7071067811865378028, -0.7071067811865573427 ) ) ;
#348 = LINE ( 'NONE', #5026, #2672 ) ;
#349 = LINE ( 'NONE', #1900, #225 ) ;
#350 = VECTOR ( 'NONE', #142, 1000.000000000000000 ) ;
#351 = CARTESIAN_POINT ( 'NONE',  ( 84.99999999999997158, 3.000000000000000444, -64.00000000000000000 ) ) ;
#352 = ORIENTED_EDGE ( 'NONE', *, *, #3500, .T. ) ;
#353 = ADVANCED_FACE ( 'NONE', ( #809 ), #3964, .T. ) ;
#354 = VECTOR ( 'NONE', #2755, 1000.000000000000114 ) ;
#355 = CONICAL_SURFACE ( 'NONE', #4850, 23.26794919243110726, 1.047197551196595189 ) ;
#356 = CARTESIAN_POINT ( 'NONE',  ( 0.000000000000000000, 20.62180185532525556, 0.000000000000000000 ) ) ;
#357 = CARTESIAN_POINT ( 'NONE',  ( 0.000000000000000000, 53.26794919243116055, 0.000000000000000000 ) ) ;
#358 = CYLINDRICAL_SURFACE ( 'NONE', #4679, 0.5000000000000004441 ) ;
#359 = EDGE_LOOP ( 'NONE', ( #2822, #2408, #956, #1738 ) ) ;
#360 = CARTESIAN_POINT ( 'NONE',  ( 159.9999999999999716, 3.000000000000000444, 64.00000000000000000 ) ) ;
#361 = AXIS2_PLACEMENT_3D ( 'NONE', #4135, #211, #3320 ) ;
#362 = FACE_OUTER_BOUND ( 'NONE', #1473, .T. ) ;
#363 = EDGE_CURVE ( 'NONE', #590, #492, #779, .T. ) ;
#364 = EDGE_CURVE ( 'NONE', #1332, #590, #4024, .T. ) ;
#365 = VERTEX_POINT ( 'NONE', #2017 ) ;
#366 = AXIS2_PLACEMENT_3D ( 'NONE', #1458, #1536, #3114 ) ;
#367 = CYLINDRICAL_SURFACE ( 'NONE', #3451, 64.50000000000000000 ) ;
#368 = CIRCLE ( 'NONE', #2400, 20.00000000000000000 ) ;
#369 = DIRECTION ( 'NONE',  ( -0.000000000000000000, -1.000000000000000000, -0.000000000000000000 ) ) ;
#370 = CARTESIAN_POINT ( 'NONE',  ( -29.95626663143508139, 59.75000000000000000, 10.95187348075206479 ) ) ;
#371 = PLANE ( 'NONE',  #4775 ) ;
#372 = ORIENTED_EDGE ( 'NONE', *, *, #1189, .T. ) ;
#373 = AXIS2_PLACEMENT_3D ( 'NONE', #1696, #1715, #4464 ) ;
#374 = DIRECTION ( 'NONE',  ( 0.000000000000000000, 0.000000000000000000, -1.000000000000000000 ) ) ;
#375 = EDGE_LOOP ( 'NONE', ( #2139, #4811 ) ) ;
#376 = LINE ( 'NONE', #3409, #3945 ) ;
#377 = CARTESIAN_POINT ( 'NONE',  ( 12.99999999999998579, 1.000000000000028200, 64.29289321881346098 ) ) ;
#378 = ORIENTED_EDGE ( 'NONE', *, *, #4417, .F. ) ;
#379 = CARTESIAN_POINT ( 'NONE',  ( 3.000000000000002665, 3.000000000000002665, 59.50000000000000711 ) ) ;
#380 = DIRECTION ( 'NONE',  ( 0.000000000000000000, 0.000000000000000000, -1.000000000000000000 ) ) ;
#381 = LINE ( 'NONE', #4699, #3862 ) ;
#382 = CARTESIAN_POINT ( 'NONE',  ( -24.95626663143508139, 40.00000000000000000, 13.32687348075206302 ) ) ;
#383 = CARTESIAN_POINT ( 'NONE',  ( -38.45626663143507784, 59.75000000000000000, 9.576873480752063017 ) ) ;
#384 = ORIENTED_EDGE ( 'NONE', *, *, #4513, .F. ) ;
#385 = DIRECTION ( 'NONE',  ( 1.224646799147353207E-16, 1.000000000000000000, 0.000000000000000000 ) ) ;
#386 = VERTEX_POINT ( 'NONE', #1255 ) ;
#387 = EDGE_CURVE ( 'NONE', #3921, #2238, #288, .T. ) ;
#388 = LINE ( 'NONE', #1912, #2391 ) ;
#389 = PLANE ( 'NONE',  #4193 ) ;
#390 = EDGE_CURVE ( 'NONE', #1891, #2052, #2821, .T. ) ;
#391 = CARTESIAN_POINT ( 'NONE',  ( 177.0000000000000000, 0.000000000000000000, -57.49999999999999289 ) ) ;
#392 = DIRECTION ( 'NONE',  ( -0.000000000000000000, -1.000000000000000000, -0.000000000000000000 ) ) ;
#393 = VERTEX_POINT ( 'NONE', #4325 ) ;
#394 = EDGE_CURVE ( 'NONE', #1994, #4538, #4375, .T. ) ;
#395 = ADVANCED_FACE ( 'NONE', ( #418 ), #881, .T. ) ;
#396 = CARTESIAN_POINT ( 'NONE',  ( 3.500000000000002665, 3.000000000000002665, 64.50000000000000000 ) ) ;
#397 = VERTEX_POINT ( 'NONE', #834 ) ;
#398 = DIRECTION ( 'NONE',  ( -4.336808689942013792E-15, -1.000000000000000000, -0.000000000000000000 ) ) ;
#399 = CARTESIAN_POINT ( 'NONE',  ( 89.49999999999998579, 0.9999999999999410472, 59.50000000000000711 ) ) ;
#400 = AXIS2_PLACEMENT_3D ( 'NONE', #166, #2115, #3678 ) ;
#401 = DIRECTION ( 'NONE',  ( -1.000000000000000000, 0.000000000000000000, 0.000000000000000000 ) ) ;
#402 = CIRCLE ( 'NONE', #1063, 29.00000000000000000 ) ;
#403 = DIRECTION ( 'NONE',  ( 0.000000000000000000, 0.000000000000000000, -1.000000000000000000 ) ) ;
#404 = LINE ( 'NONE', #3512, #1964 ) ;
#405 = ORIENTED_EDGE ( 'NONE', *, *, #640, .T. ) ;
#406 = EDGE_LOOP ( 'NONE', ( #2860, #568, #123, #2803 ) ) ;
#407 = CARTESIAN_POINT ( 'NONE',  ( 0.000000000000000000, 0.000000000000000000, 0.000000000000000000 ) ) ;
#408 = CARTESIAN_POINT ( 'NONE',  ( -29.95626663143508139, 59.75000000000000000, 15.70187348075206124 ) ) ;
#409 = ORIENTED_EDGE ( 'NONE', *, *, #4918, .T. ) ;
#410 = DIRECTION ( 'NONE',  ( 0.000000000000000000, 0.000000000000000000, 1.000000000000000000 ) ) ;
#411 = EDGE_LOOP ( 'NONE', ( #4000, #4280, #3124, #3217, #1634, #1637, #4968, #2398 ) ) ;
#412 = VERTEX_POINT ( 'NONE', #2336 ) ;
#413 = EDGE_CURVE ( 'NONE', #3115, #4410, #2435, .T. ) ;
#414 = DIRECTION ( 'NONE',  ( -1.000000000000000000, 0.000000000000000000, 0.000000000000000000 ) ) ;
#415 = DIRECTION ( 'NONE',  ( 0.000000000000000000, 1.000000000000000000, 0.000000000000000000 ) ) ;
#416 = VERTEX_POINT ( 'NONE', #2044 ) ;
#417 = CARTESIAN_POINT ( 'NONE',  ( -21.15170071715339972, 50.62180185532525911, 13.32687348075206302 ) ) ;
#418 = FACE_OUTER_BOUND ( 'NONE', #2965, .T. ) ;
#419 = VERTEX_POINT ( 'NONE', #121 ) ;
#420 = EDGE_CURVE ( 'NONE', #3195, #2450, #4938, .T. ) ;
#421 = EDGE_CURVE ( 'NONE', #4389, #3707, #4995, .T. ) ;
#422 = FACE_OUTER_BOUND ( 'NONE', #4058, .T. ) ;
#423 = FACE_OUTER_BOUND ( 'NONE', #47, .T. ) ;
#424 = EDGE_LOOP ( 'NONE', ( #1112, #1736, #503, #4643, #3316 ) ) ;
#425 = CARTESIAN_POINT ( 'NONE',  ( 84.99999999999997158, 3.000000000000002665, 64.00000000000000000 ) ) ;
#426 = CARTESIAN_POINT ( 'NONE',  ( 177.0000000000000000, -3.000000000000000000, 64.50000000000000000 ) ) ;
#427 = DIRECTION ( 'NONE',  ( 0.000000000000000000, -1.000000000000000000, 0.000000000000000000 ) ) ;
#428 = VECTOR ( 'NONE', #1521, 1000.000000000000000 ) ;
#429 = ORIENTED_EDGE ( 'NONE', *, *, #4164, .T. ) ;
#430 = EDGE_LOOP ( 'NONE', ( #3821, #1491, #2989, #4129, #959, #1312, #4459, #2087 ) ) ;
#431 = ORIENTED_EDGE ( 'NONE', *, *, #1722, .F. ) ;
#432 = VECTOR ( 'NONE', #1052, 999.9999999999998863 ) ;
#433 = AXIS2_PLACEMENT_3D ( 'NONE', #2475, #1293, #1198 ) ;
#434 = FACE_OUTER_BOUND ( 'NONE', #4445, .T. ) ;
#435 = VECTOR ( 'NONE', #1070, 1000.000000000000000 ) ;
#436 = DIRECTION ( 'NONE',  ( 0.000000000000000000, 0.000000000000000000, 1.000000000000000000 ) ) ;
#437 = VECTOR ( 'NONE', #965, 1000.000000000000000 ) ;
#438 = FACE_BOUND ( 'NONE', #1512, .T. ) ;
#439 = ORIENTED_EDGE ( 'NONE', *, *, #4984, .T. ) ;
#440 = VECTOR ( 'NONE', #685, 1000.000000000000000 ) ;
#441 = CARTESIAN_POINT ( 'NONE',  ( -26.20626663143508495, 59.75000000000000000, 13.32687348075206302 ) ) ;
#442 = FACE_OUTER_BOUND ( 'NONE', #4778, .T. ) ;
#443 = ORIENTED_EDGE ( 'NONE', *, *, #3669, .T. ) ;
#444 = DIRECTION ( 'NONE',  ( 0.000000000000000000, 0.000000000000000000, -1.000000000000000000 ) ) ;
#445 = CARTESIAN_POINT ( 'NONE',  ( 3.146446609406730488, 1.146446609406752692, 59.64644660940673049 ) ) ;
#446 = ADVANCED_FACE ( 'NONE', ( #3894 ), #3622, .T. ) ;
#447 = AXIS2_PLACEMENT_3D ( 'NONE', #87, #1627, #3983 ) ;
#448 = ADVANCED_FACE ( 'NONE', ( #857 ), #1792, .T. ) ;
#449 = CARTESIAN_POINT ( 'NONE',  ( 12.49999999999998401, 0.000000000000000000, 60.00000000000000711 ) ) ;
#450 = ORIENTED_EDGE ( 'NONE', *, *, #4858, .T. ) ;
#451 = EDGE_CURVE ( 'NONE', #3195, #979, #4818, .T. ) ;
#452 = EDGE_CURVE ( 'NONE', #819, #3376, #523, .T. ) ;
#453 = DIRECTION ( 'NONE',  ( -0.000000000000000000, 1.000000000000000000, -0.000000000000000000 ) ) ;
#454 = DIRECTION ( 'NONE',  ( -0.000000000000000000, 0.000000000000000000, 1.000000000000000000 ) ) ;
#455 = VERTEX_POINT ( 'NONE', #219 ) ;
#456 = ORIENTED_EDGE ( 'NONE', *, *, #3262, .F. ) ;
#457 = ORIENTED_EDGE ( 'NONE', *, *, #982, .T. ) ;
#458 =( BOUNDED_CURVE ( )  B_SPLINE_CURVE ( 3, ( #1951, #24, #4678, #1570 ),
 .UNSPECIFIED., .F., .F. ) 
 B_SPLINE_CURVE_WITH_KNOTS ( ( 4, 4 ),
 ( 0.000000000000000000, 1.570796326794897446 ),
 .UNSPECIFIED. ) 
 CURVE ( )  GEOMETRIC_REPRESENTATION_ITEM ( )  RATIONAL_B_SPLINE_CURVE ( ( 1.000000000000000000, 0.8047378541243648264, 0.8047378541243648264, 1.000000000000000000 ) ) 
 REPRESENTATION_ITEM ( '' )  );
#459 = CIRCLE ( 'NONE', #3314, 1.999999999999996669 ) ;
#460 = CARTESIAN_POINT ( 'NONE',  ( 3.146446609406728712, 1.146446609406730710, -59.64644660940673049 ) ) ;
#461 = CIRCLE ( 'NONE', #1041, 2.000000000000001776 ) ;
#462 = CARTESIAN_POINT ( 'NONE',  ( 166.4999999999999716, 3.000000000000000000, 64.50000000000000000 ) ) ;
#463 = CARTESIAN_POINT ( 'NONE',  ( 0.000000000000000000, 53.26794919243116055, 0.000000000000000000 ) ) ;
#464 = ORIENTED_EDGE ( 'NONE', *, *, #107, .F. ) ;
#465 = VERTEX_POINT ( 'NONE', #4014 ) ;
#466 = DIRECTION ( 'NONE',  ( 0.000000000000000000, 0.000000000000000000, -1.000000000000000000 ) ) ;
#467 = CARTESIAN_POINT ( 'NONE',  ( -38.45626663143507784, 61.75000000000000000, 3.276873480752058310 ) ) ;
#468 = CYLINDRICAL_SURFACE ( 'NONE', #3744, 1.500000000000003997 ) ;
#469 = CARTESIAN_POINT ( 'NONE',  ( 89.49999999999998579, 2.312964634635742661E-15, 60.00000000000000711 ) ) ;
#470 = DIRECTION ( 'NONE',  ( 0.000000000000000000, 0.000000000000000000, 1.000000000000000000 ) ) ;
#471 = VECTOR ( 'NONE', #4747, 1000.000000000000000 ) ;
#472 = EDGE_CURVE ( 'NONE', #3673, #4876, #1324, .T. ) ;
#473 = COORDINATED_UNIVERSAL_TIME_OFFSET ( 6, 0, .BEHIND. ) ;
#474 = CARTESIAN_POINT ( 'NONE',  ( -23.20626663143508495, 40.62180185532525201, 10.32687348075206302 ) ) ;
#475 = AXIS2_PLACEMENT_3D ( 'NONE', #1936, #3497, #2767 ) ;
#476 = CARTESIAN_POINT ( 'NONE',  ( 161.9999999999999716, 3.000000000000002665, -60.00000000000000711 ) ) ;
#477 = LINE ( 'NONE', #4441, #4463 ) ;
#478 = EDGE_CURVE ( 'NONE', #2921, #4939, #1251, .T. ) ;
#479 = EDGE_LOOP ( 'NONE', ( #4308, #3617, #3427, #1401 ) ) ;
#480 = TOROIDAL_SURFACE ( 'NONE', #659, 2.499999999999996003, 0.5000000000000000000 ) ;
#481 = ADVANCED_FACE ( 'NONE', ( #3357 ), #147, .T. ) ;
#482 = CARTESIAN_POINT ( 'NONE',  ( 161.9999999999999716, 3.000000000000002665, -59.50000000000000711 ) ) ;
#483 = VERTEX_POINT ( 'NONE', #4084 ) ;
#484 = DIRECTION ( 'NONE',  ( -1.000000000000000000, 0.000000000000000000, 0.000000000000000000 ) ) ;
#485 = CARTESIAN_POINT ( 'NONE',  ( 0.000000000000000000, 53.26794919243116055, -20.00000000000000000 ) ) ;
#486 = CARTESIAN_POINT ( 'NONE',  ( 3.365619448967656968, 1.000000000000000888, -59.50000000000000000 ) ) ;
#487 = ORIENTED_EDGE ( 'NONE', *, *, #1913, .F. ) ;
#488 = ORIENTED_EDGE ( 'NONE', *, *, #390, .F. ) ;
#489 = LINE ( 'NONE', #4577, #1290 ) ;
#490 = DIRECTION ( 'NONE',  ( -1.000000000000000000, 0.000000000000000000, 0.000000000000000000 ) ) ;
#491 = ORIENTED_EDGE ( 'NONE', *, *, #2293, .F. ) ;
#492 = VERTEX_POINT ( 'NONE', #1765 ) ;
#493 = CARTESIAN_POINT ( 'NONE',  ( 0.000000000000000000, 55.00000000000000000, -23.26794919243110726 ) ) ;
#494 = ORIENTED_EDGE ( 'NONE', *, *, #1756, .T. ) ;
#495 = DIRECTION ( 'NONE',  ( 0.000000000000000000, 0.000000000000000000, -1.000000000000000000 ) ) ;
#496 = VERTEX_POINT ( 'NONE', #2870 ) ;
#497 = CARTESIAN_POINT ( 'NONE',  ( 3.000000000000002665, 3.000000000000002665, 60.00000000000000711 ) ) ;
#498 = FACE_OUTER_BOUND ( 'NONE', #3877, .T. ) ;
#499 = EDGE_LOOP ( 'NONE', ( #1000, #2457, #1145, #4342, #4574 ) ) ;
#500 = CARTESIAN_POINT ( 'NONE',  ( 12.94857478948781093, 1.051425210512200392, 59.74146800830128967 ) ) ;
#501 = ORIENTED_EDGE ( 'NONE', *, *, #306, .F. ) ;
#502 = EDGE_CURVE ( 'NONE', #1699, #3671, #2946, .T. ) ;
#503 = ORIENTED_EDGE ( 'NONE', *, *, #3595, .T. ) ;
#504 = AXIS2_PLACEMENT_3D ( 'NONE', #1806, #4347, #3372 ) ;
#505 = DIRECTION ( 'NONE',  ( 1.000000000000000000, 0.000000000000000000, 0.000000000000000000 ) ) ;
#506 = VERTEX_POINT ( 'NONE', #4428 ) ;
#507 = CARTESIAN_POINT ( 'NONE',  ( -23.20626663143508495, 10.62180185532525556, 13.32687348075206302 ) ) ;
#508 = EDGE_CURVE ( 'NONE', #3737, #3818, #931, .T. ) ;
#509 = ADVANCED_FACE ( 'NONE', ( #544 ), #623, .F. ) ;
#510 = FACE_OUTER_BOUND ( 'NONE', #1707, .T. ) ;
#511 = DIRECTION ( 'NONE',  ( -0.000000000000000000, 1.000000000000000000, -0.000000000000000000 ) ) ;
#512 = AXIS2_PLACEMENT_3D ( 'NONE', #4367, #1294, #3981 ) ;
#513 = VECTOR ( 'NONE', #1028, 1000.000000000000000 ) ;
#514 = ORIENTED_EDGE ( 'NONE', *, *, #1619, .T. ) ;
#515 = LOCAL_TIME ( 14, 27, 11.00000000000000000, #473 ) ;
#516 = CARTESIAN_POINT ( 'NONE',  ( 161.9999999999999716, 3.000000000000000000, 64.50000000000000000 ) ) ;
#517 = DIRECTION ( 'NONE',  ( -0.000000000000000000, -1.000000000000000000, -0.000000000000000000 ) ) ;
#518 = CARTESIAN_POINT ( 'NONE',  ( 89.99999999999998579, 3.000000000000000000, -64.00000000000000000 ) ) ;
#519 = AXIS2_PLACEMENT_3D ( 'NONE', #4050, #559, #1672 ) ;
#520 = ORIENTED_EDGE ( 'NONE', *, *, #2058, .F. ) ;
#521 = CARTESIAN_POINT ( 'NONE',  ( 161.9999999999999716, 1.000000000000000888, -59.50000000000000711 ) ) ;
#522 = ORIENTED_EDGE ( 'NONE', *, *, #3803, .F. ) ;
#523 = LINE ( 'NONE', #3277, #1492 ) ;
#524 = VERTEX_POINT ( 'NONE', #1321 ) ;
#525 = AXIS2_PLACEMENT_3D ( 'NONE', #1556, #3161, #3505 ) ;
#526 = DIRECTION ( 'NONE',  ( -0.000000000000000000, 1.000000000000000000, 0.000000000000000000 ) ) ;
#527 = CARTESIAN_POINT ( 'NONE',  ( 159.4999999999999716, 3.000000000000003109, -64.00000000000000000 ) ) ;
#528 = EDGE_LOOP ( 'NONE', ( #450, #556, #3575, #318, #1184, #405, #3110, #3536, #134, #92, #4993, #271, #494, #2287, #4174, #2709, #5012, #3866, #4362, #23, #3780, #1572 ) ) ;
#529 = VECTOR ( 'NONE', #2671, 1000.000000000000000 ) ;
#530 = PLANE ( 'NONE',  #2557 ) ;
#531 = VECTOR ( 'NONE', #1383, 999.9999999999998863 ) ;
#532 = DIRECTION ( 'NONE',  ( -0.000000000000000000, -1.000000000000000000, -0.000000000000000000 ) ) ;
#533 = ORIENTED_EDGE ( 'NONE', *, *, #4313, .F. ) ;
#534 = PLANE ( 'NONE',  #1674 ) ;
#535 = EDGE_LOOP ( 'NONE', ( #1254, #804, #2622, #1651 ) ) ;
#536 = ORIENTED_EDGE ( 'NONE', *, *, #4229, .F. ) ;
#537 = CARTESIAN_POINT ( 'NONE',  ( 161.9999999999999716, 1.000000000000000888, 59.50000000000000711 ) ) ;
#538 = DIRECTION ( 'NONE',  ( -1.000000000000000000, 0.000000000000000000, 0.000000000000000000 ) ) ;
#539 = CARTESIAN_POINT ( 'NONE',  ( 0.000000000000000000, 53.26794919243116055, 20.00000000000000000 ) ) ;
#540 = ORIENTED_EDGE ( 'NONE', *, *, #3201, .F. ) ;
#541 = DIRECTION ( 'NONE',  ( 0.000000000000000000, 1.000000000000000000, -0.000000000000000000 ) ) ;
#542 = VECTOR ( 'NONE', #2682, 1000.000000000000000 ) ;
#543 = EDGE_CURVE ( 'NONE', #2482, #2121, #2459, .T. ) ;
#544 = FACE_OUTER_BOUND ( 'NONE', #4477, .T. ) ;
#545 = ORIENTED_EDGE ( 'NONE', *, *, #2914, .F. ) ;
#546 = ADVANCED_FACE ( 'NONE', ( #999 ), #4865, .F. ) ;
#547 = ADVANCED_FACE ( 'NONE', ( #2175 ), #3736, .F. ) ;
#548 = ADVANCED_FACE ( 'NONE', ( #4914 ), #567, .F. ) ;
#549 = CARTESIAN_POINT ( 'NONE',  ( 8.000000000000000000, 3.000000000000002665, -64.00000000000000000 ) ) ;
#550 = CYLINDRICAL_SURFACE ( 'NONE', #1755, 0.5000000000000004441 ) ;
#551 = FACE_OUTER_BOUND ( 'NONE', #3333, .T. ) ;
#552 = DIRECTION ( 'NONE',  ( -1.000000000000000000, 0.000000000000000000, 0.000000000000000000 ) ) ;
#553 = LINE ( 'NONE', #604, #1021 ) ;
#554 = ORIENTED_EDGE ( 'NONE', *, *, #1258, .T. ) ;
#555 = CIRCLE ( 'NONE', #3254, 2.999999999999999112 ) ;
#556 = ORIENTED_EDGE ( 'NONE', *, *, #1913, .T. ) ;
#557 = VERTEX_POINT ( 'NONE', #3303 ) ;
#558 = VECTOR ( 'NONE', #3517, 1000.000000000000000 ) ;
#559 = DIRECTION ( 'NONE',  ( 0.000000000000000000, 0.000000000000000000, -1.000000000000000000 ) ) ;
#560 = ORIENTED_EDGE ( 'NONE', *, *, #363, .T. ) ;
#561 = CARTESIAN_POINT ( 'NONE',  ( 3.241468008301284787, 1.051425210512197506, 59.55142521051217841 ) ) ;
#562 = VERTEX_POINT ( 'NONE', #1347 ) ;
#563 = ORIENTED_EDGE ( 'NONE', *, *, #3393, .F. ) ;
#564 = DIRECTION ( 'NONE',  ( 0.000000000000000000, -0.000000000000000000, 1.000000000000000000 ) ) ;
#565 = VECTOR ( 'NONE', #1443, 1000.000000000000000 ) ;
#566 = LINE ( 'NONE', #3681, #1532 ) ;
#567 = CYLINDRICAL_SURFACE ( 'NONE', #1740, 1.500000000000004885 ) ;
#568 = ORIENTED_EDGE ( 'NONE', *, *, #2735, .F. ) ;
#569 = ORIENTED_EDGE ( 'NONE', *, *, #796, .T. ) ;
#570 = ADVANCED_FACE ( 'NONE', ( #2920 ), #1400, .T. ) ;
#571 = VERTEX_POINT ( 'NONE', #3791 ) ;
#572 = ADVANCED_FACE ( 'NONE', ( #657 ), #371, .T. ) ;
#573 = CARTESIAN_POINT ( 'NONE',  ( -21.41954159403426416, 40.00000000000000000, 17.32687348075206302 ) ) ;
#574 = EDGE_CURVE ( 'NONE', #1213, #788, #3406, .T. ) ;
#575 = CARTESIAN_POINT ( 'NONE',  ( 103.9999999999999858, -51.99999999999999289, 6.500000000000012434 ) ) ;
#576 = CARTESIAN_POINT ( 'NONE',  ( 59.49999999999959499, -19.49999999999979750, -38.99999999999959499 ) ) ;
#577 = ORIENTED_EDGE ( 'NONE', *, *, #1537, .F. ) ;
#578 = DIRECTION ( 'NONE',  ( 1.000000000000000000, -0.000000000000000000, 0.000000000000000000 ) ) ;
#579 = EDGE_LOOP ( 'NONE', ( #3362, #3069, #2610, #320, #1573 ) ) ;
#580 = ORIENTED_EDGE ( 'NONE', *, *, #3145, .T. ) ;
#581 = DIRECTION ( 'NONE',  ( 0.000000000000000000, 0.000000000000000000, -1.000000000000000000 ) ) ;
#582 = CARTESIAN_POINT ( 'NONE',  ( 0.000000000000000000, 3.999999999999996447, -29.00000000000000000 ) ) ;
#583 = VERTEX_POINT ( 'NONE', #1034 ) ;
#584 = ORIENTED_EDGE ( 'NONE', *, *, #4889, .T. ) ;
#585 = CIRCLE ( 'NONE', #4088, 4.999999999999997335 ) ;
#586 = DIRECTION ( 'NONE',  ( -1.000000000000000000, 0.000000000000000000, 0.000000000000000000 ) ) ;
#587 = ORIENTED_EDGE ( 'NONE', *, *, #1711, .T. ) ;
#588 = AXIS2_PLACEMENT_3D ( 'NONE', #3301, #3275, #1371 ) ;
#589 = CARTESIAN_POINT ( 'NONE',  ( -38.45626663143507784, 59.75000000000000000, 23.37687348075206728 ) ) ;
#590 = VERTEX_POINT ( 'NONE', #3842 ) ;
#591 = ORIENTED_EDGE ( 'NONE', *, *, #1940, .F. ) ;
#592 = VECTOR ( 'NONE', #2, 1000.000000000000000 ) ;
#593 = AXIS2_PLACEMENT_3D ( 'NONE', #3515, #3472, #5038 ) ;
#594 = FACE_OUTER_BOUND ( 'NONE', #3172, .T. ) ;
#595 = DATE_AND_TIME ( #4089, #515 ) ;
#596 = VERTEX_POINT ( 'NONE', #1081 ) ;
#597 = DIRECTION ( 'NONE',  ( 0.000000000000000000, -1.000000000000000000, 0.000000000000000000 ) ) ;
#598 = ORIENTED_EDGE ( 'NONE', *, *, #478, .F. ) ;
#599 = AXIS2_PLACEMENT_3D ( 'NONE', #897, #103, #505 ) ;
#600 = CLOSED_SHELL ( 'NONE', ( #4886, #2545, #3903, #4671, #835, #548, #4614, #1716, #4645, #4763, #681, #946, #2759, #4411, #1286, #4978, #1140, #917, #1928, #177, #1999, #2102, #4672, #4979, #4005, #1199, #1226, #4233, #4382, #3540, #4506, #4953, #3479, #4549, #4544, #2260, #822, #3474, #3442, #1849, #570, #3179, #4668, #831, #2675, #2852, #481, #2129, #777, #2418, #2620, #1256, #3725, #4132, #2706, #45, #2150, #2949, #4704, #572, #4098, #4443, #3015, #977, #1196, #4951, #2354, #4923, #2448, #3480, #200, #2063, #4793, #4446, #1471, #3413, #246, #328, #509, #4282, #546, #3166, #2546, #1016, #1469, #1823, #3943, #3970, #1850, #4622, #1531, #1846, #4321, #3795, #2766, #1966, #4171, #446, #3282, #3471, #741, #395, #1596, #1665, #3014, #3203, #3802, #829, #2353, #3390, #2739, #149, #1655, #3084, #1346, #2986, #1934, #4001, #3731, #353, #1376, #830, #3355, #1567, #4449, #1137, #3416, #2089, #4063, #22, #3885, #4070, #864, #5010, #547, #1963, #2232, #1509, #1883, #3418, #3825, #307, #4510, #448, #1135, #1048, #3967, #1161, #3998, #48, #3688, #922, #2916 ) ) ;
#601 = EDGE_CURVE ( 'NONE', #1069, #1388, #1129, .T. ) ;
#602 = CARTESIAN_POINT ( 'NONE',  ( -25.75644469308657492, 0.000000000000000000, 13.32687348075206302 ) ) ;
#603 = CARTESIAN_POINT ( 'NONE',  ( 161.9999999999999716, 3.000000000000000000, 59.50000000000000711 ) ) ;
#604 = CARTESIAN_POINT ( 'NONE',  ( 7.999999999999992895, 1.000000000000028644, 59.50000000000000711 ) ) ;
#605 = AXIS2_PLACEMENT_3D ( 'NONE', #3429, #5042, #4560 ) ;
#606 = EDGE_CURVE ( 'NONE', #3269, #2700, #4853, .T. ) ;
#607 = EDGE_LOOP ( 'NONE', ( #2713, #131, #5009, #3368, #1187 ) ) ;
#608 = LINE ( 'NONE', #4697, #3162 ) ;
#609 = DIRECTION ( 'NONE',  ( 1.000000000000000000, 0.000000000000000000, 0.000000000000000000 ) ) ;
#610 = VERTEX_POINT ( 'NONE', #4619 ) ;
#611 = ORIENTED_EDGE ( 'NONE', *, *, #3691, .T. ) ;
#612 = AXIS2_PLACEMENT_3D ( 'NONE', #60, #2788, #4340 ) ;
#613 = EDGE_CURVE ( 'NONE', #4157, #1457, #852, .T. ) ;
#614 = EDGE_CURVE ( 'NONE', #465, #4332, #3383, .T. ) ;
#615 = CARTESIAN_POINT ( 'NONE',  ( -0.4999999999999576450, -2.500000000000055955, -64.50000000000000000 ) ) ;
#616 = CARTESIAN_POINT ( 'NONE',  ( 12.99999999999998401, 1.000000000000028644, 64.00000000000000000 ) ) ;
#617 = CARTESIAN_POINT ( 'NONE',  ( 177.0000000000000000, -3.000000000000000000, 57.50000000000000000 ) ) ;
#618 = FACE_OUTER_BOUND ( 'NONE', #3252, .T. ) ;
#619 = DIRECTION ( 'NONE',  ( 0.000000000000000000, 0.000000000000000000, -1.000000000000000000 ) ) ;
#620 = EDGE_LOOP ( 'NONE', ( #3037, #655, #2079, #189 ) ) ;
#621 = FACE_OUTER_BOUND ( 'NONE', #528, .T. ) ;
#622 = DIRECTION ( 'NONE',  ( 1.000000000000000000, 0.000000000000000000, 0.000000000000000000 ) ) ;
#623 = PLANE ( 'NONE',  #700 ) ;
#624 = ORIENTED_EDGE ( 'NONE', *, *, #273, .F. ) ;
#625 = ORIENTED_EDGE ( 'NONE', *, *, #3917, .F. ) ;
#626 =( BOUNDED_CURVE ( )  B_SPLINE_CURVE ( 3, ( #4664, #2722, #1227, #4134 ),
 .UNSPECIFIED., .F., .T. ) 
 B_SPLINE_CURVE_WITH_KNOTS ( ( 4, 4 ),
 ( 0.000000000000000000, 1.570796326794890563 ),
 .UNSPECIFIED. ) 
 CURVE ( )  GEOMETRIC_REPRESENTATION_ITEM ( )  RATIONAL_B_SPLINE_CURVE ( ( 1.000000000000000000, 0.8047378541243663808, 0.8047378541243663808, 1.000000000000000000 ) ) 
 REPRESENTATION_ITEM ( '' )  );
#627 = CIRCLE ( 'NONE', #2415, 0.5000000000000004441 ) ;
#628 = CYLINDRICAL_SURFACE ( 'NONE', #1864, 3.750000000000000000 ) ;
#629 = APPROVAL_ROLE ( '' ) ;
#630 = ORIENTED_EDGE ( 'NONE', *, *, #3748, .F. ) ;
#631 = DIRECTION ( 'NONE',  ( 0.000000000000000000, 0.000000000000000000, -1.000000000000000000 ) ) ;
#632 = CIRCLE ( 'NONE', #2995, 0.5000000000000004441 ) ;
#633 = ORIENTED_EDGE ( 'NONE', *, *, #4727, .T. ) ;
#634 = B_SPLINE_CURVE_WITH_KNOTS ( 'NONE', 3,
 ( #2773, #1582, #3183, #3159, #1156, #5023, #3109, #1511, #4739, #4224 ),
 .UNSPECIFIED., .F., .F.,
 ( 4, 2, 2, 2, 4 ),
 ( 0.000000000000000000, 0.002933146825590374901, 0.004399720238385553678, 0.005133006944783150005, 0.005866293651180745465 ),
 .UNSPECIFIED. ) ;
#635 = CARTESIAN_POINT ( 'NONE',  ( -25.31135698849868731, 0.01456139232387434861, 13.32687348075206657 ) ) ;
#636 = VECTOR ( 'NONE', #909, 1000.000000000000000 ) ;
#637 = DIRECTION ( 'NONE',  ( 0.000000000000000000, -0.000000000000000000, 1.000000000000000000 ) ) ;
#638 = CARTESIAN_POINT ( 'NONE',  ( 82.99999999999997158, 3.000000000000003109, 59.50000000000000711 ) ) ;
#639 = ORIENTED_EDGE ( 'NONE', *, *, #2446, .T. ) ;
#640 = EDGE_CURVE ( 'NONE', #944, #914, #714, .T. ) ;
#641 = DIRECTION ( 'NONE',  ( 0.000000000000000000, -0.000000000000000000, 1.000000000000000000 ) ) ;
#642 = DIRECTION ( 'NONE',  ( -1.000000000000000000, 0.000000000000000000, 0.000000000000000000 ) ) ;
#643 = CARTESIAN_POINT ( 'NONE',  ( 0.000000000000000000, 55.00000000000000000, 0.000000000000000000 ) ) ;
#644 = FACE_OUTER_BOUND ( 'NONE', #146, .T. ) ;
#645 = CARTESIAN_POINT ( 'NONE',  ( -26.20626663143508495, 50.62180185532525911, 13.32687348075206302 ) ) ;
#646 = EDGE_CURVE ( 'NONE', #571, #506, #734, .T. ) ;
#647 = ORIENTED_EDGE ( 'NONE', *, *, #4822, .F. ) ;
#648 = EDGE_CURVE ( 'NONE', #3574, #2577, #3237, .T. ) ;
#649 = ORIENTED_EDGE ( 'NONE', *, *, #3508, .F. ) ;
#650 = TOROIDAL_SURFACE ( 'NONE', #2185, 2.499999999999996003, 0.5000000000000000000 ) ;
#651 = AXIS2_PLACEMENT_3D ( 'NONE', #2794, #3754, #3229 ) ;
#652 = CARTESIAN_POINT ( 'NONE',  ( 79.99999999999998579, 0.9999999999999408251, 60.00000000000000711 ) ) ;
#653 = AXIS2_PLACEMENT_3D ( 'NONE', #3105, #2350, #4315 ) ;
#654 = APPROVAL ( #2830, 'UNSPECIFIED' ) ;
#655 = ORIENTED_EDGE ( 'NONE', *, *, #3595, .F. ) ;
#656 = DIRECTION ( 'NONE',  ( 0.000000000000000000, -1.000000000000000000, 0.000000000000000000 ) ) ;
#657 = FACE_OUTER_BOUND ( 'NONE', #3490, .T. ) ;
#658 = ORIENTED_EDGE ( 'NONE', *, *, #3694, .F. ) ;
#659 = AXIS2_PLACEMENT_3D ( 'NONE', #275, #4623, #1819 ) ;
#660 = CARTESIAN_POINT ( 'NONE',  ( 79.99999999999998579, 3.000000000000002665, -64.00000000000000000 ) ) ;
#661 = APPROVAL_STATUS ( 'not_yet_approved' ) ;
#662 = ORIENTED_EDGE ( 'NONE', *, *, #1342, .F. ) ;
#663 = DIRECTION ( 'NONE',  ( -8.737866397512806748E-15, 0.000000000000000000, 1.000000000000000000 ) ) ;
#664 = ORIENTED_EDGE ( 'NONE', *, *, #3591, .F. ) ;
#665 =( BOUNDED_CURVE ( )  B_SPLINE_CURVE ( 3, ( #900, #561, #2478, #185 ),
 .UNSPECIFIED., .F., .F. ) 
 B_SPLINE_CURVE_WITH_KNOTS ( ( 4, 4 ),
 ( 5.497787143782138841, 6.283185307179586232 ),
 .UNSPECIFIED. ) 
 CURVE ( )  GEOMETRIC_REPRESENTATION_ITEM ( )  RATIONAL_B_SPLINE_CURVE ( ( 1.000000000000000000, 0.9492530216741912330, 0.9492530216741912330, 1.000000000000000000 ) ) 
 REPRESENTATION_ITEM ( '' )  );
#666 = CARTESIAN_POINT ( 'NONE',  ( 169.9999999999999716, -3.000000000000000000, -57.49999999999999289 ) ) ;
#667 = CARTESIAN_POINT ( 'NONE',  ( 84.99999999999997158, 0.9999999999999410472, 59.50000000000000711 ) ) ;
#668 = DIRECTION ( 'NONE',  ( 0.000000000000000000, 0.000000000000000000, -1.000000000000000000 ) ) ;
#669 = EDGE_LOOP ( 'NONE', ( #4566, #611, #331, #4547 ) ) ;
#670 = VERTEX_POINT ( 'NONE', #4248 ) ;
#671 = CARTESIAN_POINT ( 'NONE',  ( 157.4999999999999716, 1.499999999999987566, -64.50000000000000000 ) ) ;
#672 = CARTESIAN_POINT ( 'NONE',  ( -38.45626663143507784, 3.999999999999996447, 13.32687348075206302 ) ) ;
#673 = DIRECTION ( 'NONE',  ( 1.000000000000000000, 0.000000000000000000, 0.000000000000000000 ) ) ;
#674 = CARTESIAN_POINT ( 'NONE',  ( -25.31365017401159179, 40.62180185532525201, 16.41258776646634843 ) ) ;
#675 = EDGE_CURVE ( 'NONE', #4147, #4651, #1175, .T. ) ;
#676 = CARTESIAN_POINT ( 'NONE',  ( 3.146446609406730488, 1.146446609406752692, 59.64644660940673049 ) ) ;
#677 = DIRECTION ( 'NONE',  ( 0.000000000000000000, 0.000000000000000000, 1.000000000000000000 ) ) ;
#678 = ORIENTED_EDGE ( 'NONE', *, *, #3665, .T. ) ;
#679 = EDGE_CURVE ( 'NONE', #1632, #3550, #4028, .T. ) ;
#680 = DIRECTION ( 'NONE',  ( 9.251858538542962756E-15, -1.000000000000000000, 0.000000000000000000 ) ) ;
#681 = ADVANCED_FACE ( 'NONE', ( #1867 ), #1828, .T. ) ;
#682 = CARTESIAN_POINT ( 'NONE',  ( 3.146446609406728712, 1.146446609406730710, -59.64644660940673049 ) ) ;
#683 = EDGE_CURVE ( 'NONE', #4361, #1994, #4694, .T. ) ;
#684 = CARTESIAN_POINT ( 'NONE',  ( 0.000000000000000000, 55.00000000000000000, 0.000000000000000000 ) ) ;
#685 = DIRECTION ( 'NONE',  ( 1.000000000000000000, 0.000000000000000000, 0.000000000000000000 ) ) ;
#686 = ORIENTED_EDGE ( 'NONE', *, *, #720, .T. ) ;
#687 = EDGE_CURVE ( 'NONE', #3716, #3000, #1060, .T. ) ;
#688 = AXIS2_PLACEMENT_3D ( 'NONE', #145, #3961, #2041 ) ;
#689 = ORIENTED_EDGE ( 'NONE', *, *, #3395, .T. ) ;
#690 = CARTESIAN_POINT ( 'NONE',  ( 3.000000000000002665, 1.000000000000000666, -64.00000000000000000 ) ) ;
#691 = EDGE_LOOP ( 'NONE', ( #4485, #4894, #3157, #344 ) ) ;
#692 = CIRCLE ( 'NONE', #3524, 0.5000000000000004441 ) ;
#693 = AXIS2_PLACEMENT_3D ( 'NONE', #4656, #1149, #1102 ) ;
#694 = VECTOR ( 'NONE', #3726, 1000.000000000000000 ) ;
#695 = VECTOR ( 'NONE', #4531, 1000.000000000000000 ) ;
#696 = FACE_OUTER_BOUND ( 'NONE', #4540, .T. ) ;
#697 = AXIS2_PLACEMENT_3D ( 'NONE', #2873, #154, #1381 ) ;
#698 = CARTESIAN_POINT ( 'NONE',  ( 84.99999999999997158, 3.000000000000002665, 64.00000000000000000 ) ) ;
#699 = ORIENTED_EDGE ( 'NONE', *, *, #3533, .F. ) ;
#700 = AXIS2_PLACEMENT_3D ( 'NONE', #4892, #3711, #1374 ) ;
#701 = DIRECTION ( 'NONE',  ( -0.000000000000000000, 1.000000000000000000, -0.000000000000000000 ) ) ;
#702 = DIRECTION ( 'NONE',  ( 0.000000000000000000, 0.000000000000000000, 1.000000000000000000 ) ) ;
#703 = DIRECTION ( 'NONE',  ( 0.000000000000000000, 0.000000000000000000, -1.000000000000000000 ) ) ;
#704 = ORIENTED_EDGE ( 'NONE', *, *, #801, .F. ) ;
#705 = DIRECTION ( 'NONE',  ( -0.000000000000000000, -1.000000000000000000, 0.000000000000000000 ) ) ;
#706 = DIRECTION ( 'NONE',  ( 0.000000000000000000, 0.000000000000000000, 1.000000000000000000 ) ) ;
#707 = ORIENTED_EDGE ( 'NONE', *, *, #2412, .T. ) ;
#708 = VECTOR ( 'NONE', #3931, 1000.000000000000000 ) ;
#709 = CARTESIAN_POINT ( 'NONE',  ( 156.0000000000000000, 0.000000000000000000, 0.000000000000000000 ) ) ;
#710 = ORIENTED_EDGE ( 'NONE', *, *, #452, .F. ) ;
#711 = LINE ( 'NONE', #4637, #2138 ) ;
#712 = DIRECTION ( 'NONE',  ( 0.000000000000000000, 0.000000000000000000, 1.000000000000000000 ) ) ;
#713 = LINE ( 'NONE', #321, #2612 ) ;
#714 = LINE ( 'NONE', #343, #2657 ) ;
#715 = VERTEX_POINT ( 'NONE', #2228 ) ;
#716 = EDGE_CURVE ( 'NONE', #4491, #2308, #4962, .T. ) ;
#717 = ORIENTED_EDGE ( 'NONE', *, *, #4350, .F. ) ;
#718 = DIRECTION ( 'NONE',  ( 0.000000000000000000, 0.000000000000000000, 1.000000000000000000 ) ) ;
#719 = VERTEX_POINT ( 'NONE', #1453 ) ;
#720 = EDGE_CURVE ( 'NONE', #2782, #670, #3918, .T. ) ;
#721 = EDGE_CURVE ( 'NONE', #4800, #2744, #1574, .T. ) ;
#722 = DIRECTION ( 'NONE',  ( 0.000000000000000000, 0.000000000000000000, 1.000000000000000000 ) ) ;
#723 = VECTOR ( 'NONE', #2694, 1000.000000000000000 ) ;
#724 = DIRECTION ( 'NONE',  ( -0.000000000000000000, 1.000000000000000000, -0.000000000000000000 ) ) ;
#725 = LINE ( 'NONE', #1517, #3302 ) ;
#726 = EDGE_LOOP ( 'NONE', ( #1062, #2061, #491, #4581 ) ) ;
#727 = DIRECTION ( 'NONE',  ( 0.000000000000000000, 0.000000000000000000, -1.000000000000000000 ) ) ;
#728 = CARTESIAN_POINT ( 'NONE',  ( 0.000000000000000000, 0.000000000000000000, -64.50000000000000000 ) ) ;
#729 = DIRECTION ( 'NONE',  ( 0.000000000000000000, 0.000000000000000000, -1.000000000000000000 ) ) ;
#730 = ORIENTED_EDGE ( 'NONE', *, *, #4092, .T. ) ;
#731 = LINE ( 'NONE', #4987, #3139 ) ;
#732 = CARTESIAN_POINT ( 'NONE',  ( 80.49999999999998579, 1.499999999999904077, 64.50000000000000000 ) ) ;
#733 = CARTESIAN_POINT ( 'NONE',  ( 166.8535533905932766, 1.146446609406725381, 59.64644660940673759 ) ) ;
#734 = LINE ( 'NONE', #2258, #3387 ) ;
#735 = AXIS2_PLACEMENT_3D ( 'NONE', #3438, #313, #2736 ) ;
#736 = ORIENTED_EDGE ( 'NONE', *, *, #2194, .F. ) ;
#737 = AXIS2_PLACEMENT_3D ( 'NONE', #3155, #2716, #4661 ) ;
#738 = DIRECTION ( 'NONE',  ( 0.000000000000000000, 0.000000000000000000, -1.000000000000000000 ) ) ;
#739 = EDGE_LOOP ( 'NONE', ( #3345, #4726, #4139, #2567 ) ) ;
#740 = LINE ( 'NONE', #2288, #4523 ) ;
#741 = ADVANCED_FACE ( 'NONE', ( #4294 ), #4616, .T. ) ;
#742 = CIRCLE ( 'NONE', #2198, 1.500000000000004885 ) ;
#743 = DIRECTION ( 'NONE',  ( -1.000000000000000000, 0.000000000000000000, 0.000000000000000000 ) ) ;
#744 = EDGE_CURVE ( 'NONE', #2377, #2298, #368, .T. ) ;
#745 = EDGE_CURVE ( 'NONE', #3550, #1632, #2574, .T. ) ;
#746 = EDGE_CURVE ( 'NONE', #1953, #2130, #3888, .T. ) ;
#747 = LINE ( 'NONE', #2313, #2000 ) ;
#748 = ORIENTED_EDGE ( 'NONE', *, *, #768, .T. ) ;
#749 = FACE_BOUND ( 'NONE', #1945, .T. ) ;
#750 = CARTESIAN_POINT ( 'NONE',  ( 12.49999999999998401, -3.000000000000000000, 64.00000000000000000 ) ) ;
#751 = PLANE ( 'NONE',  #995 ) ;
#752 = VERTEX_POINT ( 'NONE', #3518 ) ;
#753 = CARTESIAN_POINT ( 'NONE',  ( 86.99999999999998579, 3.000000000000000888, -59.50000000000000711 ) ) ;
#754 = CARTESIAN_POINT ( 'NONE',  ( 0.000000000000000000, 55.00000000000000000, 0.000000000000000000 ) ) ;
#755 = DIRECTION ( 'NONE',  ( -0.000000000000000000, 0.000000000000000000, -1.000000000000000000 ) ) ;
#756 = DIRECTION ( 'NONE',  ( -0.000000000000000000, 0.000000000000000000, 1.000000000000000000 ) ) ;
#757 = VERTEX_POINT ( 'NONE', #4369 ) ;
#758 = CARTESIAN_POINT ( 'NONE',  ( 156.9999999999999716, 1.000000000000000888, 64.00000000000000000 ) ) ;
#759 = LINE ( 'NONE', #518, #2186 ) ;
#760 = ORIENTED_EDGE ( 'NONE', *, *, #5019, .F. ) ;
#761 = DIRECTION ( 'NONE',  ( 0.000000000000000000, 1.000000000000000000, 0.000000000000000000 ) ) ;
#762 = AXIS2_PLACEMENT_3D ( 'NONE', #3996, #52, #840 ) ;
#763 = DIRECTION ( 'NONE',  ( -0.000000000000000000, 1.000000000000000000, 0.000000000000000000 ) ) ;
#764 = CIRCLE ( 'NONE', #4341, 4.000000000000000000 ) ;
#765 = ORIENTED_EDGE ( 'NONE', *, *, #952, .F. ) ;
#766 = EDGE_CURVE ( 'NONE', #3738, #4627, #4077, .T. ) ;
#767 = CC_DESIGN_APPROVAL ( #2625, ( #1002 ) ) ;
#768 = EDGE_CURVE ( 'NONE', #4026, #4419, #1015, .T. ) ;
#769 = VECTOR ( 'NONE', #1503, 1000.000000000000000 ) ;
#770 = AXIS2_PLACEMENT_3D ( 'NONE', #296, #2594, #3447 ) ;
#771 = CARTESIAN_POINT ( 'NONE',  ( 0.000000000000000000, 55.00000000000000000, 0.000000000000000000 ) ) ;
#772 = CYLINDRICAL_SURFACE ( 'NONE', #3568, 1.500000000000003997 ) ;
#773 = CARTESIAN_POINT ( 'NONE',  ( 89.79289321881344677, 1.207106781186570110, -64.50000000000000000 ) ) ;
#774 = VECTOR ( 'NONE', #4117, 999.9999999999998863 ) ;
#775 = CARTESIAN_POINT ( 'NONE',  ( 0.000000000000000000, 0.000000000000000000, 10.32687348075206302 ) ) ;
#776 = EDGE_CURVE ( 'NONE', #1924, #1205, #4735, .T. ) ;
#777 = ADVANCED_FACE ( 'NONE', ( #2037 ), #3907, .F. ) ;
#778 = ORIENTED_EDGE ( 'NONE', *, *, #4451, .F. ) ;
#779 = CIRCLE ( 'NONE', #1412, 0.5000000000000004441 ) ;
#780 = CARTESIAN_POINT ( 'NONE',  ( 5.499999999999997335, 3.000000000000002665, 64.00000000000000000 ) ) ;
#781 = VECTOR ( 'NONE', #1207, 1000.000000000000114 ) ;
#782 = CARTESIAN_POINT ( 'NONE',  ( 166.8535533905932766, 1.146446609406727823, -59.64644660940672338 ) ) ;
#783 = CARTESIAN_POINT ( 'NONE',  ( -38.45626663143507784, 61.75000000000000000, 9.576873480752063017 ) ) ;
#784 = CARTESIAN_POINT ( 'NONE',  ( 8.000000000000000000, 3.000000000000002665, -64.50000000000000000 ) ) ;
#785 = ORIENTED_EDGE ( 'NONE', *, *, #1309, .T. ) ;
#786 = CARTESIAN_POINT ( 'NONE',  ( 80.49999999999998579, 0.9999999999999410472, 59.50000000000000711 ) ) ;
#787 = CARTESIAN_POINT ( 'NONE',  ( 161.9999999999999716, 3.000000000000002665, -59.50000000000000711 ) ) ;
#788 = VERTEX_POINT ( 'NONE', #4687 ) ;
#789 = DIRECTION ( 'NONE',  ( 0.000000000000000000, 1.000000000000000000, 0.000000000000000000 ) ) ;
#790 = CARTESIAN_POINT ( 'NONE',  ( 169.9999999999999716, 0.000000000000000000, -57.49999999999999289 ) ) ;
#791 = ORIENTED_EDGE ( 'NONE', *, *, #332, .F. ) ;
#792 = CARTESIAN_POINT ( 'NONE',  ( 7.999999999999992895, 3.000000000000002665, 59.50000000000000711 ) ) ;
#793 = TOROIDAL_SURFACE ( 'NONE', #4635, 4.499999999999990230, 0.5000000000000000000 ) ;
#794 =( BOUNDED_CURVE ( )  B_SPLINE_CURVE ( 3, ( #3095, #4304, #838, #1926 ),
 .UNSPECIFIED., .F., .F. ) 
 B_SPLINE_CURVE_WITH_KNOTS ( ( 4, 4 ),
 ( 0.000000000000000000, 1.570796326794896558 ),
 .UNSPECIFIED. ) 
 CURVE ( )  GEOMETRIC_REPRESENTATION_ITEM ( )  RATIONAL_B_SPLINE_CURVE ( ( 1.000000000000000000, 0.8047378541243649375, 0.8047378541243649375, 1.000000000000000000 ) ) 
 REPRESENTATION_ITEM ( '' )  );
#795 = FACE_OUTER_BOUND ( 'NONE', #3648, .T. ) ;
#796 = EDGE_CURVE ( 'NONE', #1075, #4183, #1956, .T. ) ;
#797 = ORIENTED_EDGE ( 'NONE', *, *, #4287, .F. ) ;
#798 = FACE_OUTER_BOUND ( 'NONE', #2006, .T. ) ;
#799 = EDGE_CURVE ( 'NONE', #4112, #524, #1179, .T. ) ;
#800 = CARTESIAN_POINT ( 'NONE',  ( 0.000000000000000000, 0.000000000000000000, 64.50000000000000000 ) ) ;
#801 = EDGE_CURVE ( 'NONE', #4101, #4389, #4278, .T. ) ;
#802 = DIRECTION ( 'NONE',  ( -0.000000000000000000, -1.000000000000000000, -0.000000000000000000 ) ) ;
#803 = ORIENTED_EDGE ( 'NONE', *, *, #4798, .F. ) ;
#804 = ORIENTED_EDGE ( 'NONE', *, *, #3852, .T. ) ;
#805 = CARTESIAN_POINT ( 'NONE',  ( 80.36561944896763521, 0.9999999999999423794, 59.50000000000000711 ) ) ;
#806 = ORIENTED_EDGE ( 'NONE', *, *, #4816, .T. ) ;
#807 = DIRECTION ( 'NONE',  ( 0.000000000000000000, 0.000000000000000000, 1.000000000000000000 ) ) ;
#808 = VECTOR ( 'NONE', #3973, 1000.000000000000000 ) ;
#809 = FACE_OUTER_BOUND ( 'NONE', #2344, .T. ) ;
#810 = AXIS2_PLACEMENT_3D ( 'NONE', #3939, #444, #1992 ) ;
#811 = LINE ( 'NONE', #93, #3082 ) ;
#812 = CARTESIAN_POINT ( 'NONE',  ( 89.63438055103235058, 0.9999999999999421574, 59.50000000000000711 ) ) ;
#813 = AXIS2_PLACEMENT_3D ( 'NONE', #3960, #3912, #414 ) ;
#814 = AXIS2_PLACEMENT_3D ( 'NONE', #2952, #1004, #3714 ) ;
#815 = DIRECTION ( 'NONE',  ( 0.000000000000000000, 0.000000000000000000, 1.000000000000000000 ) ) ;
#816 = DIRECTION ( 'NONE',  ( 0.000000000000000000, 0.000000000000000000, 1.000000000000000000 ) ) ;
#817 = DIRECTION ( 'NONE',  ( 1.000000000000000000, 0.000000000000000000, 0.000000000000000000 ) ) ;
#818 = EDGE_LOOP ( 'NONE', ( #1418, #2840, #1195, #2833 ) ) ;
#819 = VERTEX_POINT ( 'NONE', #1201 ) ;
#820 =( BOUNDED_CURVE ( )  B_SPLINE_CURVE ( 3, ( #1631, #2969, #2866, #3204 ),
 .UNSPECIFIED., .F., .T. ) 
 B_SPLINE_CURVE_WITH_KNOTS ( ( 4, 4 ),
 ( 0.000000000000000000, 1.570796326794868802 ),
 .UNSPECIFIED. ) 
 CURVE ( )  GEOMETRIC_REPRESENTATION_ITEM ( )  RATIONAL_B_SPLINE_CURVE ( ( 1.000000000000000000, 0.8047378541243714878, 0.8047378541243714878, 1.000000000000000000 ) ) 
 REPRESENTATION_ITEM ( '' )  );
#821 = FACE_BOUND ( 'NONE', #3687, .T. ) ;
#822 = ADVANCED_FACE ( 'NONE', ( #849, #1222, #438, #1987 ), #3549, .F. ) ;
#823 = DIRECTION ( 'NONE',  ( 0.000000000000000000, 0.000000000000000000, 1.000000000000000000 ) ) ;
#824 = CARTESIAN_POINT ( 'NONE',  ( 0.000000000000000000, 0.000000000000000000, -58.50000000000002842 ) ) ;
#825 = LINE ( 'NONE', #3930, #4306 ) ;
#826 = CARTESIAN_POINT ( 'NONE',  ( 3.207106781186550126, 1.207106781186569888, 64.50000000000000000 ) ) ;
#827 = EDGE_LOOP ( 'NONE', ( #4536, #3378, #2922, #3160 ) ) ;
#828 = ORIENTED_EDGE ( 'NONE', *, *, #4096, .F. ) ;
#829 = ADVANCED_FACE ( 'NONE', ( #3958 ), #3572, .T. ) ;
#830 = ADVANCED_FACE ( 'NONE', ( #4182 ), #1745, .T. ) ;
#831 = ADVANCED_FACE ( 'NONE', ( #3367 ), #1776, .F. ) ;
#832 = DIRECTION ( 'NONE',  ( 1.000000000000000000, 0.000000000000000000, 0.000000000000000000 ) ) ;
#833 = CARTESIAN_POINT ( 'NONE',  ( 166.7928932188133899, 1.207106781186562117, -64.50000000000001421 ) ) ;
#834 = CARTESIAN_POINT ( 'NONE',  ( 3.000000000000002665, 1.000000000000028644, 60.00000000000000711 ) ) ;
#835 = ADVANCED_FACE ( 'NONE', ( #2187 ), #4903, .F. ) ;
#836 = DIRECTION ( 'NONE',  ( 0.000000000000000000, 0.000000000000000000, -1.000000000000000000 ) ) ;
#837 = CARTESIAN_POINT ( 'NONE',  ( 7.999999999999992895, 3.000000000000002665, 64.00000000000000000 ) ) ;
#838 = CARTESIAN_POINT ( 'NONE',  ( 166.7928932188134468, 1.207106781186548794, 64.50000000000000000 ) ) ;
#839 = CYLINDRICAL_SURFACE ( 'NONE', #4303, 0.5000000000000004441 ) ;
#840 = DIRECTION ( 'NONE',  ( -1.000000000000000000, 0.000000000000000000, 0.000000000000000000 ) ) ;
#841 = TOROIDAL_SURFACE ( 'NONE', #3047, 2.499999999999996447, 0.5000000000000000000 ) ;
#842 = ORIENTED_EDGE ( 'NONE', *, *, #5015, .F. ) ;
#843 = AXIS2_PLACEMENT_3D ( 'NONE', #4133, #1464, #4602 ) ;
#844 = ORIENTED_EDGE ( 'NONE', *, *, #4860, .T. ) ;
#845 = TOROIDAL_SURFACE ( 'NONE', #4517, 2.499999999999996003, 0.5000000000000000000 ) ;
#846 = DIRECTION ( 'NONE',  ( -0.000000000000000000, 1.000000000000000000, -0.000000000000000000 ) ) ;
#847 = FACE_OUTER_BOUND ( 'NONE', #3470, .T. ) ;
#848 = CIRCLE ( 'NONE', #1487, 4.999999999999990230 ) ;
#849 = FACE_OUTER_BOUND ( 'NONE', #4904, .T. ) ;
#850 = AXIS2_PLACEMENT_3D ( 'NONE', #4177, #347, #4227 ) ;
#851 = ORIENTED_EDGE ( 'NONE', *, *, #766, .T. ) ;
#852 = CIRCLE ( 'NONE', #2812, 13.49999999999999822 ) ;
#853 = CARTESIAN_POINT ( 'NONE',  ( 166.9999999999999716, 1.000000000000000888, 60.00000000000000711 ) ) ;
#854 = DIRECTION ( 'NONE',  ( 0.000000000000000000, 0.000000000000000000, -1.000000000000000000 ) ) ;
#855 = ORIENTED_EDGE ( 'NONE', *, *, #646, .T. ) ;
#856 = DIRECTION ( 'NONE',  ( 0.000000000000000000, 0.000000000000000000, 1.000000000000000000 ) ) ;
#857 = FACE_OUTER_BOUND ( 'NONE', #1529, .T. ) ;
#858 = AXIS2_PLACEMENT_3D ( 'NONE', #3749, #2583, #259 ) ;
#859 = EDGE_CURVE ( 'NONE', #3062, #979, #4447, .T. ) ;
#860 = CARTESIAN_POINT ( 'NONE',  ( 3.500000000000002665, -3.000000000000000000, 64.00000000000000000 ) ) ;
#861 = EDGE_CURVE ( 'NONE', #11, #3192, #2659, .T. ) ;
#862 = DIRECTION ( 'NONE',  ( 0.000000000000000000, -1.000000000000000000, 0.000000000000000000 ) ) ;
#863 = VERTEX_POINT ( 'NONE', #4006 ) ;
#864 = ADVANCED_FACE ( 'NONE', ( #138, #923, #2244, #3396, #231, #901 ), #4156, .F. ) ;
#865 = CARTESIAN_POINT ( 'NONE',  ( 89.63438055103233637, 1.000000000000029088, -59.50000000000000000 ) ) ;
#866 = ORIENTED_EDGE ( 'NONE', *, *, #2034, .F. ) ;
#867 = DIRECTION ( 'NONE',  ( 0.000000000000000000, 0.000000000000000000, 1.000000000000000000 ) ) ;
#868 = VERTEX_POINT ( 'NONE', #1045 ) ;
#869 = EDGE_LOOP ( 'NONE', ( #1042, #4468 ) ) ;
#870 = CIRCLE ( 'NONE', #4126, 2.000000000000001776 ) ;
#871 = DIRECTION ( 'NONE',  ( 0.000000000000000000, 0.000000000000000000, -1.000000000000000000 ) ) ;
#872 = FACE_OUTER_BOUND ( 'NONE', #2883, .T. ) ;
#873 = AXIS2_PLACEMENT_3D ( 'NONE', #2660, #1438, #284 ) ;
#874 = CARTESIAN_POINT ( 'NONE',  ( 7.999999999999992895, 3.000000000000002665, 59.50000000000000711 ) ) ;
#875 = ORIENTED_EDGE ( 'NONE', *, *, #1193, .F. ) ;
#876 = AXIS2_PLACEMENT_3D ( 'NONE', #1712, #69, #2046 ) ;
#877 = DIRECTION ( 'NONE',  ( -1.000000000000000000, -0.000000000000000000, -0.000000000000000000 ) ) ;
#878 = CYLINDRICAL_SURFACE ( 'NONE', #1695, 20.00000000000000000 ) ;
#879 = ORIENTED_EDGE ( 'NONE', *, *, #2094, .F. ) ;
#880 = EDGE_CURVE ( 'NONE', #3376, #2921, #4203, .T. ) ;
#881 = CYLINDRICAL_SURFACE ( 'NONE', #1097, 0.5000000000000004441 ) ;
#882 = CARTESIAN_POINT ( 'NONE',  ( 89.49999999999997158, 3.000000000000002220, 60.00000000000000711 ) ) ;
#883 = EDGE_CURVE ( 'NONE', #3925, #3005, #2737, .T. ) ;
#884 = DIRECTION ( 'NONE',  ( -4.625929269271486111E-15, 0.000000000000000000, -1.000000000000000000 ) ) ;
#885 = ORIENTED_EDGE ( 'NONE', *, *, #1693, .T. ) ;
#886 = CIRCLE ( 'NONE', #3739, 2.375000000000002220 ) ;
#887 = AXIS2_PLACEMENT_3D ( 'NONE', #3845, #2358, #3935 ) ;
#888 = EDGE_CURVE ( 'NONE', #1592, #1480, #4808, .T. ) ;
#889 = APPLICATION_PROTOCOL_DEFINITION ( 'international standard', 'config_control_design', 1994, #3288 ) ;
#890 = LINE ( 'NONE', #2807, #4230 ) ;
#891 = AXIS2_PLACEMENT_3D ( 'NONE', #907, #3253, #622 ) ;
#892 = CARTESIAN_POINT ( 'NONE',  ( -26.20626663143508495, 20.62180185532525556, 13.32687348075206302 ) ) ;
#893 = ORIENTED_EDGE ( 'NONE', *, *, #1442, .F. ) ;
#894 = ORIENTED_EDGE ( 'NONE', *, *, #2197, .T. ) ;
#895 = VERTEX_POINT ( 'NONE', #2609 ) ;
#896 = VECTOR ( 'NONE', #3163, 1000.000000000000000 ) ;
#897 = CARTESIAN_POINT ( 'NONE',  ( 84.99999999999997158, 3.000000000000000444, -64.50000000000000000 ) ) ;
#898 = ORIENTED_EDGE ( 'NONE', *, *, #1377, .F. ) ;
#899 = FACE_OUTER_BOUND ( 'NONE', #3199, .T. ) ;
#900 = CARTESIAN_POINT ( 'NONE',  ( 3.146446609406730488, 1.146446609406752692, 59.64644660940673049 ) ) ;
#901 = FACE_OUTER_BOUND ( 'NONE', #1180, .T. ) ;
#902 = ORIENTED_EDGE ( 'NONE', *, *, #4948, .T. ) ;
#903 = DIRECTION ( 'NONE',  ( -0.000000000000000000, 0.000000000000000000, -1.000000000000000000 ) ) ;
#904 = DIRECTION ( 'NONE',  ( 0.000000000000000000, 0.000000000000000000, -1.000000000000000000 ) ) ;
#905 = CARTESIAN_POINT ( 'NONE',  ( 157.2071067811864964, 1.207106781186548794, 64.50000000000000000 ) ) ;
#906 = ORIENTED_EDGE ( 'NONE', *, *, #306, .T. ) ;
#907 = CARTESIAN_POINT ( 'NONE',  ( 0.000000000000000000, 0.000000000000000000, 58.50000000000002842 ) ) ;
#908 = DIRECTION ( 'NONE',  ( 1.000000000000000000, 0.000000000000000000, 0.000000000000000000 ) ) ;
#909 = DIRECTION ( 'NONE',  ( -0.000000000000000000, 1.000000000000000000, 0.000000000000000000 ) ) ;
#910 = CARTESIAN_POINT ( 'NONE',  ( 3.061616997868383043E-15, 3.999999999999996447, 25.00000000000000000 ) ) ;
#911 = CARTESIAN_POINT ( 'NONE',  ( -46.95626663143507784, 61.75000000000000000, 15.70187348075206479 ) ) ;
#912 = EDGE_LOOP ( 'NONE', ( #3024, #4225, #2855, #4520, #2005, #625 ) ) ;
#913 = CARTESIAN_POINT ( 'NONE',  ( 166.9999999999999716, 3.000000000000000000, 59.50000000000000711 ) ) ;
#914 = VERTEX_POINT ( 'NONE', #4954 ) ;
#915 = EDGE_CURVE ( 'NONE', #4751, #4298, #3011, .T. ) ;
#916 = ORIENTED_EDGE ( 'NONE', *, *, #141, .T. ) ;
#917 = ADVANCED_FACE ( 'NONE', ( #3248 ), #1417, .F. ) ;
#918 = AXIS2_PLACEMENT_3D ( 'NONE', #2255, #1863, #4586 ) ;
#919 = LINE ( 'NONE', #3676, #2728 ) ;
#920 = EDGE_CURVE ( 'NONE', #757, #1701, #1420, .T. ) ;
#921 = DIRECTION ( 'NONE',  ( 0.000000000000000000, 1.000000000000000000, 0.000000000000000000 ) ) ;
#922 = ADVANCED_FACE ( 'NONE', ( #2160 ), #1018, .T. ) ;
#923 = FACE_BOUND ( 'NONE', #4959, .T. ) ;
#924 = AXIS2_PLACEMENT_3D ( 'NONE', #1446, #1497, #3074 ) ;
#925 = ORIENTED_EDGE ( 'NONE', *, *, #1194, .T. ) ;
#926 = DIRECTION ( 'NONE',  ( 0.000000000000000000, 0.000000000000000000, -1.000000000000000000 ) ) ;
#927 = AXIS2_PLACEMENT_3D ( 'NONE', #5040, #1887, #4312 ) ;
#928 = VECTOR ( 'NONE', #3221, 1000.000000000000000 ) ;
#929 = VERTEX_POINT ( 'NONE', #3774 ) ;
#930 = VECTOR ( 'NONE', #4150, 1000.000000000000000 ) ;
#931 = LINE ( 'NONE', #2488, #127 ) ;
#932 = AXIS2_PLACEMENT_3D ( 'NONE', #3198, #4758, #109 ) ;
#933 = DIRECTION ( 'NONE',  ( 0.000000000000000000, 0.000000000000000000, -1.000000000000000000 ) ) ;
#934 = CARTESIAN_POINT ( 'NONE',  ( -38.45626663143507784, 61.75000000000000000, 20.37687348075205662 ) ) ;
#935 = CARTESIAN_POINT ( 'NONE',  ( 84.99999999999997158, 3.000000000000000444, -59.50000000000000711 ) ) ;
#936 = VECTOR ( 'NONE', #3452, 1000.000000000000000 ) ;
#937 = VECTOR ( 'NONE', #4124, 999.9999999999998863 ) ;
#938 = DIRECTION ( 'NONE',  ( 0.7071067811865345831, -0.7071067811865605623, 0.000000000000000000 ) ) ;
#939 = ORIENTED_EDGE ( 'NONE', *, *, #2163, .F. ) ;
#940 = DIRECTION ( 'NONE',  ( -1.000000000000000000, 0.000000000000000000, 0.000000000000000000 ) ) ;
#941 = EDGE_LOOP ( 'NONE', ( #1750, #2487, #3384, #1673 ) ) ;
#942 = VERTEX_POINT ( 'NONE', #1829 ) ;
#943 = CARTESIAN_POINT ( 'NONE',  ( -29.95626663143508139, 59.75000000000000000, 13.32687348075206302 ) ) ;
#944 = VERTEX_POINT ( 'NONE', #4573 ) ;
#945 = CARTESIAN_POINT ( 'NONE',  ( 0.000000000000000000, -3.000000000000000000, 64.50000000000000000 ) ) ;
#946 = ADVANCED_FACE ( 'NONE', ( #1068 ), #3799, .T. ) ;
#947 = DIRECTION ( 'NONE',  ( 1.000000000000000000, 0.000000000000000000, 0.000000000000000000 ) ) ;
#948 = EDGE_LOOP ( 'NONE', ( #3650, #3324 ) ) ;
#949 = EDGE_CURVE ( 'NONE', #1019, #1141, #4975, .T. ) ;
#950 = CARTESIAN_POINT ( 'NONE',  ( -46.95626663143507784, 59.75000000000000000, 15.70187348075206479 ) ) ;
#951 = VECTOR ( 'NONE', #4500, 1000.000000000000000 ) ;
#952 = EDGE_CURVE ( 'NONE', #1019, #4210, #725, .T. ) ;
#953 = DIRECTION ( 'NONE',  ( -0.000000000000000000, 1.000000000000000000, -0.000000000000000000 ) ) ;
#954 = EDGE_LOOP ( 'NONE', ( #2899, #3165, #4946, #2272, #4334, #2902 ) ) ;
#955 = ORIENTED_EDGE ( 'NONE', *, *, #4483, .T. ) ;
#956 = ORIENTED_EDGE ( 'NONE', *, *, #1622, .T. ) ;
#957 = CARTESIAN_POINT ( 'NONE',  ( -46.95626663143507784, 59.75000000000000000, 13.32687348075206302 ) ) ;
#958 = CARTESIAN_POINT ( 'NONE',  ( -23.20626663143508495, 50.62180185532525911, 10.32687348075206302 ) ) ;
#959 = ORIENTED_EDGE ( 'NONE', *, *, #2441, .F. ) ;
#960 = CARTESIAN_POINT ( 'NONE',  ( 12.99999999999998401, 1.000000000000028644, 60.00000000000000711 ) ) ;
#961 = VECTOR ( 'NONE', #816, 1000.000000000000000 ) ;
#962 = ORIENTED_EDGE ( 'NONE', *, *, #1258, .F. ) ;
#963 = ORIENTED_EDGE ( 'NONE', *, *, #2679, .F. ) ;
#964 = CIRCLE ( 'NONE', #4476, 12.24999999999999645 ) ;
#965 = DIRECTION ( 'NONE',  ( -0.000000000000000000, 1.000000000000000000, -0.000000000000000000 ) ) ;
#966 = DIRECTION ( 'NONE',  ( 0.000000000000000000, 0.000000000000000000, 1.000000000000000000 ) ) ;
#967 = CIRCLE ( 'NONE', #2107, 0.5000000000000004441 ) ;
#968 = ORIENTED_EDGE ( 'NONE', *, *, #2262, .T. ) ;
#969 = EDGE_CURVE ( 'NONE', #4751, #4815, #2315, .T. ) ;
#970 = DIRECTION ( 'NONE',  ( 0.000000000000000000, 0.000000000000000000, -1.000000000000000000 ) ) ;
#971 = LINE ( 'NONE', #2944, #1698 ) ;
#972 = EDGE_LOOP ( 'NONE', ( #132, #4680, #3628, #4609, #4843, #4252, #4370, #4598 ) ) ;
#973 = DIRECTION ( 'NONE',  ( 0.7071067811865376918, -0.7071067811865574537, 0.000000000000000000 ) ) ;
#974 = ORIENTED_EDGE ( 'NONE', *, *, #859, .F. ) ;
#975 = EDGE_CURVE ( 'NONE', #4498, #4390, #1143, .T. ) ;
#976 = EDGE_LOOP ( 'NONE', ( #3757, #3775, #1368, #1991 ) ) ;
#977 = ADVANCED_FACE ( 'NONE', ( #4597 ), #1119, .F. ) ;
#978 = LINE ( 'NONE', #174, #3576 ) ;
#979 = VERTEX_POINT ( 'NONE', #2078 ) ;
#980 = LINE ( 'NONE', #4044, #4436 ) ;
#981 = ORIENTED_EDGE ( 'NONE', *, *, #1437, .T. ) ;
#982 = EDGE_CURVE ( 'NONE', #4910, #416, #3557, .T. ) ;
#983 = EDGE_CURVE ( 'NONE', #4249, #1078, #553, .T. ) ;
#984 = CARTESIAN_POINT ( 'NONE',  ( -25.53396634683126720, -3.586761015148334786E-15, 13.32687348075206302 ) ) ;
#985 = DIRECTION ( 'NONE',  ( 0.000000000000000000, 1.000000000000000000, 0.000000000000000000 ) ) ;
#986 = DIRECTION ( 'NONE',  ( 1.000000000000000000, 0.000000000000000000, -1.224646799147353207E-16 ) ) ;
#987 = DIRECTION ( 'NONE',  ( -1.000000000000000000, 0.000000000000000000, 0.000000000000000000 ) ) ;
#988 = ORIENTED_EDGE ( 'NONE', *, *, #2414, .T. ) ;
#989 = ORIENTED_EDGE ( 'NONE', *, *, #1872, .F. ) ;
#990 = CARTESIAN_POINT ( 'NONE',  ( -38.45626663143507784, 59.75000000000000000, 20.37687348075205662 ) ) ;
#991 = CARTESIAN_POINT ( 'NONE',  ( -21.15170071715339972, 55.00000000000000000, 13.32687348075206302 ) ) ;
#992 = CARTESIAN_POINT ( 'NONE',  ( 33.50000000000037659, -19.49999999999979750, 38.99999999999959499 ) ) ;
#993 = LINE ( 'NONE', #539, #1942 ) ;
#994 = ORIENTED_EDGE ( 'NONE', *, *, #716, .T. ) ;
#995 = AXIS2_PLACEMENT_3D ( 'NONE', #3021, #2322, #706 ) ;
#996 = DIRECTION ( 'NONE',  ( -0.000000000000000000, -0.000000000000000000, 1.000000000000000000 ) ) ;
#997 = CYLINDRICAL_SURFACE ( 'NONE', #2674, 5.000000000000004441 ) ;
#998 = VECTOR ( 'NONE', #216, 1000.000000000000000 ) ;
#999 = FACE_OUTER_BOUND ( 'NONE', #1157, .T. ) ;
#1000 = ORIENTED_EDGE ( 'NONE', *, *, #242, .F. ) ;
#1001 = ORIENTED_EDGE ( 'NONE', *, *, #2162, .F. ) ;
#1002 = SECURITY_CLASSIFICATION ( '', '', #4508 ) ;
#1003 = AXIS2_PLACEMENT_3D ( 'NONE', #2254, #2173, #2644 ) ;
#1004 = DIRECTION ( 'NONE',  ( 0.000000000000000000, 0.000000000000000000, -1.000000000000000000 ) ) ;
#1005 = CARTESIAN_POINT ( 'NONE',  ( 1.333333333333285298, -0.6666666666666426488, 57.83333333333328596 ) ) ;
#1006 = PERSON_AND_ORGANIZATION ( #2440, #4600 ) ;
#1007 = VERTEX_POINT ( 'NONE', #4154 ) ;
#1008 = DIRECTION ( 'NONE',  ( 0.000000000000000000, -1.000000000000000000, 0.000000000000000000 ) ) ;
#1009 = EDGE_CURVE ( 'NONE', #929, #3698, #2876, .T. ) ;
#1010 = VERTEX_POINT ( 'NONE', #3342 ) ;
#1011 = AXIS2_PLACEMENT_3D ( 'NONE', #1484, #761, #2656 ) ;
#1012 = CARTESIAN_POINT ( 'NONE',  ( 84.99999999999997158, 3.000000000000002665, 64.50000000000000000 ) ) ;
#1013 = EDGE_CURVE ( 'NONE', #412, #2482, #1181, .T. ) ;
#1014 = CARTESIAN_POINT ( 'NONE',  ( 166.9485747894878784, 1.051425210512171970, -59.74146800830129678 ) ) ;
#1015 = CIRCLE ( 'NONE', #2484, 20.99999999999998934 ) ;
#1016 = ADVANCED_FACE ( 'NONE', ( #2960 ), #2210, .F. ) ;
#1017 = ORIENTED_EDGE ( 'NONE', *, *, #1437, .F. ) ;
#1018 = CYLINDRICAL_SURFACE ( 'NONE', #4532, 2.999999999999999112 ) ;
#1019 = VERTEX_POINT ( 'NONE', #3670 ) ;
#1020 = ORIENTED_EDGE ( 'NONE', *, *, #2679, .T. ) ;
#1021 = VECTOR ( 'NONE', #2524, 1000.000000000000000 ) ;
#1022 = DIRECTION ( 'NONE',  ( 0.000000000000000000, 0.000000000000000000, -1.000000000000000000 ) ) ;
#1023 = DIRECTION ( 'NONE',  ( 0.000000000000000000, -1.000000000000000000, 0.000000000000000000 ) ) ;
#1024 = DIRECTION ( 'NONE',  ( 0.000000000000000000, -1.000000000000000000, 0.000000000000000000 ) ) ;
#1025 = DIRECTION ( 'NONE',  ( -1.000000000000000000, 0.000000000000000000, 0.000000000000000000 ) ) ;
#1026 = LINE ( 'NONE', #4108, #1729 ) ;
#1027 = CARTESIAN_POINT ( 'NONE',  ( 2.449293598294706513E-15, -3.000000000000000000, 20.00000000000000000 ) ) ;
#1028 = DIRECTION ( 'NONE',  ( -1.000000000000000000, -0.000000000000000000, 1.387778780781444492E-15 ) ) ;
#1029 = ORIENTED_EDGE ( 'NONE', *, *, #80, .T. ) ;
#1030 = ORIENTED_EDGE ( 'NONE', *, *, #3085, .F. ) ;
#1031 = DIRECTION ( 'NONE',  ( 0.000000000000000000, 0.000000000000000000, 1.000000000000000000 ) ) ;
#1032 = CARTESIAN_POINT ( 'NONE',  ( 3.051425210512172193, 1.051425210512172193, -59.74146800830128967 ) ) ;
#1033 = ORIENTED_EDGE ( 'NONE', *, *, #5039, .F. ) ;
#1034 = CARTESIAN_POINT ( 'NONE',  ( -50.70626663143507784, 59.75000000000000000, 13.32687348075206124 ) ) ;
#1035 = ORIENTED_EDGE ( 'NONE', *, *, #949, .T. ) ;
#1036 = ORIENTED_EDGE ( 'NONE', *, *, #3078, .F. ) ;
#1037 = DIRECTION ( 'NONE',  ( 0.000000000000000000, 0.000000000000000000, 1.000000000000000000 ) ) ;
#1038 = FACE_OUTER_BOUND ( 'NONE', #1679, .T. ) ;
#1039 = EDGE_LOOP ( 'NONE', ( #4079, #3985, #501, #2468 ) ) ;
#1040 = DIRECTION ( 'NONE',  ( 0.000000000000000000, 0.000000000000000000, 1.000000000000000000 ) ) ;
#1041 = AXIS2_PLACEMENT_3D ( 'NONE', #3448, #2999, #1395 ) ;
#1042 = ORIENTED_EDGE ( 'NONE', *, *, #2125, .T. ) ;
#1043 = EDGE_CURVE ( 'NONE', #4298, #2052, #3625, .T. ) ;
#1044 = CARTESIAN_POINT ( 'NONE',  ( 5.999999999999996447, 3.000000000000003109, 59.50000000000000711 ) ) ;
#1045 = CARTESIAN_POINT ( 'NONE',  ( -38.45626663143507784, 59.75000000000000000, -0.1731265192479389259 ) ) ;
#1046 = ORIENTED_EDGE ( 'NONE', *, *, #4122, .F. ) ;
#1047 = EDGE_CURVE ( 'NONE', #455, #3738, #1827, .T. ) ;
#1048 = ADVANCED_FACE ( 'NONE', ( #179 ), #1717, .F. ) ;
#1049 = DIRECTION ( 'NONE',  ( -0.000000000000000000, 1.000000000000000000, -0.000000000000000000 ) ) ;
#1050 = CARTESIAN_POINT ( 'NONE',  ( 3.551475717527324030E-15, -1.734723475976807094E-15, 29.00000000000000000 ) ) ;
#1051 = LINE ( 'NONE', #1834, #428 ) ;
#1052 = DIRECTION ( 'NONE',  ( 0.7071067811865574537, 0.7071067811865376918, 0.000000000000000000 ) ) ;
#1053 = CARTESIAN_POINT ( 'NONE',  ( 5.500000000000003553, 3.000000000000003109, -64.00000000000000000 ) ) ;
#1054 = ORIENTED_EDGE ( 'NONE', *, *, #543, .F. ) ;
#1055 = ORIENTED_EDGE ( 'NONE', *, *, #746, .F. ) ;
#1056 = CIRCLE ( 'NONE', #4885, 1.999999999999996669 ) ;
#1057 = CARTESIAN_POINT ( 'NONE',  ( 0.000000000000000000, 55.00000000000000000, 0.000000000000000000 ) ) ;
#1058 = CIRCLE ( 'NONE', #3901, 5.000000000000004441 ) ;
#1059 = DIRECTION ( 'NONE',  ( 0.000000000000000000, 0.000000000000000000, -1.000000000000000000 ) ) ;
#1060 = LINE ( 'NONE', #4173, #440 ) ;
#1061 = ORIENTED_EDGE ( 'NONE', *, *, #3909, .T. ) ;
#1062 = ORIENTED_EDGE ( 'NONE', *, *, #2680, .F. ) ;
#1063 = AXIS2_PLACEMENT_3D ( 'NONE', #3934, #2430, #63 ) ;
#1064 = CARTESIAN_POINT ( 'NONE',  ( 166.4999999999999716, 3.000000000000000000, 59.50000000000000711 ) ) ;
#1065 = VERTEX_POINT ( 'NONE', #228 ) ;
#1066 = DIRECTION ( 'NONE',  ( 0.000000000000000000, 0.000000000000000000, -1.000000000000000000 ) ) ;
#1067 = DIRECTION ( 'NONE',  ( 0.000000000000000000, 0.000000000000000000, -1.000000000000000000 ) ) ;
#1068 = FACE_OUTER_BOUND ( 'NONE', #2540, .T. ) ;
#1069 = VERTEX_POINT ( 'NONE', #4072 ) ;
#1070 = DIRECTION ( 'NONE',  ( 0.000000000000000000, 0.000000000000000000, 1.000000000000000000 ) ) ;
#1071 = DIRECTION ( 'NONE',  ( 0.000000000000000000, 9.540979117872431131E-15, -1.000000000000000000 ) ) ;
#1072 = CARTESIAN_POINT ( 'NONE',  ( 79.99999999999998579, 3.000000000000002665, 64.00000000000000000 ) ) ;
#1073 = DIRECTION ( 'NONE',  ( 1.060575238724905312E-16, -0.5000000000000022204, 0.8660254037844373753 ) ) ;
#1074 = EDGE_CURVE ( 'NONE', #419, #4620, #3112, .T. ) ;
#1075 = VERTEX_POINT ( 'NONE', #638 ) ;
#1076 = DIRECTION ( 'NONE',  ( 0.7071067811865574537, -0.7071067811865376918, 0.000000000000000000 ) ) ;
#1077 = EDGE_CURVE ( 'NONE', #4410, #3192, #4875, .T. ) ;
#1078 = VERTEX_POINT ( 'NONE', #1357 ) ;
#1079 = EDGE_CURVE ( 'NONE', #4389, #4591, #3693, .T. ) ;
#1080 = CARTESIAN_POINT ( 'NONE',  ( 7.999999999999992895, 3.000000000000002665, 59.50000000000000711 ) ) ;
#1081 = CARTESIAN_POINT ( 'NONE',  ( -25.31365017401159179, 20.62180185532525556, 16.41258776646634843 ) ) ;
#1082 = AXIS2_PLACEMENT_3D ( 'NONE', #476, #1170, #2396 ) ;
#1083 = ORIENTED_EDGE ( 'NONE', *, *, #3662, .F. ) ;
#1084 = DIRECTION ( 'NONE',  ( 0.000000000000000000, 0.000000000000000000, 1.000000000000000000 ) ) ;
#1085 = VECTOR ( 'NONE', #703, 1000.000000000000000 ) ;
#1086 = EDGE_LOOP ( 'NONE', ( #3188, #4085, #3232, #4365, #2220, #2835 ) ) ;
#1087 = CARTESIAN_POINT ( 'NONE',  ( 12.99999999999999822, 3.000000000000002665, -64.00000000000000000 ) ) ;
#1088 = CIRCLE ( 'NONE', #110, 20.99999999999998934 ) ;
#1089 = VECTOR ( 'NONE', #1598, 1000.000000000000114 ) ;
#1090 = CARTESIAN_POINT ( 'NONE',  ( 89.49999999999997158, 3.000000000000000444, 64.00000000000000000 ) ) ;
#1091 = TOROIDAL_SURFACE ( 'NONE', #4191, 29.00000000000000000, 4.000000000000000000 ) ;
#1092 = CIRCLE ( 'NONE', #3059, 4.000000000000000000 ) ;
#1093 = DIRECTION ( 'NONE',  ( 0.000000000000000000, 0.000000000000000000, -1.000000000000000000 ) ) ;
#1094 = AXIS2_PLACEMENT_3D ( 'NONE', #4206, #2678, #718 ) ;
#1095 = DIRECTION ( 'NONE',  ( 1.000000000000000000, 0.000000000000000000, 0.000000000000000000 ) ) ;
#1096 = ORIENTED_EDGE ( 'NONE', *, *, #4204, .F. ) ;
#1097 = AXIS2_PLACEMENT_3D ( 'NONE', #1962, #3528, #42 ) ;
#1098 = CARTESIAN_POINT ( 'NONE',  ( 164.4999999999999716, 3.000000000000000888, 64.50000000000000000 ) ) ;
#1099 = FACE_OUTER_BOUND ( 'NONE', #2511, .T. ) ;
#1100 = DIRECTION ( 'NONE',  ( 0.000000000000000000, -1.000000000000000000, 0.000000000000000000 ) ) ;
#1101 = CARTESIAN_POINT ( 'NONE',  ( -23.20052293019691803, 0.6889105017402177289, 13.32687348075206302 ) ) ;
#1102 = DIRECTION ( 'NONE',  ( 1.000000000000000000, -4.625929269271477434E-15, 0.000000000000000000 ) ) ;
#1103 = EDGE_LOOP ( 'NONE', ( #2500, #3679, #1260, #2740, #4090, #4142, #3751 ) ) ;
#1104 = ORIENTED_EDGE ( 'NONE', *, *, #2385, .F. ) ;
#1105 = CARTESIAN_POINT ( 'NONE',  ( 89.50000000000000000, 3.000000000000003109, 64.50000000000000000 ) ) ;
#1106 = EDGE_CURVE ( 'NONE', #1814, #11, #3151, .T. ) ;
#1107 = DIRECTION ( 'NONE',  ( -1.000000000000000000, 0.000000000000000000, 0.000000000000000000 ) ) ;
#1108 = CARTESIAN_POINT ( 'NONE',  ( -38.45626663143507784, 50.62180185532525911, 13.32687348075206302 ) ) ;
#1109 = EDGE_LOOP ( 'NONE', ( #1505, #3089, #2845, #3242 ) ) ;
#1110 = EDGE_CURVE ( 'NONE', #2641, #2238, #1748, .T. ) ;
#1111 = EDGE_CURVE ( 'NONE', #1518, #483, #2114, .T. ) ;
#1112 = ORIENTED_EDGE ( 'NONE', *, *, #1307, .F. ) ;
#1113 = CARTESIAN_POINT ( 'NONE',  ( 12.94857478948782692, 1.051425210512172193, -59.74146800830128967 ) ) ;
#1114 = CIRCLE ( 'NONE', #4041, 3.750000000000000000 ) ;
#1115 = PRODUCT_RELATED_PRODUCT_CATEGORY ( 'detail', '', ( #4318 ) ) ;
#1116 = VECTOR ( 'NONE', #3186, 1000.000000000000000 ) ;
#1117 = AXIS2_PLACEMENT_3D ( 'NONE', #4717, #1210, #2779 ) ;
#1118 = DIRECTION ( 'NONE',  ( 1.000000000000000000, 0.000000000000000000, 0.000000000000000000 ) ) ;
#1119 = CYLINDRICAL_SURFACE ( 'NONE', #2402, 2.000000000000001776 ) ;
#1120 = ORIENTED_EDGE ( 'NONE', *, *, #2514, .T. ) ;
#1121 = CYLINDRICAL_SURFACE ( 'NONE', #4472, 0.5000000000000004441 ) ;
#1122 = DIRECTION ( 'NONE',  ( 0.000000000000000000, 0.000000000000000000, -1.000000000000000000 ) ) ;
#1123 = CARTESIAN_POINT ( 'NONE',  ( 87.49999999999998579, 3.000000000000000444, -64.50000000000000000 ) ) ;
#1124 = ORIENTED_EDGE ( 'NONE', *, *, #3882, .F. ) ;
#1125 = ORIENTED_EDGE ( 'NONE', *, *, #5044, .T. ) ;
#1126 = CARTESIAN_POINT ( 'NONE',  ( 163.9999999999999716, 3.000000000000003109, -64.00000000000000000 ) ) ;
#1127 = DIRECTION ( 'NONE',  ( 4.625929269271485322E-15, 1.000000000000000000, 0.000000000000000000 ) ) ;
#1128 = LINE ( 'NONE', #1866, #5051 ) ;
#1129 = LINE ( 'NONE', #3057, #936 ) ;
#1130 = AXIS2_PLACEMENT_3D ( 'NONE', #1287, #453, #2465 ) ;
#1131 = ORIENTED_EDGE ( 'NONE', *, *, #2290, .T. ) ;
#1132 = VECTOR ( 'NONE', #1783, 1000.000000000000000 ) ;
#1133 = CARTESIAN_POINT ( 'NONE',  ( 159.9999999999999716, 3.000000000000002665, -59.50000000000000711 ) ) ;
#1134 = EDGE_LOOP ( 'NONE', ( #4062, #2888, #2552, #2188 ) ) ;
#1135 = ADVANCED_FACE ( 'NONE', ( #1304 ), #2496, .F. ) ;
#1136 = DIRECTION ( 'NONE',  ( 0.000000000000000000, 0.000000000000000000, 1.000000000000000000 ) ) ;
#1137 = ADVANCED_FACE ( 'NONE', ( #2905 ), #2984, .T. ) ;
#1138 = CARTESIAN_POINT ( 'NONE',  ( -51.95626663143507784, 3.999999999999996447, 13.32687348075206302 ) ) ;
#1139 = EDGE_CURVE ( 'NONE', #3100, #1587, #227, .T. ) ;
#1140 = ADVANCED_FACE ( 'NONE', ( #3692 ), #2875, .F. ) ;
#1141 = VERTEX_POINT ( 'NONE', #3283 ) ;
#1142 = CARTESIAN_POINT ( 'NONE',  ( 8.000000000000000000, 3.000000000000002665, -64.00000000000000000 ) ) ;
#1143 = LINE ( 'NONE', #3832, #2242 ) ;
#1144 = ORIENTED_EDGE ( 'NONE', *, *, #3887, .T. ) ;
#1145 = ORIENTED_EDGE ( 'NONE', *, *, #4259, .F. ) ;
#1146 = DIRECTION ( 'NONE',  ( -1.000000000000000000, 0.000000000000000000, 0.000000000000000000 ) ) ;
#1147 = DIRECTION ( 'NONE',  ( -0.000000000000000000, 0.000000000000000000, 1.000000000000000000 ) ) ;
#1148 = CARTESIAN_POINT ( 'NONE',  ( 89.49999999999998579, 1.500000000000015099, -64.50000000000000000 ) ) ;
#1149 = DIRECTION ( 'NONE',  ( -4.625929269271481378E-15, -1.000000000000000000, 0.000000000000000000 ) ) ;
#1150 = EDGE_LOOP ( 'NONE', ( #591, #4178, #1710, #4265 ) ) ;
#1151 = DIRECTION ( 'NONE',  ( 0.000000000000000000, 0.000000000000000000, -1.000000000000000000 ) ) ;
#1152 = CARTESIAN_POINT ( 'NONE',  ( 79.99999999999998579, 0.9999999999999408251, 64.00000000000000000 ) ) ;
#1153 = DIRECTION ( 'NONE',  ( 0.000000000000000000, 0.000000000000000000, 1.000000000000000000 ) ) ;
#1154 = ORIENTED_EDGE ( 'NONE', *, *, #888, .F. ) ;
#1155 = CARTESIAN_POINT ( 'NONE',  ( -38.45626663143507784, 61.75000000000000000, 17.07687348075206302 ) ) ;
#1156 = CARTESIAN_POINT ( 'NONE',  ( -22.29524730077810091, 0.09928786044908516351, 17.08807368956482975 ) ) ;
#1157 = EDGE_LOOP ( 'NONE', ( #689, #647, #736, #686, #4986, #4146 ) ) ;
#1158 = DIRECTION ( 'NONE',  ( 0.000000000000000000, 0.000000000000000000, -1.000000000000000000 ) ) ;
#1159 = DIRECTION ( 'NONE',  ( 0.000000000000000000, 1.000000000000000000, 0.000000000000000000 ) ) ;
#1160 = VECTOR ( 'NONE', #1571, 1000.000000000000000 ) ;
#1161 = ADVANCED_FACE ( 'NONE', ( #4901 ), #2076, .F. ) ;
#1162 = ORIENTED_EDGE ( 'NONE', *, *, #2699, .F. ) ;
#1163 = CARTESIAN_POINT ( 'NONE',  ( 89.85355339059324820, 1.146446609406669870, 59.64644660940673759 ) ) ;
#1164 = AXIS2_PLACEMENT_3D ( 'NONE', #4958, #2277, #3441 ) ;
#1165 = EDGE_CURVE ( 'NONE', #2182, #3520, #4851, .T. ) ;
#1166 = EDGE_CURVE ( 'NONE', #1629, #3359, #4031, .T. ) ;
#1167 = AXIS2_PLACEMENT_3D ( 'NONE', #1311, #871, #2530 ) ;
#1168 = CARTESIAN_POINT ( 'NONE',  ( 2.000000000000029310, 0.000000000000000000, -58.50000000000002842 ) ) ;
#1169 = DIRECTION ( 'NONE',  ( 0.000000000000000000, 1.000000000000000000, 0.000000000000000000 ) ) ;
#1170 = DIRECTION ( 'NONE',  ( 0.000000000000000000, -0.000000000000000000, 1.000000000000000000 ) ) ;
#1171 = VERTEX_POINT ( 'NONE', #2158 ) ;
#1172 = AXIS2_PLACEMENT_3D ( 'NONE', #224, #597, #2154 ) ;
#1173 =( BOUNDED_CURVE ( )  B_SPLINE_CURVE ( 3, ( #782, #2715, #2786, #3473 ),
 .UNSPECIFIED., .F., .T. ) 
 B_SPLINE_CURVE_WITH_KNOTS ( ( 4, 4 ),
 ( 5.497787143782126407, 6.283185307179586232 ),
 .UNSPECIFIED. ) 
 CURVE ( )  GEOMETRIC_REPRESENTATION_ITEM ( )  RATIONAL_B_SPLINE_CURVE ( ( 1.000000000000000000, 0.9492530216741896787, 0.9492530216741896787, 1.000000000000000000 ) ) 
 REPRESENTATION_ITEM ( '' )  );
#1174 = CARTESIAN_POINT ( 'NONE',  ( -23.20052293019691803, 0.6889105017402177289, 13.32687348075206302 ) ) ;
#1175 = CIRCLE ( 'NONE', #3873, 2.000000000000001776 ) ;
#1176 = DIRECTION ( 'NONE',  ( 0.000000000000000000, 1.000000000000000000, 0.000000000000000000 ) ) ;
#1177 = EDGE_LOOP ( 'NONE', ( #1144, #2349, #4295, #4819 ) ) ;
#1178 = CARTESIAN_POINT ( 'NONE',  ( -22.76742594393445884, 20.62180185532525556, 10.32687348075206302 ) ) ;
#1179 = LINE ( 'NONE', #34, #708 ) ;
#1180 = EDGE_LOOP ( 'NONE', ( #1380, #4426, #988, #1931, #664 ) ) ;
#1181 = CIRCLE ( 'NONE', #3951, 25.00000000000000000 ) ;
#1182 = CARTESIAN_POINT ( 'NONE',  ( 157.4999999999999716, 0.000000000000000000, 60.00000000000000711 ) ) ;
#1183 = CARTESIAN_POINT ( 'NONE',  ( 89.99999999999998579, 0.9999999999999408251, 60.00000000000000711 ) ) ;
#1184 = ORIENTED_EDGE ( 'NONE', *, *, #1714, .T. ) ;
#1185 = DIRECTION ( 'NONE',  ( 1.000000000000000000, 0.000000000000000000, 0.000000000000000000 ) ) ;
#1186 = CARTESIAN_POINT ( 'NONE',  ( 3.000000000000002665, 1.000000000000028644, 60.00000000000000711 ) ) ;
#1187 = ORIENTED_EDGE ( 'NONE', *, *, #1594, .F. ) ;
#1188 = FACE_OUTER_BOUND ( 'NONE', #1583, .T. ) ;
#1189 = EDGE_CURVE ( 'NONE', #2054, #397, #201, .T. ) ;
#1190 = DIRECTION ( 'NONE',  ( -1.000000000000000000, 0.000000000000000000, 0.000000000000000000 ) ) ;
#1191 = DIRECTION ( 'NONE',  ( -0.000000000000000000, -1.000000000000000000, -0.000000000000000000 ) ) ;
#1192 = CARTESIAN_POINT ( 'NONE',  ( 0.000000000000000000, 3.999999999999996447, 0.000000000000000000 ) ) ;
#1193 = EDGE_CURVE ( 'NONE', #4491, #465, #1356, .T. ) ;
#1194 = EDGE_CURVE ( 'NONE', #2259, #1587, #297, .T. ) ;
#1195 = ORIENTED_EDGE ( 'NONE', *, *, #1341, .F. ) ;
#1196 = ADVANCED_FACE ( 'NONE', ( #2550 ), #2580, .T. ) ;
#1197 = CARTESIAN_POINT ( 'NONE',  ( 0.000000000000000000, -3.000000000000000000, 0.000000000000000000 ) ) ;
#1198 = DIRECTION ( 'NONE',  ( 1.000000000000000000, 0.000000000000000000, -0.000000000000000000 ) ) ;
#1199 = ADVANCED_FACE ( 'NONE', ( #1800 ), #4926, .F. ) ;
#1200 = CARTESIAN_POINT ( 'NONE',  ( 161.9999999999999716, 3.000000000000000000, 59.50000000000000711 ) ) ;
#1201 = CARTESIAN_POINT ( 'NONE',  ( 159.9999999999999716, 3.000000000000000444, 59.50000000000000711 ) ) ;
#1202 = ORIENTED_EDGE ( 'NONE', *, *, #716, .F. ) ;
#1203 = CARTESIAN_POINT ( 'NONE',  ( 12.99999999999999822, 3.000000000000002665, -59.50000000000000711 ) ) ;
#1204 = CARTESIAN_POINT ( 'NONE',  ( 0.000000000000000000, -3.000000000000000000, 0.000000000000000000 ) ) ;
#1205 = VERTEX_POINT ( 'NONE', #4972 ) ;
#1206 = VECTOR ( 'NONE', #3080, 999.9999999999998863 ) ;
#1207 = DIRECTION ( 'NONE',  ( 0.000000000000000000, -0.5000000000000022204, -0.8660254037844373753 ) ) ;
#1208 = VECTOR ( 'NONE', #1726, 1000.000000000000000 ) ;
#1209 = CARTESIAN_POINT ( 'NONE',  ( 161.9999999999999716, 1.000000000000000888, -59.50000000000000711 ) ) ;
#1210 = DIRECTION ( 'NONE',  ( 0.000000000000000000, -0.000000000000000000, 1.000000000000000000 ) ) ;
#1211 = ORIENTED_EDGE ( 'NONE', *, *, #2162, .T. ) ;
#1212 = VECTOR ( 'NONE', #3306, 1000.000000000000000 ) ;
#1213 = VERTEX_POINT ( 'NONE', #2606 ) ;
#1214 = AXIS2_PLACEMENT_3D ( 'NONE', #3018, #3228, #1779 ) ;
#1215 = DIRECTION ( 'NONE',  ( 3.552713678800500929E-15, 0.000000000000000000, -1.000000000000000000 ) ) ;
#1216 = VERTEX_POINT ( 'NONE', #1138 ) ;
#1217 = ORIENTED_EDGE ( 'NONE', *, *, #3007, .F. ) ;
#1218 = CYLINDRICAL_SURFACE ( 'NONE', #2311, 2.374999999999998668 ) ;
#1219 = LINE ( 'NONE', #800, #4628 ) ;
#1220 = EDGE_CURVE ( 'NONE', #1069, #1979, #2749, .T. ) ;
#1221 = PLANE ( 'NONE',  #737 ) ;
#1222 = FACE_BOUND ( 'NONE', #3389, .T. ) ;
#1223 = ORIENTED_EDGE ( 'NONE', *, *, #861, .F. ) ;
#1224 = EDGE_CURVE ( 'NONE', #4641, #1592, #4802, .T. ) ;
#1225 = DIRECTION ( 'NONE',  ( -1.000000000000000000, 0.000000000000000000, 0.000000000000000000 ) ) ;
#1226 = ADVANCED_FACE ( 'NONE', ( #2241 ), #1899, .F. ) ;
#1227 = CARTESIAN_POINT ( 'NONE',  ( 80.20710678118655323, 1.207106781186568556, -64.50000000000000000 ) ) ;
#1228 = CARTESIAN_POINT ( 'NONE',  ( 3.000000000000002665, 1.000000000000000666, -59.50000000000000711 ) ) ;
#1229 = DIRECTION ( 'NONE',  ( -4.625929269271481378E-15, -1.000000000000000000, 0.000000000000000000 ) ) ;
#1230 = CARTESIAN_POINT ( 'NONE',  ( 156.9999999999999716, 0.000000000000000000, -60.00000000000000711 ) ) ;
#1231 = ORIENTED_EDGE ( 'NONE', *, *, #4698, .F. ) ;
#1232 = AXIS2_PLACEMENT_3D ( 'NONE', #2993, #4553, #3421 ) ;
#1233 = ORIENTED_EDGE ( 'NONE', *, *, #4707, .F. ) ;
#1234 = CALENDAR_DATE ( 2026, 21, 4 ) ;
#1235 = CARTESIAN_POINT ( 'NONE',  ( 6.000000000000003553, 3.000000000000002665, -64.00000000000000000 ) ) ;
#1236 = DIRECTION ( 'NONE',  ( -0.000000000000000000, -1.000000000000000000, -0.000000000000000000 ) ) ;
#1237 = VECTOR ( 'NONE', #4909, 1000.000000000000000 ) ;
#1238 = ORIENTED_EDGE ( 'NONE', *, *, #4827, .T. ) ;
#1239 = ORIENTED_EDGE ( 'NONE', *, *, #2265, .T. ) ;
#1240 = AXIS2_PLACEMENT_3D ( 'NONE', #2319, #2294, #1146 ) ;
#1241 = ORIENTED_EDGE ( 'NONE', *, *, #1111, .T. ) ;
#1242 = EDGE_CURVE ( 'NONE', #4101, #1924, #1873, .T. ) ;
#1243 = LINE ( 'NONE', #4336, #1897 ) ;
#1244 = ORIENTED_EDGE ( 'NONE', *, *, #4731, .F. ) ;
#1245 = DIRECTION ( 'NONE',  ( 1.000000000000000000, 0.000000000000000000, 0.000000000000000000 ) ) ;
#1246 = AXIS2_PLACEMENT_3D ( 'NONE', #4418, #2472, #4029 ) ;
#1247 = CIRCLE ( 'NONE', #4104, 0.5000000000000004441 ) ;
#1248 = EDGE_LOOP ( 'NONE', ( #4636, #2424, #1739, #4992 ) ) ;
#1249 = VERTEX_POINT ( 'NONE', #308 ) ;
#1250 = EDGE_CURVE ( 'NONE', #3012, #3716, #3483, .T. ) ;
#1251 = CIRCLE ( 'NONE', #2318, 0.5000000000000004441 ) ;
#1252 = LINE ( 'NONE', #2819, #170 ) ;
#1253 = DIRECTION ( 'NONE',  ( 0.000000000000000000, 0.000000000000000000, 1.000000000000000000 ) ) ;
#1254 = ORIENTED_EDGE ( 'NONE', *, *, #1283, .F. ) ;
#1255 = CARTESIAN_POINT ( 'NONE',  ( 89.99999999999998579, 0.9999999999999408251, 64.00000000000000000 ) ) ;
#1256 = ADVANCED_FACE ( 'NONE', ( #1923 ), #4998, .T. ) ;
#1257 = ORIENTED_EDGE ( 'NONE', *, *, #2849, .F. ) ;
#1258 = EDGE_CURVE ( 'NONE', #5057, #4086, #4231, .T. ) ;
#1259 = LINE ( 'NONE', #2850, #2177 ) ;
#1260 = ORIENTED_EDGE ( 'NONE', *, *, #2785, .F. ) ;
#1261 =( NAMED_UNIT ( * ) SI_UNIT ( $, .STERADIAN. ) SOLID_ANGLE_UNIT ( ) );
#1262 = LINE ( 'NONE', #130, #961 ) ;
#1263 = EDGE_LOOP ( 'NONE', ( #2662, #2602, #2118, #261 ) ) ;
#1264 = ORIENTED_EDGE ( 'NONE', *, *, #3226, .T. ) ;
#1265 = ORIENTED_EDGE ( 'NONE', *, *, #952, .T. ) ;
#1266 = VECTOR ( 'NONE', #4153, 1000.000000000000000 ) ;
#1267 = CYLINDRICAL_SURFACE ( 'NONE', #519, 2.000000000000001776 ) ;
#1268 = CARTESIAN_POINT ( 'NONE',  ( -29.95626663143508139, 61.75000000000000000, 13.32687348075206302 ) ) ;
#1269 = CIRCLE ( 'NONE', #5036, 13.49999999999999822 ) ;
#1270 = CARTESIAN_POINT ( 'NONE',  ( -24.95626663143508139, 20.62180185532525556, 13.32687348075206302 ) ) ;
#1271 = CARTESIAN_POINT ( 'NONE',  ( 3.000000000000002665, 0.000000000000000000, -59.50000000000000711 ) ) ;
#1272 = CARTESIAN_POINT ( 'NONE',  ( 84.99999999999997158, 3.000000000000002665, 59.50000000000000711 ) ) ;
#1273 = VERTEX_POINT ( 'NONE', #3805 ) ;
#1274 = PLANE ( 'NONE',  #2227 ) ;
#1275 = CARTESIAN_POINT ( 'NONE',  ( 8.000000000000000000, 3.000000000000002665, -59.50000000000000711 ) ) ;
#1276 = ORIENTED_EDGE ( 'NONE', *, *, #2348, .T. ) ;
#1277 = CARTESIAN_POINT ( 'NONE',  ( -26.20626663143508495, 40.00000000000000000, 13.32687348075206302 ) ) ;
#1278 = CARTESIAN_POINT ( 'NONE',  ( 79.99999999999998579, 1.000000000000029088, -59.86561944896764942 ) ) ;
#1279 = DIRECTION ( 'NONE',  ( 0.000000000000000000, -0.000000000000000000, -1.000000000000000000 ) ) ;
#1280 = EDGE_CURVE ( 'NONE', #1902, #1273, #1998, .T. ) ;
#1281 = FACE_OUTER_BOUND ( 'NONE', #207, .T. ) ;
#1282 = CARTESIAN_POINT ( 'NONE',  ( 159.9999999999999716, 3.000000000000002665, -64.00000000000000000 ) ) ;
#1283 = EDGE_CURVE ( 'NONE', #2948, #4183, #870, .T. ) ;
#1284 = VECTOR ( 'NONE', #4654, 1000.000000000000000 ) ;
#1285 = EDGE_CURVE ( 'NONE', #3482, #4404, #3722, .T. ) ;
#1286 = ADVANCED_FACE ( 'NONE', ( #1486 ), #3065, .F. ) ;
#1287 = CARTESIAN_POINT ( 'NONE',  ( -46.95626663143507784, 59.75000000000000000, 13.32687348075206302 ) ) ;
#1288 = CIRCLE ( 'NONE', #2522, 2.000000000000001776 ) ;
#1289 = ORIENTED_EDGE ( 'NONE', *, *, #1111, .F. ) ;
#1290 = VECTOR ( 'NONE', #904, 1000.000000000000000 ) ;
#1291 = CARTESIAN_POINT ( 'NONE',  ( 0.000000000000000000, 55.00000000000000000, 0.000000000000000000 ) ) ;
#1292 = ORIENTED_EDGE ( 'NONE', *, *, #2918, .F. ) ;
#1293 = DIRECTION ( 'NONE',  ( 0.000000000000000000, 0.000000000000000000, 1.000000000000000000 ) ) ;
#1294 = DIRECTION ( 'NONE',  ( 0.000000000000000000, -1.000000000000000000, 0.000000000000000000 ) ) ;
#1295 = CARTESIAN_POINT ( 'NONE',  ( 166.4999999999999716, -3.000000000000000000, 64.00000000000000000 ) ) ;
#1296 = DIRECTION ( 'NONE',  ( -1.000000000000000000, 0.000000000000000000, 0.000000000000000000 ) ) ;
#1297 = VERTEX_POINT ( 'NONE', #3848 ) ;
#1298 = DIRECTION ( 'NONE',  ( -1.000000000000000000, 0.000000000000000000, 0.000000000000000000 ) ) ;
#1299 = DIRECTION ( 'NONE',  ( 0.000000000000000000, 0.000000000000000000, -1.000000000000000000 ) ) ;
#1300 = DIRECTION ( 'NONE',  ( -1.000000000000000000, 0.000000000000000000, 0.000000000000000000 ) ) ;
#1301 = DIRECTION ( 'NONE',  ( 0.000000000000000000, -0.000000000000000000, -1.000000000000000000 ) ) ;
#1302 = DIRECTION ( 'NONE',  ( -1.000000000000000000, 0.000000000000000000, 0.000000000000000000 ) ) ;
#1303 = EDGE_CURVE ( 'NONE', #1308, #4911, #348, .T. ) ;
#1304 = FACE_OUTER_BOUND ( 'NONE', #3883, .T. ) ;
#1305 = CARTESIAN_POINT ( 'NONE',  ( 12.99999999999999822, 1.000000000000000888, -64.00000000000000000 ) ) ;
#1306 = ORIENTED_EDGE ( 'NONE', *, *, #1824, .F. ) ;
#1307 = EDGE_CURVE ( 'NONE', #2043, #1771, #459, .T. ) ;
#1308 = VERTEX_POINT ( 'NONE', #3966 ) ;
#1309 = EDGE_CURVE ( 'NONE', #1205, #2538, #4716, .T. ) ;
#1310 = TOROIDAL_SURFACE ( 'NONE', #1558, 29.00000000000000000, 4.000000000000000000 ) ;
#1311 = CARTESIAN_POINT ( 'NONE',  ( 7.999999999999992895, 3.000000000000002665, 64.00000000000000000 ) ) ;
#1312 = ORIENTED_EDGE ( 'NONE', *, *, #2317, .T. ) ;
#1313 = PRODUCT_DEFINITION ( 'UNKNOWN', '', #3050, #4052 ) ;
#1314 = TOROIDAL_SURFACE ( 'NONE', #2307, 2.499999999999996003, 0.5000000000000000000 ) ;
#1315 = ORIENTED_EDGE ( 'NONE', *, *, #2026, .T. ) ;
#1316 = AXIS2_PLACEMENT_3D ( 'NONE', #3752, #333, #262 ) ;
#1317 = CARTESIAN_POINT ( 'NONE',  ( 0.000000000000000000, 53.99999999999998579, -25.00000000000000000 ) ) ;
#1318 = VECTOR ( 'NONE', #4246, 1000.000000000000000 ) ;
#1319 = VECTOR ( 'NONE', #267, 1000.000000000000000 ) ;
#1320 = AXIS2_PLACEMENT_3D ( 'NONE', #2209, #4068, #3310 ) ;
#1321 = CARTESIAN_POINT ( 'NONE',  ( 91.00000000000004263, 0.000000000000000000, -58.49999999999995026 ) ) ;
#1322 = ORIENTED_EDGE ( 'NONE', *, *, #3023, .F. ) ;
#1323 = ORIENTED_EDGE ( 'NONE', *, *, #2645, .T. ) ;
#1324 = CIRCLE ( 'NONE', #2065, 12.24999999999999645 ) ;
#1325 = DIRECTION ( 'NONE',  ( -0.7071067811865475727, -0.7071067811865475727, 0.000000000000000000 ) ) ;
#1326 = ORIENTED_EDGE ( 'NONE', *, *, #1194, .F. ) ;
#1327 = DIRECTION ( 'NONE',  ( 0.000000000000000000, 0.000000000000000000, 1.000000000000000000 ) ) ;
#1328 = CYLINDRICAL_SURFACE ( 'NONE', #697, 4.999999999999990230 ) ;
#1329 = AXIS2_PLACEMENT_3D ( 'NONE', #286, #1801, #4546 ) ;
#1330 = DIRECTION ( 'NONE',  ( 0.000000000000000000, 0.000000000000000000, -1.000000000000000000 ) ) ;
#1331 = ORIENTED_EDGE ( 'NONE', *, *, #969, .F. ) ;
#1332 = VERTEX_POINT ( 'NONE', #3558 ) ;
#1333 = EDGE_CURVE ( 'NONE', #715, #12, #3963, .T. ) ;
#1334 = ORIENTED_EDGE ( 'NONE', *, *, #3586, .T. ) ;
#1335 = DIRECTION ( 'NONE',  ( -9.251858538542962756E-15, 1.000000000000000000, -0.000000000000000000 ) ) ;
#1336 = VECTOR ( 'NONE', #327, 1000.000000000000000 ) ;
#1337 = VERTEX_POINT ( 'NONE', #2824 ) ;
#1338 = EDGE_CURVE ( 'NONE', #2246, #3000, #4631, .T. ) ;
#1339 = DIRECTION ( 'NONE',  ( -0.000000000000000000, -1.000000000000000000, -0.000000000000000000 ) ) ;
#1340 = DIRECTION ( 'NONE',  ( -0.000000000000000000, -1.000000000000000000, -0.000000000000000000 ) ) ;
#1341 = EDGE_CURVE ( 'NONE', #4208, #3369, #627, .T. ) ;
#1342 = EDGE_CURVE ( 'NONE', #2199, #757, #811, .T. ) ;
#1343 = EDGE_LOOP ( 'NONE', ( #4414, #5037, #3276, #2997, #3506, #2747, #1552 ) ) ;
#1344 = LINE ( 'NONE', #4400, #1642 ) ;
#1345 = AXIS2_PLACEMENT_3D ( 'NONE', #792, #3830, #1968 ) ;
#1346 = ADVANCED_FACE ( 'NONE', ( #422 ), #4326, .T. ) ;
#1347 = CARTESIAN_POINT ( 'NONE',  ( 3.000000000000002665, 1.000000000000000666, -60.00000000000000711 ) ) ;
#1348 = ORIENTED_EDGE ( 'NONE', *, *, #2001, .T. ) ;
#1349 = EDGE_LOOP ( 'NONE', ( #4168, #4900, #1564, #3833 ) ) ;
#1350 = CIRCLE ( 'NONE', #4874, 2.000000000000001776 ) ;
#1351 = CARTESIAN_POINT ( 'NONE',  ( 157.0514252105121216, 1.051425210512170638, 59.74146800830128967 ) ) ;
#1352 = PERSON_AND_ORGANIZATION_ROLE ( 'creator' ) ;
#1353 = ORIENTED_EDGE ( 'NONE', *, *, #3699, .T. ) ;
#1354 = FACE_OUTER_BOUND ( 'NONE', #2990, .T. ) ;
#1355 = EDGE_LOOP ( 'NONE', ( #4944, #5054, #3181, #3916 ) ) ;
#1356 = LINE ( 'NONE', #3745, #2490 ) ;
#1357 = CARTESIAN_POINT ( 'NONE',  ( 7.999999999999992895, 1.000000000000028644, 59.50000000000000711 ) ) ;
#1358 = ORIENTED_EDGE ( 'NONE', *, *, #4642, .F. ) ;
#1359 = DIRECTION ( 'NONE',  ( 0.000000000000000000, 0.000000000000000000, -1.000000000000000000 ) ) ;
#1360 = ORIENTED_EDGE ( 'NONE', *, *, #4061, .T. ) ;
#1361 = ORIENTED_EDGE ( 'NONE', *, *, #3226, .F. ) ;
#1362 = AXIS2_PLACEMENT_3D ( 'NONE', #1200, #3127, #4685 ) ;
#1363 = FACE_OUTER_BOUND ( 'NONE', #4355, .T. ) ;
#1364 = CARTESIAN_POINT ( 'NONE',  ( 76.50000000000289901, -79.50000000000007105, -64.50000000000000000 ) ) ;
#1365 = CARTESIAN_POINT ( 'NONE',  ( 37.99999999999887024, -40.99999999999992895, -64.50000000000000000 ) ) ;
#1366 = LINE ( 'NONE', #2939, #190 ) ;
#1367 = FACE_OUTER_BOUND ( 'NONE', #479, .T. ) ;
#1368 = ORIENTED_EDGE ( 'NONE', *, *, #1782, .T. ) ;
#1369 = CIRCLE ( 'NONE', #1451, 2.374999999999998668 ) ;
#1370 = ORIENTED_EDGE ( 'NONE', *, *, #502, .T. ) ;
#1371 = DIRECTION ( 'NONE',  ( 0.000000000000000000, 0.000000000000000000, 1.000000000000000000 ) ) ;
#1372 = EDGE_CURVE ( 'NONE', #590, #1069, #1635, .T. ) ;
#1373 = VERTEX_POINT ( 'NONE', #1965 ) ;
#1374 = DIRECTION ( 'NONE',  ( -0.000000000000000000, 0.000000000000000000, 1.000000000000000000 ) ) ;
#1375 = EDGE_LOOP ( 'NONE', ( #2481, #3661, #2964, #1348, #4867, #2120, #2145 ) ) ;
#1376 = ADVANCED_FACE ( 'NONE', ( #4378 ), #44, .T. ) ;
#1377 = EDGE_CURVE ( 'NONE', #386, #3938, #1586, .T. ) ;
#1378 = CARTESIAN_POINT ( 'NONE',  ( 12.49999999999998401, 3.000000000000002665, 59.50000000000000711 ) ) ;
#1379 = PERSON_AND_ORGANIZATION_ROLE ( 'design_supplier' ) ;
#1380 = ORIENTED_EDGE ( 'NONE', *, *, #4771, .F. ) ;
#1381 = DIRECTION ( 'NONE',  ( -1.000000000000000000, 0.000000000000000000, 0.000000000000000000 ) ) ;
#1382 = ORIENTED_EDGE ( 'NONE', *, *, #975, .F. ) ;
#1383 = DIRECTION ( 'NONE',  ( -0.5773502691896257311, -0.5773502691896257311, -0.5773502691896257311 ) ) ;
#1384 = EDGE_LOOP ( 'NONE', ( #2397, #2908 ) ) ;
#1385 = CARTESIAN_POINT ( 'NONE',  ( 0.000000000000000000, 3.999999999999996447, 0.000000000000000000 ) ) ;
#1386 = CARTESIAN_POINT ( 'NONE',  ( 0.000000000000000000, 3.999999999999996447, 0.000000000000000000 ) ) ;
#1387 = ORIENTED_EDGE ( 'NONE', *, *, #4825, .T. ) ;
#1388 = VERTEX_POINT ( 'NONE', #1209 ) ;
#1389 = DIRECTION ( 'NONE',  ( 0.000000000000000000, -1.000000000000000000, 0.000000000000000000 ) ) ;
#1390 = LINE ( 'NONE', #4527, #1132 ) ;
#1391 = ORIENTED_EDGE ( 'NONE', *, *, #1941, .F. ) ;
#1392 = ORIENTED_EDGE ( 'NONE', *, *, #1342, .T. ) ;
#1393 = VECTOR ( 'NONE', #1073, 1000.000000000000114 ) ;
#1394 = CARTESIAN_POINT ( 'NONE',  ( 89.49999999999998579, 1.500000000000015099, -64.50000000000000000 ) ) ;
#1395 = DIRECTION ( 'NONE',  ( 1.000000000000000000, 0.000000000000000000, 0.000000000000000000 ) ) ;
#1396 = FACE_OUTER_BOUND ( 'NONE', #3843, .T. ) ;
#1397 = LINE ( 'NONE', #3782, #3773 ) ;
#1398 = EDGE_LOOP ( 'NONE', ( #4696, #1276, #3734, #5024 ) ) ;
#1399 = AXIS2_PLACEMENT_3D ( 'NONE', #1268, #4756, #2861 ) ;
#1400 = CYLINDRICAL_SURFACE ( 'NONE', #1903, 4.999999999999990230 ) ;
#1401 = ORIENTED_EDGE ( 'NONE', *, *, #3293, .T. ) ;
#1402 = ORIENTED_EDGE ( 'NONE', *, *, #4170, .F. ) ;
#1403 = EDGE_CURVE ( 'NONE', #1678, #4509, #2388, .T. ) ;
#1404 = CC_DESIGN_SECURITY_CLASSIFICATION ( #1002, ( #3050 ) ) ;
#1405 = AXIS2_PLACEMENT_3D ( 'NONE', #1524, #4289, #1575 ) ;
#1406 = DIRECTION ( 'NONE',  ( -0.7071067811865573427, -0.7071067811865378028, -0.000000000000000000 ) ) ;
#1407 = CALENDAR_DATE ( 2026, 21, 4 ) ;
#1408 = EDGE_LOOP ( 'NONE', ( #4067, #1217, #3683, #1239 ) ) ;
#1409 = EDGE_CURVE ( 'NONE', #1141, #2182, #4302, .T. ) ;
#1410 = DIRECTION ( 'NONE',  ( 0.000000000000000000, 1.000000000000000000, 0.000000000000000000 ) ) ;
#1411 = EDGE_CURVE ( 'NONE', #193, #2453, #2281, .T. ) ;
#1412 = AXIS2_PLACEMENT_3D ( 'NONE', #3991, #3233, #2750 ) ;
#1413 = CARTESIAN_POINT ( 'NONE',  ( 79.99999999999998579, 0.000000000000000000, -60.00000000000000711 ) ) ;
#1414 = CARTESIAN_POINT ( 'NONE',  ( -24.95626663143508139, 40.62180185532525201, 10.32687348075206302 ) ) ;
#1415 = AXIS2_PLACEMENT_3D ( 'NONE', #4503, #908, #1684 ) ;
#1416 = CARTESIAN_POINT ( 'NONE',  ( 8.000000000000000000, 3.000000000000002665, -60.00000000000000711 ) ) ;
#1417 = CYLINDRICAL_SURFACE ( 'NONE', #43, 1.999999999999996669 ) ;
#1418 = ORIENTED_EDGE ( 'NONE', *, *, #683, .T. ) ;
#1419 = EDGE_LOOP ( 'NONE', ( #378, #4847, #2810, #1719 ) ) ;
#1420 = CIRCLE ( 'NONE', #1499, 64.50000000000000000 ) ;
#1421 = CARTESIAN_POINT ( 'NONE',  ( 8.000000000000000000, 3.000000000000002665, -59.50000000000000711 ) ) ;
#1422 = CARTESIAN_POINT ( 'NONE',  ( 8.500000000000179412, 5.499999999999944933, -64.50000000000000000 ) ) ;
#1423 = CARTESIAN_POINT ( 'NONE',  ( 89.99999999999998579, 1.000000000000028200, -64.29289321881346098 ) ) ;
#1424 = CARTESIAN_POINT ( 'NONE',  ( -24.95626663143508139, 50.62180185532525911, 10.32687348075206302 ) ) ;
#1425 = CARTESIAN_POINT ( 'NONE',  ( 80.05142521051216420, 1.051425210512109576, 59.74146800830129678 ) ) ;
#1426 = ORIENTED_EDGE ( 'NONE', *, *, #2357, .F. ) ;
#1427 = ORIENTED_EDGE ( 'NONE', *, *, #1220, .F. ) ;
#1428 = LINE ( 'NONE', #1474, #4269 ) ;
#1429 = LINE ( 'NONE', #4221, #4963 ) ;
#1430 = DIRECTION ( 'NONE',  ( 1.000000000000000000, 0.000000000000000000, 0.000000000000000000 ) ) ;
#1431 = EDGE_LOOP ( 'NONE', ( #3107, #3620, #3200, #2028 ) ) ;
#1432 = VERTEX_POINT ( 'NONE', #1378 ) ;
#1433 = AXIS2_PLACEMENT_3D ( 'NONE', #3920, #3535, #1925 ) ;
#1434 = ORIENTED_EDGE ( 'NONE', *, *, #77, .F. ) ;
#1435 = CARTESIAN_POINT ( 'NONE',  ( 161.9999999999999716, 3.000000000000000000, 60.00000000000000711 ) ) ;
#1436 = CARTESIAN_POINT ( 'NONE',  ( 161.9999999999999716, 3.000000000000002665, -64.00000000000000000 ) ) ;
#1437 = EDGE_CURVE ( 'NONE', #2538, #3207, #967, .T. ) ;
#1438 = DIRECTION ( 'NONE',  ( 9.251858538542962756E-15, -1.000000000000000000, 0.000000000000000000 ) ) ;
#1439 = CARTESIAN_POINT ( 'NONE',  ( -23.20626663143508495, 0.000000000000000000, 13.32687348075206302 ) ) ;
#1440 = ORIENTED_EDGE ( 'NONE', *, *, #1909, .F. ) ;
#1441 = EDGE_CURVE ( 'NONE', #4930, #4452, #3259, .T. ) ;
#1442 = EDGE_CURVE ( 'NONE', #2011, #4681, #2851, .T. ) ;
#1443 = DIRECTION ( 'NONE',  ( -0.000000000000000000, -1.000000000000000000, 0.000000000000000000 ) ) ;
#1444 = CIRCLE ( 'NONE', #1689, 2.000000000000001776 ) ;
#1445 = CARTESIAN_POINT ( 'NONE',  ( 3.500000000000003109, 1.000000000000000888, -59.50000000000000711 ) ) ;
#1446 = CARTESIAN_POINT ( 'NONE',  ( -46.95626663143507784, 59.75000000000000000, 13.32687348075206302 ) ) ;
#1447 = ORIENTED_EDGE ( 'NONE', *, *, #2738, .T. ) ;
#1448 = VECTOR ( 'NONE', #802, 1000.000000000000000 ) ;
#1449 = AXIS2_PLACEMENT_3D ( 'NONE', #2431, #4526, #2590 ) ;
#1450 = LINE ( 'NONE', #1105, #2234 ) ;
#1451 = AXIS2_PLACEMENT_3D ( 'NONE', #3988, #1581, #3158 ) ;
#1452 = DIRECTION ( 'NONE',  ( 0.000000000000000000, 1.000000000000000000, 0.000000000000000000 ) ) ;
#1453 = CARTESIAN_POINT ( 'NONE',  ( -24.95626663143508139, 3.999999999999996447, 13.32687348075206302 ) ) ;
#1454 = ORIENTED_EDGE ( 'NONE', *, *, #3639, .F. ) ;
#1455 = AXIS2_PLACEMENT_3D ( 'NONE', #4552, #2192, #3753 ) ;
#1456 = CYLINDRICAL_SURFACE ( 'NONE', #1821, 0.5000000000000004441 ) ;
#1457 = VERTEX_POINT ( 'NONE', #4821 ) ;
#1458 = CARTESIAN_POINT ( 'NONE',  ( 3.500000000000002665, 3.000000000000002665, -64.00000000000000000 ) ) ;
#1459 = EDGE_LOOP ( 'NONE', ( #3272, #1875, #3889, #2021, #2291 ) ) ;
#1460 = DIRECTION ( 'NONE',  ( 1.000000000000000000, 0.000000000000000000, -0.000000000000000000 ) ) ;
#1461 = ORIENTED_EDGE ( 'NONE', *, *, #478, .T. ) ;
#1462 = ORIENTED_EDGE ( 'NONE', *, *, #1622, .F. ) ;
#1463 = EDGE_CURVE ( 'NONE', #4651, #2948, #978, .T. ) ;
#1464 = DIRECTION ( 'NONE',  ( 0.000000000000000000, -1.000000000000000000, 0.000000000000000000 ) ) ;
#1465 = CARTESIAN_POINT ( 'NONE',  ( 79.99999999999998579, 0.000000000000000000, 59.50000000000000711 ) ) ;
#1466 = FACE_OUTER_BOUND ( 'NONE', #61, .T. ) ;
#1467 = LINE ( 'NONE', #336, #122 ) ;
#1468 = CARTESIAN_POINT ( 'NONE',  ( 8.000000000000000000, 3.000000000000002665, -64.00000000000000000 ) ) ;
#1469 = ADVANCED_FACE ( 'NONE', ( #2516 ), #2542, .F. ) ;
#1470 = ORIENTED_EDGE ( 'NONE', *, *, #5039, .T. ) ;
#1471 = ADVANCED_FACE ( 'NONE', ( #4794 ), #2901, .F. ) ;
#1472 = CARTESIAN_POINT ( 'NONE',  ( 156.9999999999999716, 3.000000000000000000, 64.00000000000000000 ) ) ;
#1473 = EDGE_LOOP ( 'NONE', ( #4634, #2973, #1844, #3408 ) ) ;
#1474 = CARTESIAN_POINT ( 'NONE',  ( 156.9999999999999716, 1.000000000000000888, 59.50000000000000711 ) ) ;
#1475 = LINE ( 'NONE', #4585, #309 ) ;
#1476 = CC_DESIGN_DATE_AND_TIME_ASSIGNMENT ( #2953, #4897, ( #1002 ) ) ;
#1477 = PLANE ( 'NONE',  #2761 ) ;
#1478 = CARTESIAN_POINT ( 'NONE',  ( 84.99999999999997158, 3.000000000000002665, 59.50000000000000711 ) ) ;
#1479 = VECTOR ( 'NONE', #1253, 1000.000000000000000 ) ;
#1480 = VERTEX_POINT ( 'NONE', #2461 ) ;
#1481 = DIRECTION ( 'NONE',  ( -0.000000000000000000, 0.000000000000000000, 1.000000000000000000 ) ) ;
#1482 = AXIS2_PLACEMENT_3D ( 'NONE', #3980, #105, #484 ) ;
#1483 = ORIENTED_EDGE ( 'NONE', *, *, #2652, .F. ) ;
#1484 = CARTESIAN_POINT ( 'NONE',  ( 0.000000000000000000, 53.26794919243116055, 0.000000000000000000 ) ) ;
#1485 = TOROIDAL_SURFACE ( 'NONE', #1003, 4.500000000000003553, 0.5000000000000000000 ) ;
#1486 = FACE_OUTER_BOUND ( 'NONE', #4761, .T. ) ;
#1487 = AXIS2_PLACEMENT_3D ( 'NONE', #4933, #4211, #234 ) ;
#1488 = DIRECTION ( 'NONE',  ( 0.000000000000000000, 0.000000000000000000, 1.000000000000000000 ) ) ;
#1489 = CIRCLE ( 'NONE', #1320, 0.5000000000000004441 ) ;
#1490 = ORIENTED_EDGE ( 'NONE', *, *, #3631, .T. ) ;
#1491 = ORIENTED_EDGE ( 'NONE', *, *, #1711, .F. ) ;
#1492 = VECTOR ( 'NONE', #2539, 1000.000000000000000 ) ;
#1493 =( BOUNDED_CURVE ( )  B_SPLINE_CURVE ( 3, ( #4305, #3189, #865, #2854 ),
 .UNSPECIFIED., .F., .F. ) 
 B_SPLINE_CURVE_WITH_KNOTS ( ( 4, 4 ),
 ( 5.497787143782152164, 6.283185307179586232 ),
 .UNSPECIFIED. ) 
 CURVE ( )  GEOMETRIC_REPRESENTATION_ITEM ( )  RATIONAL_B_SPLINE_CURVE ( ( 1.000000000000000000, 0.9492530216741930094, 0.9492530216741930094, 1.000000000000000000 ) ) 
 REPRESENTATION_ITEM ( '' )  );
#1494 = FACE_BOUND ( 'NONE', #1562, .T. ) ;
#1495 = DIRECTION ( 'NONE',  ( 1.000000000000000000, 0.000000000000000000, 0.000000000000000000 ) ) ;
#1496 = CARTESIAN_POINT ( 'NONE',  ( 7.999999999999992895, 3.000000000000002665, 59.50000000000000711 ) ) ;
#1497 = DIRECTION ( 'NONE',  ( 0.000000000000000000, 1.000000000000000000, 0.000000000000000000 ) ) ;
#1498 = VERTEX_POINT ( 'NONE', #4087 ) ;
#1499 = AXIS2_PLACEMENT_3D ( 'NONE', #2988, #3344, #668 ) ;
#1500 = VERTEX_POINT ( 'NONE', #2151 ) ;
#1501 = EDGE_CURVE ( 'NONE', #2126, #1924, #3905, .T. ) ;
#1502 = CARTESIAN_POINT ( 'NONE',  ( -21.15170071715339972, 20.62180185532525556, 13.32687348075206302 ) ) ;
#1503 = DIRECTION ( 'NONE',  ( -0.000000000000000000, -1.000000000000000000, -0.000000000000000000 ) ) ;
#1504 = EDGE_CURVE ( 'NONE', #365, #2453, #81, .T. ) ;
#1505 = ORIENTED_EDGE ( 'NONE', *, *, #982, .F. ) ;
#1506 = CARTESIAN_POINT ( 'NONE',  ( 166.9485747894878216, 1.051425210512168862, 59.74146800830130388 ) ) ;
#1507 = DIRECTION ( 'NONE',  ( 1.000000000000000000, 0.000000000000000000, 0.000000000000000000 ) ) ;
#1508 = ORIENTED_EDGE ( 'NONE', *, *, #2983, .F. ) ;
#1509 = ADVANCED_FACE ( 'NONE', ( #2575 ), #628, .F. ) ;
#1510 = EDGE_CURVE ( 'NONE', #2906, #1518, #4155, .T. ) ;
#1511 = CARTESIAN_POINT ( 'NONE',  ( -21.99823479330325426, 0.005650913617500135690, 18.52372404704483699 ) ) ;
#1512 = EDGE_LOOP ( 'NONE', ( #4343, #1787 ) ) ;
#1513 = CARTESIAN_POINT ( 'NONE',  ( 87.49999999999998579, 3.000000000000000444, -64.00000000000000000 ) ) ;
#1514 = ORIENTED_EDGE ( 'NONE', *, *, #3395, .F. ) ;
#1515 = CIRCLE ( 'NONE', #4216, 4.999999999999997335 ) ;
#1516 = CYLINDRICAL_SURFACE ( 'NONE', #1345, 4.999999999999990230 ) ;
#1517 = CARTESIAN_POINT ( 'NONE',  ( 156.9999999999999716, 3.000000000000000000, 59.50000000000000711 ) ) ;
#1518 = VERTEX_POINT ( 'NONE', #660 ) ;
#1519 = DIRECTION ( 'NONE',  ( 0.000000000000000000, 0.000000000000000000, -1.000000000000000000 ) ) ;
#1520 = FACE_OUTER_BOUND ( 'NONE', #4317, .T. ) ;
#1521 = DIRECTION ( 'NONE',  ( -1.000000000000000000, 0.000000000000000000, 0.000000000000000000 ) ) ;
#1522 = CARTESIAN_POINT ( 'NONE',  ( 2.849501950123399835E-15, 55.00000000000000000, 23.26794919243110726 ) ) ;
#1523 = ORIENTED_EDGE ( 'NONE', *, *, #1074, .F. ) ;
#1524 = CARTESIAN_POINT ( 'NONE',  ( -38.45626663143507784, 61.75000000000000000, 4.776873480752062306 ) ) ;
#1525 = LINE ( 'NONE', #824, #1318 ) ;
#1526 = CARTESIAN_POINT ( 'NONE',  ( 166.9999999999999716, 1.000000000000000888, 60.00000000000000711 ) ) ;
#1527 = DIRECTION ( 'NONE',  ( -4.625929269271486111E-15, 0.000000000000000000, -1.000000000000000000 ) ) ;
#1528 = VECTOR ( 'NONE', #656, 1000.000000000000000 ) ;
#1529 = EDGE_LOOP ( 'NONE', ( #2229, #2264, #2189, #1202 ) ) ;
#1530 = DIRECTION ( 'NONE',  ( -0.5773502691896205130, 0.5773502691896363892, -0.5773502691896205130 ) ) ;
#1531 = ADVANCED_FACE ( 'NONE', ( #2207 ), #480, .T. ) ;
#1532 = VECTOR ( 'NONE', #2142, 1000.000000000000000 ) ;
#1533 = LINE ( 'NONE', #1630, #1 ) ;
#1534 = CARTESIAN_POINT ( 'NONE',  ( 90.00000000000000000, 3.000000000000000000, 64.00000000000000000 ) ) ;
#1535 = ORIENTED_EDGE ( 'NONE', *, *, #3538, .T. ) ;
#1536 = DIRECTION ( 'NONE',  ( -0.000000000000000000, -1.000000000000000000, -0.000000000000000000 ) ) ;
#1537 = EDGE_CURVE ( 'NONE', #2871, #863, #4065, .T. ) ;
#1538 = AXIS2_PLACEMENT_3D ( 'NONE', #2992, #4159, #2968 ) ;
#1539 = EDGE_CURVE ( 'NONE', #506, #1953, #1892, .T. ) ;
#1540 = CARTESIAN_POINT ( 'NONE',  ( 157.4999999999999716, 1.000000000000000888, -59.50000000000000711 ) ) ;
#1541 = ORIENTED_EDGE ( 'NONE', *, *, #247, .F. ) ;
#1542 = CARTESIAN_POINT ( 'NONE',  ( 12.99999999999998401, 0.000000000000000000, 60.00000000000000711 ) ) ;
#1543 = DIRECTION ( 'NONE',  ( 0.000000000000000000, 0.000000000000000000, 1.000000000000000000 ) ) ;
#1544 = DIRECTION ( 'NONE',  ( 0.000000000000000000, 0.000000000000000000, 1.000000000000000000 ) ) ;
#1545 = CARTESIAN_POINT ( 'NONE',  ( 84.99999999999997158, 3.000000000000000444, -64.00000000000000000 ) ) ;
#1546 = ORIENTED_EDGE ( 'NONE', *, *, #3173, .T. ) ;
#1547 = ORIENTED_EDGE ( 'NONE', *, *, #420, .T. ) ;
#1548 = CARTESIAN_POINT ( 'NONE',  ( 166.4999999999999716, 3.000000000000000000, 59.50000000000000711 ) ) ;
#1549 = LINE ( 'NONE', #4709, #74 ) ;
#1550 = DIRECTION ( 'NONE',  ( 0.000000000000000000, 1.000000000000000000, 0.000000000000000000 ) ) ;
#1551 = VERTEX_POINT ( 'NONE', #758 ) ;
#1552 = ORIENTED_EDGE ( 'NONE', *, *, #472, .F. ) ;
#1553 = CYLINDRICAL_SURFACE ( 'NONE', #2022, 0.5000000000000004441 ) ;
#1554 = CARTESIAN_POINT ( 'NONE',  ( 89.94857478948780738, 1.051425210512108244, 59.74146800830128257 ) ) ;
#1555 = ORIENTED_EDGE ( 'NONE', *, *, #1539, .T. ) ;
#1556 = CARTESIAN_POINT ( 'NONE',  ( 156.0000000000000000, 0.000000000000000000, 0.000000000000000000 ) ) ;
#1557 = EDGE_CURVE ( 'NONE', #979, #3062, #742, .T. ) ;
#1558 = AXIS2_PLACEMENT_3D ( 'NONE', #1192, #2832, #4331 ) ;
#1559 = DIRECTION ( 'NONE',  ( 0.000000000000000000, 1.000000000000000000, 0.000000000000000000 ) ) ;
#1560 = EDGE_CURVE ( 'NONE', #2628, #193, #5045, .T. ) ;
#1561 = EDGE_CURVE ( 'NONE', #944, #3655, #1943, .T. ) ;
#1562 = EDGE_LOOP ( 'NONE', ( #1358, #1939 ) ) ;
#1563 = DIRECTION ( 'NONE',  ( 0.000000000000000000, 0.000000000000000000, 1.000000000000000000 ) ) ;
#1564 = ORIENTED_EDGE ( 'NONE', *, *, #3360, .T. ) ;
#1565 = CIRCLE ( 'NONE', #588, 0.5000000000000004441 ) ;
#1566 = CIRCLE ( 'NONE', #1316, 0.5000000000000004441 ) ;
#1567 = ADVANCED_FACE ( 'NONE', ( #2333 ), #1553, .T. ) ;
#1568 = TOROIDAL_SURFACE ( 'NONE', #593, 2.499999999999996003, 0.5000000000000000000 ) ;
#1569 =( LENGTH_UNIT ( ) NAMED_UNIT ( * ) SI_UNIT ( .MILLI., .METRE. ) );
#1570 = CARTESIAN_POINT ( 'NONE',  ( 3.500000000000002665, 1.500000000000015099, -64.50000000000000000 ) ) ;
#1571 = DIRECTION ( 'NONE',  ( -1.000000000000000000, 0.000000000000000000, 0.000000000000000000 ) ) ;
#1572 = ORIENTED_EDGE ( 'NONE', *, *, #3732, .T. ) ;
#1573 = ORIENTED_EDGE ( 'NONE', *, *, #2646, .F. ) ;
#1574 = CIRCLE ( 'NONE', #3794, 2.000000000000001776 ) ;
#1575 = DIRECTION ( 'NONE',  ( 0.000000000000000000, 0.000000000000000000, 1.000000000000000000 ) ) ;
#1576 = AXIS2_PLACEMENT_3D ( 'NONE', #698, #4100, #3723 ) ;
#1577 = DIRECTION ( 'NONE',  ( -1.000000000000000000, -0.000000000000000000, -0.000000000000000000 ) ) ;
#1578 = CARTESIAN_POINT ( 'NONE',  ( 80.36561944896763521, 1.000000000000029088, -59.50000000000000711 ) ) ;
#1579 = ORIENTED_EDGE ( 'NONE', *, *, #3567, .T. ) ;
#1580 = AXIS2_PLACEMENT_3D ( 'NONE', #3643, #985, #2959 ) ;
#1581 = DIRECTION ( 'NONE',  ( 0.000000000000000000, 1.000000000000000000, 0.000000000000000000 ) ) ;
#1582 = CARTESIAN_POINT ( 'NONE',  ( -22.95173600417233928, 0.5202827355400924114, 14.25946025955371965 ) ) ;
#1583 = EDGE_LOOP ( 'NONE', ( #4893, #1930, #2147, #1162 ) ) ;
#1584 = CARTESIAN_POINT ( 'NONE',  ( 177.0000000000000000, -3.000000000000000000, 57.50000000000000000 ) ) ;
#1585 = DIRECTION ( 'NONE',  ( -1.000000000000000000, -0.000000000000000000, -0.000000000000000000 ) ) ;
#1586 = LINE ( 'NONE', #3209, #896 ) ;
#1587 = VERTEX_POINT ( 'NONE', #1155 ) ;
#1588 = VECTOR ( 'NONE', #3618, 1000.000000000000000 ) ;
#1589 = EDGE_CURVE ( 'NONE', #2691, #3403, #402, .T. ) ;
#1590 = DIRECTION ( 'NONE',  ( -0.000000000000000000, -1.000000000000000000, -0.000000000000000000 ) ) ;
#1591 = FACE_OUTER_BOUND ( 'NONE', #1134, .T. ) ;
#1592 = VERTEX_POINT ( 'NONE', #4273 ) ;
#1593 = CIRCLE ( 'NONE', #62, 0.5000000000000004441 ) ;
#1594 = EDGE_CURVE ( 'NONE', #393, #4060, #3585, .T. ) ;
#1595 = EDGE_LOOP ( 'NONE', ( #968, #2444, #2460, #3298 ) ) ;
#1596 = ADVANCED_FACE ( 'NONE', ( #3891 ), #2356, .T. ) ;
#1597 = DIRECTION ( 'NONE',  ( -1.000000000000000000, 0.000000000000000000, 0.000000000000000000 ) ) ;
#1598 = DIRECTION ( 'NONE',  ( 0.5773502691896301720, -0.5773502691896142958, -0.5773502691896328365 ) ) ;
#1599 = LINE ( 'NONE', #1625, #4015 ) ;
#1600 = LINE ( 'NONE', #3598, #1448 ) ;
#1601 = CARTESIAN_POINT ( 'NONE',  ( 80.49999999999998579, 1.000000000000028644, -59.50000000000000711 ) ) ;
#1602 = ORIENTED_EDGE ( 'NONE', *, *, #4202, .F. ) ;
#1603 = CARTESIAN_POINT ( 'NONE',  ( 0.000000000000000000, -3.000000000000000000, -64.50000000000000000 ) ) ;
#1604 = DIRECTION ( 'NONE',  ( 1.000000000000000000, 0.000000000000000000, 0.000000000000000000 ) ) ;
#1605 = EDGE_LOOP ( 'NONE', ( #260, #409 ) ) ;
#1606 = CARTESIAN_POINT ( 'NONE',  ( 0.000000000000000000, -3.000000000000000000, 0.000000000000000000 ) ) ;
#1607 = AXIS2_PLACEMENT_3D ( 'NONE', #1668, #3239, #157 ) ;
#1608 = CARTESIAN_POINT ( 'NONE',  ( -24.95626663143508139, 40.62180185532525201, 10.32687348075206302 ) ) ;
#1609 = CIRCLE ( 'NONE', #475, 0.5000000000000004441 ) ;
#1610 = DIRECTION ( 'NONE',  ( 0.000000000000000000, 0.000000000000000000, 1.000000000000000000 ) ) ;
#1611 = LINE ( 'NONE', #4848, #2085 ) ;
#1612 = AXIS2_PLACEMENT_3D ( 'NONE', #39, #2012, #2793 ) ;
#1613 = APPROVAL_DATE_TIME ( #3740, #2625 ) ;
#1614 = LINE ( 'NONE', #426, #471 ) ;
#1615 = DIRECTION ( 'NONE',  ( -1.000000000000000000, 0.000000000000000000, 0.000000000000000000 ) ) ;
#1616 = EDGE_LOOP ( 'NONE', ( #4053, #4116, #2498, #3611 ) ) ;
#1617 = LINE ( 'NONE', #2131, #1588 ) ;
#1618 = ORIENTED_EDGE ( 'NONE', *, *, #3147, .T. ) ;
#1619 = EDGE_CURVE ( 'NONE', #4509, #6, #3343, .T. ) ;
#1620 = VERTEX_POINT ( 'NONE', #396 ) ;
#1621 = CARTESIAN_POINT ( 'NONE',  ( 0.000000000000000000, -3.000000000000000000, -64.50000000000000000 ) ) ;
#1622 = EDGE_CURVE ( 'NONE', #1010, #2650, #3016, .T. ) ;
#1623 = CARTESIAN_POINT ( 'NONE',  ( 84.99999999999997158, 0.9999999999999410472, 59.50000000000000711 ) ) ;
#1624 = EDGE_CURVE ( 'NONE', #2783, #1500, #1533, .T. ) ;
#1625 = CARTESIAN_POINT ( 'NONE',  ( -24.95626663143508139, 40.00000000000000000, 13.32687348075206302 ) ) ;
#1626 = EDGE_CURVE ( 'NONE', #895, #3698, #1784, .T. ) ;
#1627 = DIRECTION ( 'NONE',  ( -9.251858538542962756E-15, 1.000000000000000000, 0.000000000000000000 ) ) ;
#1628 = ORIENTED_EDGE ( 'NONE', *, *, #1338, .T. ) ;
#1629 = VERTEX_POINT ( 'NONE', #1919 ) ;
#1630 = CARTESIAN_POINT ( 'NONE',  ( 156.9999999999999716, 1.000000000000000666, -64.00000000000000000 ) ) ;
#1631 = CARTESIAN_POINT ( 'NONE',  ( 156.9999999999999716, 1.000000000000000888, -64.00000000000000000 ) ) ;
#1632 = VERTEX_POINT ( 'NONE', #89 ) ;
#1633 = CARTESIAN_POINT ( 'NONE',  ( 161.9999999999999716, 3.000000000000002665, -59.50000000000000711 ) ) ;
#1634 = ORIENTED_EDGE ( 'NONE', *, *, #4226, .T. ) ;
#1635 = LINE ( 'NONE', #1949, #5032 ) ;
#1636 = DIRECTION ( 'NONE',  ( -1.000000000000000000, 0.000000000000000000, 0.000000000000000000 ) ) ;
#1637 = ORIENTED_EDGE ( 'NONE', *, *, #1878, .T. ) ;
#1638 = VECTOR ( 'NONE', #3348, 1000.000000000000114 ) ;
#1639 = APPROVAL_DATE_TIME ( #595, #5050 ) ;
#1640 = DIRECTION ( 'NONE',  ( 0.000000000000000000, 0.000000000000000000, 1.000000000000000000 ) ) ;
#1641 = VECTOR ( 'NONE', #705, 1000.000000000000000 ) ;
#1642 = VECTOR ( 'NONE', #114, 1000.000000000000000 ) ;
#1643 = ORIENTED_EDGE ( 'NONE', *, *, #2823, .F. ) ;
#1644 = LOCAL_TIME ( 14, 27, 11.00000000000000000, #72 ) ;
#1645 = ORIENTED_EDGE ( 'NONE', *, *, #4379, .F. ) ;
#1646 = CARTESIAN_POINT ( 'NONE',  ( -38.45626663143507784, 59.75000000000000000, 13.32687348075206302 ) ) ;
#1647 = TOROIDAL_SURFACE ( 'NONE', #2312, 4.500000000000017764, 0.5000000000000000000 ) ;
#1648 = DIRECTION ( 'NONE',  ( -1.000000000000000000, 0.000000000000000000, 0.000000000000000000 ) ) ;
#1649 = CONICAL_SURFACE ( 'NONE', #1011, 20.00000000000000000, 0.5235987755983048109 ) ;
#1650 = VERTEX_POINT ( 'NONE', #4690 ) ;
#1651 = ORIENTED_EDGE ( 'NONE', *, *, #4197, .F. ) ;
#1652 = EDGE_CURVE ( 'NONE', #241, #1902, #3501, .T. ) ;
#1653 = DIRECTION ( 'NONE',  ( -1.000000000000000000, -0.000000000000000000, -0.000000000000000000 ) ) ;
#1654 = VECTOR ( 'NONE', #2428, 1000.000000000000000 ) ;
#1655 = ADVANCED_FACE ( 'NONE', ( #3522 ), #3663, .T. ) ;
#1656 = CARTESIAN_POINT ( 'NONE',  ( 86.99999999999998579, 3.000000000000000888, -64.00000000000000000 ) ) ;
#1657 = CARTESIAN_POINT ( 'NONE',  ( 0.000000000000000000, 53.99999999999998579, 0.000000000000000000 ) ) ;
#1658 = VERTEX_POINT ( 'NONE', #853 ) ;
#1659 = FACE_OUTER_BOUND ( 'NONE', #3993, .T. ) ;
#1660 = VERTEX_POINT ( 'NONE', #441 ) ;
#1661 = DIRECTION ( 'NONE',  ( 0.000000000000000000, 1.000000000000000000, 0.000000000000000000 ) ) ;
#1662 = ORIENTED_EDGE ( 'NONE', *, *, #2892, .T. ) ;
#1663 = AXIS2_PLACEMENT_3D ( 'NONE', #1414, #4022, #637 ) ;
#1664 = EDGE_CURVE ( 'NONE', #752, #1803, #1369, .T. ) ;
#1665 = ADVANCED_FACE ( 'NONE', ( #1990 ), #4310, .T. ) ;
#1666 = DIRECTION ( 'NONE',  ( 0.000000000000000000, -1.000000000000000000, 0.000000000000000000 ) ) ;
#1667 = ORIENTED_EDGE ( 'NONE', *, *, #3322, .F. ) ;
#1668 = CARTESIAN_POINT ( 'NONE',  ( 161.9999999999999716, 3.000000000000000000, 64.00000000000000000 ) ) ;
#1669 = LINE ( 'NONE', #913, #3317 ) ;
#1670 = ORIENTED_EDGE ( 'NONE', *, *, #1756, .F. ) ;
#1671 = EDGE_LOOP ( 'NONE', ( #3977, #4333, #2512, #4799, #3135, #962 ) ) ;
#1672 = DIRECTION ( 'NONE',  ( -1.000000000000000000, 0.000000000000000000, 0.000000000000000000 ) ) ;
#1673 = ORIENTED_EDGE ( 'NONE', *, *, #4550, .T. ) ;
#1674 = AXIS2_PLACEMENT_3D ( 'NONE', #2080, #578, #4750 ) ;
#1675 = CARTESIAN_POINT ( 'NONE',  ( 80.49999999999998579, 3.000000000000002665, -60.00000000000000711 ) ) ;
#1676 = CARTESIAN_POINT ( 'NONE',  ( -38.45626663143507784, 59.75000000000000000, 13.32687348075206302 ) ) ;
#1677 = DIRECTION ( 'NONE',  ( -0.000000000000000000, 1.000000000000000000, 0.000000000000000000 ) ) ;
#1678 = VERTEX_POINT ( 'NONE', #3131 ) ;
#1679 = EDGE_LOOP ( 'NONE', ( #649, #2156, #256, #4258, #3634, #2370 ) ) ;
#1680 = DIRECTION ( 'NONE',  ( 0.000000000000000000, -1.000000000000000000, 0.000000000000000000 ) ) ;
#1681 = CARTESIAN_POINT ( 'NONE',  ( 0.000000000000000000, 0.000000000000000000, -64.50000000000000000 ) ) ;
#1682 = DIRECTION ( 'NONE',  ( 0.000000000000000000, 0.000000000000000000, -1.000000000000000000 ) ) ;
#1683 = PLANE ( 'NONE',  #891 ) ;
#1684 = DIRECTION ( 'NONE',  ( 0.000000000000000000, 0.000000000000000000, -1.000000000000000000 ) ) ;
#1685 = ORIENTED_EDGE ( 'NONE', *, *, #3436, .T. ) ;
#1686 = ORIENTED_EDGE ( 'NONE', *, *, #1816, .T. ) ;
#1687 = EDGE_CURVE ( 'NONE', #4833, #3737, #1252, .T. ) ;
#1688 =( BOUNDED_CURVE ( )  B_SPLINE_CURVE ( 3, ( #293, #4190, #4215, #4263 ),
 .UNSPECIFIED., .F., .F. ) 
 B_SPLINE_CURVE_WITH_KNOTS ( ( 4, 4 ),
 ( 5.497787143782128183, 6.283185307179586232 ),
 .UNSPECIFIED. ) 
 CURVE ( )  GEOMETRIC_REPRESENTATION_ITEM ( )  RATIONAL_B_SPLINE_CURVE ( ( 1.000000000000000000, 0.9492530216741897897, 0.9492530216741897897, 1.000000000000000000 ) ) 
 REPRESENTATION_ITEM ( '' )  );
#1689 = AXIS2_PLACEMENT_3D ( 'NONE', #2003, #2024, #1975 ) ;
#1690 = EDGE_CURVE ( 'NONE', #2025, #2208, #3022, .T. ) ;
#1691 = DIRECTION ( 'NONE',  ( -0.5773502691896337247, -0.5773502691896125194, -0.5773502691896309491 ) ) ;
#1692 = CYLINDRICAL_SURFACE ( 'NONE', #3144, 13.49999999999999822 ) ;
#1693 = EDGE_CURVE ( 'NONE', #4060, #4361, #144, .T. ) ;
#1694 = CIRCLE ( 'NONE', #3411, 2.500000000000002220 ) ;
#1695 = AXIS2_PLACEMENT_3D ( 'NONE', #643, #3603, #1299 ) ;
#1696 = CARTESIAN_POINT ( 'NONE',  ( 166.4999999999999716, 0.000000000000000000, 60.00000000000000711 ) ) ;
#1697 = CARTESIAN_POINT ( 'NONE',  ( 9.999999999999996447, 3.000000000000003109, -59.50000000000000711 ) ) ;
#1698 = VECTOR ( 'NONE', #2537, 1000.000000000000000 ) ;
#1699 = VERTEX_POINT ( 'NONE', #235 ) ;
#1700 = ORIENTED_EDGE ( 'NONE', *, *, #2378, .T. ) ;
#1701 = VERTEX_POINT ( 'NONE', #1681 ) ;
#1702 = AXIS2_PLACEMENT_3D ( 'NONE', #2379, #4738, #1225 ) ;
#1703 = CARTESIAN_POINT ( 'NONE',  ( 78.99999999999992895, 0.000000000000000000, 0.000000000000000000 ) ) ;
#1704 = CARTESIAN_POINT ( 'NONE',  ( 79.99999999999998579, 1.000000000000028644, -64.00000000000000000 ) ) ;
#1705 = CYLINDRICAL_SURFACE ( 'NONE', #512, 0.5000000000000004441 ) ;
#1706 = DIRECTION ( 'NONE',  ( 0.000000000000000000, 0.000000000000000000, 1.000000000000000000 ) ) ;
#1707 = EDGE_LOOP ( 'NONE', ( #765, #1035, #1820, #2528 ) ) ;
#1708 = CARTESIAN_POINT ( 'NONE',  ( 89.49999999999997158, 3.000000000000002220, 64.50000000000000000 ) ) ;
#1709 = CARTESIAN_POINT ( 'NONE',  ( 3.000000000000002665, 1.000000000000028644, 59.50000000000000711 ) ) ;
#1710 = ORIENTED_EDGE ( 'NONE', *, *, #768, .F. ) ;
#1711 = EDGE_CURVE ( 'NONE', #583, #4876, #2636, .T. ) ;
#1712 = CARTESIAN_POINT ( 'NONE',  ( -38.45626663143507784, 59.75000000000000000, 21.87687348075206017 ) ) ;
#1713 = CARTESIAN_POINT ( 'NONE',  ( -38.45626663143507784, 59.75000000000000000, 13.32687348075206302 ) ) ;
#1714 = EDGE_CURVE ( 'NONE', #4910, #944, #2215, .T. ) ;
#1715 = DIRECTION ( 'NONE',  ( 0.000000000000000000, 1.000000000000000000, 0.000000000000000000 ) ) ;
#1716 = ADVANCED_FACE ( 'NONE', ( #115 ), #3747, .T. ) ;
#1717 = PLANE ( 'NONE',  #1908 ) ;
#1718 = EDGE_CURVE ( 'NONE', #1337, #2954, #4401, .T. ) ;
#1719 = ORIENTED_EDGE ( 'NONE', *, *, #1690, .T. ) ;
#1720 = DIRECTION ( 'NONE',  ( 0.000000000000000000, 0.000000000000000000, 1.000000000000000000 ) ) ;
#1721 = CIRCLE ( 'NONE', #762, 0.5000000000000004441 ) ;
#1722 = EDGE_CURVE ( 'NONE', #323, #1658, #489, .T. ) ;
#1723 = AXIS2_PLACEMENT_3D ( 'NONE', #188, #903, #2536 ) ;
#1724 = CARTESIAN_POINT ( 'NONE',  ( -24.95626663143508139, 40.62180185532525201, 13.32687348075206302 ) ) ;
#1725 = CARTESIAN_POINT ( 'NONE',  ( 166.9999999999999716, 0.000000000000000000, -60.00000000000000711 ) ) ;
#1726 = DIRECTION ( 'NONE',  ( 1.000000000000000000, -0.000000000000000000, -0.000000000000000000 ) ) ;
#1727 = AXIS2_PLACEMENT_3D ( 'NONE', #3922, #1544, #4677 ) ;
#1728 = CIRCLE ( 'NONE', #195, 2.500000000000002220 ) ;
#1729 = VECTOR ( 'NONE', #2168, 1000.000000000000000 ) ;
#1730 = EDGE_LOOP ( 'NONE', ( #2881, #3733, #4790, #2426 ) ) ;
#1731 = CIRCLE ( 'NONE', #2882, 2.500000000000002220 ) ;
#1732 = CYLINDRICAL_SURFACE ( 'NONE', #2804, 1.999999999999996669 ) ;
#1733 = AXIS2_PLACEMENT_3D ( 'NONE', #3708, #4888, #564 ) ;
#1734 = DIRECTION ( 'NONE',  ( 0.000000000000000000, 0.000000000000000000, 1.000000000000000000 ) ) ;
#1735 = CIRCLE ( 'NONE', #2143, 5.000000000000004441 ) ;
#1736 = ORIENTED_EDGE ( 'NONE', *, *, #4415, .T. ) ;
#1737 = DIRECTION ( 'NONE',  ( -0.000000000000000000, 1.000000000000000000, -0.000000000000000000 ) ) ;
#1738 = ORIENTED_EDGE ( 'NONE', *, *, #3197, .F. ) ;
#1739 = ORIENTED_EDGE ( 'NONE', *, *, #1338, .F. ) ;
#1740 = AXIS2_PLACEMENT_3D ( 'NONE', #2119, #250, #3682 ) ;
#1741 = CARTESIAN_POINT ( 'NONE',  ( 157.1464466094066950, 1.146446609406721828, 59.64644660940672338 ) ) ;
#1742 = COORDINATED_UNIVERSAL_TIME_OFFSET ( 6, 0, .BEHIND. ) ;
#1743 = ORIENTED_EDGE ( 'NONE', *, *, #1303, .F. ) ;
#1744 = DIRECTION ( 'NONE',  ( 1.000000000000000000, 0.000000000000000000, 0.000000000000000000 ) ) ;
#1745 = TOROIDAL_SURFACE ( 'NONE', #1576, 4.499999999999997335, 0.5000000000000000000 ) ;
#1746 = ORIENTED_EDGE ( 'NONE', *, *, #2223, .T. ) ;
#1747 = CARTESIAN_POINT ( 'NONE',  ( 3.000000000000002665, 0.000000000000000000, 60.00000000000000711 ) ) ;
#1748 = LINE ( 'NONE', #2551, #128 ) ;
#1749 = VERTEX_POINT ( 'NONE', #1656 ) ;
#1750 = ORIENTED_EDGE ( 'NONE', *, *, #1722, .T. ) ;
#1751 = EDGE_CURVE ( 'NONE', #3270, #1432, #1869, .T. ) ;
#1752 = CARTESIAN_POINT ( 'NONE',  ( -21.41954159403426416, 20.62180185532525556, 17.32687348075206302 ) ) ;
#1753 = CARTESIAN_POINT ( 'NONE',  ( 166.4999999999999716, -3.000000000000000000, -64.00000000000000000 ) ) ;
#1754 = EDGE_CURVE ( 'NONE', #610, #719, #4973, .T. ) ;
#1755 = AXIS2_PLACEMENT_3D ( 'NONE', #449, #1176, #4268 ) ;
#1756 = EDGE_CURVE ( 'NONE', #2331, #4866, #3778, .T. ) ;
#1757 = CARTESIAN_POINT ( 'NONE',  ( -51.95626663143507784, 59.75000000000000000, 13.32687348075206302 ) ) ;
#1758 = EDGE_LOOP ( 'NONE', ( #2599, #3292, #4829, #4673, #4612, #2405, #2912 ) ) ;
#1759 = AXIS2_PLACEMENT_3D ( 'NONE', #2019, #1559, #3919 ) ;
#1760 = ORIENTED_EDGE ( 'NONE', *, *, #420, .F. ) ;
#1761 = CARTESIAN_POINT ( 'NONE',  ( 167.9999999999999432, 0.000000000000000000, -58.50000000000002842 ) ) ;
#1762 = VECTOR ( 'NONE', #2020, 1000.000000000000000 ) ;
#1763 = DIRECTION ( 'NONE',  ( 0.000000000000000000, 1.000000000000000000, 0.000000000000000000 ) ) ;
#1764 = VERTEX_POINT ( 'NONE', #4009 ) ;
#1765 = CARTESIAN_POINT ( 'NONE',  ( 156.9999999999999432, 3.000000000000002665, -60.00000000000000711 ) ) ;
#1766 = ORIENTED_EDGE ( 'NONE', *, *, #1878, .F. ) ;
#1767 = ORIENTED_EDGE ( 'NONE', *, *, #113, .F. ) ;
#1768 = MANIFOLD_SOLID_BREP ( 'Redondeo4', #600 ) ;
#1769 = CARTESIAN_POINT ( 'NONE',  ( 167.9999999999999716, 0.000000000000000000, 0.000000000000000000 ) ) ;
#1770 = PERSON_AND_ORGANIZATION_ROLE ( 'classification_officer' ) ;
#1771 = VERTEX_POINT ( 'NONE', #2937 ) ;
#1772 = CARTESIAN_POINT ( 'NONE',  ( 78.99999999999992895, 0.000000000000000000, 0.000000000000000000 ) ) ;
#1773 = CARTESIAN_POINT ( 'NONE',  ( 166.9999999999999716, 1.000000000000001332, -59.86561944896767073 ) ) ;
#1774 = ORIENTED_EDGE ( 'NONE', *, *, #1013, .F. ) ;
#1775 = TOROIDAL_SURFACE ( 'NONE', #1607, 4.500000000000003553, 0.5000000000000000000 ) ;
#1776 = CYLINDRICAL_SURFACE ( 'NONE', #2155, 2.000000000000001776 ) ;
#1777 = ORIENTED_EDGE ( 'NONE', *, *, #4924, .F. ) ;
#1778 = LINE ( 'NONE', #3437, #3530 ) ;
#1779 = DIRECTION ( 'NONE',  ( -1.000000000000000000, 0.000000000000000000, 0.000000000000000000 ) ) ;
#1780 = CARTESIAN_POINT ( 'NONE',  ( 156.9999999999999716, 1.000000000000000888, 64.00000000000000000 ) ) ;
#1781 = DIRECTION ( 'NONE',  ( 0.000000000000000000, 1.000000000000000000, 0.000000000000000000 ) ) ;
#1782 = EDGE_CURVE ( 'NONE', #2783, #1065, #4069, .T. ) ;
#1783 = DIRECTION ( 'NONE',  ( 0.000000000000000000, 0.000000000000000000, -1.000000000000000000 ) ) ;
#1784 = CIRCLE ( 'NONE', #813, 1.999999999999996669 ) ;
#1785 = CARTESIAN_POINT ( 'NONE',  ( 82.99999999999997158, 3.000000000000003109, 64.00000000000000000 ) ) ;
#1786 = ORIENTED_EDGE ( 'NONE', *, *, #4383, .T. ) ;
#1787 = ORIENTED_EDGE ( 'NONE', *, *, #2163, .T. ) ;
#1788 = EDGE_CURVE ( 'NONE', #4498, #4943, #4494, .T. ) ;
#1789 = LINE ( 'NONE', #3787, #1319 ) ;
#1790 = EDGE_CURVE ( 'NONE', #2954, #4641, #4106, .T. ) ;
#1791 = ORIENTED_EDGE ( 'NONE', *, *, #274, .F. ) ;
#1792 = PLANE ( 'NONE',  #2149 ) ;
#1793 = VERTEX_POINT ( 'NONE', #2066 ) ;
#1794 = ORIENTED_EDGE ( 'NONE', *, *, #2317, .F. ) ;
#1795 = DIRECTION ( 'NONE',  ( 0.000000000000000000, -0.000000000000000000, -1.000000000000000000 ) ) ;
#1796 = PLANE ( 'NONE',  #3613 ) ;
#1797 = SHAPE_DEFINITION_REPRESENTATION ( #3793, #4650 ) ;
#1798 = ORIENTED_EDGE ( 'NONE', *, *, #3049, .F. ) ;
#1799 = CARTESIAN_POINT ( 'NONE',  ( 3.500000000000002665, 3.000000000000002665, 64.00000000000000000 ) ) ;
#1800 = FACE_OUTER_BOUND ( 'NONE', #726, .T. ) ;
#1801 = DIRECTION ( 'NONE',  ( 0.000000000000000000, 1.000000000000000000, 0.000000000000000000 ) ) ;
#1802 = ORIENTED_EDGE ( 'NONE', *, *, #4226, .F. ) ;
#1803 = VERTEX_POINT ( 'NONE', #4525 ) ;
#1804 = PLANE ( 'NONE',  #1972 ) ;
#1805 = CARTESIAN_POINT ( 'NONE',  ( -46.95626663143507784, 61.75000000000000000, 13.32687348075206302 ) ) ;
#1806 = CARTESIAN_POINT ( 'NONE',  ( 8.000000000000000000, 3.000000000000002665, -64.00000000000000000 ) ) ;
#1807 = ORIENTED_EDGE ( 'NONE', *, *, #3910, .T. ) ;
#1808 = TOROIDAL_SURFACE ( 'NONE', #1082, 4.500000000000017764, 0.5000000000000000000 ) ;
#1809 = DIRECTION ( 'NONE',  ( 0.000000000000000000, 0.000000000000000000, -1.000000000000000000 ) ) ;
#1810 = DIRECTION ( 'NONE',  ( 0.000000000000000000, 0.000000000000000000, -1.000000000000000000 ) ) ;
#1811 = CIRCLE ( 'NONE', #4845, 6.999999999999999112 ) ;
#1812 = CARTESIAN_POINT ( 'NONE',  ( 161.9999999999999716, 3.000000000000002665, -64.00000000000000000 ) ) ;
#1813 = EDGE_LOOP ( 'NONE', ( #2134, #1760, #4537, #3004 ) ) ;
#1814 = VERTEX_POINT ( 'NONE', #1050 ) ;
#1815 = LOCAL_TIME ( 14, 27, 11.00000000000000000, #3307 ) ;
#1816 = EDGE_CURVE ( 'NONE', #1793, #3005, #3422, .T. ) ;
#1817 = CIRCLE ( 'NONE', #927, 13.49999999999999822 ) ;
#1818 = AXIS2_PLACEMENT_3D ( 'NONE', #3735, #3048, #680 ) ;
#1819 = DIRECTION ( 'NONE',  ( -1.000000000000000000, 0.000000000000000000, 0.000000000000000000 ) ) ;
#1820 = ORIENTED_EDGE ( 'NONE', *, *, #4451, .T. ) ;
#1821 = AXIS2_PLACEMENT_3D ( 'NONE', #3796, #3029, #1084 ) ;
#1822 = DIRECTION ( 'NONE',  ( 0.000000000000000000, 1.000000000000000000, 0.000000000000000000 ) ) ;
#1823 = ADVANCED_FACE ( 'NONE', ( #3602 ), #3399, .F. ) ;
#1824 = EDGE_CURVE ( 'NONE', #3068, #4410, #4719, .T. ) ;
#1825 = CIRCLE ( 'NONE', #3616, 2.000000000000001776 ) ;
#1826 = CARTESIAN_POINT ( 'NONE',  ( 2.000000000000029310, 0.000000000000000000, 0.000000000000000000 ) ) ;
#1827 = LINE ( 'NONE', #3394, #3066 ) ;
#1828 = TOROIDAL_SURFACE ( 'NONE', #3948, 2.499999999999996003, 0.5000000000000000000 ) ;
#1829 = CARTESIAN_POINT ( 'NONE',  ( -24.95626663143508139, 59.75000000000000000, 13.32687348075206302 ) ) ;
#1830 = EDGE_LOOP ( 'NONE', ( #3225, #2634, #2506, #2820 ) ) ;
#1831 = AXIS2_PLACEMENT_3D ( 'NONE', #1012, #1330, #552 ) ;
#1832 = CARTESIAN_POINT ( 'NONE',  ( 1.333333333333365234, -0.6666666666666826169, -57.83333333333337123 ) ) ;
#1833 = CARTESIAN_POINT ( 'NONE',  ( 157.4999999999999432, 3.000000000000002665, -64.00000000000000000 ) ) ;
#1834 = CARTESIAN_POINT ( 'NONE',  ( 0.000000000000000000, 0.000000000000000000, -58.49999999999995026 ) ) ;
#1835 = LINE ( 'NONE', #1424, #4521 ) ;
#1836 = PLANE ( 'NONE',  #2048 ) ;
#1837 = ORIENTED_EDGE ( 'NONE', *, *, #4474, .F. ) ;
#1838 = DIRECTION ( 'NONE',  ( 0.000000000000000000, -1.000000000000000000, 0.000000000000000000 ) ) ;
#1839 = ORIENTED_EDGE ( 'NONE', *, *, #3142, .F. ) ;
#1840 = DIRECTION ( 'NONE',  ( -0.000000000000000000, 1.000000000000000000, -0.000000000000000000 ) ) ;
#1841 = DIRECTION ( 'NONE',  ( 0.000000000000000000, 1.000000000000000000, 0.000000000000000000 ) ) ;
#1842 = ORIENTED_EDGE ( 'NONE', *, *, #3828, .T. ) ;
#1843 = AXIS2_PLACEMENT_3D ( 'NONE', #3640, #2100, #1996 ) ;
#1844 = ORIENTED_EDGE ( 'NONE', *, *, #1995, .F. ) ;
#1845 = FACE_OUTER_BOUND ( 'NONE', #4149, .T. ) ;
#1846 = ADVANCED_FACE ( 'NONE', ( #4787 ), #650, .T. ) ;
#1847 = ORIENTED_EDGE ( 'NONE', *, *, #4319, .T. ) ;
#1848 = DIRECTION ( 'NONE',  ( -8.673617379884026597E-16, -1.000000000000000000, 3.469446951953610639E-15 ) ) ;
#1849 = ADVANCED_FACE ( 'NONE', ( #1099 ), #1927, .T. ) ;
#1850 = ADVANCED_FACE ( 'NONE', ( #3039 ), #2275, .T. ) ;
#1851 = ORIENTED_EDGE ( 'NONE', *, *, #3829, .T. ) ;
#1852 = CARTESIAN_POINT ( 'NONE',  ( 163.9999999999999716, 3.000000000000000000, 59.50000000000000711 ) ) ;
#1853 = CARTESIAN_POINT ( 'NONE',  ( 157.4999999999999716, 1.000000000000000888, 59.50000000000000711 ) ) ;
#1854 = CIRCLE ( 'NONE', #735, 2.000000000000001776 ) ;
#1855 = CARTESIAN_POINT ( 'NONE',  ( 156.9999999999999432, 3.000000000000002665, -59.50000000000000711 ) ) ;
#1856 = CIRCLE ( 'NONE', #71, 2.000000000000001776 ) ;
#1857 = ORIENTED_EDGE ( 'NONE', *, *, #3829, .F. ) ;
#1858 = CARTESIAN_POINT ( 'NONE',  ( 60.66666666666613139, 30.33333333333306570, -88.83333333333384019 ) ) ;
#1859 = DIRECTION ( 'NONE',  ( -4.625929269271485322E-15, -1.000000000000000000, -0.000000000000000000 ) ) ;
#1860 = ORIENTED_EDGE ( 'NONE', *, *, #720, .F. ) ;
#1861 = VECTOR ( 'NONE', #4715, 1000.000000000000000 ) ;
#1862 = DIRECTION ( 'NONE',  ( 0.000000000000000000, -1.000000000000000000, 0.000000000000000000 ) ) ;
#1863 = DIRECTION ( 'NONE',  ( -0.000000000000000000, -1.000000000000000000, -0.000000000000000000 ) ) ;
#1864 = AXIS2_PLACEMENT_3D ( 'NONE', #2178, #2848, #1037 ) ;
#1865 = ORIENTED_EDGE ( 'NONE', *, *, #613, .F. ) ;
#1866 = CARTESIAN_POINT ( 'NONE',  ( 12.49999999999999645, 3.000000000000002665, -59.50000000000000711 ) ) ;
#1867 = FACE_OUTER_BOUND ( 'NONE', #2869, .T. ) ;
#1868 = ORIENTED_EDGE ( 'NONE', *, *, #2197, .F. ) ;
#1869 = CIRCLE ( 'NONE', #1455, 4.499999999999990230 ) ;
#1870 = EDGE_LOOP ( 'NONE', ( #4458, #233, #639, #3415 ) ) ;
#1871 = CARTESIAN_POINT ( 'NONE',  ( 169.9999999999999716, -3.000000000000000000, 64.50000000000000000 ) ) ;
#1872 = EDGE_CURVE ( 'NONE', #3115, #2811, #3174, .T. ) ;
#1873 = LINE ( 'NONE', #3827, #1336 ) ;
#1874 = CARTESIAN_POINT ( 'NONE',  ( 5.499999999999997335, 3.000000000000002665, 64.50000000000000000 ) ) ;
#1875 = ORIENTED_EDGE ( 'NONE', *, *, #949, .F. ) ;
#1876 = ORIENTED_EDGE ( 'NONE', *, *, #20, .T. ) ;
#1877 = EDGE_CURVE ( 'NONE', #4774, #719, #4284, .T. ) ;
#1878 = EDGE_CURVE ( 'NONE', #819, #4800, #1854, .T. ) ;
#1879 = CARTESIAN_POINT ( 'NONE',  ( -50.70626663143507784, 0.000000000000000000, 13.32687348075206302 ) ) ;
#1880 = CARTESIAN_POINT ( 'NONE',  ( 84.99999999999997158, 3.000000000000002665, 64.00000000000000000 ) ) ;
#1881 = CARTESIAN_POINT ( 'NONE',  ( 12.49999999999999645, 0.000000000000000000, -60.00000000000000711 ) ) ;
#1882 = CYLINDRICAL_SURFACE ( 'NONE', #693, 0.5000000000000004441 ) ;
#1883 = ADVANCED_FACE ( 'NONE', ( #3096 ), #772, .F. ) ;
#1884 = EDGE_CURVE ( 'NONE', #1078, #496, #1056, .T. ) ;
#1885 = VERTEX_POINT ( 'NONE', #1853 ) ;
#1886 = CARTESIAN_POINT ( 'NONE',  ( -38.45626663143507784, 61.75000000000000000, 4.776873480752062306 ) ) ;
#1887 = DIRECTION ( 'NONE',  ( -0.000000000000000000, -1.000000000000000000, -0.000000000000000000 ) ) ;
#1888 = CARTESIAN_POINT ( 'NONE',  ( 166.9999999999999716, 1.000000000000000888, -59.50000000000000711 ) ) ;
#1889 = DIRECTION ( 'NONE',  ( 0.000000000000000000, 0.000000000000000000, 1.000000000000000000 ) ) ;
#1890 = AXIS2_PLACEMENT_3D ( 'NONE', #5034, #4214, #291 ) ;
#1891 = VERTEX_POINT ( 'NONE', #2248 ) ;
#1892 = LINE ( 'NONE', #3061, #4729 ) ;
#1893 = CYLINDRICAL_SURFACE ( 'NONE', #2517, 6.999999999999999112 ) ;
#1894 = ORIENTED_EDGE ( 'NONE', *, *, #2513, .F. ) ;
#1895 = LINE ( 'NONE', #3824, #3060 ) ;
#1896 = CIRCLE ( 'NONE', #3609, 13.50000000000000178 ) ;
#1897 = VECTOR ( 'NONE', #1933, 1000.000000000000000 ) ;
#1898 = LINE ( 'NONE', #3822, #2799 ) ;
#1899 = PLANE ( 'NONE',  #2494 ) ;
#1900 = CARTESIAN_POINT ( 'NONE',  ( 79.99999999999998579, 0.9999999999999408251, 59.50000000000000711 ) ) ;
#1901 = AXIS2_PLACEMENT_3D ( 'NONE', #3847, #789, #2237 ) ;
#1902 = VERTEX_POINT ( 'NONE', #2664 ) ;
#1903 = AXIS2_PLACEMENT_3D ( 'NONE', #1478, #1889, #3002 ) ;
#1904 = FACE_OUTER_BOUND ( 'NONE', #3036, .T. ) ;
#1905 = DIRECTION ( 'NONE',  ( -1.000000000000000000, 0.000000000000000000, 0.000000000000000000 ) ) ;
#1906 = DIRECTION ( 'NONE',  ( 0.000000000000000000, 0.000000000000000000, 1.000000000000000000 ) ) ;
#1907 = DIRECTION ( 'NONE',  ( -0.000000000000000000, 0.000000000000000000, 1.000000000000000000 ) ) ;
#1908 = AXIS2_PLACEMENT_3D ( 'NONE', #4852, #4516, #3719 ) ;
#1909 = EDGE_CURVE ( 'NONE', #4641, #325, #4603, .T. ) ;
#1910 = ORIENTED_EDGE ( 'NONE', *, *, #2958, .F. ) ;
#1911 = APPLICATION_CONTEXT ( 'configuration controlled 3d designs of mechanical parts and assemblies' ) ;
#1912 = CARTESIAN_POINT ( 'NONE',  ( 166.9999999999999716, 1.000000000000000888, 64.00000000000000000 ) ) ;
#1913 = EDGE_CURVE ( 'NONE', #1297, #365, #3511, .T. ) ;
#1914 = DIRECTION ( 'NONE',  ( -0.000000000000000000, -1.000000000000000000, -0.000000000000000000 ) ) ;
#1915 = EDGE_CURVE ( 'NONE', #4112, #2331, #2711, .T. ) ;
#1916 = CARTESIAN_POINT ( 'NONE',  ( 79.99999999999998579, 0.000000000000000000, -59.50000000000000711 ) ) ;
#1917 = DIRECTION ( 'NONE',  ( 0.000000000000000000, 0.000000000000000000, -1.000000000000000000 ) ) ;
#1918 = VERTEX_POINT ( 'NONE', #4240 ) ;
#1919 = CARTESIAN_POINT ( 'NONE',  ( 82.49999999999997158, 3.000000000000002665, 64.50000000000000000 ) ) ;
#1920 = CARTESIAN_POINT ( 'NONE',  ( 89.99999999999997158, 0.9999999999999410472, 59.86561944896767073 ) ) ;
#1921 = ORIENTED_EDGE ( 'NONE', *, *, #17, .F. ) ;
#1922 = DIRECTION ( 'NONE',  ( -1.000000000000000000, 0.000000000000000000, 0.000000000000000000 ) ) ;
#1923 = FACE_OUTER_BOUND ( 'NONE', #941, .T. ) ;
#1924 = VERTEX_POINT ( 'NONE', #334 ) ;
#1925 = DIRECTION ( 'NONE',  ( 0.000000000000000000, 0.000000000000000000, -1.000000000000000000 ) ) ;
#1926 = CARTESIAN_POINT ( 'NONE',  ( 166.4999999999999716, 1.500000000000001332, 64.50000000000000000 ) ) ;
#1927 = PLANE ( 'NONE',  #4054 ) ;
#1928 = ADVANCED_FACE ( 'NONE', ( #5005 ), #5031, .F. ) ;
#1929 = LINE ( 'NONE', #3098, #187 ) ;
#1930 = ORIENTED_EDGE ( 'NONE', *, *, #2441, .T. ) ;
#1931 = ORIENTED_EDGE ( 'NONE', *, *, #4166, .T. ) ;
#1932 = ORIENTED_EDGE ( 'NONE', *, *, #1687, .T. ) ;
#1933 = DIRECTION ( 'NONE',  ( 1.000000000000000000, 0.000000000000000000, 0.000000000000000000 ) ) ;
#1934 = ADVANCED_FACE ( 'NONE', ( #1520 ), #1121, .T. ) ;
#1935 = CARTESIAN_POINT ( 'NONE',  ( 156.9999999999999716, 3.000000000000000000, 64.00000000000000000 ) ) ;
#1936 = CARTESIAN_POINT ( 'NONE',  ( 80.50000000000000000, 3.000000000000000444, 64.00000000000000000 ) ) ;
#1937 = CARTESIAN_POINT ( 'NONE',  ( 84.99999999999997158, 1.000000000000028644, -59.50000000000000711 ) ) ;
#1938 = CIRCLE ( 'NONE', #4647, 20.00000000000000000 ) ;
#1939 = ORIENTED_EDGE ( 'NONE', *, *, #4483, .F. ) ;
#1940 = EDGE_CURVE ( 'NONE', #2298, #2377, #1938, .T. ) ;
#1941 = EDGE_CURVE ( 'NONE', #272, #1297, #458, .T. ) ;
#1942 = VECTOR ( 'NONE', #2169, 999.9999999999998863 ) ;
#1943 = LINE ( 'NONE', #13, #3263 ) ;
#1944 = CARTESIAN_POINT ( 'NONE',  ( 89.49999999999998579, 0.000000000000000000, -60.00000000000000711 ) ) ;
#1945 = EDGE_LOOP ( 'NONE', ( #214, #974 ) ) ;
#1946 = DIRECTION ( 'NONE',  ( -1.000000000000000000, 0.000000000000000000, 0.000000000000000000 ) ) ;
#1947 = DIRECTION ( 'NONE',  ( 0.000000000000000000, 0.000000000000000000, -1.000000000000000000 ) ) ;
#1948 = AXIS2_PLACEMENT_3D ( 'NONE', #549, #1795, #3664 ) ;
#1949 = CARTESIAN_POINT ( 'NONE',  ( 157.4999999999999432, 2.999999999999960920, -59.50000000000000711 ) ) ;
#1950 =( NAMED_UNIT ( * ) PLANE_ANGLE_UNIT ( ) SI_UNIT ( $, .RADIAN. ) );
#1951 = CARTESIAN_POINT ( 'NONE',  ( 3.000000000000002665, 1.000000000000000666, -64.00000000000000000 ) ) ;
#1952 = FACE_OUTER_BOUND ( 'NONE', #1355, .T. ) ;
#1953 = VERTEX_POINT ( 'NONE', #3123 ) ;
#1954 = CARTESIAN_POINT ( 'NONE',  ( 78.99999999999992895, 0.000000000000000000, -58.49999999999995026 ) ) ;
#1955 = DIRECTION ( 'NONE',  ( -0.000000000000000000, 1.000000000000000000, -0.000000000000000000 ) ) ;
#1956 = LINE ( 'NONE', #10, #3146 ) ;
#1957 = VERTEX_POINT ( 'NONE', #4700 ) ;
#1958 = DIRECTION ( 'NONE',  ( 0.000000000000000000, 1.000000000000000000, 0.000000000000000000 ) ) ;
#1959 = CARTESIAN_POINT ( 'NONE',  ( 6.000000000000003553, 3.000000000000002665, -59.50000000000000711 ) ) ;
#1960 = ORIENTED_EDGE ( 'NONE', *, *, #2323, .T. ) ;
#1961 = LINE ( 'NONE', #1584, #1861 ) ;
#1962 = CARTESIAN_POINT ( 'NONE',  ( 80.49999999999998579, 0.000000000000000000, -60.00000000000000711 ) ) ;
#1963 = ADVANCED_FACE ( 'NONE', ( #73 ), #3923, .F. ) ;
#1964 = VECTOR ( 'NONE', #1615, 1000.000000000000000 ) ;
#1965 = CARTESIAN_POINT ( 'NONE',  ( 164.4999999999999716, 3.000000000000002665, -64.50000000000000000 ) ) ;
#1966 = ADVANCED_FACE ( 'NONE', ( #2831 ), #839, .T. ) ;
#1967 = EDGE_CURVE ( 'NONE', #4651, #1075, #1444, .T. ) ;
#1968 = DIRECTION ( 'NONE',  ( 1.000000000000000000, 0.000000000000000000, 0.000000000000000000 ) ) ;
#1969 = EDGE_CURVE ( 'NONE', #1273, #3600, #1614, .T. ) ;
#1970 = AXIS2_PLACEMENT_3D ( 'NONE', #3703, #3020, #2167 ) ;
#1971 = VECTOR ( 'NONE', #541, 1000.000000000000000 ) ;
#1972 = AXIS2_PLACEMENT_3D ( 'NONE', #1421, #2635, #2936 ) ;
#1973 = AXIS2_PLACEMENT_3D ( 'NONE', #3077, #4960, #4141 ) ;
#1974 = CYLINDRICAL_SURFACE ( 'NONE', #1240, 2.000000000000001776 ) ;
#1975 = DIRECTION ( 'NONE',  ( 1.000000000000000000, 0.000000000000000000, 0.000000000000000000 ) ) ;
#1976 = VECTOR ( 'NONE', #3338, 1000.000000000000000 ) ;
#1977 = CARTESIAN_POINT ( 'NONE',  ( 7.999999999999992895, 3.000000000000002665, 64.50000000000000000 ) ) ;
#1978 = ORIENTED_EDGE ( 'NONE', *, *, #2639, .T. ) ;
#1979 = VERTEX_POINT ( 'NONE', #3615 ) ;
#1980 = AXIS2_PLACEMENT_3D ( 'NONE', #4457, #953, #4059 ) ;
#1981 = FACE_OUTER_BOUND ( 'NONE', #739, .T. ) ;
#1982 = CARTESIAN_POINT ( 'NONE',  ( 2.000000000000029310, 0.000000000000000000, -64.50000000000000000 ) ) ;
#1983 = VECTOR ( 'NONE', #1677, 1000.000000000000000 ) ;
#1984 = FACE_OUTER_BOUND ( 'NONE', #4049, .T. ) ;
#1985 = FACE_OUTER_BOUND ( 'NONE', #1398, .T. ) ;
#1986 =( BOUNDED_CURVE ( )  B_SPLINE_CURVE ( 3, ( #3721, #230, #46, #4648 ),
 .UNSPECIFIED., .F., .F. ) 
 B_SPLINE_CURVE_WITH_KNOTS ( ( 4, 4 ),
 ( 2.356194490192335511, 3.141592653589793116 ),
 .UNSPECIFIED. ) 
 CURVE ( )  GEOMETRIC_REPRESENTATION_ITEM ( )  RATIONAL_B_SPLINE_CURVE ( ( 1.000000000000000000, 0.9492530216741899007, 0.9492530216741899007, 1.000000000000000000 ) ) 
 REPRESENTATION_ITEM ( '' )  );
#1987 = FACE_BOUND ( 'NONE', #4769, .T. ) ;
#1988 = ORIENTED_EDGE ( 'NONE', *, *, #3290, .F. ) ;
#1989 = ORIENTED_EDGE ( 'NONE', *, *, #1165, .T. ) ;
#1990 = FACE_OUTER_BOUND ( 'NONE', #3544, .T. ) ;
#1991 = ORIENTED_EDGE ( 'NONE', *, *, #4703, .F. ) ;
#1992 = DIRECTION ( 'NONE',  ( -1.000000000000000000, 0.000000000000000000, 0.000000000000000000 ) ) ;
#1993 = CARTESIAN_POINT ( 'NONE',  ( 3.051425210512172637, 1.051425210512197284, 59.74146800830128967 ) ) ;
#1994 = VERTEX_POINT ( 'NONE', #4412 ) ;
#1995 = EDGE_CURVE ( 'NONE', #4943, #1007, #4023, .T. ) ;
#1996 = DIRECTION ( 'NONE',  ( 1.000000000000000000, 0.000000000000000000, -0.000000000000000000 ) ) ;
#1997 = ORIENTED_EDGE ( 'NONE', *, *, #3507, .T. ) ;
#1998 = CIRCLE ( 'NONE', #2172, 7.000000000000006217 ) ;
#1999 = ADVANCED_FACE ( 'NONE', ( #1591 ), #3978, .T. ) ;
#2000 = VECTOR ( 'NONE', #4256, 1000.000000000000000 ) ;
#2001 = EDGE_CURVE ( 'NONE', #339, #1205, #1493, .T. ) ;
#2002 = CYLINDRICAL_SURFACE ( 'NONE', #4608, 25.00000000000000000 ) ;
#2003 = CARTESIAN_POINT ( 'NONE',  ( 84.99999999999997158, 3.000000000000002665, 59.50000000000000711 ) ) ;
#2004 = DIRECTION ( 'NONE',  ( -0.000000000000000000, -1.000000000000000000, -0.000000000000000000 ) ) ;
#2005 = ORIENTED_EDGE ( 'NONE', *, *, #2223, .F. ) ;
#2006 = EDGE_LOOP ( 'NONE', ( #2893, #4442, #83, #3191, #4019, #352, #1447, #885 ) ) ;
#2007 = FACE_OUTER_BOUND ( 'NONE', #535, .T. ) ;
#2008 = EDGE_LOOP ( 'NONE', ( #893, #2655, #3046, #717 ) ) ;
#2009 = CARTESIAN_POINT ( 'NONE',  ( 161.9999999999999716, 3.000000000000002665, -59.50000000000000711 ) ) ;
#2010 = CARTESIAN_POINT ( 'NONE',  ( 84.99999999999997158, 3.000000000000000444, -64.00000000000000000 ) ) ;
#2011 = VERTEX_POINT ( 'NONE', #1235 ) ;
#2012 = DIRECTION ( 'NONE',  ( 0.000000000000000000, 1.000000000000000000, 0.000000000000000000 ) ) ;
#2013 = DIRECTION ( 'NONE',  ( 0.000000000000000000, 0.000000000000000000, 1.000000000000000000 ) ) ;
#2014 = ORIENTED_EDGE ( 'NONE', *, *, #915, .F. ) ;
#2015 = CARTESIAN_POINT ( 'NONE',  ( -38.45626663143507784, 59.75000000000000000, 4.776873480752062306 ) ) ;
#2016 = VECTOR ( 'NONE', #3879, 1000.000000000000000 ) ;
#2017 = CARTESIAN_POINT ( 'NONE',  ( 3.500000000000002665, 3.000000000000002665, -64.50000000000000000 ) ) ;
#2018 = AXIS2_PLACEMENT_3D ( 'NONE', #4768, #66, #2748 ) ;
#2019 = CARTESIAN_POINT ( 'NONE',  ( -38.45626663143507784, 59.75000000000000000, 4.776873480752062306 ) ) ;
#2020 = DIRECTION ( 'NONE',  ( 1.000000000000000000, 0.000000000000000000, 0.000000000000000000 ) ) ;
#2021 = ORIENTED_EDGE ( 'NONE', *, *, #2798, .F. ) ;
#2022 = AXIS2_PLACEMENT_3D ( 'NONE', #1182, #3108, #466 ) ;
#2023 = APPROVAL_ROLE ( '' ) ;
#2024 = DIRECTION ( 'NONE',  ( 0.000000000000000000, 0.000000000000000000, 1.000000000000000000 ) ) ;
#2025 = VERTEX_POINT ( 'NONE', #911 ) ;
#2026 = EDGE_CURVE ( 'NONE', #1994, #3671, #890, .T. ) ;
#2027 = ORIENTED_EDGE ( 'NONE', *, *, #3013, .T. ) ;
#2028 = ORIENTED_EDGE ( 'NONE', *, *, #2611, .F. ) ;
#2029 = EDGE_CURVE ( 'NONE', #4471, #1216, #3563, .T. ) ;
#2030 = LINE ( 'NONE', #4364, #4611 ) ;
#2031 = ORIENTED_EDGE ( 'NONE', *, *, #920, .T. ) ;
#2032 = CARTESIAN_POINT ( 'NONE',  ( 91.00000000000004263, 0.000000000000000000, -64.50000000000000000 ) ) ;
#2033 = LINE ( 'NONE', #1270, #2226 ) ;
#2034 = EDGE_CURVE ( 'NONE', #3369, #3482, #2367, .T. ) ;
#2035 = LINE ( 'NONE', #3548, #4810 ) ;
#2036 = EDGE_CURVE ( 'NONE', #4404, #571, #4803, .T. ) ;
#2037 = FACE_OUTER_BOUND ( 'NONE', #406, .T. ) ;
#2038 = ORIENTED_EDGE ( 'NONE', *, *, #242, .T. ) ;
#2039 = DIRECTION ( 'NONE',  ( -1.000000000000000000, 0.000000000000000000, 0.000000000000000000 ) ) ;
#2040 = DIRECTION ( 'NONE',  ( 0.000000000000000000, 0.000000000000000000, -1.000000000000000000 ) ) ;
#2041 = DIRECTION ( 'NONE',  ( 1.000000000000000000, 0.000000000000000000, 0.000000000000000000 ) ) ;
#2042 = DIRECTION ( 'NONE',  ( -0.000000000000000000, 1.000000000000000000, -0.000000000000000000 ) ) ;
#2043 = VERTEX_POINT ( 'NONE', #1697 ) ;
#2044 = CARTESIAN_POINT ( 'NONE',  ( 12.99999999999999822, 1.000000000000000888, -64.00000000000000000 ) ) ;
#2045 =( BOUNDED_CURVE ( )  B_SPLINE_CURVE ( 3, ( #2775, #833, #3554, #2381 ),
 .UNSPECIFIED., .F., .T. ) 
 B_SPLINE_CURVE_WITH_KNOTS ( ( 4, 4 ),
 ( 1.570796326794868802, 3.141592653589793116 ),
 .UNSPECIFIED. ) 
 CURVE ( )  GEOMETRIC_REPRESENTATION_ITEM ( )  RATIONAL_B_SPLINE_CURVE ( ( 1.000000000000000000, 0.8047378541243583872, 0.8047378541243583872, 1.000000000000000000 ) ) 
 REPRESENTATION_ITEM ( '' )  );
#2046 = DIRECTION ( 'NONE',  ( 0.000000000000000000, 0.000000000000000000, 1.000000000000000000 ) ) ;
#2047 = ORIENTED_EDGE ( 'NONE', *, *, #883, .F. ) ;
#2048 = AXIS2_PLACEMENT_3D ( 'NONE', #775, #3469, #5035 ) ;
#2049 = PERSON_AND_ORGANIZATION ( #2440, #4600 ) ;
#2050 = LINE ( 'NONE', #370, #2433 ) ;
#2051 = CIRCLE ( 'NONE', #1399, 2.374999999999998668 ) ;
#2052 = VERTEX_POINT ( 'NONE', #474 ) ;
#2053 = CIRCLE ( 'NONE', #4927, 25.00000000000000000 ) ;
#2054 = VERTEX_POINT ( 'NONE', #497 ) ;
#2055 = LINE ( 'NONE', #2836, #928 ) ;
#2056 = ORIENTED_EDGE ( 'NONE', *, *, #2201, .F. ) ;
#2057 = CARTESIAN_POINT ( 'NONE',  ( 161.9999999999999716, 3.000000000000000000, 59.50000000000000711 ) ) ;
#2058 = EDGE_CURVE ( 'NONE', #2780, #416, #3588, .T. ) ;
#2059 = CARTESIAN_POINT ( 'NONE',  ( 12.49999999999998401, 3.000000000000002665, 64.50000000000000000 ) ) ;
#2060 = AXIS2_PLACEMENT_3D ( 'NONE', #4539, #2520, #663 ) ;
#2061 = ORIENTED_EDGE ( 'NONE', *, *, #2643, .F. ) ;
#2062 = ORIENTED_EDGE ( 'NONE', *, *, #2827, .F. ) ;
#2063 = ADVANCED_FACE ( 'NONE', ( #2781 ), #2077, .F. ) ;
#2064 = CARTESIAN_POINT ( 'NONE',  ( -26.20626663143508495, 40.62180185532525201, 13.32687348075206302 ) ) ;
#2065 = AXIS2_PLACEMENT_3D ( 'NONE', #3255, #2092, #191 ) ;
#2066 = CARTESIAN_POINT ( 'NONE',  ( 82.99999999999997158, 3.000000000000000444, -64.00000000000000000 ) ) ;
#2067 = EDGE_CURVE ( 'NONE', #496, #895, #1262, .T. ) ;
#2068 = DIRECTION ( 'NONE',  ( 0.000000000000000000, -1.000000000000000000, 0.000000000000000000 ) ) ;
#2069 = ORIENTED_EDGE ( 'NONE', *, *, #4580, .T. ) ;
#2070 = DIRECTION ( 'NONE',  ( 0.000000000000000000, 1.000000000000000000, 0.000000000000000000 ) ) ;
#2071 = CARTESIAN_POINT ( 'NONE',  ( 0.000000000000000000, 0.000000000000000000, 10.32687348075206302 ) ) ;
#2072 = ORIENTED_EDGE ( 'NONE', *, *, #1824, .T. ) ;
#2073 = AXIS2_PLACEMENT_3D ( 'NONE', #603, #4488, #2523 ) ;
#2074 = CARTESIAN_POINT ( 'NONE',  ( 163.9999999999999716, 3.000000000000003109, -59.50000000000000711 ) ) ;
#2075 = CARTESIAN_POINT ( 'NONE',  ( -38.45626663143507784, 59.75000000000000000, 6.276873480752065859 ) ) ;
#2076 = PLANE ( 'NONE',  #4279 ) ;
#2077 = PLANE ( 'NONE',  #3334 ) ;
#2078 = CARTESIAN_POINT ( 'NONE',  ( -38.45626663143507784, 61.75000000000000000, 23.37687348075206728 ) ) ;
#2079 = ORIENTED_EDGE ( 'NONE', *, *, #4350, .T. ) ;
#2080 = CARTESIAN_POINT ( 'NONE',  ( 89.99999999999998579, 0.000000000000000000, -59.50000000000000711 ) ) ;
#2081 = ORIENTED_EDGE ( 'NONE', *, *, #1377, .T. ) ;
#2082 = AXIS2_PLACEMENT_3D ( 'NONE', #2730, #763, #4626 ) ;
#2083 = CARTESIAN_POINT ( 'NONE',  ( -24.95626663143508139, 20.62180185532525556, 13.32687348075206302 ) ) ;
#2084 = EDGE_LOOP ( 'NONE', ( #2942, #1055, #3627, #580, #1643, #4012 ) ) ;
#2085 = VECTOR ( 'NONE', #1691, 1000.000000000000227 ) ;
#2086 = DIRECTION ( 'NONE',  ( 0.000000000000000000, 0.000000000000000000, 1.000000000000000000 ) ) ;
#2087 = ORIENTED_EDGE ( 'NONE', *, *, #4707, .T. ) ;
#2088 = ORIENTED_EDGE ( 'NONE', *, *, #799, .T. ) ;
#2089 = ADVANCED_FACE ( 'NONE', ( #3995 ), #1775, .T. ) ;
#2090 = DIRECTION ( 'NONE',  ( 0.000000000000000000, 0.000000000000000000, -1.000000000000000000 ) ) ;
#2091 = ORIENTED_EDGE ( 'NONE', *, *, #2194, .T. ) ;
#2092 = DIRECTION ( 'NONE',  ( -0.000000000000000000, -1.000000000000000000, -0.000000000000000000 ) ) ;
#2093 = ORIENTED_EDGE ( 'NONE', *, *, #4731, .T. ) ;
#2094 = EDGE_CURVE ( 'NONE', #1803, #1010, #2050, .T. ) ;
#2095 = VERTEX_POINT ( 'NONE', #2301 ) ;
#2096 = EDGE_CURVE ( 'NONE', #2577, #1498, #1128, .T. ) ;
#2097 = EDGE_CURVE ( 'NONE', #2720, #596, #1429, .T. ) ;
#2098 = AXIS2_PLACEMENT_3D ( 'NONE', #3071, #4630, #3487 ) ;
#2099 = DIRECTION ( 'NONE',  ( 0.000000000000000000, 1.000000000000000000, 0.000000000000000000 ) ) ;
#2100 = DIRECTION ( 'NONE',  ( 0.000000000000000000, -0.000000000000000000, 1.000000000000000000 ) ) ;
#2101 = FACE_OUTER_BOUND ( 'NONE', #53, .T. ) ;
#2102 = ADVANCED_FACE ( 'NONE', ( #2697 ), #5041, .F. ) ;
#2103 = AXIS2_PLACEMENT_3D ( 'NONE', #1753, #2504, #3321 ) ;
#2104 = DIRECTION ( 'NONE',  ( 0.000000000000000000, 0.000000000000000000, -1.000000000000000000 ) ) ;
#2105 = CARTESIAN_POINT ( 'NONE',  ( 12.49999999999998401, 1.000000000000028644, 59.50000000000000711 ) ) ;
#2106 = DIRECTION ( 'NONE',  ( 3.552713678800500929E-15, 0.000000000000000000, -1.000000000000000000 ) ) ;
#2107 = AXIS2_PLACEMENT_3D ( 'NONE', #4066, #2099, #2491 ) ;
#2108 = ORIENTED_EDGE ( 'NONE', *, *, #1463, .T. ) ;
#2109 = DIRECTION ( 'NONE',  ( 0.000000000000000000, 0.000000000000000000, 1.000000000000000000 ) ) ;
#2110 = ORIENTED_EDGE ( 'NONE', *, *, #5019, .T. ) ;
#2111 = ORIENTED_EDGE ( 'NONE', *, *, #4032, .F. ) ;
#2112 = VECTOR ( 'NONE', #4957, 1000.000000000000000 ) ;
#2113 = DIRECTION ( 'NONE',  ( -0.000000000000000000, 1.000000000000000000, -0.000000000000000000 ) ) ;
#2114 = LINE ( 'NONE', #1704, #5022 ) ;
#2115 = DIRECTION ( 'NONE',  ( -1.000000000000000000, 0.000000000000000000, 0.000000000000000000 ) ) ;
#2116 = ORIENTED_EDGE ( 'NONE', *, *, #1501, .T. ) ;
#2117 = DIRECTION ( 'NONE',  ( 0.000000000000000000, 1.000000000000000000, 0.000000000000000000 ) ) ;
#2118 = ORIENTED_EDGE ( 'NONE', *, *, #2058, .T. ) ;
#2119 = CARTESIAN_POINT ( 'NONE',  ( -38.45626663143507784, 59.75000000000000000, 21.87687348075206017 ) ) ;
#2120 = ORIENTED_EDGE ( 'NONE', *, *, #1242, .F. ) ;
#2121 = VERTEX_POINT ( 'NONE', #4461 ) ;
#2122 = CARTESIAN_POINT ( 'NONE',  ( 89.99999999999998579, 1.000000000000028644, -59.50000000000000711 ) ) ;
#2123 = ORIENTED_EDGE ( 'NONE', *, *, #1079, .F. ) ;
#2124 = CARTESIAN_POINT ( 'NONE',  ( -38.45626663143507784, 40.00000000000000000, 13.32687348075206302 ) ) ;
#2125 = EDGE_CURVE ( 'NONE', #4376, #3353, #886, .T. ) ;
#2126 = VERTEX_POINT ( 'NONE', #2647 ) ;
#2127 = EDGE_CURVE ( 'NONE', #2176, #3012, #4247, .T. ) ;
#2128 = CARTESIAN_POINT ( 'NONE',  ( 3.551475717527324030E-15, 3.999999999999996447, 29.00000000000000000 ) ) ;
#2129 = ADVANCED_FACE ( 'NONE', ( #2670 ), #4990, .T. ) ;
#2130 = VERTEX_POINT ( 'NONE', #2519 ) ;
#2131 = CARTESIAN_POINT ( 'NONE',  ( -24.95626663143508139, 50.62180185532525911, 13.32687348075206302 ) ) ;
#2132 = CIRCLE ( 'NONE', #504, 1.999999999999996669 ) ;
#2133 = EDGE_LOOP ( 'NONE', ( #1434, #1839, #3392, #2950, #1001 ) ) ;
#2134 = ORIENTED_EDGE ( 'NONE', *, *, #4887, .F. ) ;
#2135 = DIRECTION ( 'NONE',  ( 0.000000000000000000, 0.000000000000000000, 1.000000000000000000 ) ) ;
#2136 = CARTESIAN_POINT ( 'NONE',  ( -38.45626663143507784, 3.999999999999996447, 13.32687348075206302 ) ) ;
#2137 = CIRCLE ( 'NONE', #843, 0.5000000000000004441 ) ;
#2138 = VECTOR ( 'NONE', #2222, 999.9999999999998863 ) ;
#2139 = ORIENTED_EDGE ( 'NONE', *, *, #1872, .T. ) ;
#2140 = FACE_OUTER_BOUND ( 'NONE', #375, .T. ) ;
#2141 = CIRCLE ( 'NONE', #1246, 0.5000000000000004441 ) ;
#2142 = DIRECTION ( 'NONE',  ( 0.000000000000000000, 0.000000000000000000, 1.000000000000000000 ) ) ;
#2143 = AXIS2_PLACEMENT_3D ( 'NONE', #1435, #4994, #1922 ) ;
#2144 = DIRECTION ( 'NONE',  ( 0.000000000000000000, 1.000000000000000000, -0.000000000000000000 ) ) ;
#2145 = ORIENTED_EDGE ( 'NONE', *, *, #801, .T. ) ;
#2146 = CARTESIAN_POINT ( 'NONE',  ( 80.00000000000000000, 3.000000000000001776, 64.00000000000000000 ) ) ;
#2147 = ORIENTED_EDGE ( 'NONE', *, *, #4384, .F. ) ;
#2148 = ORIENTED_EDGE ( 'NONE', *, *, #3597, .T. ) ;
#2149 = AXIS2_PLACEMENT_3D ( 'NONE', #2071, #2510, #3636 ) ;
#2150 = ADVANCED_FACE ( 'NONE', ( #3001 ), #1477, .T. ) ;
#2151 = CARTESIAN_POINT ( 'NONE',  ( 156.9999999999999716, 1.000000000000000888, -64.00000000000000000 ) ) ;
#2152 = APPROVAL_DATE_TIME ( #95, #654 ) ;
#2153 = ORIENTED_EDGE ( 'NONE', *, *, #3328, .F. ) ;
#2154 = DIRECTION ( 'NONE',  ( 0.000000000000000000, 0.000000000000000000, -1.000000000000000000 ) ) ;
#2155 = AXIS2_PLACEMENT_3D ( 'NONE', #1272, #4397, #2633 ) ;
#2156 = ORIENTED_EDGE ( 'NONE', *, *, #5044, .F. ) ;
#2157 = EDGE_CURVE ( 'NONE', #4332, #2661, #555, .T. ) ;
#2158 = CARTESIAN_POINT ( 'NONE',  ( 166.4999999999999716, 1.000000000000000888, -59.50000000000000711 ) ) ;
#2159 = EDGE_LOOP ( 'NONE', ( #5, #27 ) ) ;
#2160 = FACE_OUTER_BOUND ( 'NONE', #3792, .T. ) ;
#2161 = ORIENTED_EDGE ( 'NONE', *, *, #4197, .T. ) ;
#2162 = EDGE_CURVE ( 'NONE', #4801, #1658, #4144, .T. ) ;
#2163 = EDGE_CURVE ( 'NONE', #3359, #1629, #1694, .T. ) ;
#2164 = CARTESIAN_POINT ( 'NONE',  ( 12.49999999999999645, 1.500000000000016875, -64.50000000000000000 ) ) ;
#2165 = CARTESIAN_POINT ( 'NONE',  ( 0.000000000000000000, 0.000000000000000000, 58.50000000000000000 ) ) ;
#2166 = DIRECTION ( 'NONE',  ( 0.5773502691896310601, -0.5773502691896151839, -0.5773502691896310601 ) ) ;
#2167 = DIRECTION ( 'NONE',  ( 0.000000000000000000, 0.000000000000000000, -1.000000000000000000 ) ) ;
#2168 = DIRECTION ( 'NONE',  ( -4.625929269271485322E-15, -1.000000000000000000, 0.000000000000000000 ) ) ;
#2169 = DIRECTION ( 'NONE',  ( 0.000000000000000000, 0.8660254037844357100, 0.5000000000000052180 ) ) ;
#2170 = CARTESIAN_POINT ( 'NONE',  ( 12.49999999999999645, -3.000000000000000000, -64.00000000000000000 ) ) ;
#2171 = ORIENTED_EDGE ( 'NONE', *, *, #107, .T. ) ;
#2172 = AXIS2_PLACEMENT_3D ( 'NONE', #666, #281, #1067 ) ;
#2173 = DIRECTION ( 'NONE',  ( -0.000000000000000000, -0.000000000000000000, -1.000000000000000000 ) ) ;
#2174 = CIRCLE ( 'NONE', #3402, 2.000000000000001776 ) ;
#2175 = FACE_OUTER_BOUND ( 'NONE', #1813, .T. ) ;
#2176 = VERTEX_POINT ( 'NONE', #3054 ) ;
#2177 = VECTOR ( 'NONE', #1327, 1000.000000000000000 ) ;
#2178 = CARTESIAN_POINT ( 'NONE',  ( -38.45626663143507784, 59.75000000000000000, 13.32687348075206302 ) ) ;
#2179 = CARTESIAN_POINT ( 'NONE',  ( 0.000000000000000000, -1.734723475976807094E-15, -29.00000000000000000 ) ) ;
#2180 = ORIENTED_EDGE ( 'NONE', *, *, #3145, .F. ) ;
#2181 = FACE_OUTER_BOUND ( 'NONE', #15, .T. ) ;
#2182 = VERTEX_POINT ( 'NONE', #2225 ) ;
#2183 = CARTESIAN_POINT ( 'NONE',  ( -38.45626663143507784, 59.75000000000000000, 17.07687348075206302 ) ) ;
#2184 = FACE_OUTER_BOUND ( 'NONE', #976, .T. ) ;
#2185 = AXIS2_PLACEMENT_3D ( 'NONE', #1880, #3898, #1905 ) ;
#2186 = VECTOR ( 'NONE', #2407, 1000.000000000000000 ) ;
#2187 = FACE_OUTER_BOUND ( 'NONE', #76, .T. ) ;
#2188 = ORIENTED_EDGE ( 'NONE', *, *, #413, .F. ) ;
#2189 = ORIENTED_EDGE ( 'NONE', *, *, #2385, .T. ) ;
#2190 = VECTOR ( 'NONE', #921, 1000.000000000000000 ) ;
#2191 = CARTESIAN_POINT ( 'NONE',  ( 0.000000000000000000, 3.999999999999996447, 0.000000000000000000 ) ) ;
#2192 = DIRECTION ( 'NONE',  ( -0.000000000000000000, -0.000000000000000000, -1.000000000000000000 ) ) ;
#2193 = CARTESIAN_POINT ( 'NONE',  ( 12.85355339059327129, 1.146446609406731820, -59.64644660940673049 ) ) ;
#2194 = EDGE_CURVE ( 'NONE', #2782, #2199, #299, .T. ) ;
#2195 = CARTESIAN_POINT ( 'NONE',  ( 89.49999999999997158, -3.000000000000414335, 64.00000000000000000 ) ) ;
#2196 = DIRECTION ( 'NONE',  ( 0.000000000000000000, 0.000000000000000000, -1.000000000000000000 ) ) ;
#2197 = EDGE_CURVE ( 'NONE', #3337, #3315, #4561, .T. ) ;
#2198 = AXIS2_PLACEMENT_3D ( 'NONE', #2305, #3869, #4919 ) ;
#2199 = VERTEX_POINT ( 'NONE', #5020 ) ;
#2200 = PLANE ( 'NONE',  #770 ) ;
#2201 = EDGE_CURVE ( 'NONE', #1764, #1793, #3027, .T. ) ;
#2202 = EDGE_CURVE ( 'NONE', #1891, #412, #713, .T. ) ;
#2203 = DIRECTION ( 'NONE',  ( -0.000000000000000000, 1.000000000000000000, -0.000000000000000000 ) ) ;
#2204 = DIRECTION ( 'NONE',  ( 0.000000000000000000, 1.000000000000000000, 0.000000000000000000 ) ) ;
#2205 = ORIENTED_EDGE ( 'NONE', *, *, #1442, .T. ) ;
#2206 = ORIENTED_EDGE ( 'NONE', *, *, #3262, .T. ) ;
#2207 = FACE_OUTER_BOUND ( 'NONE', #2668, .T. ) ;
#2208 = VERTEX_POINT ( 'NONE', #4618 ) ;
#2209 = CARTESIAN_POINT ( 'NONE',  ( 166.4999999999999716, 3.000000000000000000, 60.00000000000000711 ) ) ;
#2210 = PLANE ( 'NONE',  #4357 ) ;
#2211 = DIRECTION ( 'NONE',  ( 0.000000000000000000, -1.000000000000000000, 0.000000000000000000 ) ) ;
#2212 = ORIENTED_EDGE ( 'NONE', *, *, #3529, .F. ) ;
#2213 =( BOUNDED_CURVE ( )  B_SPLINE_CURVE ( 3, ( #345, #1554, #1920, #1183 ),
 .UNSPECIFIED., .F., .F. ) 
 B_SPLINE_CURVE_WITH_KNOTS ( ( 4, 4 ),
 ( 2.356194490192351498, 3.141592653589793116 ),
 .UNSPECIFIED. ) 
 CURVE ( )  GEOMETRIC_REPRESENTATION_ITEM ( )  RATIONAL_B_SPLINE_CURVE ( ( 1.000000000000000000, 0.9492530216741920102, 0.9492530216741920102, 1.000000000000000000 ) ) 
 REPRESENTATION_ITEM ( '' )  );
#2214 = LINE ( 'NONE', #1832, #2972 ) ;
#2215 = LINE ( 'NONE', #1422, #3104 ) ;
#2216 = DIRECTION ( 'NONE',  ( -0.000000000000000000, -0.000000000000000000, -1.000000000000000000 ) ) ;
#2217 = CARTESIAN_POINT ( 'NONE',  ( 161.9999999999999716, 3.000000000000000000, 64.50000000000000000 ) ) ;
#2218 = DIRECTION ( 'NONE',  ( 0.000000000000000000, 0.000000000000000000, 1.000000000000000000 ) ) ;
#2219 = DIRECTION ( 'NONE',  ( 0.000000000000000000, 0.000000000000000000, -1.000000000000000000 ) ) ;
#2220 = ORIENTED_EDGE ( 'NONE', *, *, #310, .T. ) ;
#2221 = CIRCLE ( 'NONE', #2719, 2.500000000000002220 ) ;
#2222 = DIRECTION ( 'NONE',  ( 6.123233995736830131E-17, 0.8660254037844357100, -0.5000000000000052180 ) ) ;
#2223 = EDGE_CURVE ( 'NONE', #4277, #4620, #342, .T. ) ;
#2224 = CARTESIAN_POINT ( 'NONE',  ( 3.000000000000002665, 1.000000000000000888, -59.86561944896765652 ) ) ;
#2225 = CARTESIAN_POINT ( 'NONE',  ( 157.1464466094066950, 1.146446609406721828, 59.64644660940672338 ) ) ;
#2226 = VECTOR ( 'NONE', #136, 1000.000000000000000 ) ;
#2227 = AXIS2_PLACEMENT_3D ( 'NONE', #4454, #2841, #3326 ) ;
#2228 = CARTESIAN_POINT ( 'NONE',  ( -38.45626663143507784, 59.75000000000000000, 3.276873480752058310 ) ) ;
#2229 = ORIENTED_EDGE ( 'NONE', *, *, #1193, .T. ) ;
#2230 = EDGE_CURVE ( 'NONE', #2538, #3955, #4966, .T. ) ;
#2231 = AXIS2_PLACEMENT_3D ( 'NONE', #2806, #2543, #4358 ) ;
#2232 = ADVANCED_FACE ( 'NONE', ( #847 ), #4338, .F. ) ;
#2233 = AXIS2_PLACEMENT_3D ( 'NONE', #341, #3154, #2328 ) ;
#2234 = VECTOR ( 'NONE', #319, 1000.000000000000000 ) ;
#2235 = CIRCLE ( 'NONE', #3140, 25.00000000000000000 ) ;
#2236 = ORIENTED_EDGE ( 'NONE', *, *, #4037, .T. ) ;
#2237 = DIRECTION ( 'NONE',  ( 0.000000000000000000, 0.000000000000000000, 1.000000000000000000 ) ) ;
#2238 = VERTEX_POINT ( 'NONE', #462 ) ;
#2239 = AXIS2_PLACEMENT_3D ( 'NONE', #874, #410, #3180 ) ;
#2240 = CC_DESIGN_PERSON_AND_ORGANIZATION_ASSIGNMENT ( #4746, #1352, ( #3050 ) ) ;
#2241 = FACE_OUTER_BOUND ( 'NONE', #4003, .T. ) ;
#2242 = VECTOR ( 'NONE', #3035, 1000.000000000000000 ) ;
#2243 = DIRECTION ( 'NONE',  ( 1.000000000000000000, 0.000000000000000000, 0.000000000000000000 ) ) ;
#2244 = FACE_BOUND ( 'NONE', #2159, .T. ) ;
#2245 = ORIENTED_EDGE ( 'NONE', *, *, #1043, .T. ) ;
#2246 = VERTEX_POINT ( 'NONE', #391 ) ;
#2247 = LINE ( 'NONE', #1852, #435 ) ;
#2248 = CARTESIAN_POINT ( 'NONE',  ( -22.76742594393445884, 40.62180185532525201, 10.32687348075206302 ) ) ;
#2249 = CARTESIAN_POINT ( 'NONE',  ( 167.9999999999999432, 0.000000000000000000, -64.50000000000000000 ) ) ;
#2250 = CARTESIAN_POINT ( 'NONE',  ( 157.4999999999999716, 3.000000000000000000, 60.00000000000000711 ) ) ;
#2251 = LINE ( 'NONE', #1522, #1393 ) ;
#2252 = DIRECTION ( 'NONE',  ( 0.5773502691896257311, -0.5773502691896257311, -0.5773502691896257311 ) ) ;
#2253 = ORIENTED_EDGE ( 'NONE', *, *, #4862, .T. ) ;
#2254 = CARTESIAN_POINT ( 'NONE',  ( 161.9999999999999716, 3.000000000000000000, 60.00000000000000711 ) ) ;
#2255 = CARTESIAN_POINT ( 'NONE',  ( 159.4999999999999716, 3.000000000000000000, 64.00000000000000000 ) ) ;
#2256 = ORIENTED_EDGE ( 'NONE', *, *, #3858, .F. ) ;
#2257 = DIRECTION ( 'NONE',  ( 0.000000000000000000, 0.000000000000000000, -1.000000000000000000 ) ) ;
#2258 = CARTESIAN_POINT ( 'NONE',  ( 80.49999999999998579, 0.9999999999999380496, 64.50000000000000000 ) ) ;
#2259 = VERTEX_POINT ( 'NONE', #783 ) ;
#2260 = ADVANCED_FACE ( 'NONE', ( #1985 ), #1221, .F. ) ;
#2261 = ORIENTED_EDGE ( 'NONE', *, *, #2036, .T. ) ;
#2262 = EDGE_CURVE ( 'NONE', #3671, #571, #1609, .T. ) ;
#2263 = LINE ( 'NONE', #1871, #3868 ) ;
#2264 = ORIENTED_EDGE ( 'NONE', *, *, #614, .T. ) ;
#2265 = EDGE_CURVE ( 'NONE', #1793, #1749, #1288, .T. ) ;
#2266 = EDGE_CURVE ( 'NONE', #1078, #120, #2427, .T. ) ;
#2267 = DIRECTION ( 'NONE',  ( 0.000000000000000000, 0.000000000000000000, 1.000000000000000000 ) ) ;
#2268 = DIRECTION ( 'NONE',  ( 1.000000000000000000, 0.000000000000000000, -0.000000000000000000 ) ) ;
#2269 = EDGE_CURVE ( 'NONE', #4774, #4480, #4368, .T. ) ;
#2270 = CARTESIAN_POINT ( 'NONE',  ( 85.49999999999998579, 82.49999999999998579, 64.50000000000000000 ) ) ;
#2271 = VERTEX_POINT ( 'NONE', #9 ) ;
#2272 = ORIENTED_EDGE ( 'NONE', *, *, #3748, .T. ) ;
#2273 = CARTESIAN_POINT ( 'NONE',  ( 166.4999999999999716, 3.000000000000002665, -59.50000000000000711 ) ) ;
#2274 = DIRECTION ( 'NONE',  ( 0.000000000000000000, 0.000000000000000000, 1.000000000000000000 ) ) ;
#2275 = TOROIDAL_SURFACE ( 'NONE', #2923, 2.499999999999996003, 0.5000000000000000000 ) ;
#2276 = CARTESIAN_POINT ( 'NONE',  ( -38.45626663143507784, 61.75000000000000000, 6.276873480752065859 ) ) ;
#2277 = DIRECTION ( 'NONE',  ( 0.000000000000000000, 0.000000000000000000, 1.000000000000000000 ) ) ;
#2278 = EDGE_LOOP ( 'NONE', ( #1989, #65, #4949, #126, #778, #3278 ) ) ;
#2279 = PLANE ( 'NONE',  #1818 ) ;
#2280 = DIRECTION ( 'NONE',  ( 0.000000000000000000, 0.000000000000000000, 1.000000000000000000 ) ) ;
#2281 = CIRCLE ( 'NONE', #3417, 0.5000000000000004441 ) ;
#2282 = EDGE_LOOP ( 'NONE', ( #1427, #3768, #560, #1508, #3443 ) ) ;
#2283 = CARTESIAN_POINT ( 'NONE',  ( 84.99999999999997158, 3.000000000000002665, 64.50000000000000000 ) ) ;
#2284 = DIRECTION ( 'NONE',  ( -4.625929269271481378E-15, -1.000000000000000000, 0.000000000000000000 ) ) ;
#2285 = ORIENTED_EDGE ( 'NONE', *, *, #3360, .F. ) ;
#2286 = DIRECTION ( 'NONE',  ( 0.000000000000000000, -1.000000000000000000, 0.000000000000000000 ) ) ;
#2287 = ORIENTED_EDGE ( 'NONE', *, *, #4703, .T. ) ;
#2288 = CARTESIAN_POINT ( 'NONE',  ( 0.000000000000000000, -3.000000000000000000, -64.50000000000000000 ) ) ;
#2289 = DIRECTION ( 'NONE',  ( -1.000000000000000000, 0.000000000000000000, 0.000000000000000000 ) ) ;
#2290 = EDGE_CURVE ( 'NONE', #2121, #3337, #1549, .T. ) ;
#2291 = ORIENTED_EDGE ( 'NONE', *, *, #3949, .F. ) ;
#2292 = EDGE_CURVE ( 'NONE', #3244, #3430, #249, .T. ) ;
#2293 = EDGE_CURVE ( 'NONE', #942, #1660, #2035, .T. ) ;
#2294 = DIRECTION ( 'NONE',  ( 0.000000000000000000, 0.000000000000000000, -1.000000000000000000 ) ) ;
#2295 = DIRECTION ( 'NONE',  ( 0.000000000000000000, -1.000000000000000000, 0.000000000000000000 ) ) ;
#2296 = CARTESIAN_POINT ( 'NONE',  ( 5.999999999999996447, 3.000000000000003109, 64.00000000000000000 ) ) ;
#2297 = DIRECTION ( 'NONE',  ( 0.5773502691896310601, -0.5773502691896151839, 0.5773502691896310601 ) ) ;
#2298 = VERTEX_POINT ( 'NONE', #485 ) ;
#2299 = CARTESIAN_POINT ( 'NONE',  ( -38.45626663143507784, 40.00000000000000000, 13.32687348075206302 ) ) ;
#2300 = LINE ( 'NONE', #408, #2565 ) ;
#2301 = CARTESIAN_POINT ( 'NONE',  ( 156.0000000000000000, 0.000000000000000000, -58.50000000000002842 ) ) ;
#2302 = DIRECTION ( 'NONE',  ( 1.000000000000000000, 0.000000000000000000, 0.000000000000000000 ) ) ;
#2303 = CIRCLE ( 'NONE', #3366, 2.500000000000002220 ) ;
#2304 = ORIENTED_EDGE ( 'NONE', *, *, #2707, .F. ) ;
#2305 = CARTESIAN_POINT ( 'NONE',  ( -38.45626663143507784, 61.75000000000000000, 21.87687348075206017 ) ) ;
#2306 = CIRCLE ( 'NONE', #2966, 13.49999999999999822 ) ;
#2307 = AXIS2_PLACEMENT_3D ( 'NONE', #4424, #970, #1298 ) ;
#2308 = VERTEX_POINT ( 'NONE', #1178 ) ;
#2309 = CARTESIAN_POINT ( 'NONE',  ( 0.000000000000000000, 0.000000000000000000, -58.50000000000002842 ) ) ;
#2310 = LOCAL_TIME ( 14, 27, 11.00000000000000000, #4118 ) ;
#2311 = AXIS2_PLACEMENT_3D ( 'NONE', #943, #2113, #2503 ) ;
#2312 = AXIS2_PLACEMENT_3D ( 'NONE', #1436, #3341, #3804 ) ;
#2313 = CARTESIAN_POINT ( 'NONE',  ( 0.000000000000000000, -3.000000000000000000, 64.50000000000000000 ) ) ;
#2314 = AXIS2_PLACEMENT_3D ( 'NONE', #4592, #1822, #2776 ) ;
#2315 = LINE ( 'NONE', #2732, #3461 ) ;
#2316 = ORIENTED_EDGE ( 'NONE', *, *, #744, .F. ) ;
#2317 = EDGE_CURVE ( 'NONE', #4298, #2661, #1600, .T. ) ;
#2318 = AXIS2_PLACEMENT_3D ( 'NONE', #4114, #4841, #1300 ) ;
#2319 = CARTESIAN_POINT ( 'NONE',  ( 84.99999999999997158, 3.000000000000000444, -59.50000000000000711 ) ) ;
#2320 = CARTESIAN_POINT ( 'NONE',  ( 3.500000000000002665, 3.000000000000002665, -64.50000000000000000 ) ) ;
#2321 = CARTESIAN_POINT ( 'NONE',  ( 8.000000000000000000, 3.000000000000002665, -60.00000000000000711 ) ) ;
#2322 = DIRECTION ( 'NONE',  ( 0.7071067811865475727, -0.7071067811865475727, 0.000000000000000000 ) ) ;
#2323 = EDGE_CURVE ( 'NONE', #3005, #3925, #4398, .T. ) ;
#2324 = VECTOR ( 'NONE', #2581, 1000.000000000000000 ) ;
#2325 = EDGE_CURVE ( 'NONE', #338, #2271, #825, .T. ) ;
#2326 = ORIENTED_EDGE ( 'NONE', *, *, #2884, .T. ) ;
#2327 = DIRECTION ( 'NONE',  ( 0.000000000000000000, 1.000000000000000000, 0.000000000000000000 ) ) ;
#2328 = DIRECTION ( 'NONE',  ( -1.000000000000000000, 0.000000000000000000, 0.000000000000000000 ) ) ;
#2329 = DIRECTION ( 'NONE',  ( 0.000000000000000000, -0.000000000000000000, 1.000000000000000000 ) ) ;
#2330 = CARTESIAN_POINT ( 'NONE',  ( 3.146446609406728712, 1.146446609406730710, -59.64644660940673049 ) ) ;
#2331 = VERTEX_POINT ( 'NONE', #2533 ) ;
#2332 = CARTESIAN_POINT ( 'NONE',  ( 0.000000000000000000, 0.000000000000000000, 58.50000000000002842 ) ) ;
#2333 = FACE_OUTER_BOUND ( 'NONE', #1459, .T. ) ;
#2334 = PLANE ( 'NONE',  #3175 ) ;
#2335 = ORIENTED_EDGE ( 'NONE', *, *, #4415, .F. ) ;
#2336 = CARTESIAN_POINT ( 'NONE',  ( -22.76742594393445884, 50.62180185532525911, 10.32687348075206302 ) ) ;
#2337 = CIRCLE ( 'NONE', #2910, 25.00000000000000000 ) ;
#2338 = DIRECTION ( 'NONE',  ( -0.000000000000000000, 1.000000000000000000, -0.000000000000000000 ) ) ;
#2339 = TOROIDAL_SURFACE ( 'NONE', #3238, 2.499999999999996447, 0.5000000000000000000 ) ;
#2340 = LINE ( 'NONE', #379, #4873 ) ;
#2341 = DIRECTION ( 'NONE',  ( -0.000000000000000000, 1.000000000000000000, -0.000000000000000000 ) ) ;
#2342 = DIRECTION ( 'NONE',  ( 1.000000000000000000, 0.000000000000000000, 0.000000000000000000 ) ) ;
#2343 = CARTESIAN_POINT ( 'NONE',  ( 3.000000000000002665, 3.000000000000002665, -60.00000000000000711 ) ) ;
#2344 = EDGE_LOOP ( 'NONE', ( #4393, #1096, #2463, #70, #3560 ) ) ;
#2345 = AXIS2_PLACEMENT_3D ( 'NONE', #4961, #1452, #3841 ) ;
#2346 = DIRECTION ( 'NONE',  ( -0.000000000000000000, -1.000000000000000000, -0.000000000000000000 ) ) ;
#2347 = CARTESIAN_POINT ( 'NONE',  ( 12.99999999999998401, 3.000000000000002665, 60.00000000000000711 ) ) ;
#2348 = EDGE_CURVE ( 'NONE', #1273, #2246, #4396, .T. ) ;
#2349 = ORIENTED_EDGE ( 'NONE', *, *, #4383, .F. ) ;
#2350 = DIRECTION ( 'NONE',  ( -0.000000000000000000, 0.000000000000000000, 1.000000000000000000 ) ) ;
#2351 = CARTESIAN_POINT ( 'NONE',  ( 3.000000000000003109, 1.000000000000028200, 64.29289321881346098 ) ) ;
#2352 = EDGE_LOOP ( 'NONE', ( #1766, #301, #2837, #1777, #3564 ) ) ;
#2353 = ADVANCED_FACE ( 'NONE', ( #3299 ), #212, .T. ) ;
#2354 = ADVANCED_FACE ( 'NONE', ( #1367 ), #2563, .T. ) ;
#2355 = AXIS2_PLACEMENT_3D ( 'NONE', #4639, #2329, #1245 ) ;
#2356 = CYLINDRICAL_SURFACE ( 'NONE', #1612, 0.5000000000000004441 ) ;
#2357 = EDGE_CURVE ( 'NONE', #4007, #120, #665, .T. ) ;
#2358 = DIRECTION ( 'NONE',  ( -0.7071067811865573427, -0.7071067811865378028, -0.000000000000000000 ) ) ;
#2359 = ORIENTED_EDGE ( 'NONE', *, *, #3759, .T. ) ;
#2360 = DIRECTION ( 'NONE',  ( -1.000000000000000000, 0.000000000000000000, 0.000000000000000000 ) ) ;
#2361 = FACE_OUTER_BOUND ( 'NONE', #4755, .T. ) ;
#2362 = AXIS2_PLACEMENT_3D ( 'NONE', #2772, #4346, #3577 ) ;
#2363 = CYLINDRICAL_SURFACE ( 'NONE', #1433, 2.999999999999999112 ) ;
#2364 = ORIENTED_EDGE ( 'NONE', *, *, #4977, .T. ) ;
#2365 = ORIENTED_EDGE ( 'NONE', *, *, #2230, .F. ) ;
#2366 = CARTESIAN_POINT ( 'NONE',  ( 89.49999999999998579, 1.499999999999924949, 64.50000000000000000 ) ) ;
#2367 = LINE ( 'NONE', #4359, #2686 ) ;
#2368 = DIRECTION ( 'NONE',  ( -0.000000000000000000, -1.000000000000000000, -0.000000000000000000 ) ) ;
#2369 = ORIENTED_EDGE ( 'NONE', *, *, #4860, .F. ) ;
#2370 = ORIENTED_EDGE ( 'NONE', *, *, #606, .F. ) ;
#2371 = ORIENTED_EDGE ( 'NONE', *, *, #2853, .T. ) ;
#2372 = FACE_BOUND ( 'NONE', #4665, .T. ) ;
#2373 = LINE ( 'NONE', #56, #1089 ) ;
#2374 = LINE ( 'NONE', #3079, #4766 ) ;
#2375 = DIRECTION ( 'NONE',  ( 0.000000000000000000, -0.000000000000000000, -1.000000000000000000 ) ) ;
#2376 = CARTESIAN_POINT ( 'NONE',  ( 3.241468008301284787, 1.051425210512172415, -59.55142521051217841 ) ) ;
#2377 = VERTEX_POINT ( 'NONE', #4450 ) ;
#2378 = EDGE_CURVE ( 'NONE', #1500, #78, #4807, .T. ) ;
#2379 = CARTESIAN_POINT ( 'NONE',  ( 7.999999999999992895, 3.000000000000002665, 60.00000000000000711 ) ) ;
#2380 = FACE_OUTER_BOUND ( 'NONE', #197, .T. ) ;
#2381 = CARTESIAN_POINT ( 'NONE',  ( 166.9999999999999716, 1.000000000000000888, -64.00000000000000000 ) ) ;
#2382 =( BOUNDED_CURVE ( )  B_SPLINE_CURVE ( 3, ( #732, #3547, #3103, #1152 ),
 .UNSPECIFIED., .F., .T. ) 
 B_SPLINE_CURVE_WITH_KNOTS ( ( 4, 4 ),
 ( 1.570796326794930975, 3.141592653589793116 ),
 .UNSPECIFIED. ) 
 CURVE ( )  GEOMETRIC_REPRESENTATION_ITEM ( )  RATIONAL_B_SPLINE_CURVE ( ( 1.000000000000000000, 0.8047378541243730421, 0.8047378541243730421, 1.000000000000000000 ) ) 
 REPRESENTATION_ITEM ( '' )  );
#2383 = VECTOR ( 'NONE', #3040, 1000.000000000000000 ) ;
#2384 = CARTESIAN_POINT ( 'NONE',  ( 12.99999999999998401, 1.000000000000028644, 60.00000000000000711 ) ) ;
#2385 = EDGE_CURVE ( 'NONE', #4332, #2308, #137, .T. ) ;
#2386 = EDGE_CURVE ( 'NONE', #4157, #4128, #4152, .T. ) ;
#2387 = AXIS2_PLACEMENT_3D ( 'NONE', #3374, #5008, #4983 ) ;
#2388 = LINE ( 'NONE', #2074, #4482 ) ;
#2389 = CIRCLE ( 'NONE', #1727, 4.000000000000000000 ) ;
#2390 = CARTESIAN_POINT ( 'NONE',  ( 82.49999999999997158, 3.000000000000000888, -64.50000000000000000 ) ) ;
#2391 = VECTOR ( 'NONE', #3194, 1000.000000000000000 ) ;
#2392 = VECTOR ( 'NONE', #1335, 1000.000000000000000 ) ;
#2393 = DIRECTION ( 'NONE',  ( 0.000000000000000000, -0.000000000000000000, 1.000000000000000000 ) ) ;
#2394 = DIRECTION ( 'NONE',  ( 0.000000000000000000, 1.000000000000000000, 0.000000000000000000 ) ) ;
#2395 = CIRCLE ( 'NONE', #2654, 0.5000000000000004441 ) ;
#2396 = DIRECTION ( 'NONE',  ( 1.000000000000000000, 0.000000000000000000, 0.000000000000000000 ) ) ;
#2397 = ORIENTED_EDGE ( 'NONE', *, *, #1690, .F. ) ;
#2398 = ORIENTED_EDGE ( 'NONE', *, *, #2798, .T. ) ;
#2399 = EDGE_LOOP ( 'NONE', ( #1700, #3052, #1353, #252 ) ) ;
#2400 = AXIS2_PLACEMENT_3D ( 'NONE', #463, #1550, #2768 ) ;
#2401 = DIRECTION ( 'NONE',  ( 0.000000000000000000, 0.000000000000000000, -1.000000000000000000 ) ) ;
#2402 = AXIS2_PLACEMENT_3D ( 'NONE', #2708, #380, #401 ) ;
#2403 = CARTESIAN_POINT ( 'NONE',  ( 7.999999999999992895, 1.000000000000028644, 59.50000000000000711 ) ) ;
#2404 = CARTESIAN_POINT ( 'NONE',  ( 79.00000000000001421, 0.000000000000000000, 0.000000000000000000 ) ) ;
#2405 = ORIENTED_EDGE ( 'NONE', *, *, #3859, .F. ) ;
#2406 = DIRECTION ( 'NONE',  ( 9.251858538542962756E-15, -1.000000000000000000, -0.000000000000000000 ) ) ;
#2407 = DIRECTION ( 'NONE',  ( -0.000000000000000000, 1.000000000000000000, -0.000000000000000000 ) ) ;
#2408 = ORIENTED_EDGE ( 'NONE', *, *, #2094, .T. ) ;
#2409 = LINE ( 'NONE', #1228, #2436 ) ;
#2410 = CARTESIAN_POINT ( 'NONE',  ( 80.05142521051216420, 1.051425210512200614, -59.74146800830127546 ) ) ;
#2411 = DIRECTION ( 'NONE',  ( -1.000000000000000000, 0.000000000000000000, 0.000000000000000000 ) ) ;
#2412 = EDGE_CURVE ( 'NONE', #2377, #4026, #993, .T. ) ;
#2413 = CARTESIAN_POINT ( 'NONE',  ( 3.061616997868383043E-15, 53.99999999999998579, 25.00000000000000000 ) ) ;
#2414 = EDGE_CURVE ( 'NONE', #1660, #583, #964, .T. ) ;
#2415 = AXIS2_PLACEMENT_3D ( 'NONE', #882, #398, #3895 ) ;
#2416 = CIRCLE ( 'NONE', #4290, 1.999999999999996669 ) ;
#2417 = EDGE_CURVE ( 'NONE', #1065, #2176, #4235, .T. ) ;
#2418 = ADVANCED_FACE ( 'NONE', ( #510 ), #3652, .T. ) ;
#2419 = DIRECTION ( 'NONE',  ( 0.000000000000000000, -1.000000000000000000, 0.000000000000000000 ) ) ;
#2420 = CARTESIAN_POINT ( 'NONE',  ( 157.4999999999999716, 3.000000000000000000, 64.00000000000000000 ) ) ;
#2421 = VERTEX_POINT ( 'NONE', #1027 ) ;
#2422 = DIRECTION ( 'NONE',  ( -0.000000000000000000, -1.000000000000000000, 0.000000000000000000 ) ) ;
#2423 = VERTEX_POINT ( 'NONE', #240 ) ;
#2424 = ORIENTED_EDGE ( 'NONE', *, *, #3171, .F. ) ;
#2425 = DIRECTION ( 'NONE',  ( -0.000000000000000000, -1.000000000000000000, -0.000000000000000000 ) ) ;
#2426 = ORIENTED_EDGE ( 'NONE', *, *, #1718, .F. ) ;
#2427 = LINE ( 'NONE', #2403, #324 ) ;
#2428 = DIRECTION ( 'NONE',  ( 0.000000000000000000, 0.000000000000000000, -1.000000000000000000 ) ) ;
#2429 = ORIENTED_EDGE ( 'NONE', *, *, #4064, .T. ) ;
#2430 = DIRECTION ( 'NONE',  ( 0.000000000000000000, -1.000000000000000000, 0.000000000000000000 ) ) ;
#2431 = CARTESIAN_POINT ( 'NONE',  ( 8.000000000000000000, 3.000000000000002665, -59.50000000000000711 ) ) ;
#2432 = ORIENTED_EDGE ( 'NONE', *, *, #983, .F. ) ;
#2433 = VECTOR ( 'NONE', #1840, 1000.000000000000000 ) ;
#2434 = ORIENTED_EDGE ( 'NONE', *, *, #3946, .F. ) ;
#2435 = LINE ( 'NONE', #493, #781 ) ;
#2436 = VECTOR ( 'NONE', #2795, 1000.000000000000000 ) ;
#2437 = DIRECTION ( 'NONE',  ( -0.000000000000000000, -0.000000000000000000, 1.000000000000000000 ) ) ;
#2438 = EDGE_LOOP ( 'NONE', ( #4884, #2760, #1323, #2056, #2501 ) ) ;
#2439 = AXIS2_PLACEMENT_3D ( 'NONE', #3335, #1279, #4017 ) ;
#2440 = PERSON ( 'UNSPECIFIED', 'UNSPECIFIED', 'UNSPECIFIED', ('UNSPECIFIED'), ('UNSPECIFIED'), ('UNSPECIFIED') ) ;
#2441 = EDGE_CURVE ( 'NONE', #4298, #1918, #3350, .T. ) ;
#2442 = DIRECTION ( 'NONE',  ( -1.000000000000000000, 8.673617379884054208E-16, 0.000000000000000000 ) ) ;
#2443 = CARTESIAN_POINT ( 'NONE',  ( 12.49999999999998401, 3.000000000000002665, 64.00000000000000000 ) ) ;
#2444 = ORIENTED_EDGE ( 'NONE', *, *, #2036, .F. ) ;
#2445 = ORIENTED_EDGE ( 'NONE', *, *, #2026, .F. ) ;
#2446 = EDGE_CURVE ( 'NONE', #3526, #6, #1390, .T. ) ;
#2447 = ORIENTED_EDGE ( 'NONE', *, *, #2290, .F. ) ;
#2448 = ADVANCED_FACE ( 'NONE', ( #2971 ), #2591, .F. ) ;
#2449 = DIRECTION ( 'NONE',  ( 0.000000000000000000, 1.000000000000000000, 0.000000000000000000 ) ) ;
#2450 = VERTEX_POINT ( 'NONE', #4666 ) ;
#2451 = DIRECTION ( 'NONE',  ( 0.000000000000000000, 0.000000000000000000, 1.000000000000000000 ) ) ;
#2452 = CARTESIAN_POINT ( 'NONE',  ( 84.99999999999997158, 3.000000000000000444, -64.50000000000000000 ) ) ;
#2453 = VERTEX_POINT ( 'NONE', #3914 ) ;
#2454 = CARTESIAN_POINT ( 'NONE',  ( -23.20626663143508495, 20.62180185532525556, 10.32687348075206302 ) ) ;
#2455 = CARTESIAN_POINT ( 'NONE',  ( 7.999999999999992895, 3.000000000000002665, 64.00000000000000000 ) ) ;
#2456 = DIRECTION ( 'NONE',  ( -1.000000000000000000, 0.000000000000000000, 0.000000000000000000 ) ) ;
#2457 = ORIENTED_EDGE ( 'NONE', *, *, #2549, .F. ) ;
#2458 = CARTESIAN_POINT ( 'NONE',  ( 12.49999999999999645, 1.000000000000000888, -59.50000000000000711 ) ) ;
#2459 = LINE ( 'NONE', #3659, #3537 ) ;
#2460 = ORIENTED_EDGE ( 'NONE', *, *, #1285, .F. ) ;
#2461 = CARTESIAN_POINT ( 'NONE',  ( 12.49999999999998401, 3.000000000000002665, 64.50000000000000000 ) ) ;
#2462 = CARTESIAN_POINT ( 'NONE',  ( 84.99999999999997158, 3.000000000000000444, -59.50000000000000711 ) ) ;
#2463 = ORIENTED_EDGE ( 'NONE', *, *, #1341, .T. ) ;
#2464 = CIRCLE ( 'NONE', #102, 2.499999999999996003 ) ;
#2465 = DIRECTION ( 'NONE',  ( 0.000000000000000000, 0.000000000000000000, 1.000000000000000000 ) ) ;
#2466 = VERTEX_POINT ( 'NONE', #4324 ) ;
#2467 = CARTESIAN_POINT ( 'NONE',  ( 3.000000000000002665, 0.000000000000000000, 59.50000000000000711 ) ) ;
#2468 = ORIENTED_EDGE ( 'NONE', *, *, #2884, .F. ) ;
#2469 = EDGE_CURVE ( 'NONE', #2700, #1216, #3984, .T. ) ;
#2470 = ORIENTED_EDGE ( 'NONE', *, *, #268, .F. ) ;
#2471 = AXIS2_PLACEMENT_3D ( 'NONE', #2299, #55, #3493 ) ;
#2472 = DIRECTION ( 'NONE',  ( -1.224646799147353207E-16, 1.000000000000000000, 0.000000000000000000 ) ) ;
#2473 = VECTOR ( 'NONE', #276, 1000.000000000000000 ) ;
#2474 = ORIENTED_EDGE ( 'NONE', *, *, #3118, .T. ) ;
#2475 = CARTESIAN_POINT ( 'NONE',  ( -51.95626663143507784, 40.00000000000000000, 13.32687348075206302 ) ) ;
#2476 = EDGE_CURVE ( 'NONE', #3641, #2421, #4057, .T. ) ;
#2477 = EDGE_CURVE ( 'NONE', #3193, #2054, #4891, .T. ) ;
#2478 = CARTESIAN_POINT ( 'NONE',  ( 3.365619448967657412, 1.000000000000029088, 59.50000000000000711 ) ) ;
#2479 = DIRECTION ( 'NONE',  ( 0.000000000000000000, 0.000000000000000000, -1.000000000000000000 ) ) ;
#2480 = AXIS2_PLACEMENT_3D ( 'NONE', #1633, #3206, #3555 ) ;
#2481 = ORIENTED_EDGE ( 'NONE', *, *, #1079, .T. ) ;
#2482 = VERTEX_POINT ( 'NONE', #417 ) ;
#2483 = CARTESIAN_POINT ( 'NONE',  ( 80.49999999999998579, 3.000000000000000444, 59.50000000000000711 ) ) ;
#2484 = AXIS2_PLACEMENT_3D ( 'NONE', #4316, #392, #1153 ) ;
#2485 = EDGE_CURVE ( 'NONE', #3218, #241, #163, .T. ) ;
#2486 = DIRECTION ( 'NONE',  ( 1.000000000000000000, 0.000000000000000000, 0.000000000000000000 ) ) ;
#2487 = ORIENTED_EDGE ( 'NONE', *, *, #3053, .T. ) ;
#2488 = CARTESIAN_POINT ( 'NONE',  ( 46.99999999999871392, 44.00000000000002132, 64.50000000000000000 ) ) ;
#2489 = EDGE_LOOP ( 'NONE', ( #3770, #842, #2161, #939 ) ) ;
#2490 = VECTOR ( 'NONE', #2929, 1000.000000000000000 ) ;
#2491 = DIRECTION ( 'NONE',  ( 0.000000000000000000, 0.000000000000000000, 1.000000000000000000 ) ) ;
#2492 = DIRECTION ( 'NONE',  ( 1.000000000000000000, 0.000000000000000000, 0.000000000000000000 ) ) ;
#2493 = DIRECTION ( 'NONE',  ( 0.000000000000000000, 0.000000000000000000, -1.000000000000000000 ) ) ;
#2494 = AXIS2_PLACEMENT_3D ( 'NONE', #4207, #722, #2268 ) ;
#2495 = DIRECTION ( 'NONE',  ( 0.000000000000000000, -1.000000000000000000, 0.000000000000000000 ) ) ;
#2496 = PLANE ( 'NONE',  #1663 ) ;
#2497 = CARTESIAN_POINT ( 'NONE',  ( 79.99999999999998579, 0.9999999999999362732, 59.50000000000000711 ) ) ;
#2498 = ORIENTED_EDGE ( 'NONE', *, *, #861, .T. ) ;
#2499 = CARTESIAN_POINT ( 'NONE',  ( 7.999999999999992895, 3.000000000000002665, 59.50000000000000711 ) ) ;
#2500 = ORIENTED_EDGE ( 'NONE', *, *, #4617, .F. ) ;
#2501 = ORIENTED_EDGE ( 'NONE', *, *, #80, .F. ) ;
#2502 = VECTOR ( 'NONE', #3583, 1000.000000000000000 ) ;
#2503 = DIRECTION ( 'NONE',  ( 0.000000000000000000, 0.000000000000000000, 1.000000000000000000 ) ) ;
#2504 = DIRECTION ( 'NONE',  ( 0.000000000000000000, 1.000000000000000000, 0.000000000000000000 ) ) ;
#2505 = ORIENTED_EDGE ( 'NONE', *, *, #387, .T. ) ;
#2506 = ORIENTED_EDGE ( 'NONE', *, *, #5033, .T. ) ;
#2507 = CARTESIAN_POINT ( 'NONE',  ( -23.20626663143508495, 50.62180185532525911, 13.32687348075206302 ) ) ;
#2508 = EDGE_CURVE ( 'NONE', #863, #3600, #1961, .T. ) ;
#2509 = ORIENTED_EDGE ( 'NONE', *, *, #2785, .T. ) ;
#2510 = DIRECTION ( 'NONE',  ( -0.000000000000000000, 0.000000000000000000, -1.000000000000000000 ) ) ;
#2511 = EDGE_LOOP ( 'NONE', ( #2445, #3986, #4027, #1370 ) ) ;
#2512 = ORIENTED_EDGE ( 'NONE', *, *, #2541, .F. ) ;
#2513 = EDGE_CURVE ( 'NONE', #3012, #2790, #2045, .T. ) ;
#2514 = EDGE_CURVE ( 'NONE', #3671, #3482, #4649, .T. ) ;
#2515 = AXIS2_PLACEMENT_3D ( 'NONE', #3420, #1169, #2274 ) ;
#2516 = FACE_OUTER_BOUND ( 'NONE', #2529, .T. ) ;
#2517 = AXIS2_PLACEMENT_3D ( 'NONE', #2676, #415, #4713 ) ;
#2518 = ORIENTED_EDGE ( 'NONE', *, *, #4164, .F. ) ;
#2519 = CARTESIAN_POINT ( 'NONE',  ( 79.00000000000001421, 0.000000000000000000, 58.50000000000002842 ) ) ;
#2520 = DIRECTION ( 'NONE',  ( -0.000000000000000000, -1.000000000000000000, -0.000000000000000000 ) ) ;
#2521 = ORIENTED_EDGE ( 'NONE', *, *, #4229, .T. ) ;
#2522 = AXIS2_PLACEMENT_3D ( 'NONE', #2010, #2375, #59 ) ;
#2523 = DIRECTION ( 'NONE',  ( 1.000000000000000000, 0.000000000000000000, 0.000000000000000000 ) ) ;
#2524 = DIRECTION ( 'NONE',  ( -1.000000000000000000, 0.000000000000000000, 0.000000000000000000 ) ) ;
#2525 = AXIS2_PLACEMENT_3D ( 'NONE', #1805, #3632, #3371 ) ;
#2526 = VERTEX_POINT ( 'NONE', #3184 ) ;
#2527 = CARTESIAN_POINT ( 'NONE',  ( -25.75644469308657492, 0.000000000000000000, 13.32687348075206302 ) ) ;
#2528 = ORIENTED_EDGE ( 'NONE', *, *, #3169, .T. ) ;
#2529 = EDGE_LOOP ( 'NONE', ( #1292, #162, #2518, #1211, #431, #2110 ) ) ;
#2530 = DIRECTION ( 'NONE',  ( -1.000000000000000000, 0.000000000000000000, 0.000000000000000000 ) ) ;
#2531 = ORIENTED_EDGE ( 'NONE', *, *, #3801, .F. ) ;
#2532 = CARTESIAN_POINT ( 'NONE',  ( 3.000000000000002665, 1.000000000000000888, -64.00000000000000000 ) ) ;
#2533 = CARTESIAN_POINT ( 'NONE',  ( 156.0000000000000000, 0.000000000000000000, -64.50000000000000000 ) ) ;
#2534 = CARTESIAN_POINT ( 'NONE',  ( -25.31365017401159179, 50.62180185532525911, 16.41258776646634843 ) ) ;
#2535 = EDGE_LOOP ( 'NONE', ( #3287, #1978, #4728, #1029, #2956, #2116, #3584, #785 ) ) ;
#2536 = DIRECTION ( 'NONE',  ( 1.000000000000000000, 0.000000000000000000, 0.000000000000000000 ) ) ;
#2537 = DIRECTION ( 'NONE',  ( -0.000000000000000000, -0.000000000000000000, 1.000000000000000000 ) ) ;
#2538 = VERTEX_POINT ( 'NONE', #4741 ) ;
#2539 = DIRECTION ( 'NONE',  ( 0.000000000000000000, 0.000000000000000000, 1.000000000000000000 ) ) ;
#2540 = EDGE_LOOP ( 'NONE', ( #2994, #1686, #2047, #1791 ) ) ;
#2541 = EDGE_CURVE ( 'NONE', #272, #562, #2409, .T. ) ;
#2542 = PLANE ( 'NONE',  #4813 ) ;
#2543 = DIRECTION ( 'NONE',  ( 0.000000000000000000, 0.000000000000000000, 1.000000000000000000 ) ) ;
#2544 = EDGE_LOOP ( 'NONE', ( #545, #372, #4692, #3621 ) ) ;
#2545 = ADVANCED_FACE ( 'NONE', ( #3962 ), #468, .F. ) ;
#2546 = ADVANCED_FACE ( 'NONE', ( #3111 ), #1683, .F. ) ;
#2547 = CARTESIAN_POINT ( 'NONE',  ( 166.8535533905932766, 1.146446609406725381, 59.64644660940673759 ) ) ;
#2548 = VERTEX_POINT ( 'NONE', #3657 ) ;
#2549 = EDGE_CURVE ( 'NONE', #2628, #2780, #2897, .T. ) ;
#2550 = FACE_OUTER_BOUND ( 'NONE', #1263, .T. ) ;
#2551 = CARTESIAN_POINT ( 'NONE',  ( 166.4999999999999716, 3.000000000000000000, 64.50000000000000000 ) ) ;
#2552 = ORIENTED_EDGE ( 'NONE', *, *, #3629, .F. ) ;
#2553 = FACE_OUTER_BOUND ( 'NONE', #2008, .T. ) ;
#2554 = VECTOR ( 'NONE', #2368, 1000.000000000000000 ) ;
#2555 = ORIENTED_EDGE ( 'NONE', *, *, #3113, .F. ) ;
#2556 = ORIENTED_EDGE ( 'NONE', *, *, #3290, .T. ) ;
#2557 = AXIS2_PLACEMENT_3D ( 'NONE', #155, #2495, #4047 ) ;
#2558 = LINE ( 'NONE', #2273, #3291 ) ;
#2559 = CARTESIAN_POINT ( 'NONE',  ( -50.70626663143507784, 40.00000000000000000, 13.32687348075206124 ) ) ;
#2560 = CARTESIAN_POINT ( 'NONE',  ( -38.45626663143507784, 59.75000000000000000, 13.32687348075206302 ) ) ;
#2561 = DIRECTION ( 'NONE',  ( 0.000000000000000000, 0.000000000000000000, 1.000000000000000000 ) ) ;
#2562 = CARTESIAN_POINT ( 'NONE',  ( 80.49999999999998579, 0.9999999999999410472, 59.50000000000000711 ) ) ;
#2563 = PLANE ( 'NONE',  #3414 ) ;
#2564 = APPROVAL_PERSON_ORGANIZATION ( #4870, #5050, #129 ) ;
#2565 = VECTOR ( 'NONE', #3516, 1000.000000000000000 ) ;
#2566 = AXIS2_PLACEMENT_3D ( 'NONE', #1886, #4615, #1031 ) ;
#2567 = ORIENTED_EDGE ( 'NONE', *, *, #4827, .F. ) ;
#2568 = DIRECTION ( 'NONE',  ( -0.000000000000000000, -0.000000000000000000, 1.000000000000000000 ) ) ;
#2569 = CARTESIAN_POINT ( 'NONE',  ( 166.4999999999999716, 1.500000000000001332, 64.50000000000000000 ) ) ;
#2570 = CIRCLE ( 'NONE', #366, 0.5000000000000004441 ) ;
#2571 = DIRECTION ( 'NONE',  ( 0.000000000000000000, 0.000000000000000000, 1.000000000000000000 ) ) ;
#2572 = ORIENTED_EDGE ( 'NONE', *, *, #5015, .T. ) ;
#2573 = ORIENTED_EDGE ( 'NONE', *, *, #2611, .T. ) ;
#2574 = CIRCLE ( 'NONE', #3220, 2.499999999999996891 ) ;
#2575 = FACE_OUTER_BOUND ( 'NONE', #4487, .T. ) ;
#2576 = APPROVAL_STATUS ( 'not_yet_approved' ) ;
#2577 = VERTEX_POINT ( 'NONE', #2458 ) ;
#2578 = DIRECTION ( 'NONE',  ( 0.000000000000000000, 0.000000000000000000, -1.000000000000000000 ) ) ;
#2579 = EDGE_CURVE ( 'NONE', #397, #670, #566, .T. ) ;
#2580 = PLANE ( 'NONE',  #4702 ) ;
#2581 = DIRECTION ( 'NONE',  ( -0.000000000000000000, -1.000000000000000000, -0.000000000000000000 ) ) ;
#2582 = EDGE_CURVE ( 'NONE', #562, #3823, #2844, .T. ) ;
#2583 = DIRECTION ( 'NONE',  ( 0.000000000000000000, 1.000000000000000000, 0.000000000000000000 ) ) ;
#2584 = EDGE_LOOP ( 'NONE', ( #4502, #3424, #2108, #2945 ) ) ;
#2585 = EDGE_CURVE ( 'NONE', #1388, #1171, #3231, .T. ) ;
#2586 = EDGE_CURVE ( 'NONE', #12, #715, #3009, .T. ) ;
#2587 =( BOUNDED_CURVE ( )  B_SPLINE_CURVE ( 3, ( #248, #2976, #4534, #3426 ),
 .UNSPECIFIED., .F., .T. ) 
 B_SPLINE_CURVE_WITH_KNOTS ( ( 4, 4 ),
 ( 0.000000000000000000, 0.7853981633974637111 ),
 .UNSPECIFIED. ) 
 CURVE ( )  GEOMETRIC_REPRESENTATION_ITEM ( )  RATIONAL_B_SPLINE_CURVE ( ( 1.000000000000000000, 0.9492530216741892346, 0.9492530216741892346, 1.000000000000000000 ) ) 
 REPRESENTATION_ITEM ( '' )  );
#2588 = LINE ( 'NONE', #615, #694 ) ;
#2589 = DIRECTION ( 'NONE',  ( -0.000000000000000000, -1.000000000000000000, -9.540979117872429553E-15 ) ) ;
#2590 = DIRECTION ( 'NONE',  ( -1.000000000000000000, 0.000000000000000000, 0.000000000000000000 ) ) ;
#2591 = CYLINDRICAL_SURFACE ( 'NONE', #3831, 1.999999999999996669 ) ;
#2592 = CYLINDRICAL_SURFACE ( 'NONE', #2723, 0.5000000000000004441 ) ;
#2593 = ORIENTED_EDGE ( 'NONE', *, *, #4455, .F. ) ;
#2594 = DIRECTION ( 'NONE',  ( -0.000000000000000000, -0.7071067811865574537, -0.7071067811865376918 ) ) ;
#2595 = CIRCLE ( 'NONE', #3642, 3.750000000000000000 ) ;
#2596 = CARTESIAN_POINT ( 'NONE',  ( 3.000000000000002665, 1.000000000000000666, -60.00000000000000711 ) ) ;
#2597 = ORIENTED_EDGE ( 'NONE', *, *, #3393, .T. ) ;
#2598 = DIRECTION ( 'NONE',  ( 1.000000000000000000, 0.000000000000000000, 0.000000000000000000 ) ) ;
#2599 = ORIENTED_EDGE ( 'NONE', *, *, #4130, .T. ) ;
#2600 = ORIENTED_EDGE ( 'NONE', *, *, #3911, .F. ) ;
#2601 = CARTESIAN_POINT ( 'NONE',  ( 84.99999999999997158, 3.000000000000000444, -64.00000000000000000 ) ) ;
#2602 = ORIENTED_EDGE ( 'NONE', *, *, #2549, .T. ) ;
#2603 = DIRECTION ( 'NONE',  ( 0.000000000000000000, 1.000000000000000000, 0.000000000000000000 ) ) ;
#2604 = ORIENTED_EDGE ( 'NONE', *, *, #1139, .F. ) ;
#2605 = FACE_OUTER_BOUND ( 'NONE', #1431, .T. ) ;
#2606 = CARTESIAN_POINT ( 'NONE',  ( 166.9999999999999716, 3.000000000000002665, -60.00000000000000711 ) ) ;
#2607 = DIRECTION ( 'NONE',  ( -0.000000000000000000, 1.000000000000000000, -0.000000000000000000 ) ) ;
#2608 = AXIS2_PLACEMENT_3D ( 'NONE', #4777, #3265, #2442 ) ;
#2609 = CARTESIAN_POINT ( 'NONE',  ( 9.999999999999989342, 3.000000000000002665, 64.00000000000000000 ) ) ;
#2610 = ORIENTED_EDGE ( 'NONE', *, *, #4455, .T. ) ;
#2611 = EDGE_CURVE ( 'NONE', #788, #2783, #1058, .T. ) ;
#2612 = VECTOR ( 'NONE', #3428, 1000.000000000000000 ) ;
#2613 = FACE_OUTER_BOUND ( 'NONE', #1103, .T. ) ;
#2614 = DIRECTION ( 'NONE',  ( 0.000000000000000000, 0.000000000000000000, 1.000000000000000000 ) ) ;
#2615 = CARTESIAN_POINT ( 'NONE',  ( -26.20626663143508495, 0.000000000000000000, 13.32687348075206302 ) ) ;
#2616 = CARTESIAN_POINT ( 'NONE',  ( 177.0010000000000048, 50.62180185532525911, 13.32687348075206302 ) ) ;
#2617 = CARTESIAN_POINT ( 'NONE',  ( 79.99999999999998579, 0.9999999999999412692, 59.86561944896765652 ) ) ;
#2618 = EDGE_CURVE ( 'NONE', #2246, #863, #971, .T. ) ;
#2619 = AXIS2_PLACEMENT_3D ( 'NONE', #2122, #222, #4869 ) ;
#2620 = ADVANCED_FACE ( 'NONE', ( #1659 ), #997, .T. ) ;
#2621 = LINE ( 'NONE', #2996, #3134 ) ;
#2622 = ORIENTED_EDGE ( 'NONE', *, *, #1166, .F. ) ;
#2623 = FACE_OUTER_BOUND ( 'NONE', #4714, .T. ) ;
#2624 = FACE_OUTER_BOUND ( 'NONE', #2858, .T. ) ;
#2625 = APPROVAL ( #2576, 'UNSPECIFIED' ) ;
#2626 = DIRECTION ( 'NONE',  ( 0.000000000000000000, 0.000000000000000000, 1.000000000000000000 ) ) ;
#2627 = CARTESIAN_POINT ( 'NONE',  ( 166.9999999999999716, 3.000000000000002665, -59.50000000000000711 ) ) ;
#2628 = VERTEX_POINT ( 'NONE', #3329 ) ;
#2629 = CARTESIAN_POINT ( 'NONE',  ( -38.45626663143507784, 3.999999999999996447, 13.32687348075206302 ) ) ;
#2630 = EDGE_LOOP ( 'NONE', ( #1523, #456, #1910, #4076, #3484 ) ) ;
#2631 = DIRECTION ( 'NONE',  ( -0.000000000000000000, -0.7071067811865378028, -0.7071067811865573427 ) ) ;
#2632 = CARTESIAN_POINT ( 'NONE',  ( 84.99999999999997158, 3.000000000000002665, 64.00000000000000000 ) ) ;
#2633 = DIRECTION ( 'NONE',  ( 1.000000000000000000, 0.000000000000000000, 0.000000000000000000 ) ) ;
#2634 = ORIENTED_EDGE ( 'NONE', *, *, #2586, .F. ) ;
#2635 = DIRECTION ( 'NONE',  ( 0.000000000000000000, -0.000000000000000000, 1.000000000000000000 ) ) ;
#2636 = LINE ( 'NONE', #2559, #253 ) ;
#2637 = CARTESIAN_POINT ( 'NONE',  ( 167.9999999999999716, 0.000000000000000000, 64.50000000000000000 ) ) ;
#2638 = DIRECTION ( 'NONE',  ( -1.000000000000000000, -0.000000000000000000, -0.000000000000000000 ) ) ;
#2639 = EDGE_CURVE ( 'NONE', #3955, #4101, #4890, .T. ) ;
#2640 = FACE_OUTER_BOUND ( 'NONE', #620, .T. ) ;
#2641 = VERTEX_POINT ( 'NONE', #2569 ) ;
#2642 = VECTOR ( 'NONE', #3974, 1000.000000000000000 ) ;
#2643 = EDGE_CURVE ( 'NONE', #1660, #1918, #3605, .T. ) ;
#2644 = DIRECTION ( 'NONE',  ( -1.000000000000000000, 0.000000000000000000, 0.000000000000000000 ) ) ;
#2645 = EDGE_CURVE ( 'NONE', #1749, #1793, #461, .T. ) ;
#2646 = EDGE_CURVE ( 'NONE', #4627, #562, #2717, .T. ) ;
#2647 = CARTESIAN_POINT ( 'NONE',  ( 86.99999999999998579, 3.000000000000000888, -59.50000000000000711 ) ) ;
#2648 = AXIS2_PLACEMENT_3D ( 'NONE', #507, #3571, #823 ) ;
#2649 = DIRECTION ( 'NONE',  ( 0.000000000000000000, -1.000000000000000000, 0.000000000000000000 ) ) ;
#2650 = VERTEX_POINT ( 'NONE', #4988 ) ;
#2651 = AXIS2_PLACEMENT_3D ( 'NONE', #3810, #641, #4105 ) ;
#2652 = EDGE_CURVE ( 'NONE', #1432, #4249, #1475, .T. ) ;
#2653 = AXIS2_PLACEMENT_3D ( 'NONE', #407, #3569, #3956 ) ;
#2654 = AXIS2_PLACEMENT_3D ( 'NONE', #4824, #1008, #2578 ) ;
#2655 = ORIENTED_EDGE ( 'NONE', *, *, #3971, .T. ) ;
#2656 = DIRECTION ( 'NONE',  ( 0.000000000000000000, 0.000000000000000000, 1.000000000000000000 ) ) ;
#2657 = VECTOR ( 'NONE', #2598, 1000.000000000000000 ) ;
#2658 = DIRECTION ( 'NONE',  ( 0.000000000000000000, 0.000000000000000000, -1.000000000000000000 ) ) ;
#2659 = CIRCLE ( 'NONE', #4857, 25.00000000000000000 ) ;
#2660 = CARTESIAN_POINT ( 'NONE',  ( 157.5000000000000000, -2.999999999998542943, -64.00000000000000000 ) ) ;
#2661 = VERTEX_POINT ( 'NONE', #4533 ) ;
#2662 = ORIENTED_EDGE ( 'NONE', *, *, #1560, .F. ) ;
#2663 = CARTESIAN_POINT ( 'NONE',  ( 12.85355339059324464, 1.146446609406760020, 59.64644660940672338 ) ) ;
#2664 = CARTESIAN_POINT ( 'NONE',  ( 169.9999999999999716, -3.000000000000000000, -64.50000000000000000 ) ) ;
#2665 = CYLINDRICAL_SURFACE ( 'NONE', #4335, 4.000000000000000000 ) ;
#2666 = FACE_OUTER_BOUND ( 'NONE', #4861, .T. ) ;
#2667 = ORIENTED_EDGE ( 'NONE', *, *, #3691, .F. ) ;
#2668 = EDGE_LOOP ( 'NONE', ( #803, #4151, #2069, #79 ) ) ;
#2669 = CARTESIAN_POINT ( 'NONE',  ( 8.000000000000000000, 3.000000000000002665, -59.50000000000000711 ) ) ;
#2670 = FACE_OUTER_BOUND ( 'NONE', #972, .T. ) ;
#2671 = DIRECTION ( 'NONE',  ( 0.000000000000000000, 0.000000000000000000, -1.000000000000000000 ) ) ;
#2672 = VECTOR ( 'NONE', #1666, 1000.000000000000000 ) ;
#2673 = ORIENTED_EDGE ( 'NONE', *, *, #3118, .F. ) ;
#2674 = AXIS2_PLACEMENT_3D ( 'NONE', #217, #4405, #2486 ) ;
#2675 = ADVANCED_FACE ( 'NONE', ( #2856 ), #4467, .T. ) ;
#2676 = CARTESIAN_POINT ( 'NONE',  ( 169.9999999999999716, -3.000000000000000000, -57.49999999999999289 ) ) ;
#2677 = ORIENTED_EDGE ( 'NONE', *, *, #151, .F. ) ;
#2678 = DIRECTION ( 'NONE',  ( 0.000000000000000000, -1.000000000000000000, -0.000000000000000000 ) ) ;
#2679 = EDGE_CURVE ( 'NONE', #4504, #325, #4675, .T. ) ;
#2680 = EDGE_CURVE ( 'NONE', #1918, #1457, #1617, .T. ) ;
#2681 = CARTESIAN_POINT ( 'NONE',  ( 12.79289321881343611, 1.207106781186569888, 64.50000000000000000 ) ) ;
#2682 = DIRECTION ( 'NONE',  ( -0.000000000000000000, 1.000000000000000000, -0.000000000000000000 ) ) ;
#2683 = ORIENTED_EDGE ( 'NONE', *, *, #1106, .F. ) ;
#2684 = FACE_OUTER_BOUND ( 'NONE', #1605, .T. ) ;
#2685 = CARTESIAN_POINT ( 'NONE',  ( -38.45626663143507784, 59.75000000000000000, 4.776873480752062306 ) ) ;
#2686 = VECTOR ( 'NONE', #4386, 1000.000000000000000 ) ;
#2687 = CARTESIAN_POINT ( 'NONE',  ( 84.99999999999997158, 3.000000000000002665, 60.00000000000000711 ) ) ;
#2688 = VECTOR ( 'NONE', #40, 1000.000000000000000 ) ;
#2689 = LINE ( 'NONE', #2712, #4759 ) ;
#2690 = ORIENTED_EDGE ( 'NONE', *, *, #3586, .F. ) ;
#2691 = VERTEX_POINT ( 'NONE', #2527 ) ;
#2692 = AXIS2_PLACEMENT_3D ( 'NONE', #4373, #856, #2360 ) ;
#2693 = FACE_OUTER_BOUND ( 'NONE', #2399, .T. ) ;
#2694 = DIRECTION ( 'NONE',  ( -0.000000000000000000, -1.000000000000000000, -0.000000000000000000 ) ) ;
#2695 = LINE ( 'NONE', #1935, #3294 ) ;
#2696 = AXIS2_PLACEMENT_3D ( 'NONE', #3844, #3388, #4945 ) ;
#2697 = FACE_OUTER_BOUND ( 'NONE', #669, .T. ) ;
#2698 = CARTESIAN_POINT ( 'NONE',  ( 12.63438055103233992, 1.000000000000000888, -59.50000000000000000 ) ) ;
#2699 = EDGE_CURVE ( 'NONE', #2052, #104, #2809, .T. ) ;
#2700 = VERTEX_POINT ( 'NONE', #4413 ) ;
#2701 = DIRECTION ( 'NONE',  ( 0.000000000000000000, 0.000000000000000000, 1.000000000000000000 ) ) ;
#2702 = EDGE_LOOP ( 'NONE', ( #2667, #3150, #3435, #4915 ) ) ;
#2703 = CARTESIAN_POINT ( 'NONE',  ( 3.000000000000002665, 3.000000000000002665, -59.50000000000000711 ) ) ;
#2704 = EDGE_CURVE ( 'NONE', #1650, #3921, #1669, .T. ) ;
#2705 = ORIENTED_EDGE ( 'NONE', *, *, #180, .F. ) ;
#2706 = ADVANCED_FACE ( 'NONE', ( #2880 ), #534, .T. ) ;
#2707 = EDGE_CURVE ( 'NONE', #3207, #232, #3646, .T. ) ;
#2708 = CARTESIAN_POINT ( 'NONE',  ( 161.9999999999999716, 3.000000000000002665, -59.50000000000000711 ) ) ;
#2709 = ORIENTED_EDGE ( 'NONE', *, *, #2127, .T. ) ;
#2710 = FACE_BOUND ( 'NONE', #3300, .T. ) ;
#2711 = LINE ( 'NONE', #728, #2016 ) ;
#2712 = CARTESIAN_POINT ( 'NONE',  ( 0.000000000000000000, 55.00000000000000000, -20.00000000000000000 ) ) ;
#2713 = ORIENTED_EDGE ( 'NONE', *, *, #4004, .F. ) ;
#2714 = CARTESIAN_POINT ( 'NONE',  ( -29.95626663143508139, 59.75000000000000000, 13.32687348075206302 ) ) ;
#2715 = CARTESIAN_POINT ( 'NONE',  ( 166.7585319916987032, 1.051425210512173969, -59.55142521051217841 ) ) ;
#2716 = DIRECTION ( 'NONE',  ( -1.000000000000000000, 0.000000000000000000, -0.000000000000000000 ) ) ;
#2717 =( BOUNDED_CURVE ( )  B_SPLINE_CURVE ( 3, ( #682, #1032, #2224, #2596 ),
 .UNSPECIFIED., .F., .F. ) 
 B_SPLINE_CURVE_WITH_KNOTS ( ( 4, 4 ),
 ( 2.356194490192347057, 3.141592653589793116 ),
 .UNSPECIFIED. ) 
 CURVE ( )  GEOMETRIC_REPRESENTATION_ITEM ( )  RATIONAL_B_SPLINE_CURVE ( ( 1.000000000000000000, 0.9492530216741914550, 0.9492530216741914550, 1.000000000000000000 ) ) 
 REPRESENTATION_ITEM ( '' )  );
#2718 = DIRECTION ( 'NONE',  ( 1.000000000000000000, 0.000000000000000000, 0.000000000000000000 ) ) ;
#2719 = AXIS2_PLACEMENT_3D ( 'NONE', #3899, #454, #817 ) ;
#2720 = VERTEX_POINT ( 'NONE', #4828 ) ;
#2721 = CARTESIAN_POINT ( 'NONE',  ( 80.24146800830126836, 1.051425210512112018, 59.55142521051218552 ) ) ;
#2722 = CARTESIAN_POINT ( 'NONE',  ( 79.99999999999997158, 1.000000000000028200, -64.29289321881346098 ) ) ;
#2723 = AXIS2_PLACEMENT_3D ( 'NONE', #2170, #3323, #677 ) ;
#2724 = ORIENTED_EDGE ( 'NONE', *, *, #4762, .F. ) ;
#2725 = DIRECTION ( 'NONE',  ( 0.000000000000000000, -1.000000000000000000, 0.000000000000000000 ) ) ;
#2726 = ORIENTED_EDGE ( 'NONE', *, *, #1303, .T. ) ;
#2727 =( GEOMETRIC_REPRESENTATION_CONTEXT ( 3 ) GLOBAL_UNCERTAINTY_ASSIGNED_CONTEXT ( ( #2947 ) ) GLOBAL_UNIT_ASSIGNED_CONTEXT ( ( #1569, #1950, #1261 ) ) REPRESENTATION_CONTEXT ( 'NONE', 'WORKASPACE' ) );
#2728 = VECTOR ( 'NONE', #3623, 1000.000000000000000 ) ;
#2729 = EDGE_LOOP ( 'NONE', ( #658, #4964, #2359, #4075, #3410 ) ) ;
#2730 = CARTESIAN_POINT ( 'NONE',  ( 166.4999999999999716, 3.000000000000002665, -64.00000000000000000 ) ) ;
#2731 = VECTOR ( 'NONE', #305, 1000.000000000000000 ) ;
#2732 = CARTESIAN_POINT ( 'NONE',  ( -24.95626663143508139, 40.00000000000000000, 13.32687348075206302 ) ) ;
#2733 = ORIENTED_EDGE ( 'NONE', *, *, #4384, .T. ) ;
#2734 = EDGE_CURVE ( 'NONE', #4800, #1885, #477, .T. ) ;
#2735 = EDGE_CURVE ( 'NONE', #496, #929, #2416, .T. ) ;
#2736 = DIRECTION ( 'NONE',  ( 1.000000000000000000, 0.000000000000000000, 0.000000000000000000 ) ) ;
#2737 = CIRCLE ( 'NONE', #3223, 2.500000000000002220 ) ;
#2738 = EDGE_CURVE ( 'NONE', #4147, #4060, #3672, .T. ) ;
#2739 = ADVANCED_FACE ( 'NONE', ( #2184 ), #2933, .T. ) ;
#2740 = ORIENTED_EDGE ( 'NONE', *, *, #4037, .F. ) ;
#2741 = CYLINDRICAL_SURFACE ( 'NONE', #2471, 13.49999999999999822 ) ;
#2742 = DIRECTION ( 'NONE',  ( 0.000000000000000000, 0.000000000000000000, 1.000000000000000000 ) ) ;
#2743 = DIRECTION ( 'NONE',  ( 1.000000000000000000, 0.000000000000000000, 0.000000000000000000 ) ) ;
#2744 = VERTEX_POINT ( 'NONE', #4572 ) ;
#2745 = DIRECTION ( 'NONE',  ( 1.000000000000000000, 0.000000000000000000, 0.000000000000000000 ) ) ;
#2746 = FACE_OUTER_BOUND ( 'NONE', #1248, .T. ) ;
#2747 = ORIENTED_EDGE ( 'NONE', *, *, #4254, .F. ) ;
#2748 = DIRECTION ( 'NONE',  ( 0.000000000000000000, 0.000000000000000000, -1.000000000000000000 ) ) ;
#2749 =( BOUNDED_CURVE ( )  B_SPLINE_CURVE ( 3, ( #1540, #3033, #4594, #4950 ),
 .UNSPECIFIED., .F., .T. ) 
 B_SPLINE_CURVE_WITH_KNOTS ( ( 4, 4 ),
 ( 3.141592653589756257, 3.926990816987237398 ),
 .UNSPECIFIED. ) 
 CURVE ( )  GEOMETRIC_REPRESENTATION_ITEM ( )  RATIONAL_B_SPLINE_CURVE ( ( 1.000000000000000000, 0.9492530216741870142, 0.9492530216741870142, 1.000000000000000000 ) ) 
 REPRESENTATION_ITEM ( '' )  );
#2750 = DIRECTION ( 'NONE',  ( 1.000000000000000000, 9.540979117872431131E-15, 0.000000000000000000 ) ) ;
#2751 = VECTOR ( 'NONE', #3666, 1000.000000000000000 ) ;
#2752 = CARTESIAN_POINT ( 'NONE',  ( 8.000000000000000000, 3.000000000000002665, -59.50000000000000711 ) ) ;
#2753 = LINE ( 'NONE', #4999, #542 ) ;
#2754 = ORIENTED_EDGE ( 'NONE', *, *, #2914, .T. ) ;
#2755 = DIRECTION ( 'NONE',  ( -0.7071067811865474617, -0.7071067811865474617, 0.000000000000000000 ) ) ;
#2756 = CARTESIAN_POINT ( 'NONE',  ( -51.95626663143507784, 40.00000000000000000, 13.32687348075206302 ) ) ;
#2757 = DIRECTION ( 'NONE',  ( -1.000000000000000000, 0.000000000000000000, 0.000000000000000000 ) ) ;
#2758 = ORIENTED_EDGE ( 'NONE', *, *, #2202, .T. ) ;
#2759 = ADVANCED_FACE ( 'NONE', ( #2553 ), #2339, .T. ) ;
#2760 = ORIENTED_EDGE ( 'NONE', *, *, #4606, .T. ) ;
#2761 = AXIS2_PLACEMENT_3D ( 'NONE', #1916, #1107, #3763 ) ;
#2762 = CIRCLE ( 'NONE', #651, 2.375000000000002220 ) ;
#2763 = CARTESIAN_POINT ( 'NONE',  ( 84.99999999999997158, 3.000000000000002665, 59.50000000000000711 ) ) ;
#2764 = EDGE_CURVE ( 'NONE', #416, #193, #4928, .T. ) ;
#2765 = DIRECTION ( 'NONE',  ( 1.000000000000000000, -4.625929269271485322E-15, 0.000000000000000000 ) ) ;
#2766 = ADVANCED_FACE ( 'NONE', ( #696 ), #57, .T. ) ;
#2767 = DIRECTION ( 'NONE',  ( -1.000000000000000000, 4.336808689942013792E-15, 0.000000000000000000 ) ) ;
#2768 = DIRECTION ( 'NONE',  ( 0.000000000000000000, 0.000000000000000000, 1.000000000000000000 ) ) ;
#2769 = AXIS2_PLACEMENT_3D ( 'NONE', #2787, #1955, #108 ) ;
#2770 = ORIENTED_EDGE ( 'NONE', *, *, #451, .F. ) ;
#2771 = VECTOR ( 'NONE', #4764, 1000.000000000000000 ) ;
#2772 = CARTESIAN_POINT ( 'NONE',  ( 161.9999999999999716, 3.000000000000002665, -64.00000000000000000 ) ) ;
#2773 = CARTESIAN_POINT ( 'NONE',  ( -23.20052293019691803, 0.6889105017402177289, 13.32687348075206302 ) ) ;
#2774 = ORIENTED_EDGE ( 'NONE', *, *, #1561, .F. ) ;
#2775 = CARTESIAN_POINT ( 'NONE',  ( 166.4999999999999716, 1.500000000000043077, -64.50000000000000000 ) ) ;
#2776 = DIRECTION ( 'NONE',  ( 0.000000000000000000, -0.000000000000000000, 1.000000000000000000 ) ) ;
#2777 = VECTOR ( 'NONE', #517, 1000.000000000000000 ) ;
#2778 = CARTESIAN_POINT ( 'NONE',  ( 89.49999999999998579, 3.000000000000000444, -59.50000000000000711 ) ) ;
#2779 = DIRECTION ( 'NONE',  ( 1.000000000000000000, 0.000000000000000000, -0.000000000000000000 ) ) ;
#2780 = VERTEX_POINT ( 'NONE', #4877 ) ;
#2781 = FACE_OUTER_BOUND ( 'NONE', #1671, .T. ) ;
#2782 = VERTEX_POINT ( 'NONE', #4974 ) ;
#2783 = VERTEX_POINT ( 'NONE', #3034 ) ;
#2784 = DIRECTION ( 'NONE',  ( 0.000000000000000000, 0.000000000000000000, 1.000000000000000000 ) ) ;
#2785 = EDGE_CURVE ( 'NONE', #3192, #11, #2337, .T. ) ;
#2786 = CARTESIAN_POINT ( 'NONE',  ( 166.6343805510323364, 1.000000000000001110, -59.50000000000000711 ) ) ;
#2787 = CARTESIAN_POINT ( 'NONE',  ( -29.95626663143508139, 59.75000000000000000, 13.32687348075206302 ) ) ;
#2788 = DIRECTION ( 'NONE',  ( 0.000000000000000000, 0.000000000000000000, -1.000000000000000000 ) ) ;
#2789 = ORIENTED_EDGE ( 'NONE', *, *, #4924, .T. ) ;
#2790 = VERTEX_POINT ( 'NONE', #4595 ) ;
#2791 = EDGE_CURVE ( 'NONE', #4210, #3921, #143, .T. ) ;
#2792 = EDGE_CURVE ( 'NONE', #1979, #78, #1986, .T. ) ;
#2793 = DIRECTION ( 'NONE',  ( 0.000000000000000000, 0.000000000000000000, 1.000000000000000000 ) ) ;
#2794 = CARTESIAN_POINT ( 'NONE',  ( -46.95626663143507784, 61.75000000000000000, 13.32687348075206302 ) ) ;
#2795 = DIRECTION ( 'NONE',  ( 0.000000000000000000, 0.000000000000000000, 1.000000000000000000 ) ) ;
#2796 = VECTOR ( 'NONE', #2004, 1000.000000000000000 ) ;
#2797 = CARTESIAN_POINT ( 'NONE',  ( -38.45626663143507784, 59.75000000000000000, 21.87687348075206017 ) ) ;
#2798 = EDGE_CURVE ( 'NONE', #1885, #3244, #608, .T. ) ;
#2799 = VECTOR ( 'NONE', #1530, 1000.000000000000000 ) ;
#2800 = CARTESIAN_POINT ( 'NONE',  ( 80.49999999999997158, -3.000000000000372591, 64.00000000000000000 ) ) ;
#2801 = AXIS2_PLACEMENT_3D ( 'NONE', #312, #727, #1190 ) ;
#2802 = CARTESIAN_POINT ( 'NONE',  ( 169.9999999999999716, 0.000000000000000000, -64.50000000000000000 ) ) ;
#2803 = ORIENTED_EDGE ( 'NONE', *, *, #1626, .T. ) ;
#2804 = AXIS2_PLACEMENT_3D ( 'NONE', #2669, #3760, #3354 ) ;
#2805 = AXIS2_PLACEMENT_3D ( 'NONE', #1646, #2449, #2135 ) ;
#2806 = CARTESIAN_POINT ( 'NONE',  ( 0.000000000000000000, 0.000000000000000000, 0.000000000000000000 ) ) ;
#2807 = CARTESIAN_POINT ( 'NONE',  ( 79.99999999999998579, 3.000000000000002665, 59.50000000000000711 ) ) ;
#2808 = DIRECTION ( 'NONE',  ( 0.000000000000000000, 0.000000000000000000, -1.000000000000000000 ) ) ;
#2809 = LINE ( 'NONE', #3589, #3890 ) ;
#2810 = ORIENTED_EDGE ( 'NONE', *, *, #4287, .T. ) ;
#2811 = VERTEX_POINT ( 'NONE', #3462 ) ;
#2812 = AXIS2_PLACEMENT_3D ( 'NONE', #1108, #2204, #1527 ) ;
#2813 = LINE ( 'NONE', #3702, #2392 ) ;
#2814 = ORIENTED_EDGE ( 'NONE', *, *, #421, .T. ) ;
#2815 = LINE ( 'NONE', #4805, #3286 ) ;
#2816 = DIRECTION ( 'NONE',  ( -1.000000000000000000, 0.000000000000000000, 0.000000000000000000 ) ) ;
#2817 = CARTESIAN_POINT ( 'NONE',  ( 3.500000000000002665, 1.500000000000014433, 64.50000000000000000 ) ) ;
#2818 = ORIENTED_EDGE ( 'NONE', *, *, #4575, .F. ) ;
#2819 = CARTESIAN_POINT ( 'NONE',  ( 0.000000000000000000, 0.000000000000000000, 64.50000000000000000 ) ) ;
#2820 = ORIENTED_EDGE ( 'NONE', *, *, #4642, .T. ) ;
#2821 = LINE ( 'NONE', #1608, #4439 ) ;
#2822 = ORIENTED_EDGE ( 'NONE', *, *, #4646, .F. ) ;
#2823 = EDGE_CURVE ( 'NONE', #4538, #1699, #349, .T. ) ;
#2824 = CARTESIAN_POINT ( 'NONE',  ( 3.000000000000002665, 3.000000000000002665, 64.00000000000000000 ) ) ;
#2825 = EDGE_CURVE ( 'NONE', #2790, #788, #2753, .T. ) ;
#2826 = LINE ( 'NONE', #3187, #1762 ) ;
#2827 = EDGE_CURVE ( 'NONE', #788, #2176, #3086, .T. ) ;
#2828 = AXIS2_PLACEMENT_3D ( 'NONE', #860, #3141, #1610 ) ;
#2829 = CIRCLE ( 'NONE', #876, 1.500000000000004885 ) ;
#2830 = APPROVAL_STATUS ( 'not_yet_approved' ) ;
#2831 = FACE_OUTER_BOUND ( 'NONE', #579, .T. ) ;
#2832 = DIRECTION ( 'NONE',  ( 0.000000000000000000, -1.000000000000000000, 0.000000000000000000 ) ) ;
#2833 = ORIENTED_EDGE ( 'NONE', *, *, #3761, .F. ) ;
#2834 = VERTEX_POINT ( 'NONE', #3897 ) ;
#2835 = ORIENTED_EDGE ( 'NONE', *, *, #2485, .T. ) ;
#2836 = CARTESIAN_POINT ( 'NONE',  ( 3.500000000000002665, 1.000000000000028644, 64.50000000000000000 ) ) ;
#2837 = ORIENTED_EDGE ( 'NONE', *, *, #880, .T. ) ;
#2838 = DIRECTION ( 'NONE',  ( 0.000000000000000000, -0.000000000000000000, -1.000000000000000000 ) ) ;
#2839 = DIRECTION ( 'NONE',  ( -0.000000000000000000, -0.000000000000000000, 1.000000000000000000 ) ) ;
#2840 = ORIENTED_EDGE ( 'NONE', *, *, #4825, .F. ) ;
#2841 = DIRECTION ( 'NONE',  ( 0.000000000000000000, -0.7071067811865574537, 0.7071067811865376918 ) ) ;
#2842 = DIRECTION ( 'NONE',  ( -0.000000000000000000, -1.000000000000000000, -0.000000000000000000 ) ) ;
#2843 = DIRECTION ( 'NONE',  ( 0.000000000000000000, 1.000000000000000000, 0.000000000000000000 ) ) ;
#2844 = LINE ( 'NONE', #3710, #2847 ) ;
#2845 = ORIENTED_EDGE ( 'NONE', *, *, #1411, .F. ) ;
#2846 = CARTESIAN_POINT ( 'NONE',  ( 79.99999999999998579, 1.000000000000028644, -60.00000000000000711 ) ) ;
#2847 = VECTOR ( 'NONE', #4011, 1000.000000000000000 ) ;
#2848 = DIRECTION ( 'NONE',  ( -0.000000000000000000, 1.000000000000000000, -0.000000000000000000 ) ) ;
#2849 = EDGE_CURVE ( 'NONE', #325, #3193, #3067, .T. ) ;
#2850 = CARTESIAN_POINT ( 'NONE',  ( 79.99999999999998579, 1.000000000000028644, -59.50000000000000711 ) ) ;
#2851 = CIRCLE ( 'NONE', #1948, 1.999999999999996669 ) ;
#2852 = ADVANCED_FACE ( 'NONE', ( #423 ), #1516, .T. ) ;
#2853 = EDGE_CURVE ( 'NONE', #1587, #2259, #2595, .T. ) ;
#2854 = CARTESIAN_POINT ( 'NONE',  ( 89.49999999999998579, 1.000000000000028644, -59.50000000000000711 ) ) ;
#2855 = ORIENTED_EDGE ( 'NONE', *, *, #3361, .F. ) ;
#2856 = FACE_OUTER_BOUND ( 'NONE', #2544, .T. ) ;
#2857 = ORIENTED_EDGE ( 'NONE', *, *, #2386, .T. ) ;
#2858 = EDGE_LOOP ( 'NONE', ( #3513, #4749, #925, #2604 ) ) ;
#2859 = DIRECTION ( 'NONE',  ( -1.000000000000000000, 0.000000000000000000, 0.000000000000000000 ) ) ;
#2860 = ORIENTED_EDGE ( 'NONE', *, *, #1009, .F. ) ;
#2861 = DIRECTION ( 'NONE',  ( 0.000000000000000000, 0.000000000000000000, 1.000000000000000000 ) ) ;
#2862 = CARTESIAN_POINT ( 'NONE',  ( 156.9999999999999716, 1.000000000000000888, -59.50000000000000711 ) ) ;
#2863 = CARTESIAN_POINT ( 'NONE',  ( 7.999999999999992895, 3.000000000000002665, 59.50000000000000711 ) ) ;
#2864 = VERTEX_POINT ( 'NONE', #3875 ) ;
#2865 = LINE ( 'NONE', #3250, #3446 ) ;
#2866 = CARTESIAN_POINT ( 'NONE',  ( 157.2071067811865532, 1.207106781186547240, -64.50000000000000000 ) ) ;
#2867 = DIRECTION ( 'NONE',  ( -0.000000000000000000, 0.000000000000000000, 1.000000000000000000 ) ) ;
#2868 = DIRECTION ( 'NONE',  ( 1.000000000000000000, 0.000000000000000000, 0.000000000000000000 ) ) ;
#2869 = EDGE_LOOP ( 'NONE', ( #1036, #3677, #1857, #1921 ) ) ;
#2870 = CARTESIAN_POINT ( 'NONE',  ( 9.999999999999989342, 3.000000000000002665, 59.50000000000000711 ) ) ;
#2871 = VERTEX_POINT ( 'NONE', #3092 ) ;
#2872 = DIRECTION ( 'NONE',  ( 0.000000000000000000, 0.000000000000000000, -1.000000000000000000 ) ) ;
#2873 = CARTESIAN_POINT ( 'NONE',  ( 84.99999999999997158, 3.000000000000000444, -59.50000000000000711 ) ) ;
#2874 = CIRCLE ( 'NONE', #4920, 13.50000000000000178 ) ;
#2875 = CYLINDRICAL_SURFACE ( 'NONE', #2073, 2.000000000000001776 ) ;
#2876 = LINE ( 'NONE', #1044, #3874 ) ;
#2877 = AXIS2_PLACEMENT_3D ( 'NONE', #1675, #3596, #106 ) ;
#2878 = AXIS2_PLACEMENT_3D ( 'NONE', #3630, #1680, #926 ) ;
#2879 = ORIENTED_EDGE ( 'NONE', *, *, #1013, .T. ) ;
#2880 = FACE_OUTER_BOUND ( 'NONE', #827, .T. ) ;
#2881 = ORIENTED_EDGE ( 'NONE', *, *, #19, .T. ) ;
#2882 = AXIS2_PLACEMENT_3D ( 'NONE', #3398, #3038, #3017 ) ;
#2883 = EDGE_LOOP ( 'NONE', ( #4879, #2148, #4590, #2573 ) ) ;
#2884 = EDGE_CURVE ( 'NONE', #193, #3860, #1515, .T. ) ;
#2885 = AXIS2_PLACEMENT_3D ( 'NONE', #2507, #2117, #2090 ) ;
#2886 = AXIS2_PLACEMENT_3D ( 'NONE', #3363, #1410, #4462 ) ;
#2887 = DIRECTION ( 'NONE',  ( 0.000000000000000000, 0.000000000000000000, -1.000000000000000000 ) ) ;
#2888 = ORIENTED_EDGE ( 'NONE', *, *, #3946, .T. ) ;
#2889 = CARTESIAN_POINT ( 'NONE',  ( 166.4999999999999716, 1.000000000000000888, 59.50000000000000711 ) ) ;
#2890 = EDGE_CURVE ( 'NONE', #3743, #1957, #101, .T. ) ;
#2891 = VECTOR ( 'NONE', #2898, 1000.000000000000000 ) ;
#2892 = EDGE_CURVE ( 'NONE', #3218, #757, #747, .T. ) ;
#2893 = ORIENTED_EDGE ( 'NONE', *, *, #3761, .T. ) ;
#2894 = ORIENTED_EDGE ( 'NONE', *, *, #3910, .F. ) ;
#2895 = FACE_OUTER_BOUND ( 'NONE', #424, .T. ) ;
#2896 = AXIS2_PLACEMENT_3D ( 'NONE', #351, #3463, #1095 ) ;
#2897 = LINE ( 'NONE', #119, #3258 ) ;
#2898 = DIRECTION ( 'NONE',  ( 4.625929269271481378E-15, 1.000000000000000000, -0.000000000000000000 ) ) ;
#2899 = ORIENTED_EDGE ( 'NONE', *, *, #3969, .T. ) ;
#2900 = EDGE_LOOP ( 'NONE', ( #4440, #3457, #4363, #2326 ) ) ;
#2901 = PLANE ( 'NONE',  #2619 ) ;
#2902 = ORIENTED_EDGE ( 'NONE', *, *, #3911, .T. ) ;
#2903 = CARTESIAN_POINT ( 'NONE',  ( 166.9999999999999716, 0.000000000000000000, 60.00000000000000711 ) ) ;
#2904 = CARTESIAN_POINT ( 'NONE',  ( 166.7585319916987032, 1.051425210512174191, 59.55142521051218552 ) ) ;
#2905 = FACE_OUTER_BOUND ( 'NONE', #2133, .T. ) ;
#2906 = VERTEX_POINT ( 'NONE', #3434 ) ;
#2907 = DIRECTION ( 'NONE',  ( -1.000000000000000000, 0.000000000000000000, 0.000000000000000000 ) ) ;
#2908 = ORIENTED_EDGE ( 'NONE', *, *, #3538, .F. ) ;
#2909 = ORIENTED_EDGE ( 'NONE', *, *, #1751, .F. ) ;
#2910 = AXIS2_PLACEMENT_3D ( 'NONE', #1385, #2987, #1359 ) ;
#2911 = FACE_OUTER_BOUND ( 'NONE', #1616, .T. ) ;
#2912 = ORIENTED_EDGE ( 'NONE', *, *, #2890, .T. ) ;
#2913 = CARTESIAN_POINT ( 'NONE',  ( -21.90348152247470637, 0.000000000000000000, 19.00624889857568434 ) ) ;
#2914 = EDGE_CURVE ( 'NONE', #2054, #1337, #2340, .T. ) ;
#2915 = ORIENTED_EDGE ( 'NONE', *, *, #304, .F. ) ;
#2916 = ADVANCED_FACE ( 'NONE', ( #1188 ), #2363, .T. ) ;
#2917 = FACE_OUTER_BOUND ( 'NONE', #2925, .T. ) ;
#2918 = EDGE_CURVE ( 'NONE', #3674, #2641, #3121, .T. ) ;
#2919 = DIRECTION ( 'NONE',  ( 1.000000000000000000, 0.000000000000000000, 0.000000000000000000 ) ) ;
#2920 = FACE_OUTER_BOUND ( 'NONE', #3570, .T. ) ;
#2921 = VERTEX_POINT ( 'NONE', #3485 ) ;
#2922 = ORIENTED_EDGE ( 'NONE', *, *, #3565, .T. ) ;
#2923 = AXIS2_PLACEMENT_3D ( 'NONE', #1545, #1147, #2342 ) ;
#2924 = PERSON_AND_ORGANIZATION ( #2440, #4600 ) ;
#2925 = EDGE_LOOP ( 'NONE', ( #598, #3906, #1807, #1454 ) ) ;
#2926 = CYLINDRICAL_SURFACE ( 'NONE', #1172, 0.5000000000000004441 ) ;
#2927 = ORIENTED_EDGE ( 'NONE', *, *, #2585, .T. ) ;
#2928 = AXIS2_PLACEMENT_3D ( 'NONE', #3504, #807, #1185 ) ;
#2929 = DIRECTION ( 'NONE',  ( -1.000000000000000000, 0.000000000000000000, 0.000000000000000000 ) ) ;
#2930 = CARTESIAN_POINT ( 'NONE',  ( 0.000000000000000000, 55.00000000000000000, -25.00000000000000000 ) ) ;
#2931 = VECTOR ( 'NONE', #832, 1000.000000000000000 ) ;
#2932 = ORIENTED_EDGE ( 'NONE', *, *, #4918, .F. ) ;
#2933 = CYLINDRICAL_SURFACE ( 'NONE', #873, 0.5000000000000004441 ) ;
#2934 = ORIENTED_EDGE ( 'NONE', *, *, #1372, .T. ) ;
#2935 = EDGE_LOOP ( 'NONE', ( #1033, #4599, #851, #4264, #4835, #2521, #4657 ) ) ;
#2936 = DIRECTION ( 'NONE',  ( 1.000000000000000000, 0.000000000000000000, -0.000000000000000000 ) ) ;
#2937 = CARTESIAN_POINT ( 'NONE',  ( 8.000000000000000000, 1.000000000000000888, -59.50000000000000711 ) ) ;
#2938 = CARTESIAN_POINT ( 'NONE',  ( 89.49999999999998579, 3.000000000000000444, -64.00000000000000000 ) ) ;
#2939 = CARTESIAN_POINT ( 'NONE',  ( 12.99999999999998401, 3.000000000000002665, 59.50000000000000711 ) ) ;
#2940 = CARTESIAN_POINT ( 'NONE',  ( -21.41954159403426416, 50.62180185532525911, 17.32687348075206302 ) ) ;
#2941 = VERTEX_POINT ( 'NONE', #1874 ) ;
#2942 = ORIENTED_EDGE ( 'NONE', *, *, #3044, .T. ) ;
#2943 = CARTESIAN_POINT ( 'NONE',  ( -38.45626663143507784, 59.75000000000000000, 9.576873480752063017 ) ) ;
#2944 = CARTESIAN_POINT ( 'NONE',  ( 177.0000000000000000, 0.000000000000000000, 64.50000000000000000 ) ) ;
#2945 = ORIENTED_EDGE ( 'NONE', *, *, #1283, .T. ) ;
#2946 = LINE ( 'NONE', #2146, #2891 ) ;
#2947 = UNCERTAINTY_MEASURE_WITH_UNIT (LENGTH_MEASURE( 1.000000000000000082E-05 ), #1569, 'distance_accuracy_value', 'NONE');
#2948 = VERTEX_POINT ( 'NONE', #3164 ) ;
#2949 = ADVANCED_FACE ( 'NONE', ( #5055 ), #4674, .T. ) ;
#2950 = ORIENTED_EDGE ( 'NONE', *, *, #3053, .F. ) ;
#2951 = EDGE_CURVE ( 'NONE', #1480, #1620, #4377, .T. ) ;
#2952 = CARTESIAN_POINT ( 'NONE',  ( 84.99999999999997158, 3.000000000000000444, -59.50000000000000711 ) ) ;
#2953 = DATE_AND_TIME ( #3336, #1644 ) ;
#2954 = VERTEX_POINT ( 'NONE', #4433 ) ;
#2955 = DIRECTION ( 'NONE',  ( 0.000000000000000000, -1.000000000000000000, -0.000000000000000000 ) ) ;
#2956 = ORIENTED_EDGE ( 'NONE', *, *, #3007, .T. ) ;
#2957 = EDGE_CURVE ( 'NONE', #3738, #1771, #2826, .T. ) ;
#2958 = EDGE_CURVE ( 'NONE', #1332, #1213, #632, .T. ) ;
#2959 = DIRECTION ( 'NONE',  ( 0.000000000000000000, 0.000000000000000000, 1.000000000000000000 ) ) ;
#2960 = FACE_OUTER_BOUND ( 'NONE', #2084, .T. ) ;
#2961 = ORIENTED_EDGE ( 'NONE', *, *, #151, .T. ) ;
#2962 = AXIS2_PLACEMENT_3D ( 'NONE', #2443, #427, #2808 ) ;
#2963 = CARTESIAN_POINT ( 'NONE',  ( 161.9999999999999716, 3.000000000000000000, 64.00000000000000000 ) ) ;
#2964 = ORIENTED_EDGE ( 'NONE', *, *, #3969, .F. ) ;
#2965 = EDGE_LOOP ( 'NONE', ( #704, #186, #266, #563, #37 ) ) ;
#2966 = AXIS2_PLACEMENT_3D ( 'NONE', #2136, #4554, #4470 ) ;
#2967 = DIRECTION ( 'NONE',  ( 0.000000000000000000, 0.000000000000000000, -1.000000000000000000 ) ) ;
#2968 = DIRECTION ( 'NONE',  ( -1.000000000000000000, 0.000000000000000000, 0.000000000000000000 ) ) ;
#2969 = CARTESIAN_POINT ( 'NONE',  ( 156.9999999999999716, 1.000000000000001554, -64.29289321881344677 ) ) ;
#2970 = DIRECTION ( 'NONE',  ( -0.000000000000000000, -1.000000000000000000, -0.000000000000000000 ) ) ;
#2971 = FACE_OUTER_BOUND ( 'NONE', #3257, .T. ) ;
#2972 = VECTOR ( 'NONE', #3835, 1000.000000000000000 ) ;
#2973 = ORIENTED_EDGE ( 'NONE', *, *, #3801, .T. ) ;
#2974 = AXIS2_PLACEMENT_3D ( 'NONE', #2195, #3755, #292 ) ;
#2975 = CARTESIAN_POINT ( 'NONE',  ( 3.500000000000002665, 3.000000000000002665, -60.00000000000000711 ) ) ;
#2976 = CARTESIAN_POINT ( 'NONE',  ( 89.99999999999998579, 1.000000000000028866, -59.86561944896765652 ) ) ;
#2977 = DIRECTION ( 'NONE',  ( 1.000000000000000000, 0.000000000000000000, 0.000000000000000000 ) ) ;
#2978 = ORIENTED_EDGE ( 'NONE', *, *, #1877, .F. ) ;
#2979 = AXIS2_PLACEMENT_3D ( 'NONE', #1709, #973, #2571 ) ;
#2980 = DIRECTION ( 'NONE',  ( 0.000000000000000000, 0.000000000000000000, -1.000000000000000000 ) ) ;
#2981 = ORIENTED_EDGE ( 'NONE', *, *, #4831, .T. ) ;
#2982 = CARTESIAN_POINT ( 'NONE',  ( 79.99999999999998579, 3.000000000000002665, -59.50000000000000711 ) ) ;
#2983 = EDGE_CURVE ( 'NONE', #78, #492, #3968, .T. ) ;
#2984 = CYLINDRICAL_SURFACE ( 'NONE', #373, 0.5000000000000004441 ) ;
#2985 = EDGE_CURVE ( 'NONE', #4833, #3520, #175, .T. ) ;
#2986 = ADVANCED_FACE ( 'NONE', ( #3260 ), #793, .T. ) ;
#2987 = DIRECTION ( 'NONE',  ( -0.000000000000000000, 1.000000000000000000, -0.000000000000000000 ) ) ;
#2988 = CARTESIAN_POINT ( 'NONE',  ( 0.000000000000000000, 0.000000000000000000, 0.000000000000000000 ) ) ;
#2989 = ORIENTED_EDGE ( 'NONE', *, *, #2414, .F. ) ;
#2990 = EDGE_LOOP ( 'NONE', ( #791, #4388, #624, #4255, #1426 ) ) ;
#2991 = CARTESIAN_POINT ( 'NONE',  ( -21.15170071715339972, 10.62180185532525556, 13.32687348075206302 ) ) ;
#2992 = CARTESIAN_POINT ( 'NONE',  ( 161.9999999999999716, 3.000000000000000000, 64.00000000000000000 ) ) ;
#2993 = CARTESIAN_POINT ( 'NONE',  ( 84.99999999999997158, 3.000000000000002665, 59.50000000000000711 ) ) ;
#2994 = ORIENTED_EDGE ( 'NONE', *, *, #2265, .F. ) ;
#2995 = AXIS2_PLACEMENT_3D ( 'NONE', #125, #4744, #470 ) ;
#2996 = CARTESIAN_POINT ( 'NONE',  ( 187.5000000000000000, -19.50000000000000355, 39.00000000000000711 ) ) ;
#2997 = ORIENTED_EDGE ( 'NONE', *, *, #4617, .T. ) ;
#2998 = CARTESIAN_POINT ( 'NONE',  ( 12.85355339059324464, 1.146446609406760020, 59.64644660940672338 ) ) ;
#2999 = DIRECTION ( 'NONE',  ( 0.000000000000000000, -0.000000000000000000, -1.000000000000000000 ) ) ;
#3000 = VERTEX_POINT ( 'NONE', #2802 ) ;
#3001 = FACE_OUTER_BOUND ( 'NONE', #4423, .T. ) ;
#3002 = DIRECTION ( 'NONE',  ( 1.000000000000000000, 0.000000000000000000, 0.000000000000000000 ) ) ;
#3003 = ORIENTED_EDGE ( 'NONE', *, *, #1047, .T. ) ;
#3004 = ORIENTED_EDGE ( 'NONE', *, *, #1557, .T. ) ;
#3005 = VERTEX_POINT ( 'NONE', #2390 ) ;
#3006 = CARTESIAN_POINT ( 'NONE',  ( 12.99999999999999822, 1.000000000000000888, -60.00000000000000711 ) ) ;
#3007 = EDGE_CURVE ( 'NONE', #1764, #2126, #2174, .T. ) ;
#3008 = CARTESIAN_POINT ( 'NONE',  ( 12.99999999999998401, 1.000000000000028644, 64.00000000000000000 ) ) ;
#3009 = CIRCLE ( 'NONE', #4568, 1.500000000000003997 ) ;
#3010 = AXIS2_PLACEMENT_3D ( 'NONE', #1275, #854, #490 ) ;
#3011 = LINE ( 'NONE', #3626, #3709 ) ;
#3012 = VERTEX_POINT ( 'NONE', #4354 ) ;
#3013 = EDGE_CURVE ( 'NONE', #596, #4815, #1269, .T. ) ;
#3014 = ADVANCED_FACE ( 'NONE', ( #4796 ), #94, .T. ) ;
#3015 = ADVANCED_FACE ( 'NONE', ( #1281 ), #4018, .T. ) ;
#3016 = CIRCLE ( 'NONE', #3987, 2.374999999999998668 ) ;
#3017 = DIRECTION ( 'NONE',  ( 1.000000000000000000, 0.000000000000000000, 0.000000000000000000 ) ) ;
#3018 = CARTESIAN_POINT ( 'NONE',  ( 82.49999999999997158, 3.000000000000000888, -64.00000000000000000 ) ) ;
#3019 = DIRECTION ( 'NONE',  ( 1.000000000000000000, 0.000000000000000000, 0.000000000000000000 ) ) ;
#3020 = DIRECTION ( 'NONE',  ( 0.000000000000000000, -1.000000000000000000, 0.000000000000000000 ) ) ;
#3021 = CARTESIAN_POINT ( 'NONE',  ( 156.9999999999999716, 1.000000000000000888, 59.50000000000000711 ) ) ;
#3022 = CIRCLE ( 'NONE', #2525, 2.375000000000002220 ) ;
#3023 = EDGE_CURVE ( 'NONE', #2450, #3195, #2829, .T. ) ;
#3024 = ORIENTED_EDGE ( 'NONE', *, *, #1250, .F. ) ;
#3025 = CARTESIAN_POINT ( 'NONE',  ( 0.000000000000000000, 0.000000000000000000, 64.50000000000000000 ) ) ;
#3026 = DIRECTION ( 'NONE',  ( -0.000000000000000000, 1.000000000000000000, -0.000000000000000000 ) ) ;
#3027 = LINE ( 'NONE', #4588, #4723 ) ;
#3028 = ORIENTED_EDGE ( 'NONE', *, *, #3386, .T. ) ;
#3029 = DIRECTION ( 'NONE',  ( 0.000000000000000000, 1.000000000000000000, 0.000000000000000000 ) ) ;
#3030 = ORIENTED_EDGE ( 'NONE', *, *, #77, .T. ) ;
#3031 = PLANE ( 'NONE',  #2314 ) ;
#3032 = ORIENTED_EDGE ( 'NONE', *, *, #4474, .T. ) ;
#3033 = CARTESIAN_POINT ( 'NONE',  ( 157.3656194489676352, 0.9999999999999947820, -59.50000000000000000 ) ) ;
#3034 = CARTESIAN_POINT ( 'NONE',  ( 156.9999999999999432, 3.000000000000002665, -64.00000000000000000 ) ) ;
#3035 = DIRECTION ( 'NONE',  ( -1.000000000000000000, -0.000000000000000000, -0.000000000000000000 ) ) ;
#3036 = EDGE_LOOP ( 'NONE', ( #384, #2316, #707, #3477 ) ) ;
#3037 = ORIENTED_EDGE ( 'NONE', *, *, #3971, .F. ) ;
#3038 = DIRECTION ( 'NONE',  ( -0.000000000000000000, 0.000000000000000000, 1.000000000000000000 ) ) ;
#3039 = FACE_OUTER_BOUND ( 'NONE', #691, .T. ) ;
#3040 = DIRECTION ( 'NONE',  ( -0.000000000000000000, -1.000000000000000000, -0.000000000000000000 ) ) ;
#3041 = CIRCLE ( 'NONE', #918, 0.5000000000000004441 ) ;
#3042 = DIRECTION ( 'NONE',  ( 1.000000000000000000, -0.000000000000000000, -0.000000000000000000 ) ) ;
#3043 = CARTESIAN_POINT ( 'NONE',  ( 79.99999999999998579, 0.9999999999999408251, 60.00000000000000711 ) ) ;
#3044 = EDGE_CURVE ( 'NONE', #393, #2130, #1611, .T. ) ;
#3045 = CARTESIAN_POINT ( 'NONE',  ( 169.9999999999999716, -3.000000000000000000, 57.50000000000000000 ) ) ;
#3046 = ORIENTED_EDGE ( 'NONE', *, *, #745, .F. ) ;
#3047 = AXIS2_PLACEMENT_3D ( 'NONE', #1468, #1907, #3857 ) ;
#3048 = DIRECTION ( 'NONE',  ( -1.000000000000000000, -9.251858538542962756E-15, 0.000000000000000000 ) ) ;
#3049 = EDGE_CURVE ( 'NONE', #483, #3707, #1259, .T. ) ;
#3050 = PRODUCT_DEFINITION_FORMATION_WITH_SPECIFIED_SOURCE ( 'ANY', '', #4318, .NOT_KNOWN. ) ;
#3051 = DIRECTION ( 'NONE',  ( -0.000000000000000000, -1.000000000000000000, -0.000000000000000000 ) ) ;
#3052 = ORIENTED_EDGE ( 'NONE', *, *, #2983, .T. ) ;
#3053 = EDGE_CURVE ( 'NONE', #1658, #1650, #3992, .T. ) ;
#3054 = CARTESIAN_POINT ( 'NONE',  ( 166.4999999999999716, 3.000000000000002665, -64.50000000000000000 ) ) ;
#3055 = CIRCLE ( 'NONE', #361, 13.50000000000000178 ) ;
#3056 = CIRCLE ( 'NONE', #1405, 1.500000000000003997 ) ;
#3057 = CARTESIAN_POINT ( 'NONE',  ( 161.9999999999999716, 1.000000000000000888, -59.50000000000000711 ) ) ;
#3058 = ORIENTED_EDGE ( 'NONE', *, *, #3882, .T. ) ;
#3059 = AXIS2_PLACEMENT_3D ( 'NONE', #1752, #4078, #581 ) ;
#3060 = VECTOR ( 'NONE', #1136, 1000.000000000000000 ) ;
#3061 = CARTESIAN_POINT ( 'NONE',  ( 37.99999999999856470, -40.99999999999995737, 64.50000000000000000 ) ) ;
#3062 = VERTEX_POINT ( 'NONE', #934 ) ;
#3063 = DIRECTION ( 'NONE',  ( 4.625929269271485322E-15, 1.000000000000000000, 0.000000000000000000 ) ) ;
#3064 = VECTOR ( 'NONE', #1737, 1000.000000000000000 ) ;
#3065 = CYLINDRICAL_SURFACE ( 'NONE', #4213, 2.000000000000001776 ) ;
#3066 = VECTOR ( 'NONE', #3364, 1000.000000000000000 ) ;
#3067 = LINE ( 'NONE', #1542, #3556 ) ;
#3068 = VERTEX_POINT ( 'NONE', #2413 ) ;
#3069 = ORIENTED_EDGE ( 'NONE', *, *, #1047, .F. ) ;
#3070 = CARTESIAN_POINT ( 'NONE',  ( 89.79289321881344677, 1.207106781186485955, 64.50000000000000000 ) ) ;
#3071 = CARTESIAN_POINT ( 'NONE',  ( 84.99999999999997158, 3.000000000000002665, 59.50000000000000711 ) ) ;
#3072 = EDGE_CURVE ( 'NONE', #6, #2864, #1593, .T. ) ;
#3073 = CARTESIAN_POINT ( 'NONE',  ( 89.49999999999998579, 0.9999999999999410472, 59.50000000000000711 ) ) ;
#3074 = DIRECTION ( 'NONE',  ( 0.000000000000000000, 0.000000000000000000, 1.000000000000000000 ) ) ;
#3075 = ORIENTED_EDGE ( 'NONE', *, *, #1403, .T. ) ;
#3076 = ORIENTED_EDGE ( 'NONE', *, *, #2262, .F. ) ;
#3077 = CARTESIAN_POINT ( 'NONE',  ( -24.95626663143508139, 20.62180185532525556, 10.32687348075206302 ) ) ;
#3078 = EDGE_CURVE ( 'NONE', #6, #4509, #1350, .T. ) ;
#3079 = CARTESIAN_POINT ( 'NONE',  ( 169.9999999999999716, -3.000000000000000000, -64.50000000000000000 ) ) ;
#3080 = DIRECTION ( 'NONE',  ( -0.7071067811865574537, -0.7071067811865376918, 0.000000000000000000 ) ) ;
#3081 = CARTESIAN_POINT ( 'NONE',  ( 12.75853199169871388, 1.051425210512173081, -59.55142521051217841 ) ) ;
#3082 = VECTOR ( 'NONE', #68, 1000.000000000000000 ) ;
#3083 = ORIENTED_EDGE ( 'NONE', *, *, #1790, .F. ) ;
#3084 = ADVANCED_FACE ( 'NONE', ( #4043 ), #550, .T. ) ;
#3085 = EDGE_CURVE ( 'NONE', #2871, #3674, #1219, .T. ) ;
#3086 = CIRCLE ( 'NONE', #2082, 0.5000000000000004441 ) ;
#3087 = EDGE_CURVE ( 'NONE', #3100, #3765, #1114, .T. ) ;
#3088 = CARTESIAN_POINT ( 'NONE',  ( 155.9999999999999716, 0.000000000000000000, 58.50000000000000000 ) ) ;
#3089 = ORIENTED_EDGE ( 'NONE', *, *, #3534, .F. ) ;
#3090 = DIRECTION ( 'NONE',  ( 0.000000000000000000, 0.000000000000000000, -1.000000000000000000 ) ) ;
#3091 = CARTESIAN_POINT ( 'NONE',  ( 85.50000000000231637, 82.49999999999994316, -64.50000000000000000 ) ) ;
#3092 = CARTESIAN_POINT ( 'NONE',  ( 169.9999999999999716, 0.000000000000000000, 64.50000000000000000 ) ) ;
#3093 = DIRECTION ( 'NONE',  ( 0.000000000000000000, -1.000000000000000000, 0.000000000000000000 ) ) ;
#3094 = ORIENTED_EDGE ( 'NONE', *, *, #1139, .T. ) ;
#3095 = CARTESIAN_POINT ( 'NONE',  ( 166.9999999999999716, 1.000000000000000888, 64.00000000000000000 ) ) ;
#3096 = FACE_OUTER_BOUND ( 'NONE', #1830, .T. ) ;
#3097 = VECTOR ( 'NONE', #532, 1000.000000000000000 ) ;
#3098 = CARTESIAN_POINT ( 'NONE',  ( 0.000000000000000000, 0.000000000000000000, -64.50000000000000000 ) ) ;
#3099 = FACE_OUTER_BOUND ( 'NONE', #1349, .T. ) ;
#3100 = VERTEX_POINT ( 'NONE', #3449 ) ;
#3101 = VECTOR ( 'NONE', #2451, 1000.000000000000000 ) ;
#3102 = FACE_OUTER_BOUND ( 'NONE', #3352, .T. ) ;
#3103 = CARTESIAN_POINT ( 'NONE',  ( 80.00000000000000000, 0.9999999999999404920, 64.29289321881344677 ) ) ;
#3104 = VECTOR ( 'NONE', #4402, 1000.000000000000000 ) ;
#3105 = CARTESIAN_POINT ( 'NONE',  ( 84.99999999999997158, 3.000000000000000444, -64.50000000000000000 ) ) ;
#3106 = DIRECTION ( 'NONE',  ( -0.000000000000000000, 0.000000000000000000, 1.000000000000000000 ) ) ;
#3107 = ORIENTED_EDGE ( 'NONE', *, *, #2827, .T. ) ;
#3108 = DIRECTION ( 'NONE',  ( 0.000000000000000000, -1.000000000000000000, 0.000000000000000000 ) ) ;
#3109 = CARTESIAN_POINT ( 'NONE',  ( -22.09533744265461408, 0.02649625102873274379, 18.04347904114104395 ) ) ;
#3110 = ORIENTED_EDGE ( 'NONE', *, *, #3322, .T. ) ;
#3111 = FACE_OUTER_BOUND ( 'NONE', #1758, .T. ) ;
#3112 =( BOUNDED_CURVE ( )  B_SPLINE_CURVE ( 3, ( #3746, #1773, #1014, #258 ),
 .UNSPECIFIED., .F., .F. ) 
 B_SPLINE_CURVE_WITH_KNOTS ( ( 4, 4 ),
 ( 0.000000000000000000, 0.7853981633974448373 ),
 .UNSPECIFIED. ) 
 CURVE ( )  GEOMETRIC_REPRESENTATION_ITEM ( )  RATIONAL_B_SPLINE_CURVE ( ( 1.000000000000000000, 0.9492530216741915661, 0.9492530216741915661, 1.000000000000000000 ) ) 
 REPRESENTATION_ITEM ( '' )  );
#3113 = EDGE_CURVE ( 'NONE', #3068, #11, #4733, .T. ) ;
#3114 = DIRECTION ( 'NONE',  ( 0.000000000000000000, 0.000000000000000000, -1.000000000000000000 ) ) ;
#3115 = VERTEX_POINT ( 'NONE', #5017 ) ;
#3116 = EDGE_CURVE ( 'NONE', #3655, #5057, #1525, .T. ) ;
#3117 = DIRECTION ( 'NONE',  ( 1.000000000000000000, 0.000000000000000000, 0.000000000000000000 ) ) ;
#3118 = EDGE_CURVE ( 'NONE', #4774, #2720, #1817, .T. ) ;
#3119 = EDGE_CURVE ( 'NONE', #4620, #1171, #1173, .T. ) ;
#3120 = ORIENTED_EDGE ( 'NONE', *, *, #4883, .F. ) ;
#3121 = LINE ( 'NONE', #2270, #4952 ) ;
#3122 = FACE_BOUND ( 'NONE', #3997, .T. ) ;
#3123 = CARTESIAN_POINT ( 'NONE',  ( 79.00000000000001421, 0.000000000000000000, 64.50000000000000000 ) ) ;
#3124 = ORIENTED_EDGE ( 'NONE', *, *, #304, .T. ) ;
#3125 = CARTESIAN_POINT ( 'NONE',  ( 8.499999999999825917, 5.500000000000061284, 64.50000000000000000 ) ) ;
#3126 = CARTESIAN_POINT ( 'NONE',  ( -38.45626663143507784, 59.75000000000000000, 13.32687348075206302 ) ) ;
#3127 = DIRECTION ( 'NONE',  ( -0.000000000000000000, -0.000000000000000000, -1.000000000000000000 ) ) ;
#3128 = DIRECTION ( 'NONE',  ( 0.000000000000000000, 0.000000000000000000, 1.000000000000000000 ) ) ;
#3129 = AXIS2_PLACEMENT_3D ( 'NONE', #4198, #1763, #3330 ) ;
#3130 = ORIENTED_EDGE ( 'NONE', *, *, #19, .F. ) ;
#3131 = CARTESIAN_POINT ( 'NONE',  ( 163.9999999999999716, 3.000000000000003109, -59.50000000000000711 ) ) ;
#3132 = DIRECTION ( 'NONE',  ( 0.000000000000000000, 0.000000000000000000, -1.000000000000000000 ) ) ;
#3133 = AXIS2_PLACEMENT_3D ( 'NONE', #58, #2765, #1127 ) ;
#3134 = VECTOR ( 'NONE', #2252, 999.9999999999998863 ) ;
#3135 = ORIENTED_EDGE ( 'NONE', *, *, #4858, .F. ) ;
#3136 = CARTESIAN_POINT ( 'NONE',  ( 3.000000000000002220, 1.000000000000028422, 59.86561944896764942 ) ) ;
#3137 = CC_DESIGN_APPROVAL ( #654, ( #1313 ) ) ;
#3138 = CIRCLE ( 'NONE', #2233, 2.499999999999996003 ) ;
#3139 = VECTOR ( 'NONE', #3425, 1000.000000000000000 ) ;
#3140 = AXIS2_PLACEMENT_3D ( 'NONE', #4511, #2955, #1040 ) ;
#3141 = DIRECTION ( 'NONE',  ( 0.000000000000000000, 1.000000000000000000, 0.000000000000000000 ) ) ;
#3142 = EDGE_CURVE ( 'NONE', #3430, #3256, #4659, .T. ) ;
#3143 = ORIENTED_EDGE ( 'NONE', *, *, #3917, .T. ) ;
#3144 = AXIS2_PLACEMENT_3D ( 'NONE', #2124, #3281, #2493 ) ;
#3145 = EDGE_CURVE ( 'NONE', #506, #1699, #2382, .T. ) ;
#3146 = VECTOR ( 'NONE', #3128, 1000.000000000000000 ) ;
#3147 = EDGE_CURVE ( 'NONE', #3893, #2941, #3138, .T. ) ;
#3148 = DIRECTION ( 'NONE',  ( 0.000000000000000000, 1.000000000000000000, 0.000000000000000000 ) ) ;
#3149 = CARTESIAN_POINT ( 'NONE',  ( 3.000000000000002665, 3.000000000000002665, -64.00000000000000000 ) ) ;
#3150 = ORIENTED_EDGE ( 'NONE', *, *, #744, .T. ) ;
#3151 = CIRCLE ( 'NONE', #4941, 4.000000000000000000 ) ;
#3152 = ORIENTED_EDGE ( 'NONE', *, *, #4055, .F. ) ;
#3153 = PLANE ( 'NONE',  #283 ) ;
#3154 = DIRECTION ( 'NONE',  ( 0.000000000000000000, 0.000000000000000000, -1.000000000000000000 ) ) ;
#3155 = CARTESIAN_POINT ( 'NONE',  ( 177.0000000000000000, -3.000000000000000000, 64.50000000000000000 ) ) ;
#3156 = DIRECTION ( 'NONE',  ( 0.000000000000000000, 0.000000000000000000, 1.000000000000000000 ) ) ;
#3157 = ORIENTED_EDGE ( 'NONE', *, *, #274, .T. ) ;
#3158 = DIRECTION ( 'NONE',  ( 0.000000000000000000, 0.000000000000000000, 1.000000000000000000 ) ) ;
#3159 = CARTESIAN_POINT ( 'NONE',  ( -22.39899743028759360, 0.1536707218167424893, 16.61342501404799421 ) ) ;
#3160 = ORIENTED_EDGE ( 'NONE', *, *, #3533, .T. ) ;
#3161 = DIRECTION ( 'NONE',  ( 0.7071067811865606734, -0.7071067811865344721, 0.000000000000000000 ) ) ;
#3162 = VECTOR ( 'NONE', #3849, 1000.000000000000000 ) ;
#3163 = DIRECTION ( 'NONE',  ( 0.000000000000000000, 0.000000000000000000, -1.000000000000000000 ) ) ;
#3164 = CARTESIAN_POINT ( 'NONE',  ( 86.99999999999998579, 3.000000000000002665, 64.00000000000000000 ) ) ;
#3165 = ORIENTED_EDGE ( 'NONE', *, *, #799, .F. ) ;
#3166 = ADVANCED_FACE ( 'NONE', ( #1984 ), #389, .F. ) ;
#3167 = CARTESIAN_POINT ( 'NONE',  ( 90.00000000000000000, 0.9999999999999414912, 64.29289321881346098 ) ) ;
#3168 = DIRECTION ( 'NONE',  ( 0.000000000000000000, 0.000000000000000000, -1.000000000000000000 ) ) ;
#3169 = EDGE_CURVE ( 'NONE', #1551, #4210, #2695, .T. ) ;
#3170 = ORIENTED_EDGE ( 'NONE', *, *, #3116, .T. ) ;
#3171 = EDGE_CURVE ( 'NONE', #3000, #1902, #2374, .T. ) ;
#3172 = EDGE_LOOP ( 'NONE', ( #4779, #1743, #3491, #3503 ) ) ;
#3173 = EDGE_CURVE ( 'NONE', #4419, #4026, #1088, .T. ) ;
#3174 = CIRCLE ( 'NONE', #2515, 23.26794919243110726 ) ;
#3175 = AXIS2_PLACEMENT_3D ( 'NONE', #1204, #3523, #5046 ) ;
#3176 = DIRECTION ( 'NONE',  ( -0.000000000000000000, 0.000000000000000000, 1.000000000000000000 ) ) ;
#3177 = CYLINDRICAL_SURFACE ( 'NONE', #4094, 5.000000000000004441 ) ;
#3178 = DIRECTION ( 'NONE',  ( -0.000000000000000000, -1.000000000000000000, -0.000000000000000000 ) ) ;
#3179 = ADVANCED_FACE ( 'NONE', ( #3494 ), #8, .T. ) ;
#3180 = DIRECTION ( 'NONE',  ( 1.000000000000000000, 0.000000000000000000, 0.000000000000000000 ) ) ;
#3181 = ORIENTED_EDGE ( 'NONE', *, *, #363, .F. ) ;
#3182 = DIRECTION ( 'NONE',  ( -0.000000000000000000, 0.000000000000000000, 1.000000000000000000 ) ) ;
#3183 = CARTESIAN_POINT ( 'NONE',  ( -22.72158938788612659, 0.3481401480583421471, 15.19587820046191418 ) ) ;
#3184 = CARTESIAN_POINT ( 'NONE',  ( 89.99999999999998579, 1.000000000000028644, -64.00000000000000000 ) ) ;
#3185 = CARTESIAN_POINT ( 'NONE',  ( 79.99999999999998579, 0.000000000000000000, 60.00000000000000711 ) ) ;
#3186 = DIRECTION ( 'NONE',  ( -0.000000000000000000, 1.000000000000000000, -0.000000000000000000 ) ) ;
#3187 = CARTESIAN_POINT ( 'NONE',  ( 8.000000000000000000, 1.000000000000000888, -59.50000000000000711 ) ) ;
#3188 = ORIENTED_EDGE ( 'NONE', *, *, #1652, .T. ) ;
#3189 = CARTESIAN_POINT ( 'NONE',  ( 89.75853199169870322, 1.051425210512195729, -59.55142521051217841 ) ) ;
#3190 = CYLINDRICAL_SURFACE ( 'NONE', #4181, 12.24999999999999645 ) ;
#3191 = ORIENTED_EDGE ( 'NONE', *, *, #675, .T. ) ;
#3192 = VERTEX_POINT ( 'NONE', #32 ) ;
#3193 = VERTEX_POINT ( 'NONE', #2347 ) ;
#3194 = DIRECTION ( 'NONE',  ( -0.000000000000000000, -1.000000000000000000, 0.000000000000000000 ) ) ;
#3195 = VERTEX_POINT ( 'NONE', #3904 ) ;
#3196 = DIRECTION ( 'NONE',  ( -0.000000000000000000, -1.000000000000000000, -0.000000000000000000 ) ) ;
#3197 = EDGE_CURVE ( 'NONE', #752, #2650, #2300, .T. ) ;
#3198 = CARTESIAN_POINT ( 'NONE',  ( 84.99999999999997158, 3.000000000000000444, -60.00000000000000711 ) ) ;
#3199 = EDGE_LOOP ( 'NONE', ( #710, #1802, #2789, #3712 ) ) ;
#3200 = ORIENTED_EDGE ( 'NONE', *, *, #1782, .F. ) ;
#3201 = EDGE_CURVE ( 'NONE', #942, #1457, #1599, .T. ) ;
#3202 = CARTESIAN_POINT ( 'NONE',  ( 84.99999999999997158, 3.000000000000000444, -64.00000000000000000 ) ) ;
#3203 = ADVANCED_FACE ( 'NONE', ( #4757 ), #1705, .T. ) ;
#3204 = CARTESIAN_POINT ( 'NONE',  ( 157.4999999999999716, 1.499999999999987566, -64.50000000000000000 ) ) ;
#3205 = CIRCLE ( 'NONE', #3129, 4.000000000000000000 ) ;
#3206 = DIRECTION ( 'NONE',  ( 0.000000000000000000, -0.000000000000000000, 1.000000000000000000 ) ) ;
#3207 = VERTEX_POINT ( 'NONE', #4834 ) ;
#3208 = CIRCLE ( 'NONE', #2648, 2.999999999999999112 ) ;
#3209 = CARTESIAN_POINT ( 'NONE',  ( 89.99999999999998579, 0.9999999999999408251, 59.50000000000000711 ) ) ;
#3210 = CIRCLE ( 'NONE', #2651, 4.499999999999997335 ) ;
#3211 = CARTESIAN_POINT ( 'NONE',  ( 155.9999999999999716, 0.000000000000000000, 0.000000000000000000 ) ) ;
#3212 = ORIENTED_EDGE ( 'NONE', *, *, #1714, .F. ) ;
#3213 = AXIS2_PLACEMENT_3D ( 'NONE', #787, #374, #4322 ) ;
#3214 = PERSON_AND_ORGANIZATION ( #2440, #4600 ) ;
#3215 = DIRECTION ( 'NONE',  ( 0.000000000000000000, 0.000000000000000000, -1.000000000000000000 ) ) ;
#3216 = CIRCLE ( 'NONE', #2886, 23.26794919243110726 ) ;
#3217 = ORIENTED_EDGE ( 'NONE', *, *, #721, .T. ) ;
#3218 = VERTEX_POINT ( 'NONE', #945 ) ;
#3219 = ORIENTED_EDGE ( 'NONE', *, *, #1110, .T. ) ;
#3220 = AXIS2_PLACEMENT_3D ( 'NONE', #784, #3106, #2743 ) ;
#3221 = DIRECTION ( 'NONE',  ( 0.000000000000000000, -1.000000000000000000, 0.000000000000000000 ) ) ;
#3222 = ORIENTED_EDGE ( 'NONE', *, *, #2477, .T. ) ;
#3223 = AXIS2_PLACEMENT_3D ( 'NONE', #2452, #4929, #609 ) ;
#3224 = DIRECTION ( 'NONE',  ( 0.000000000000000000, 0.000000000000000000, -1.000000000000000000 ) ) ;
#3225 = ORIENTED_EDGE ( 'NONE', *, *, #4727, .F. ) ;
#3226 = EDGE_CURVE ( 'NONE', #2661, #4815, #2033, .T. ) ;
#3227 = CARTESIAN_POINT ( 'NONE',  ( 80.49999999999998579, 3.000000000000002665, -64.50000000000000000 ) ) ;
#3228 = DIRECTION ( 'NONE',  ( 1.224646799147353207E-16, 1.000000000000000000, 0.000000000000000000 ) ) ;
#3229 = DIRECTION ( 'NONE',  ( 0.000000000000000000, 0.000000000000000000, 1.000000000000000000 ) ) ;
#3230 = ORIENTED_EDGE ( 'NONE', *, *, #3266, .F. ) ;
#3231 = LINE ( 'NONE', #521, #3492 ) ;
#3232 = ORIENTED_EDGE ( 'NONE', *, *, #1969, .T. ) ;
#3233 = DIRECTION ( 'NONE',  ( 9.540979117872429553E-15, -1.000000000000000000, 0.000000000000000000 ) ) ;
#3234 = EDGE_CURVE ( 'NONE', #3955, #2548, #28, .T. ) ;
#3235 = DIRECTION ( 'NONE',  ( -1.000000000000000000, 0.000000000000000000, 0.000000000000000000 ) ) ;
#3236 = ORIENTED_EDGE ( 'NONE', *, *, #2853, .F. ) ;
#3237 =( BOUNDED_CURVE ( )  B_SPLINE_CURVE ( 3, ( #4991, #3081, #2698, #3820 ),
 .UNSPECIFIED., .F., .T. ) 
 B_SPLINE_CURVE_WITH_KNOTS ( ( 4, 4 ),
 ( 5.497787143782136177, 6.283185307179586232 ),
 .UNSPECIFIED. ) 
 CURVE ( )  GEOMETRIC_REPRESENTATION_ITEM ( )  RATIONAL_B_SPLINE_CURVE ( ( 1.000000000000000000, 0.9492530216741910110, 0.9492530216741910110, 1.000000000000000000 ) ) 
 REPRESENTATION_ITEM ( '' )  );
#3238 = AXIS2_PLACEMENT_3D ( 'NONE', #4125, #3365, #2243 ) ;
#3239 = DIRECTION ( 'NONE',  ( 0.000000000000000000, 0.000000000000000000, -1.000000000000000000 ) ) ;
#3240 = EDGE_LOOP ( 'NONE', ( #429, #4161, #4820, #3274, #4444, #2915, #3030 ) ) ;
#3241 = VERTEX_POINT ( 'NONE', #4395 ) ;
#3242 = ORIENTED_EDGE ( 'NONE', *, *, #2764, .F. ) ;
#3243 = DIRECTION ( 'NONE',  ( 0.7071067811865376918, -0.7071067811865574537, 0.000000000000000000 ) ) ;
#3244 = VERTEX_POINT ( 'NONE', #3246 ) ;
#3245 = DIRECTION ( 'NONE',  ( 0.000000000000000000, 0.000000000000000000, -1.000000000000000000 ) ) ;
#3246 = CARTESIAN_POINT ( 'NONE',  ( 157.4999999999999716, 3.000000000000000000, 59.50000000000000711 ) ) ;
#3247 = DIRECTION ( 'NONE',  ( -0.000000000000000000, -1.000000000000000000, -0.000000000000000000 ) ) ;
#3248 = FACE_OUTER_BOUND ( 'NONE', #2729, .T. ) ;
#3249 = ORIENTED_EDGE ( 'NONE', *, *, #4889, .F. ) ;
#3250 = CARTESIAN_POINT ( 'NONE',  ( 3.500000000000003109, 3.000000000000002665, 59.50000000000000711 ) ) ;
#3251 = CARTESIAN_POINT ( 'NONE',  ( 161.9999999999999716, 3.000000000000000000, 64.50000000000000000 ) ) ;
#3252 = EDGE_LOOP ( 'NONE', ( #1391, #3397, #906, #487 ) ) ;
#3253 = DIRECTION ( 'NONE',  ( 0.000000000000000000, -0.7071067811865587860, 0.7071067811865362485 ) ) ;
#3254 = AXIS2_PLACEMENT_3D ( 'NONE', #269, #3475, #2257 ) ;
#3255 = CARTESIAN_POINT ( 'NONE',  ( -38.45626663143507784, 0.000000000000000000, 13.32687348075206302 ) ) ;
#3256 = VERTEX_POINT ( 'NONE', #2889 ) ;
#3257 = EDGE_LOOP ( 'NONE', ( #2335, #2690, #1997, #2205 ) ) ;
#3258 = VECTOR ( 'NONE', #4838, 1000.000000000000000 ) ;
#3259 = LINE ( 'NONE', #4042, #1212 ) ;
#3260 = FACE_OUTER_BOUND ( 'NONE', #1730, .T. ) ;
#3261 = DIRECTION ( 'NONE',  ( 0.000000000000000000, 1.000000000000000000, -0.000000000000000000 ) ) ;
#3262 = EDGE_CURVE ( 'NONE', #1213, #419, #4448, .T. ) ;
#3263 = VECTOR ( 'NONE', #3551, 1000.000000000000000 ) ;
#3264 = EDGE_CURVE ( 'NONE', #1216, #610, #2306, .T. ) ;
#3265 = DIRECTION ( 'NONE',  ( -0.000000000000000000, -0.000000000000000000, 1.000000000000000000 ) ) ;
#3266 = EDGE_CURVE ( 'NONE', #2906, #4930, #692, .T. ) ;
#3267 = ORIENTED_EDGE ( 'NONE', *, *, #4580, .F. ) ;
#3268 =( BOUNDED_CURVE ( )  B_SPLINE_CURVE ( 3, ( #4372, #905, #3633, #1780 ),
 .UNSPECIFIED., .F., .F. ) 
 B_SPLINE_CURVE_WITH_KNOTS ( ( 4, 4 ),
 ( 1.570796326794896558, 3.141592653589793116 ),
 .UNSPECIFIED. ) 
 CURVE ( )  GEOMETRIC_REPRESENTATION_ITEM ( )  RATIONAL_B_SPLINE_CURVE ( ( 1.000000000000000000, 0.8047378541243649375, 0.8047378541243649375, 1.000000000000000000 ) ) 
 REPRESENTATION_ITEM ( '' )  );
#3269 = VERTEX_POINT ( 'NONE', #2913 ) ;
#3270 = VERTEX_POINT ( 'NONE', #315 ) ;
#3271 = DIRECTION ( 'NONE',  ( -0.000000000000000000, -1.000000000000000000, -0.000000000000000000 ) ) ;
#3272 = ORIENTED_EDGE ( 'NONE', *, *, #1409, .F. ) ;
#3273 = ORIENTED_EDGE ( 'NONE', *, *, #3085, .T. ) ;
#3274 = ORIENTED_EDGE ( 'NONE', *, *, #3949, .T. ) ;
#3275 = DIRECTION ( 'NONE',  ( 0.000000000000000000, 1.000000000000000000, 0.000000000000000000 ) ) ;
#3276 = ORIENTED_EDGE ( 'NONE', *, *, #4313, .T. ) ;
#3277 = CARTESIAN_POINT ( 'NONE',  ( 159.9999999999999716, 3.000000000000000444, 59.50000000000000711 ) ) ;
#3278 = ORIENTED_EDGE ( 'NONE', *, *, #1409, .T. ) ;
#3279 = ORIENTED_EDGE ( 'NONE', *, *, #4319, .F. ) ;
#3280 = DIRECTION ( 'NONE',  ( 0.000000000000000000, 0.000000000000000000, -1.000000000000000000 ) ) ;
#3281 = DIRECTION ( 'NONE',  ( -0.000000000000000000, -1.000000000000000000, -0.000000000000000000 ) ) ;
#3282 = ADVANCED_FACE ( 'NONE', ( #618 ), #238, .T. ) ;
#3283 = CARTESIAN_POINT ( 'NONE',  ( 156.9999999999999716, 1.000000000000000888, 60.00000000000000711 ) ) ;
#3284 = CARTESIAN_POINT ( 'NONE',  ( 12.79289321881345032, 1.207106781186555011, -64.50000000000000000 ) ) ;
#3285 = VECTOR ( 'NONE', #2638, 1000.000000000000000 ) ;
#3286 = VECTOR ( 'NONE', #3624, 1000.000000000000000 ) ;
#3287 = ORIENTED_EDGE ( 'NONE', *, *, #2230, .T. ) ;
#3288 = APPLICATION_CONTEXT ( 'configuration controlled 3d designs of mechanical parts and assemblies' ) ;
#3289 = ORIENTED_EDGE ( 'NONE', *, *, #1463, .F. ) ;
#3290 = EDGE_CURVE ( 'NONE', #2482, #4128, #4189, .T. ) ;
#3291 = VECTOR ( 'NONE', #701, 1000.000000000000000 ) ;
#3292 = ORIENTED_EDGE ( 'NONE', *, *, #4232, .F. ) ;
#3293 = EDGE_CURVE ( 'NONE', #3860, #272, #4162, .T. ) ;
#3294 = VECTOR ( 'NONE', #4291, 1000.000000000000000 ) ;
#3295 = AXIS2_PLACEMENT_3D ( 'NONE', #482, #4392, #2859 ) ;
#3296 = CIRCLE ( 'NONE', #1094, 25.00000000000000000 ) ;
#3297 = LINE ( 'NONE', #4859, #4103 ) ;
#3298 = ORIENTED_EDGE ( 'NONE', *, *, #2514, .F. ) ;
#3299 = FACE_OUTER_BOUND ( 'NONE', #4512, .T. ) ;
#3300 = EDGE_LOOP ( 'NONE', ( #4752, #3313, #994, #439 ) ) ;
#3301 = CARTESIAN_POINT ( 'NONE',  ( 12.49999999999999645, 3.000000000000002665, -60.00000000000000711 ) ) ;
#3302 = VECTOR ( 'NONE', #1543, 1000.000000000000000 ) ;
#3303 = CARTESIAN_POINT ( 'NONE',  ( 169.9999999999999716, -3.000000000000000000, 64.50000000000000000 ) ) ;
#3304 = ORIENTED_EDGE ( 'NONE', *, *, #3087, .T. ) ;
#3305 = ORIENTED_EDGE ( 'NONE', *, *, #4170, .T. ) ;
#3306 = DIRECTION ( 'NONE',  ( 0.000000000000000000, -1.000000000000000000, 0.000000000000000000 ) ) ;
#3307 = COORDINATED_UNIVERSAL_TIME_OFFSET ( 6, 0, .BEHIND. ) ;
#3308 = ORIENTED_EDGE ( 'NONE', *, *, #178, .F. ) ;
#3309 = AXIS2_PLACEMENT_3D ( 'NONE', #4542, #156, #1460 ) ;
#3310 = DIRECTION ( 'NONE',  ( 0.000000000000000000, 0.000000000000000000, -1.000000000000000000 ) ) ;
#3311 = DIRECTION ( 'NONE',  ( 0.000000000000000000, -1.000000000000000000, 0.000000000000000000 ) ) ;
#3312 = DIRECTION ( 'NONE',  ( -0.000000000000000000, -1.000000000000000000, -0.000000000000000000 ) ) ;
#3313 = ORIENTED_EDGE ( 'NONE', *, *, #49, .T. ) ;
#3314 = AXIS2_PLACEMENT_3D ( 'NONE', #2752, #836, #2411 ) ;
#3315 = VERTEX_POINT ( 'NONE', #674 ) ;
#3316 = ORIENTED_EDGE ( 'NONE', *, *, #3567, .F. ) ;
#3317 = VECTOR ( 'NONE', #867, 1000.000000000000000 ) ;
#3318 = CARTESIAN_POINT ( 'NONE',  ( -24.95626663143508139, 10.62180185532525556, 13.32687348075206302 ) ) ;
#3319 = EDGE_CURVE ( 'NONE', #3244, #1019, #4844, .T. ) ;
#3320 = DIRECTION ( 'NONE',  ( 0.000000000000000000, 0.000000000000000000, 1.000000000000000000 ) ) ;
#3321 = DIRECTION ( 'NONE',  ( 0.000000000000000000, 0.000000000000000000, 1.000000000000000000 ) ) ;
#3322 = EDGE_CURVE ( 'NONE', #914, #1249, #4080, .T. ) ;
#3323 = DIRECTION ( 'NONE',  ( 0.000000000000000000, 1.000000000000000000, 0.000000000000000000 ) ) ;
#3324 = ORIENTED_EDGE ( 'NONE', *, *, #679, .T. ) ;
#3325 = ORIENTED_EDGE ( 'NONE', *, *, #2127, .F. ) ;
#3326 = DIRECTION ( 'NONE',  ( 1.000000000000000000, 0.000000000000000000, 0.000000000000000000 ) ) ;
#3327 = EDGE_CURVE ( 'NONE', #3241, #4939, #1728, .T. ) ;
#3328 = EDGE_CURVE ( 'NONE', #2834, #3959, #3055, .T. ) ;
#3329 = CARTESIAN_POINT ( 'NONE',  ( 12.99999999999999822, 3.000000000000002665, -60.00000000000000711 ) ) ;
#3330 = DIRECTION ( 'NONE',  ( 0.000000000000000000, 0.000000000000000000, 1.000000000000000000 ) ) ;
#3331 = ORIENTED_EDGE ( 'NONE', *, *, #1333, .T. ) ;
#3332 = CARTESIAN_POINT ( 'NONE',  ( 8.000000000000000000, 3.000000000000002665, -64.00000000000000000 ) ) ;
#3333 = EDGE_LOOP ( 'NONE', ( #4271, #2153, #3058, #4492, #4237, #4220 ) ) ;
#3334 = AXIS2_PLACEMENT_3D ( 'NONE', #3644, #4330, #3215 ) ;
#3335 = CARTESIAN_POINT ( 'NONE',  ( 8.000000000000000000, 3.000000000000002665, -64.50000000000000000 ) ) ;
#3336 = CALENDAR_DATE ( 2026, 21, 4 ) ;
#3337 = VERTEX_POINT ( 'NONE', #265 ) ;
#3338 = DIRECTION ( 'NONE',  ( 0.000000000000000000, 0.000000000000000000, -1.000000000000000000 ) ) ;
#3339 = ORIENTED_EDGE ( 'NONE', *, *, #2325, .F. ) ;
#3340 = VECTOR ( 'NONE', #4908, 1000.000000000000000 ) ;
#3341 = DIRECTION ( 'NONE',  ( -0.000000000000000000, 0.000000000000000000, 1.000000000000000000 ) ) ;
#3342 = CARTESIAN_POINT ( 'NONE',  ( -29.95626663143508139, 61.75000000000000000, 10.95187348075206479 ) ) ;
#3343 = CIRCLE ( 'NONE', #2362, 2.000000000000001776 ) ;
#3344 = DIRECTION ( 'NONE',  ( 0.000000000000000000, -1.000000000000000000, 0.000000000000000000 ) ) ;
#3345 = ORIENTED_EDGE ( 'NONE', *, *, #3072, .F. ) ;
#3346 = CARTESIAN_POINT ( 'NONE',  ( 157.4999999999999716, 1.500000000000001332, 64.50000000000000000 ) ) ;
#3347 = DIRECTION ( 'NONE',  ( 1.000000000000000000, 0.000000000000000000, 0.000000000000000000 ) ) ;
#3348 = DIRECTION ( 'NONE',  ( 0.5773502691896167383, 0.5773502691896382766, -0.5773502691896221783 ) ) ;
#3349 = DIRECTION ( 'NONE',  ( 0.000000000000000000, 0.000000000000000000, -1.000000000000000000 ) ) ;
#3350 = LINE ( 'NONE', #645, #3340 ) ;
#3351 = CARTESIAN_POINT ( 'NONE',  ( 82.49999999999997158, 3.000000000000002665, 64.00000000000000000 ) ) ;
#3352 = EDGE_LOOP ( 'NONE', ( #2932, #806, #3933, #2978, #2474, #4809, #2027, #1331, #41, #4830, #4348, #540, #4736, #1124 ) ) ;
#3353 = VERTEX_POINT ( 'NONE', #4882 ) ;
#3354 = DIRECTION ( 'NONE',  ( -1.000000000000000000, 0.000000000000000000, 0.000000000000000000 ) ) ;
#3355 = ADVANCED_FACE ( 'NONE', ( #644 ), #3781, .T. ) ;
#3356 = ORIENTED_EDGE ( 'NONE', *, *, #3500, .F. ) ;
#3357 = FACE_OUTER_BOUND ( 'NONE', #161, .T. ) ;
#3358 = ORIENTED_EDGE ( 'NONE', *, *, #2586, .T. ) ;
#3359 = VERTEX_POINT ( 'NONE', #3373 ) ;
#3360 = EDGE_CURVE ( 'NONE', #104, #412, #1835, .T. ) ;
#3361 = EDGE_CURVE ( 'NONE', #419, #2790, #1467, .T. ) ;
#3362 = ORIENTED_EDGE ( 'NONE', *, *, #766, .F. ) ;
#3363 = CARTESIAN_POINT ( 'NONE',  ( 0.000000000000000000, 55.00000000000000000, 0.000000000000000000 ) ) ;
#3364 = DIRECTION ( 'NONE',  ( -0.000000000000000000, -1.000000000000000000, -0.000000000000000000 ) ) ;
#3365 = DIRECTION ( 'NONE',  ( -0.000000000000000000, 0.000000000000000000, 1.000000000000000000 ) ) ;
#3366 = AXIS2_PLACEMENT_3D ( 'NONE', #3251, #4107, #2456 ) ;
#3367 = FACE_OUTER_BOUND ( 'NONE', #2584, .T. ) ;
#3368 = ORIENTED_EDGE ( 'NONE', *, *, #1693, .F. ) ;
#3369 = VERTEX_POINT ( 'NONE', #5007 ) ;
#3370 = AXIS2_PLACEMENT_3D ( 'NONE', #3351, #4138, #4556 ) ;
#3371 = DIRECTION ( 'NONE',  ( 0.000000000000000000, 0.000000000000000000, 1.000000000000000000 ) ) ;
#3372 = DIRECTION ( 'NONE',  ( 1.000000000000000000, 0.000000000000000000, 0.000000000000000000 ) ) ;
#3373 = CARTESIAN_POINT ( 'NONE',  ( 87.49999999999998579, 3.000000000000003109, 64.50000000000000000 ) ) ;
#3374 = CARTESIAN_POINT ( 'NONE',  ( 177.0010000000000048, 20.62180185532525556, 13.32687348075206302 ) ) ;
#3375 = CC_DESIGN_APPROVAL ( #5050, ( #3050 ) ) ;
#3376 = VERTEX_POINT ( 'NONE', #360 ) ;
#3377 = TOROIDAL_SURFACE ( 'NONE', #1167, 2.499999999999996003, 0.5000000000000000000 ) ;
#3378 = ORIENTED_EDGE ( 'NONE', *, *, #2707, .T. ) ;
#3379 = AXIS2_PLACEMENT_3D ( 'NONE', #3552, #3870, #2701 ) ;
#3380 = CARTESIAN_POINT ( 'NONE',  ( -22.76742594393445884, 10.62180185532525556, 10.32687348075206302 ) ) ;
#3381 = AXIS2_PLACEMENT_3D ( 'NONE', #469, #91, #3607 ) ;
#3382 = DIRECTION ( 'NONE',  ( -0.000000000000000000, -1.000000000000000000, -0.000000000000000000 ) ) ;
#3383 = LINE ( 'NONE', #4222, #5016 ) ;
#3384 = ORIENTED_EDGE ( 'NONE', *, *, #2704, .T. ) ;
#3385 = ORIENTED_EDGE ( 'NONE', *, *, #2269, .T. ) ;
#3386 = EDGE_CURVE ( 'NONE', #4660, #2691, #4339, .T. ) ;
#3387 = VECTOR ( 'NONE', #2284, 1000.000000000000000 ) ;
#3388 = DIRECTION ( 'NONE',  ( -0.000000000000000000, 1.000000000000000000, -0.000000000000000000 ) ) ;
#3389 = EDGE_LOOP ( 'NONE', ( #4663, #1618 ) ) ;
#3390 = ADVANCED_FACE ( 'NONE', ( #2605 ), #1647, .T. ) ;
#3391 = PLANE ( 'NONE',  #850 ) ;
#3392 = ORIENTED_EDGE ( 'NONE', *, *, #116, .T. ) ;
#3393 = EDGE_CURVE ( 'NONE', #3707, #2548, #4970, .T. ) ;
#3394 = CARTESIAN_POINT ( 'NONE',  ( 3.500000000000003109, 3.000000000000002665, -59.50000000000000711 ) ) ;
#3395 = EDGE_CURVE ( 'NONE', #4007, #3871, #4967, .T. ) ;
#3396 = FACE_BOUND ( 'NONE', #869, .T. ) ;
#3397 = ORIENTED_EDGE ( 'NONE', *, *, #3293, .F. ) ;
#3398 = CARTESIAN_POINT ( 'NONE',  ( 161.9999999999999716, 3.000000000000002665, -64.50000000000000000 ) ) ;
#3399 = PLANE ( 'NONE',  #4734 ) ;
#3400 = DIRECTION ( 'NONE',  ( -1.000000000000000000, 0.000000000000000000, 0.000000000000000000 ) ) ;
#3401 = FACE_OUTER_BOUND ( 'NONE', #607, .T. ) ;
#3402 = AXIS2_PLACEMENT_3D ( 'NONE', #2462, #2872, #3559 ) ;
#3403 = VERTEX_POINT ( 'NONE', #2179 ) ;
#3404 = DIRECTION ( 'NONE',  ( 0.000000000000000000, 0.000000000000000000, -1.000000000000000000 ) ) ;
#3405 = DIRECTION ( 'NONE',  ( -1.000000000000000000, 0.000000000000000000, 0.000000000000000000 ) ) ;
#3406 = LINE ( 'NONE', #2627, #529 ) ;
#3407 = EDGE_LOOP ( 'NONE', ( #4898, #633, #955, #4030 ) ) ;
#3408 = ORIENTED_EDGE ( 'NONE', *, *, #1788, .F. ) ;
#3409 = CARTESIAN_POINT ( 'NONE',  ( 89.99999999999998579, 0.000000000000000000, 60.00000000000000711 ) ) ;
#3410 = ORIENTED_EDGE ( 'NONE', *, *, #1884, .F. ) ;
#3411 = AXIS2_PLACEMENT_3D ( 'NONE', #2283, #1059, #4172 ) ;
#3412 = CARTESIAN_POINT ( 'NONE',  ( 161.9999999999999716, 3.000000000000002665, -59.50000000000000711 ) ) ;
#3413 = ADVANCED_FACE ( 'NONE', ( #254 ), #1796, .F. ) ;
#3414 = AXIS2_PLACEMENT_3D ( 'NONE', #1271, #4109, #1706 ) ;
#3415 = ORIENTED_EDGE ( 'NONE', *, *, #3078, .T. ) ;
#3416 = ADVANCED_FACE ( 'NONE', ( #594 ), #1456, .T. ) ;
#3417 = AXIS2_PLACEMENT_3D ( 'NONE', #4846, #526, #4431 ) ;
#3418 = ADVANCED_FACE ( 'NONE', ( #1038 ), #4931, .F. ) ;
#3419 = CARTESIAN_POINT ( 'NONE',  ( 89.49999999999998579, 3.000000000000000444, -64.50000000000000000 ) ) ;
#3420 = CARTESIAN_POINT ( 'NONE',  ( 0.000000000000000000, 55.00000000000000000, 0.000000000000000000 ) ) ;
#3421 = DIRECTION ( 'NONE',  ( -1.000000000000000000, 0.000000000000000000, 0.000000000000000000 ) ) ;
#3422 = CIRCLE ( 'NONE', #1214, 0.5000000000000004441 ) ;
#3423 = FACE_OUTER_BOUND ( 'NONE', #1109, .T. ) ;
#3424 = ORIENTED_EDGE ( 'NONE', *, *, #1967, .F. ) ;
#3425 = DIRECTION ( 'NONE',  ( 0.000000000000000000, 0.000000000000000000, -1.000000000000000000 ) ) ;
#3426 = CARTESIAN_POINT ( 'NONE',  ( 89.85355339059324820, 1.146446609406746253, -59.64644660940671628 ) ) ;
#3427 = ORIENTED_EDGE ( 'NONE', *, *, #302, .T. ) ;
#3428 = DIRECTION ( 'NONE',  ( 0.000000000000000000, 1.000000000000000000, 0.000000000000000000 ) ) ;
#3429 = CARTESIAN_POINT ( 'NONE',  ( 80.50000000000000000, 3.000000000000000444, 60.00000000000000711 ) ) ;
#3430 = VERTEX_POINT ( 'NONE', #1064 ) ;
#3431 = ORIENTED_EDGE ( 'NONE', *, *, #3319, .T. ) ;
#3432 = FACE_OUTER_BOUND ( 'NONE', #2935, .T. ) ;
#3433 = DIRECTION ( 'NONE',  ( 0.7071067811865378028, -0.7071067811865573427, 0.000000000000000000 ) ) ;
#3434 = CARTESIAN_POINT ( 'NONE',  ( 89.99999999999997158, 3.000000000000000444, -64.00000000000000000 ) ) ;
#3435 = ORIENTED_EDGE ( 'NONE', *, *, #4035, .T. ) ;
#3436 = EDGE_CURVE ( 'NONE', #1957, #3938, #2213, .T. ) ;
#3437 = CARTESIAN_POINT ( 'NONE',  ( -25.31365017401158823, 40.00000000000000000, 16.41258776646634843 ) ) ;
#3438 = CARTESIAN_POINT ( 'NONE',  ( 161.9999999999999716, 3.000000000000000000, 59.50000000000000711 ) ) ;
#3439 = DIRECTION ( 'NONE',  ( -0.000000000000000000, -0.000000000000000000, 1.000000000000000000 ) ) ;
#3440 = AXIS2_PLACEMENT_3D ( 'NONE', #1657, #2068, #2013 ) ;
#3441 = DIRECTION ( 'NONE',  ( 1.000000000000000000, 0.000000000000000000, -0.000000000000000000 ) ) ;
#3442 = ADVANCED_FACE ( 'NONE', ( #4691 ), #4274, .T. ) ;
#3443 = ORIENTED_EDGE ( 'NONE', *, *, #2792, .F. ) ;
#3444 = EDGE_CURVE ( 'NONE', #1678, #1388, #3867, .T. ) ;
#3445 = ORIENTED_EDGE ( 'NONE', *, *, #4122, .T. ) ;
#3446 = VECTOR ( 'NONE', #4082, 1000.000000000000000 ) ;
#3447 = DIRECTION ( 'NONE',  ( -1.000000000000000000, 0.000000000000000000, 0.000000000000000000 ) ) ;
#3448 = CARTESIAN_POINT ( 'NONE',  ( 84.99999999999997158, 3.000000000000000444, -64.00000000000000000 ) ) ;
#3449 = CARTESIAN_POINT ( 'NONE',  ( -38.45626663143507784, 59.75000000000000000, 17.07687348075206302 ) ) ;
#3450 = DIRECTION ( 'NONE',  ( -0.5773502691896205130, 0.5773502691896363892, -0.5773502691896205130 ) ) ;
#3451 = AXIS2_PLACEMENT_3D ( 'NONE', #1197, #846, #2784 ) ;
#3452 = DIRECTION ( 'NONE',  ( 1.000000000000000000, 0.000000000000000000, 0.000000000000000000 ) ) ;
#3453 = ORIENTED_EDGE ( 'NONE', *, *, #3234, .F. ) ;
#3454 = AXIS2_PLACEMENT_3D ( 'NONE', #1703, #3243, #2887 ) ;
#3455 = AXIS2_PLACEMENT_3D ( 'NONE', #573, #3742, #631 ) ;
#3456 = DIRECTION ( 'NONE',  ( 0.000000000000000000, 0.000000000000000000, 1.000000000000000000 ) ) ;
#3457 = ORIENTED_EDGE ( 'NONE', *, *, #3756, .T. ) ;
#3458 = DIRECTION ( 'NONE',  ( 0.000000000000000000, -1.000000000000000000, 0.000000000000000000 ) ) ;
#3459 = VECTOR ( 'NONE', #1841, 1000.000000000000000 ) ;
#3460 = DIRECTION ( 'NONE',  ( 0.000000000000000000, -3.469446951953611033E-15, -1.000000000000000000 ) ) ;
#3461 = VECTOR ( 'NONE', #3876, 1000.000000000000000 ) ;
#3462 = CARTESIAN_POINT ( 'NONE',  ( 2.955559473995891636E-15, 55.00000000000000000, 23.26794919243110726 ) ) ;
#3463 = DIRECTION ( 'NONE',  ( -0.000000000000000000, 0.000000000000000000, 1.000000000000000000 ) ) ;
#3464 = ORIENTED_EDGE ( 'NONE', *, *, #508, .F. ) ;
#3465 = FACE_BOUND ( 'NONE', #4989, .T. ) ;
#3466 = CARTESIAN_POINT ( 'NONE',  ( 7.999999999999992895, 3.000000000000002665, 59.50000000000000711 ) ) ;
#3467 = FACE_OUTER_BOUND ( 'NONE', #411, .T. ) ;
#3468 = ORIENTED_EDGE ( 'NONE', *, *, #2985, .T. ) ;
#3469 = DIRECTION ( 'NONE',  ( -0.000000000000000000, 0.000000000000000000, -1.000000000000000000 ) ) ;
#3470 = EDGE_LOOP ( 'NONE', ( #879, #4323, #4917, #730 ) ) ;
#3471 = ADVANCED_FACE ( 'NONE', ( #2380 ), #3913, .T. ) ;
#3472 = DIRECTION ( 'NONE',  ( -0.000000000000000000, 0.000000000000000000, 1.000000000000000000 ) ) ;
#3473 = CARTESIAN_POINT ( 'NONE',  ( 166.4999999999999716, 1.000000000000000888, -59.50000000000000711 ) ) ;
#3474 = ADVANCED_FACE ( 'NONE', ( #2746 ), #1893, .T. ) ;
#3475 = DIRECTION ( 'NONE',  ( 0.000000000000000000, 1.000000000000000000, 0.000000000000000000 ) ) ;
#3476 = DIRECTION ( 'NONE',  ( 0.000000000000000000, 0.000000000000000000, 1.000000000000000000 ) ) ;
#3477 = ORIENTED_EDGE ( 'NONE', *, *, #3173, .F. ) ;
#3478 = VECTOR ( 'NONE', #2422, 1000.000000000000000 ) ;
#3479 = ADVANCED_FACE ( 'NONE', ( #3502, #3481 ), #2334, .T. ) ;
#3480 = ADVANCED_FACE ( 'NONE', ( #442 ), #4297, .F. ) ;
#3481 = FACE_BOUND ( 'NONE', #4083, .T. ) ;
#3482 = VERTEX_POINT ( 'NONE', #1534 ) ;
#3483 = LINE ( 'NONE', #3091, #4209 ) ;
#3484 = ORIENTED_EDGE ( 'NONE', *, *, #3119, .F. ) ;
#3485 = CARTESIAN_POINT ( 'NONE',  ( 163.9999999999999716, 3.000000000000000000, 64.00000000000000000 ) ) ;
#3486 = CARTESIAN_POINT ( 'NONE',  ( 8.000000000000000000, 1.000000000000000888, -59.50000000000000711 ) ) ;
#3487 = DIRECTION ( 'NONE',  ( 1.000000000000000000, 0.000000000000000000, 0.000000000000000000 ) ) ;
#3488 = VECTOR ( 'NONE', #1191, 1000.000000000000000 ) ;
#3489 = ORIENTED_EDGE ( 'NONE', *, *, #273, .T. ) ;
#3490 = EDGE_LOOP ( 'NONE', ( #4460, #2206, #4902, #4275 ) ) ;
#3491 = ORIENTED_EDGE ( 'NONE', *, *, #3887, .F. ) ;
#3492 = VECTOR ( 'NONE', #2919, 1000.000000000000000 ) ;
#3493 = DIRECTION ( 'NONE',  ( 0.000000000000000000, 0.000000000000000000, -1.000000000000000000 ) ) ;
#3494 = FACE_OUTER_BOUND ( 'NONE', #3788, .T. ) ;
#3495 = AXIS2_PLACEMENT_3D ( 'NONE', #2455, #4881, #642 ) ;
#3496 = ORIENTED_EDGE ( 'NONE', *, *, #3119, .T. ) ;
#3497 = DIRECTION ( 'NONE',  ( 4.336808689942013792E-15, 1.000000000000000000, -0.000000000000000000 ) ) ;
#3498 = DIRECTION ( 'NONE',  ( 1.000000000000000000, 0.000000000000000000, 0.000000000000000000 ) ) ;
#3499 = ORIENTED_EDGE ( 'NONE', *, *, #2585, .F. ) ;
#3500 = EDGE_CURVE ( 'NONE', #1075, #4147, #1856, .T. ) ;
#3501 = LINE ( 'NONE', #1603, #2931 ) ;
#3502 = FACE_OUTER_BOUND ( 'NONE', #1086, .T. ) ;
#3503 = ORIENTED_EDGE ( 'NONE', *, *, #3169, .F. ) ;
#3504 = CARTESIAN_POINT ( 'NONE',  ( -55.95626663143507784, 3.999999999999996447, 13.32687348075206302 ) ) ;
#3505 = DIRECTION ( 'NONE',  ( 0.000000000000000000, 0.000000000000000000, -1.000000000000000000 ) ) ;
#3506 = ORIENTED_EDGE ( 'NONE', *, *, #606, .T. ) ;
#3507 = EDGE_CURVE ( 'NONE', #220, #2011, #14, .T. ) ;
#3508 = EDGE_CURVE ( 'NONE', #4660, #3269, #634, .T. ) ;
#3509 = CARTESIAN_POINT ( 'NONE',  ( -38.45626663143507784, 61.75000000000000000, 13.32687348075206302 ) ) ;
#3510 = CARTESIAN_POINT ( 'NONE',  ( -38.45626663143507784, 61.75000000000000000, 13.32687348075206302 ) ) ;
#3511 = LINE ( 'NONE', #2320, #1284 ) ;
#3512 = CARTESIAN_POINT ( 'NONE',  ( 0.000000000000000000, 0.000000000000000000, -58.50000000000002842 ) ) ;
#3513 = ORIENTED_EDGE ( 'NONE', *, *, #85, .F. ) ;
#3514 = ORIENTED_EDGE ( 'NONE', *, *, #2446, .F. ) ;
#3515 = CARTESIAN_POINT ( 'NONE',  ( 161.9999999999999716, 3.000000000000002665, -64.00000000000000000 ) ) ;
#3516 = DIRECTION ( 'NONE',  ( -0.000000000000000000, 1.000000000000000000, -0.000000000000000000 ) ) ;
#3517 = DIRECTION ( 'NONE',  ( -1.000000000000000000, 0.000000000000000000, 0.000000000000000000 ) ) ;
#3518 = CARTESIAN_POINT ( 'NONE',  ( -29.95626663143508139, 59.75000000000000000, 15.70187348075206124 ) ) ;
#3519 = CIRCLE ( 'NONE', #1232, 4.499999999999990230 ) ;
#3520 = VERTEX_POINT ( 'NONE', #3088 ) ;
#3521 = ORIENTED_EDGE ( 'NONE', *, *, #3266, .T. ) ;
#3522 = FACE_OUTER_BOUND ( 'NONE', #4522, .T. ) ;
#3523 = DIRECTION ( 'NONE',  ( 0.000000000000000000, -1.000000000000000000, 0.000000000000000000 ) ) ;
#3524 = AXIS2_PLACEMENT_3D ( 'NONE', #2938, #4495, #2561 ) ;
#3525 = CIRCLE ( 'NONE', #4185, 2.000000000000001776 ) ;
#3526 = VERTEX_POINT ( 'NONE', #1133 ) ;
#3527 = DIRECTION ( 'NONE',  ( 0.000000000000000000, -1.000000000000000000, 0.000000000000000000 ) ) ;
#3528 = DIRECTION ( 'NONE',  ( 0.000000000000000000, 1.000000000000000000, 0.000000000000000000 ) ) ;
#3529 = EDGE_CURVE ( 'NONE', #483, #1249, #626, .T. ) ;
#3530 = VECTOR ( 'NONE', #4956, 1000.000000000000000 ) ;
#3531 = VECTOR ( 'NONE', #1076, 999.9999999999998863 ) ;
#3532 = CIRCLE ( 'NONE', #2060, 13.49999999999999822 ) ;
#3533 = EDGE_CURVE ( 'NONE', #2526, #2906, #759, .T. ) ;
#3534 = EDGE_CURVE ( 'NONE', #2453, #4910, #4907, .T. ) ;
#3535 = DIRECTION ( 'NONE',  ( 0.000000000000000000, -1.000000000000000000, 0.000000000000000000 ) ) ;
#3536 = ORIENTED_EDGE ( 'NONE', *, *, #4379, .T. ) ;
#3537 = VECTOR ( 'NONE', #171, 1000.000000000000000 ) ;
#3538 = EDGE_CURVE ( 'NONE', #2208, #2025, #2762, .T. ) ;
#3539 = AXIS2_PLACEMENT_3D ( 'NONE', #3808, #4784, #4127 ) ;
#3540 = ADVANCED_FACE ( 'NONE', ( #90 ), #878, .F. ) ;
#3541 = DIRECTION ( 'NONE',  ( 0.000000000000000000, 1.000000000000000000, 0.000000000000000000 ) ) ;
#3542 = CARTESIAN_POINT ( 'NONE',  ( 177.0010000000000048, 10.62180185532525556, 13.32687348075206302 ) ) ;
#3543 = LINE ( 'NONE', #892, #2642 ) ;
#3544 = EDGE_LOOP ( 'NONE', ( #3521, #4140, #3249, #3785 ) ) ;
#3545 = ORIENTED_EDGE ( 'NONE', *, *, #178, .T. ) ;
#3546 = DIRECTION ( 'NONE',  ( 0.000000000000000000, 0.000000000000000000, -1.000000000000000000 ) ) ;
#3547 = CARTESIAN_POINT ( 'NONE',  ( 80.20710678118655323, 1.207106781186472411, 64.49999999999998579 ) ) ;
#3548 = CARTESIAN_POINT ( 'NONE',  ( -26.20626663143508495, 59.75000000000000000, 13.32687348075206302 ) ) ;
#3549 = PLANE ( 'NONE',  #612 ) ;
#3550 = VERTEX_POINT ( 'NONE', #117 ) ;
#3551 = DIRECTION ( 'NONE',  ( 0.000000000000000000, 0.000000000000000000, 1.000000000000000000 ) ) ;
#3552 = CARTESIAN_POINT ( 'NONE',  ( 169.9999999999999716, -3.000000000000000000, 57.50000000000000000 ) ) ;
#3553 = ORIENTED_EDGE ( 'NONE', *, *, #4770, .T. ) ;
#3554 = CARTESIAN_POINT ( 'NONE',  ( 167.0000000000000000, 1.000000000000001332, -64.29289321881346098 ) ) ;
#3555 = DIRECTION ( 'NONE',  ( 1.000000000000000000, 0.000000000000000000, 0.000000000000000000 ) ) ;
#3556 = VECTOR ( 'NONE', #4281, 1000.000000000000000 ) ;
#3557 =( BOUNDED_CURVE ( )  B_SPLINE_CURVE ( 3, ( #3806, #3284, #3771, #1305 ),
 .UNSPECIFIED., .F., .T. ) 
 B_SPLINE_CURVE_WITH_KNOTS ( ( 4, 4 ),
 ( 1.570796326794894782, 3.141592653589793116 ),
 .UNSPECIFIED. ) 
 CURVE ( )  GEOMETRIC_REPRESENTATION_ITEM ( )  RATIONAL_B_SPLINE_CURVE ( ( 1.000000000000000000, 0.8047378541243646044, 0.8047378541243646044, 1.000000000000000000 ) ) 
 REPRESENTATION_ITEM ( '' )  );
#3558 = CARTESIAN_POINT ( 'NONE',  ( 166.4999999999999716, 3.000000000000002665, -59.50000000000000711 ) ) ;
#3559 = DIRECTION ( 'NONE',  ( -1.000000000000000000, 0.000000000000000000, 0.000000000000000000 ) ) ;
#3560 = ORIENTED_EDGE ( 'NONE', *, *, #3436, .F. ) ;
#3561 = EDGE_CURVE ( 'NONE', #1500, #4866, #820, .T. ) ;
#3562 = PERSON_AND_ORGANIZATION_ROLE ( 'design_owner' ) ;
#3563 = LINE ( 'NONE', #2756, #3097 ) ;
#3564 = ORIENTED_EDGE ( 'NONE', *, *, #721, .F. ) ;
#3565 = EDGE_CURVE ( 'NONE', #232, #2526, #4765, .T. ) ;
#3566 = ORIENTED_EDGE ( 'NONE', *, *, #2378, .F. ) ;
#3567 = EDGE_CURVE ( 'NONE', #1771, #220, #4565, .T. ) ;
#3568 = AXIS2_PLACEMENT_3D ( 'NONE', #2685, #3811, #702 ) ;
#3569 = DIRECTION ( 'NONE',  ( 0.000000000000000000, -1.000000000000000000, 0.000000000000000000 ) ) ;
#3570 = EDGE_LOOP ( 'NONE', ( #866, #1387, #1315, #1120 ) ) ;
#3571 = DIRECTION ( 'NONE',  ( -0.000000000000000000, -1.000000000000000000, -0.000000000000000000 ) ) ;
#3572 = CYLINDRICAL_SURFACE ( 'NONE', #447, 0.5000000000000004441 ) ;
#3573 = VECTOR ( 'NONE', #3450, 1000.000000000000000 ) ;
#3574 = VERTEX_POINT ( 'NONE', #2193 ) ;
#3575 = ORIENTED_EDGE ( 'NONE', *, *, #1504, .T. ) ;
#3576 = VECTOR ( 'NONE', #3685, 1000.000000000000000 ) ;
#3577 = DIRECTION ( 'NONE',  ( 1.000000000000000000, 0.000000000000000000, 0.000000000000000000 ) ) ;
#3578 = LINE ( 'NONE', #4010, #1479 ) ;
#3579 = ORIENTED_EDGE ( 'NONE', *, *, #746, .T. ) ;
#3580 = CARTESIAN_POINT ( 'NONE',  ( 0.000000000000000000, -3.000000000000000000, 64.50000000000000000 ) ) ;
#3581 = ORIENTED_EDGE ( 'NONE', *, *, #1790, .T. ) ;
#3582 = DIRECTION ( 'NONE',  ( 0.000000000000000000, 0.000000000000000000, -1.000000000000000000 ) ) ;
#3583 = DIRECTION ( 'NONE',  ( -9.251858538542962756E-15, 1.000000000000000000, 0.000000000000000000 ) ) ;
#3584 = ORIENTED_EDGE ( 'NONE', *, *, #776, .T. ) ;
#3585 =( BOUNDED_CURVE ( )  B_SPLINE_CURVE ( 3, ( #4712, #2721, #805, #786 ),
 .UNSPECIFIED., .F., .F. ) 
 B_SPLINE_CURVE_WITH_KNOTS ( ( 4, 4 ),
 ( 5.497787143782131736, 6.283185307179586232 ),
 .UNSPECIFIED. ) 
 CURVE ( )  GEOMETRIC_REPRESENTATION_ITEM ( )  RATIONAL_B_SPLINE_CURVE ( ( 1.000000000000000000, 0.9492530216741903448, 0.9492530216741903448, 1.000000000000000000 ) ) 
 REPRESENTATION_ITEM ( '' )  );
#3586 = EDGE_CURVE ( 'NONE', #220, #2043, #4307, .T. ) ;
#3587 = MECHANICAL_CONTEXT ( 'NONE', #3288, 'mechanical' ) ;
#3588 = LINE ( 'NONE', #96, #808 ) ;
#3589 = CARTESIAN_POINT ( 'NONE',  ( -23.20626663143508495, 50.62180185532525911, 10.32687348075206302 ) ) ;
#3590 = ORIENTED_EDGE ( 'NONE', *, *, #3327, .F. ) ;
#3591 = EDGE_CURVE ( 'NONE', #868, #4471, #2874, .T. ) ;
#3592 = ORIENTED_EDGE ( 'NONE', *, *, #2476, .F. ) ;
#3593 = PLANE ( 'NONE',  #3454 ) ;
#3594 = FACE_OUTER_BOUND ( 'NONE', #3750, .T. ) ;
#3595 = EDGE_CURVE ( 'NONE', #4681, #2011, #2132, .T. ) ;
#3596 = DIRECTION ( 'NONE',  ( 0.000000000000000000, -1.000000000000000000, 0.000000000000000000 ) ) ;
#3597 = EDGE_CURVE ( 'NONE', #492, #1213, #26, .T. ) ;
#3598 = CARTESIAN_POINT ( 'NONE',  ( -26.20626663143508495, 40.00000000000000000, 13.32687348075206302 ) ) ;
#3599 = CARTESIAN_POINT ( 'NONE',  ( 80.24146800830126836, 1.051425210512195063, -59.55142521051217841 ) ) ;
#3600 = VERTEX_POINT ( 'NONE', #617 ) ;
#3601 = CARTESIAN_POINT ( 'NONE',  ( 80.14644660940672338, 1.146446609406760020, -59.64644660940672338 ) ) ;
#3602 = FACE_OUTER_BOUND ( 'NONE', #3240, .T. ) ;
#3603 = DIRECTION ( 'NONE',  ( -0.000000000000000000, -1.000000000000000000, -0.000000000000000000 ) ) ;
#3604 = VERTEX_POINT ( 'NONE', #467 ) ;
#3605 = LINE ( 'NONE', #1277, #723 ) ;
#3606 = AXIS2_PLACEMENT_3D ( 'NONE', #4501, #3026, #712 ) ;
#3607 = DIRECTION ( 'NONE',  ( -1.000000000000000000, 4.625929269271481378E-15, 0.000000000000000000 ) ) ;
#3608 = CIRCLE ( 'NONE', #3690, 0.5000000000000004441 ) ;
#3609 = AXIS2_PLACEMENT_3D ( 'NONE', #4905, #4551, #4980 ) ;
#3610 = DIRECTION ( 'NONE',  ( -1.000000000000000000, 0.000000000000000000, 0.000000000000000000 ) ) ;
#3611 = ORIENTED_EDGE ( 'NONE', *, *, #1077, .F. ) ;
#3612 = VECTOR ( 'NONE', #2401, 1000.000000000000000 ) ;
#3613 = AXIS2_PLACEMENT_3D ( 'NONE', #3767, #1406, #2980 ) ;
#3614 = DATE_AND_TIME ( #4385, #194 ) ;
#3615 = CARTESIAN_POINT ( 'NONE',  ( 157.1464466094066950, 1.146446609406735817, -59.64644660940673049 ) ) ;
#3616 = AXIS2_PLACEMENT_3D ( 'NONE', #935, #4872, #1302 ) ;
#3617 = ORIENTED_EDGE ( 'NONE', *, *, #2582, .T. ) ;
#3618 = DIRECTION ( 'NONE',  ( 1.000000000000000000, -0.000000000000000000, -0.000000000000000000 ) ) ;
#3619 =( BOUNDED_CURVE ( )  B_SPLINE_CURVE ( 3, ( #3006, #4625, #1113, #4667 ),
 .UNSPECIFIED., .F., .T. ) 
 B_SPLINE_CURVE_WITH_KNOTS ( ( 4, 4 ),
 ( 0.000000000000000000, 0.7853981633974465026 ),
 .UNSPECIFIED. ) 
 CURVE ( )  GEOMETRIC_REPRESENTATION_ITEM ( )  RATIONAL_B_SPLINE_CURVE ( ( 1.000000000000000000, 0.9492530216741912330, 0.9492530216741912330, 1.000000000000000000 ) ) 
 REPRESENTATION_ITEM ( '' )  );
#3620 = ORIENTED_EDGE ( 'NONE', *, *, #2417, .F. ) ;
#3621 = ORIENTED_EDGE ( 'NONE', *, *, #4762, .T. ) ;
#3622 = TOROIDAL_SURFACE ( 'NONE', #4356, 4.499999999999997335, 0.5000000000000000000 ) ;
#3623 = DIRECTION ( 'NONE',  ( -0.000000000000000000, -1.000000000000000000, -0.000000000000000000 ) ) ;
#3624 = DIRECTION ( 'NONE',  ( -0.000000000000000000, -1.000000000000000000, -0.000000000000000000 ) ) ;
#3625 = CIRCLE ( 'NONE', #208, 2.999999999999999112 ) ;
#3626 = CARTESIAN_POINT ( 'NONE',  ( -24.95626663143508139, 40.62180185532525201, 13.32687348075206302 ) ) ;
#3627 = ORIENTED_EDGE ( 'NONE', *, *, #1539, .F. ) ;
#3628 = ORIENTED_EDGE ( 'NONE', *, *, #983, .T. ) ;
#3629 = EDGE_CURVE ( 'NONE', #4410, #3068, #3686, .T. ) ;
#3630 = CARTESIAN_POINT ( 'NONE',  ( 10.49999999999999645, 3.000000000000002665, -64.00000000000000000 ) ) ;
#3631 = EDGE_CURVE ( 'NONE', #2423, #3674, #3578, .T. ) ;
#3632 = DIRECTION ( 'NONE',  ( 0.000000000000000000, 1.000000000000000000, 0.000000000000000000 ) ) ;
#3633 = CARTESIAN_POINT ( 'NONE',  ( 156.9999999999999716, 1.000000000000001332, 64.29289321881346098 ) ) ;
#3634 = ORIENTED_EDGE ( 'NONE', *, *, #2469, .F. ) ;
#3635 = DIRECTION ( 'NONE',  ( 1.000000000000000000, 0.000000000000000000, 0.000000000000000000 ) ) ;
#3636 = DIRECTION ( 'NONE',  ( -1.000000000000000000, 0.000000000000000000, 0.000000000000000000 ) ) ;
#3637 = ORIENTED_EDGE ( 'NONE', *, *, #4092, .F. ) ;
#3638 = EDGE_CURVE ( 'NONE', #4911, #1551, #3268, .T. ) ;
#3639 = EDGE_CURVE ( 'NONE', #4939, #3241, #2303, .T. ) ;
#3640 = CARTESIAN_POINT ( 'NONE',  ( 161.9999999999999716, 3.000000000000002665, -59.50000000000000711 ) ) ;
#3641 = VERTEX_POINT ( 'NONE', #4403 ) ;
#3642 = AXIS2_PLACEMENT_3D ( 'NONE', #3509, #5027, #21 ) ;
#3643 = CARTESIAN_POINT ( 'NONE',  ( -38.45626663143507784, 61.75000000000000000, 13.32687348075206302 ) ) ;
#3644 = CARTESIAN_POINT ( 'NONE',  ( 2.000000000000029310, 0.000000000000000000, 0.000000000000000000 ) ) ;
#3645 = ORIENTED_EDGE ( 'NONE', *, *, #4550, .F. ) ;
#3646 = LINE ( 'NONE', #159, #3478 ) ;
#3647 = ORIENTED_EDGE ( 'NONE', *, *, #3444, .F. ) ;
#3648 = EDGE_LOOP ( 'NONE', ( #2555, #2072, #4839, #2509 ) ) ;
#3649 = LINE ( 'NONE', #164, #3700 ) ;
#3650 = ORIENTED_EDGE ( 'NONE', *, *, #745, .T. ) ;
#3651 = CARTESIAN_POINT ( 'NONE',  ( 80.49999999999998579, 1.000000000000028644, -59.50000000000000711 ) ) ;
#3652 = PLANE ( 'NONE',  #400 ) ;
#3653 = ORIENTED_EDGE ( 'NONE', *, *, #180, .T. ) ;
#3654 = AXIS2_PLACEMENT_3D ( 'NONE', #4906, #1023, #2614 ) ;
#3655 = VERTEX_POINT ( 'NONE', #4814 ) ;
#3656 = CARTESIAN_POINT ( 'NONE',  ( -21.41954159403425351, 20.62180185532525556, 13.32687348075206302 ) ) ;
#3657 = CARTESIAN_POINT ( 'NONE',  ( 79.99999999999998579, 3.000000000000002665, -60.00000000000000711 ) ) ;
#3658 = AXIS2_PLACEMENT_3D ( 'NONE', #2940, #4033, #619 ) ;
#3659 = CARTESIAN_POINT ( 'NONE',  ( -21.15170071715339972, 55.00000000000000000, 13.32687348075206302 ) ) ;
#3660 = ORIENTED_EDGE ( 'NONE', *, *, #2791, .T. ) ;
#3661 = ORIENTED_EDGE ( 'NONE', *, *, #3669, .F. ) ;
#3662 = EDGE_CURVE ( 'NONE', #4504, #338, #4425, .T. ) ;
#3663 = TOROIDAL_SURFACE ( 'NONE', #1702, 4.499999999999990230, 0.5000000000000000000 ) ;
#3664 = DIRECTION ( 'NONE',  ( 1.000000000000000000, 0.000000000000000000, 0.000000000000000000 ) ) ;
#3665 = EDGE_CURVE ( 'NONE', #2095, #1979, #3728, .T. ) ;
#3666 = DIRECTION ( 'NONE',  ( 0.000000000000000000, 0.000000000000000000, -1.000000000000000000 ) ) ;
#3667 = CARTESIAN_POINT ( 'NONE',  ( 166.4999999999999716, 1.000000000000000888, 59.50000000000000711 ) ) ;
#3668 = AXIS2_PLACEMENT_3D ( 'NONE', #1833, #2589, #1071 ) ;
#3669 = EDGE_CURVE ( 'NONE', #524, #4591, #1051, .T. ) ;
#3670 = CARTESIAN_POINT ( 'NONE',  ( 156.9999999999999716, 3.000000000000000000, 60.00000000000000711 ) ) ;
#3671 = VERTEX_POINT ( 'NONE', #1072 ) ;
#3672 = LINE ( 'NONE', #667, #4131 ) ;
#3673 = VERTEX_POINT ( 'NONE', #2615 ) ;
#3674 = VERTEX_POINT ( 'NONE', #2637 ) ;
#3675 = LINE ( 'NONE', #3772, #350 ) ;
#3676 = CARTESIAN_POINT ( 'NONE',  ( -26.20626663143508495, 40.00000000000000000, 13.32687348075206302 ) ) ;
#3677 = ORIENTED_EDGE ( 'NONE', *, *, #3072, .T. ) ;
#3678 = DIRECTION ( 'NONE',  ( 0.000000000000000000, 0.000000000000000000, 1.000000000000000000 ) ) ;
#3679 = ORIENTED_EDGE ( 'NONE', *, *, #1106, .T. ) ;
#3680 = CARTESIAN_POINT ( 'NONE',  ( -26.20626663143508495, 0.000000000000000000, 13.32687348075206302 ) ) ;
#3681 = CARTESIAN_POINT ( 'NONE',  ( 3.000000000000002665, 1.000000000000028644, 59.50000000000000711 ) ) ;
#3682 = DIRECTION ( 'NONE',  ( 0.000000000000000000, 0.000000000000000000, 1.000000000000000000 ) ) ;
#3683 = ORIENTED_EDGE ( 'NONE', *, *, #2201, .T. ) ;
#3684 = ORIENTED_EDGE ( 'NONE', *, *, #4862, .F. ) ;
#3685 = DIRECTION ( 'NONE',  ( 0.000000000000000000, 0.000000000000000000, 1.000000000000000000 ) ) ;
#3686 = CIRCLE ( 'NONE', #3440, 25.00000000000000000 ) ;
#3687 = EDGE_LOOP ( 'NONE', ( #4528, #1960 ) ) ;
#3688 = ADVANCED_FACE ( 'NONE', ( #1466 ), #2665, .F. ) ;
#3689 = LINE ( 'NONE', #198, #4613 ) ;
#3690 = AXIS2_PLACEMENT_3D ( 'NONE', #1053, #385, #4579 ) ;
#3691 = EDGE_CURVE ( 'NONE', #2377, #2421, #4578, .T. ) ;
#3692 = FACE_OUTER_BOUND ( 'NONE', #2352, .T. ) ;
#3693 = LINE ( 'NONE', #576, #937 ) ;
#3694 = EDGE_CURVE ( 'NONE', #929, #1078, #4013, .T. ) ;
#3695 = AXIS2_PLACEMENT_3D ( 'NONE', #516, #2568, #2039 ) ;
#3696 = ORIENTED_EDGE ( 'NONE', *, *, #1224, .T. ) ;
#3697 = ORIENTED_EDGE ( 'NONE', *, *, #85, .T. ) ;
#3698 = VERTEX_POINT ( 'NONE', #2296 ) ;
#3699 = EDGE_CURVE ( 'NONE', #492, #2783, #3837, .T. ) ;
#3700 = VECTOR ( 'NONE', #3271, 1000.000000000000000 ) ;
#3701 = CIRCLE ( 'NONE', #4353, 20.00000000000000000 ) ;
#3702 = CARTESIAN_POINT ( 'NONE',  ( 157.4999999999999432, 3.000000000000007105, -64.50000000000000000 ) ) ;
#3703 = CARTESIAN_POINT ( 'NONE',  ( 3.500000000000002665, -3.000000000000000000, -64.00000000000000000 ) ) ;
#3704 = DIRECTION ( 'NONE',  ( 0.000000000000000000, 0.000000000000000000, 1.000000000000000000 ) ) ;
#3705 = CARTESIAN_POINT ( 'NONE',  ( 177.0000000000000000, -3.000000000000000000, -57.49999999999999289 ) ) ;
#3706 = AXIS2_PLACEMENT_3D ( 'NONE', #4299, #67, #1947 ) ;
#3707 = VERTEX_POINT ( 'NONE', #3779 ) ;
#3708 = CARTESIAN_POINT ( 'NONE',  ( 0.000000000000000000, 55.00000000000000000, 0.000000000000000000 ) ) ;
#3709 = VECTOR ( 'NONE', #1296, 1000.000000000000000 ) ;
#3710 = CARTESIAN_POINT ( 'NONE',  ( 3.000000000000002665, 0.000000000000000000, -60.00000000000000711 ) ) ;
#3711 = DIRECTION ( 'NONE',  ( -0.7071067811865376918, -0.7071067811865574537, 0.000000000000000000 ) ) ;
#3712 = ORIENTED_EDGE ( 'NONE', *, *, #4351, .T. ) ;
#3713 = ORIENTED_EDGE ( 'NONE', *, *, #4582, .F. ) ;
#3714 = DIRECTION ( 'NONE',  ( -1.000000000000000000, 0.000000000000000000, 0.000000000000000000 ) ) ;
#3715 = PERSON_AND_ORGANIZATION ( #2440, #4600 ) ;
#3716 = VERTEX_POINT ( 'NONE', #2249 ) ;
#3717 = LINE ( 'NONE', #1772, #1976 ) ;
#3718 = CARTESIAN_POINT ( 'NONE',  ( 12.99999999999999822, 0.000000000000000000, -59.50000000000000711 ) ) ;
#3719 = DIRECTION ( 'NONE',  ( 0.000000000000000000, 0.000000000000000000, -1.000000000000000000 ) ) ;
#3720 = ORIENTED_EDGE ( 'NONE', *, *, #2029, .F. ) ;
#3721 = CARTESIAN_POINT ( 'NONE',  ( 157.1464466094066950, 1.146446609406735817, -59.64644660940673049 ) ) ;
#3722 = CIRCLE ( 'NONE', #221, 0.5000000000000004441 ) ;
#3723 = DIRECTION ( 'NONE',  ( -1.000000000000000000, 0.000000000000000000, 0.000000000000000000 ) ) ;
#3724 = ORIENTED_EDGE ( 'NONE', *, *, #2792, .T. ) ;
#3725 = ADVANCED_FACE ( 'NONE', ( #3467 ), #3855, .T. ) ;
#3726 = DIRECTION ( 'NONE',  ( 0.7071067811865378028, 0.7071067811865573427, 0.000000000000000000 ) ) ;
#3727 = DIRECTION ( 'NONE',  ( 0.000000000000000000, -0.7071067811865475727, 0.7071067811865475727 ) ) ;
#3728 = LINE ( 'NONE', #236, #1638 ) ;
#3729 = FACE_OUTER_BOUND ( 'NONE', #172, .T. ) ;
#3730 = CARTESIAN_POINT ( 'NONE',  ( 161.9999999999999716, 3.000000000000002665, -64.50000000000000000 ) ) ;
#3731 = ADVANCED_FACE ( 'NONE', ( #4188 ), #3932, .T. ) ;
#3732 = EDGE_CURVE ( 'NONE', #1701, #4086, #1929, .T. ) ;
#3733 = ORIENTED_EDGE ( 'NONE', *, *, #2951, .F. ) ;
#3734 = ORIENTED_EDGE ( 'NONE', *, *, #2618, .T. ) ;
#3735 = CARTESIAN_POINT ( 'NONE',  ( 156.9999999999999716, 0.000000000000000000, -59.50000000000000711 ) ) ;
#3736 = CYLINDRICAL_SURFACE ( 'NONE', #1980, 1.500000000000004885 ) ;
#3737 = VERTEX_POINT ( 'NONE', #4655 ) ;
#3738 = VERTEX_POINT ( 'NONE', #1445 ) ;
#3739 = AXIS2_PLACEMENT_3D ( 'NONE', #957, #3864, #2626 ) ;
#3740 = DATE_AND_TIME ( #1234, #2310 ) ;
#3741 = ORIENTED_EDGE ( 'NONE', *, *, #1220, .T. ) ;
#3742 = DIRECTION ( 'NONE',  ( -0.000000000000000000, -1.000000000000000000, -0.000000000000000000 ) ) ;
#3743 = VERTEX_POINT ( 'NONE', #3073 ) ;
#3744 = AXIS2_PLACEMENT_3D ( 'NONE', #2015, #2042, #5048 ) ;
#3745 = CARTESIAN_POINT ( 'NONE',  ( -24.95626663143508139, 10.62180185532525556, 10.32687348075206302 ) ) ;
#3746 = CARTESIAN_POINT ( 'NONE',  ( 166.9999999999999716, 1.000000000000000888, -60.00000000000000711 ) ) ;
#3747 = TOROIDAL_SURFACE ( 'NONE', #1538, 2.499999999999996003, 0.5000000000000000000 ) ;
#3748 = EDGE_CURVE ( 'NONE', #4452, #2526, #3950, .T. ) ;
#3749 = CARTESIAN_POINT ( 'NONE',  ( -38.45626663143507784, 61.75000000000000000, 21.87687348075206017 ) ) ;
#3750 = EDGE_LOOP ( 'NONE', ( #4711, #4718, #3720, #3797, #587 ) ) ;
#3751 = ORIENTED_EDGE ( 'NONE', *, *, #3508, .T. ) ;
#3752 = CARTESIAN_POINT ( 'NONE',  ( 80.49999999999998579, 3.000000000000002220, -64.00000000000000000 ) ) ;
#3753 = DIRECTION ( 'NONE',  ( -1.000000000000000000, 0.000000000000000000, 0.000000000000000000 ) ) ;
#3754 = DIRECTION ( 'NONE',  ( 0.000000000000000000, 1.000000000000000000, 0.000000000000000000 ) ) ;
#3755 = DIRECTION ( 'NONE',  ( -4.625929269271485322E-15, -1.000000000000000000, 0.000000000000000000 ) ) ;
#3756 = EDGE_CURVE ( 'NONE', #3823, #2628, #585, .T. ) ;
#3757 = ORIENTED_EDGE ( 'NONE', *, *, #3561, .F. ) ;
#3758 =( BOUNDED_CURVE ( )  B_SPLINE_CURVE ( 3, ( #3667, #176, #2904, #2547 ),
 .UNSPECIFIED., .F., .F. ) 
 B_SPLINE_CURVE_WITH_KNOTS ( ( 4, 4 ),
 ( 3.141592653589793116, 3.926990816987263599 ),
 .UNSPECIFIED. ) 
 CURVE ( )  GEOMETRIC_REPRESENTATION_ITEM ( )  RATIONAL_B_SPLINE_CURVE ( ( 1.000000000000000000, 0.9492530216741883464, 0.9492530216741883464, 1.000000000000000000 ) ) 
 REPRESENTATION_ITEM ( '' )  );
#3759 = EDGE_CURVE ( 'NONE', #3698, #895, #4996, .T. ) ;
#3760 = DIRECTION ( 'NONE',  ( 0.000000000000000000, 0.000000000000000000, -1.000000000000000000 ) ) ;
#3761 = EDGE_CURVE ( 'NONE', #4361, #4208, #3519, .T. ) ;
#3762 = ORIENTED_EDGE ( 'NONE', *, *, #859, .T. ) ;
#3763 = DIRECTION ( 'NONE',  ( 0.000000000000000000, 0.000000000000000000, 1.000000000000000000 ) ) ;
#3764 = CARTESIAN_POINT ( 'NONE',  ( 84.99999999999997158, 3.000000000000002665, 59.50000000000000711 ) ) ;
#3765 = VERTEX_POINT ( 'NONE', #383 ) ;
#3766 = EDGE_LOOP ( 'NONE', ( #2212, #1289, #584, #1645 ) ) ;
#3767 = CARTESIAN_POINT ( 'NONE',  ( 166.9999999999999716, 1.000000000000000888, -59.50000000000000711 ) ) ;
#3768 = ORIENTED_EDGE ( 'NONE', *, *, #1372, .F. ) ;
#3769 = CARTESIAN_POINT ( 'NONE',  ( 161.9999999999999716, 1.000000000000000888, 59.50000000000000711 ) ) ;
#3770 = ORIENTED_EDGE ( 'NONE', *, *, #3852, .F. ) ;
#3771 = CARTESIAN_POINT ( 'NONE',  ( 12.99999999999999822, 1.000000000000001332, -64.29289321881346098 ) ) ;
#3772 = CARTESIAN_POINT ( 'NONE',  ( -51.95626663143507784, 0.000000000000000000, 13.32687348075206302 ) ) ;
#3773 = VECTOR ( 'NONE', #2218, 1000.000000000000000 ) ;
#3774 = CARTESIAN_POINT ( 'NONE',  ( 5.999999999999996447, 3.000000000000003109, 59.50000000000000711 ) ) ;
#3775 = ORIENTED_EDGE ( 'NONE', *, *, #1624, .F. ) ;
#3776 = VECTOR ( 'NONE', #2868, 1000.000000000000000 ) ;
#3777 = CARTESIAN_POINT ( 'NONE',  ( 12.63438055103232394, 1.000000000000029088, 59.50000000000000000 ) ) ;
#3778 = LINE ( 'NONE', #1364, #2112 ) ;
#3779 = CARTESIAN_POINT ( 'NONE',  ( 79.99999999999998579, 1.000000000000028644, -60.00000000000000711 ) ) ;
#3780 = ORIENTED_EDGE ( 'NONE', *, *, #268, .T. ) ;
#3781 = CYLINDRICAL_SURFACE ( 'NONE', #2974, 0.5000000000000004441 ) ;
#3782 = CARTESIAN_POINT ( 'NONE',  ( 167.9999999999999432, 0.000000000000000000, 0.000000000000000000 ) ) ;
#3783 = AXIS2_PLACEMENT_3D ( 'NONE', #425, #4329, #4239 ) ;
#3784 = CIRCLE ( 'NONE', #2653, 29.00000000000000000 ) ;
#3785 = ORIENTED_EDGE ( 'NONE', *, *, #1510, .F. ) ;
#3786 = CIRCLE ( 'NONE', #35, 3.750000000000000000 ) ;
#3787 = CARTESIAN_POINT ( 'NONE',  ( -46.95626663143507784, 59.75000000000000000, 10.95187348075206124 ) ) ;
#3788 = EDGE_LOOP ( 'NONE', ( #2081, #3896, #346, #1360 ) ) ;
#3789 = CARTESIAN_POINT ( 'NONE',  ( -0.5000000000000544009, -2.499999999999932054, 64.50000000000000000 ) ) ;
#3790 =( BOUNDED_CURVE ( )  B_SPLINE_CURVE ( 3, ( #4524, #3777, #289, #2663 ),
 .UNSPECIFIED., .F., .F. ) 
 B_SPLINE_CURVE_WITH_KNOTS ( ( 4, 4 ),
 ( 3.141592653589793116, 3.926990816987227184 ),
 .UNSPECIFIED. ) 
 CURVE ( )  GEOMETRIC_REPRESENTATION_ITEM ( )  RATIONAL_B_SPLINE_CURVE ( ( 1.000000000000000000, 0.9492530216741930094, 0.9492530216741930094, 1.000000000000000000 ) ) 
 REPRESENTATION_ITEM ( '' )  );
#3791 = CARTESIAN_POINT ( 'NONE',  ( 80.49999999999998579, 3.000000000000000444, 64.50000000000000000 ) ) ;
#3792 = EDGE_LOOP ( 'NONE', ( #1046, #1842, #295, #99 ) ) ;
#3793 = PRODUCT_DEFINITION_SHAPE ( 'NONE', 'NONE',  #1313 ) ;
#3794 = AXIS2_PLACEMENT_3D ( 'NONE', #4589, #3156, #2718 ) ;
#3795 = ADVANCED_FACE ( 'NONE', ( #4982 ), #358, .T. ) ;
#3796 = CARTESIAN_POINT ( 'NONE',  ( 157.4999999999999716, -3.000000000000000000, 64.00000000000000000 ) ) ;
#3797 = ORIENTED_EDGE ( 'NONE', *, *, #4166, .F. ) ;
#3798 = LINE ( 'NONE', #3769, #2731 ) ;
#3799 = TOROIDAL_SURFACE ( 'NONE', #2896, 2.499999999999996003, 0.5000000000000000000 ) ;
#3800 = VERTEX_POINT ( 'NONE', #2276 ) ;
#3801 = EDGE_CURVE ( 'NONE', #4390, #1007, #5006, .T. ) ;
#3802 = ADVANCED_FACE ( 'NONE', ( #1952 ), #1808, .T. ) ;
#3803 = EDGE_CURVE ( 'NONE', #2941, #3893, #2464, .T. ) ;
#3804 = DIRECTION ( 'NONE',  ( 1.000000000000000000, 0.000000000000000000, 0.000000000000000000 ) ) ;
#3805 = CARTESIAN_POINT ( 'NONE',  ( 177.0000000000000000, -3.000000000000000000, -57.49999999999999289 ) ) ;
#3806 = CARTESIAN_POINT ( 'NONE',  ( 12.49999999999999645, 1.500000000000016875, -64.50000000000000000 ) ) ;
#3807 = DIRECTION ( 'NONE',  ( 1.000000000000000000, 0.000000000000000000, 0.000000000000000000 ) ) ;
#3808 = CARTESIAN_POINT ( 'NONE',  ( -46.95626663143507784, 59.75000000000000000, 13.32687348075206302 ) ) ;
#3809 = ORIENTED_EDGE ( 'NONE', *, *, #1995, .T. ) ;
#3810 = CARTESIAN_POINT ( 'NONE',  ( 8.000000000000000000, 3.000000000000002665, -59.50000000000000711 ) ) ;
#3811 = DIRECTION ( 'NONE',  ( -0.000000000000000000, 1.000000000000000000, -0.000000000000000000 ) ) ;
#3812 = CARTESIAN_POINT ( 'NONE',  ( 7.999999999999992895, 3.000000000000002665, 64.00000000000000000 ) ) ;
#3813 = CARTESIAN_POINT ( 'NONE',  ( 80.49999999999998579, 3.000000000000002665, -64.50000000000000000 ) ) ;
#3814 = AXIS2_PLACEMENT_3D ( 'NONE', #2467, #2907, #1720 ) ;
#3815 = LINE ( 'NONE', #317, #4596 ) ;
#3816 = ORIENTED_EDGE ( 'NONE', *, *, #3858, .T. ) ;
#3817 = CARTESIAN_POINT ( 'NONE',  ( 46.99999999999875655, 44.00000000000005684, -64.50000000000000000 ) ) ;
#3818 = VERTEX_POINT ( 'NONE', #4387 ) ;
#3819 = CARTESIAN_POINT ( 'NONE',  ( 166.4999999999999716, 1.000000000000000888, -64.50000000000000000 ) ) ;
#3820 = CARTESIAN_POINT ( 'NONE',  ( 12.49999999999999645, 1.000000000000000888, -59.50000000000000711 ) ) ;
#3821 = ORIENTED_EDGE ( 'NONE', *, *, #472, .T. ) ;
#3822 = CARTESIAN_POINT ( 'NONE',  ( 12.99999999999999822, 1.000000000000000888, -59.50000000000000711 ) ) ;
#3823 = VERTEX_POINT ( 'NONE', #2343 ) ;
#3824 = CARTESIAN_POINT ( 'NONE',  ( 90.99999999999995737, 0.000000000000000000, 0.000000000000000000 ) ) ;
#3825 = ADVANCED_FACE ( 'NONE', ( #498 ), #1310, .F. ) ;
#3826 = VECTOR ( 'NONE', #3953, 1000.000000000000000 ) ;
#3827 = CARTESIAN_POINT ( 'NONE',  ( 84.99999999999997158, 1.000000000000028644, -59.50000000000000711 ) ) ;
#3828 = EDGE_CURVE ( 'NONE', #4480, #2661, #3543, .T. ) ;
#3829 = EDGE_CURVE ( 'NONE', #1373, #2864, #2221, .T. ) ;
#3830 = DIRECTION ( 'NONE',  ( 0.000000000000000000, 0.000000000000000000, 1.000000000000000000 ) ) ;
#3831 = AXIS2_PLACEMENT_3D ( 'NONE', #4136, #2196, #1946 ) ;
#3832 = CARTESIAN_POINT ( 'NONE',  ( 177.0010000000000048, 20.62180185532525556, 13.32687348075206302 ) ) ;
#3833 = ORIENTED_EDGE ( 'NONE', *, *, #2202, .F. ) ;
#3834 = EDGE_LOOP ( 'NONE', ( #1547, #243 ) ) ;
#3835 = DIRECTION ( 'NONE',  ( 0.5773502691896205130, 0.5773502691896363892, -0.5773502691896205130 ) ) ;
#3836 = DIRECTION ( 'NONE',  ( -1.000000000000000000, 4.625929269271481378E-15, 0.000000000000000000 ) ) ;
#3837 = LINE ( 'NONE', #1855, #1085 ) ;
#3838 = CARTESIAN_POINT ( 'NONE',  ( 0.000000000000000000, 55.00000000000000000, 20.99999999999998934 ) ) ;
#3839 = EDGE_LOOP ( 'NONE', ( #748, #1546 ) ) ;
#3840 = LINE ( 'NONE', #3025, #695 ) ;
#3841 = DIRECTION ( 'NONE',  ( 0.000000000000000000, 0.000000000000000000, 1.000000000000000000 ) ) ;
#3842 = CARTESIAN_POINT ( 'NONE',  ( 157.4999999999999432, 3.000000000000007550, -59.50000000000000711 ) ) ;
#3843 = EDGE_LOOP ( 'NONE', ( #3170, #554, #4244, #5018, #662, #4301, #4257, #5021, #1837, #3579, #3990, #4745, #4296, #3468, #916, #1490, #1030, #4051, #3926, #1628, #226, #3143, #3816, #3305, #112, #2088, #443, #2961, #311, #4119 ) ) ;
#3844 = CARTESIAN_POINT ( 'NONE',  ( 169.9999999999999716, 0.000000000000000000, 57.50000000000000000 ) ) ;
#3845 = CARTESIAN_POINT ( 'NONE',  ( 12.99999999999999822, 1.000000000000000888, -59.50000000000000711 ) ) ;
#3846 = ORIENTED_EDGE ( 'NONE', *, *, #3851, .T. ) ;
#3847 = CARTESIAN_POINT ( 'NONE',  ( 3.500000000000002665, 3.000000000000002665, 60.00000000000000711 ) ) ;
#3848 = CARTESIAN_POINT ( 'NONE',  ( 3.500000000000002665, 1.500000000000015099, -64.50000000000000000 ) ) ;
#3849 = DIRECTION ( 'NONE',  ( -0.000000000000000000, 1.000000000000000000, -0.000000000000000000 ) ) ;
#3850 = ORIENTED_EDGE ( 'NONE', *, *, #4770, .F. ) ;
#3851 = EDGE_CURVE ( 'NONE', #2954, #1480, #3927, .T. ) ;
#3852 = EDGE_CURVE ( 'NONE', #2948, #3359, #1721, .T. ) ;
#3853 = CARTESIAN_POINT ( 'NONE',  ( 0.000000000000000000, 53.26794919243116055, 0.000000000000000000 ) ) ;
#3854 = DIRECTION ( 'NONE',  ( 0.000000000000000000, 0.000000000000000000, -1.000000000000000000 ) ) ;
#3855 = PLANE ( 'NONE',  #1890 ) ;
#3856 = AXIS2_PLACEMENT_3D ( 'NONE', #2687, #2216, #3400 ) ;
#3857 = DIRECTION ( 'NONE',  ( 1.000000000000000000, 0.000000000000000000, 0.000000000000000000 ) ) ;
#3858 = EDGE_CURVE ( 'NONE', #4277, #2095, #404, .T. ) ;
#3859 = EDGE_CURVE ( 'NONE', #3743, #4147, #4, .T. ) ;
#3860 = VERTEX_POINT ( 'NONE', #3149 ) ;
#3861 = CARTESIAN_POINT ( 'NONE',  ( 166.8535533905932766, 1.146446609406727823, -59.64644660940672338 ) ) ;
#3862 = VECTOR ( 'NONE', #2341, 1000.000000000000000 ) ;
#3863 = ORIENTED_EDGE ( 'NONE', *, *, #601, .T. ) ;
#3864 = DIRECTION ( 'NONE',  ( 0.000000000000000000, 1.000000000000000000, 0.000000000000000000 ) ) ;
#3865 = CIRCLE ( 'NONE', #4099, 2.374999999999998668 ) ;
#3866 = ORIENTED_EDGE ( 'NONE', *, *, #687, .T. ) ;
#3867 = CIRCLE ( 'NONE', #3213, 2.000000000000001776 ) ;
#3868 = VECTOR ( 'NONE', #1159, 1000.000000000000000 ) ;
#3869 = DIRECTION ( 'NONE',  ( 0.000000000000000000, 1.000000000000000000, 0.000000000000000000 ) ) ;
#3870 = DIRECTION ( 'NONE',  ( 0.000000000000000000, 1.000000000000000000, 0.000000000000000000 ) ) ;
#3871 = VERTEX_POINT ( 'NONE', #4724 ) ;
#3872 = DIRECTION ( 'NONE',  ( -1.000000000000000000, 0.000000000000000000, 0.000000000000000000 ) ) ;
#3873 = AXIS2_PLACEMENT_3D ( 'NONE', #3764, #3476, #1507 ) ;
#3874 = VECTOR ( 'NONE', #4438, 1000.000000000000000 ) ;
#3875 = CARTESIAN_POINT ( 'NONE',  ( 159.4999999999999716, 3.000000000000003109, -64.50000000000000000 ) ) ;
#3876 = DIRECTION ( 'NONE',  ( -0.000000000000000000, -1.000000000000000000, -0.000000000000000000 ) ) ;
#3877 = EDGE_LOOP ( 'NONE', ( #2683, #533, #2236, #1223 ) ) ;
#3878 = DIRECTION ( 'NONE',  ( -0.000000000000000000, 1.000000000000000000, -0.000000000000000000 ) ) ;
#3879 = DIRECTION ( 'NONE',  ( 1.000000000000000000, 0.000000000000000000, 0.000000000000000000 ) ) ;
#3880 = DIRECTION ( 'NONE',  ( -0.000000000000000000, 0.000000000000000000, -1.000000000000000000 ) ) ;
#3881 = LINE ( 'NONE', #1858, #4427 ) ;
#3882 = EDGE_CURVE ( 'NONE', #2834, #868, #4701, .T. ) ;
#3883 = EDGE_LOOP ( 'NONE', ( #4453, #2245, #488, #3308, #1131, #894, #1767 ) ) ;
#3884 = CARTESIAN_POINT ( 'NONE',  ( 86.99999999999998579, 3.000000000000002665, 59.50000000000000711 ) ) ;
#3885 = ADVANCED_FACE ( 'NONE', ( #75 ), #3190, .F. ) ;
#3886 = DIRECTION ( 'NONE',  ( -0.7071067811865376918, -0.7071067811865573427, 0.000000000000000000 ) ) ;
#3887 = EDGE_CURVE ( 'NONE', #4210, #1308, #4262, .T. ) ;
#3888 = LINE ( 'NONE', #2404, #1654 ) ;
#3889 = ORIENTED_EDGE ( 'NONE', *, *, #3319, .F. ) ;
#3890 = VECTOR ( 'NONE', #4074, 1000.000000000000000 ) ;
#3891 = FACE_OUTER_BOUND ( 'NONE', #3976, .T. ) ;
#3892 = DIRECTION ( 'NONE',  ( 0.000000000000000000, -1.000000000000000000, 0.000000000000000000 ) ) ;
#3893 = VERTEX_POINT ( 'NONE', #218 ) ;
#3894 = FACE_OUTER_BOUND ( 'NONE', #1039, .T. ) ;
#3895 = DIRECTION ( 'NONE',  ( 1.000000000000000000, -4.336808689942013792E-15, 0.000000000000000000 ) ) ;
#3896 = ORIENTED_EDGE ( 'NONE', *, *, #206, .T. ) ;
#3897 = CARTESIAN_POINT ( 'NONE',  ( -38.45626663143507784, 61.75000000000000000, -0.1731265192479389259 ) ) ;
#3898 = DIRECTION ( 'NONE',  ( 0.000000000000000000, 0.000000000000000000, -1.000000000000000000 ) ) ;
#3899 = CARTESIAN_POINT ( 'NONE',  ( 161.9999999999999716, 3.000000000000002665, -64.50000000000000000 ) ) ;
#3900 = EDGE_LOOP ( 'NONE', ( #100, #1483, #844, #1257, #963 ) ) ;
#3901 = AXIS2_PLACEMENT_3D ( 'NONE', #4475, #2867, #3635 ) ;
#3902 = LINE ( 'NONE', #753, #3612 ) ;
#3903 = ADVANCED_FACE ( 'NONE', ( #2624 ), #4913, .F. ) ;
#3904 = CARTESIAN_POINT ( 'NONE',  ( -38.45626663143507784, 59.75000000000000000, 23.37687348075206728 ) ) ;
#3905 = CIRCLE ( 'NONE', #814, 2.000000000000001776 ) ;
#3906 = ORIENTED_EDGE ( 'NONE', *, *, #880, .F. ) ;
#3907 = CYLINDRICAL_SURFACE ( 'NONE', #2239, 1.999999999999996669 ) ;
#3908 = EDGE_LOOP ( 'NONE', ( #1602, #4780, #577, #2705 ) ) ;
#3909 = EDGE_CURVE ( 'NONE', #1007, #2720, #3205, .T. ) ;
#3910 = EDGE_CURVE ( 'NONE', #3376, #3241, #3041, .T. ) ;
#3911 = EDGE_CURVE ( 'NONE', #232, #339, #2587, .T. ) ;
#3912 = DIRECTION ( 'NONE',  ( -0.000000000000000000, -0.000000000000000000, 1.000000000000000000 ) ) ;
#3913 = CYLINDRICAL_SURFACE ( 'NONE', #4689, 0.5000000000000004441 ) ;
#3914 = CARTESIAN_POINT ( 'NONE',  ( 12.49999999999999645, 3.000000000000002665, -64.50000000000000000 ) ) ;
#3915 = DIRECTION ( 'NONE',  ( -1.000000000000000000, 0.000000000000000000, 0.000000000000000000 ) ) ;
#3916 = ORIENTED_EDGE ( 'NONE', *, *, #364, .F. ) ;
#3917 = EDGE_CURVE ( 'NONE', #3716, #4277, #1397, .T. ) ;
#3918 =( BOUNDED_CURVE ( )  B_SPLINE_CURVE ( 3, ( #2817, #826, #2351, #4270 ),
 .UNSPECIFIED., .F., .F. ) 
 B_SPLINE_CURVE_WITH_KNOTS ( ( 4, 4 ),
 ( 1.570796326794896558, 3.141592653589793116 ),
 .UNSPECIFIED. ) 
 CURVE ( )  GEOMETRIC_REPRESENTATION_ITEM ( )  RATIONAL_B_SPLINE_CURVE ( ( 1.000000000000000000, 0.8047378541243649375, 0.8047378541243649375, 1.000000000000000000 ) ) 
 REPRESENTATION_ITEM ( '' )  );
#3919 = DIRECTION ( 'NONE',  ( 0.000000000000000000, 0.000000000000000000, 1.000000000000000000 ) ) ;
#3920 = CARTESIAN_POINT ( 'NONE',  ( -23.20626663143508495, 0.000000000000000000, 13.32687348075206302 ) ) ;
#3921 = VERTEX_POINT ( 'NONE', #4555 ) ;
#3922 = CARTESIAN_POINT ( 'NONE',  ( -20.95626663143508139, 3.999999999999996447, 13.32687348075206302 ) ) ;
#3923 = CYLINDRICAL_SURFACE ( 'NONE', #1130, 2.375000000000002220 ) ;
#3924 = CARTESIAN_POINT ( 'NONE',  ( -38.45626663143507784, 40.00000000000000000, -0.1731265192479354564 ) ) ;
#3925 = VERTEX_POINT ( 'NONE', #1123 ) ;
#3926 = ORIENTED_EDGE ( 'NONE', *, *, #2618, .F. ) ;
#3927 = CIRCLE ( 'NONE', #2962, 0.5000000000000004441 ) ;
#3928 = DIRECTION ( 'NONE',  ( 1.000000000000000000, 0.000000000000000000, 0.000000000000000000 ) ) ;
#3929 = DIRECTION ( 'NONE',  ( 0.000000000000000000, 1.000000000000000000, 0.000000000000000000 ) ) ;
#3930 = CARTESIAN_POINT ( 'NONE',  ( 14.00000000000004086, 0.000000000000000000, 0.000000000000000000 ) ) ;
#3931 = DIRECTION ( 'NONE',  ( 0.000000000000000000, 0.000000000000000000, 1.000000000000000000 ) ) ;
#3932 = TOROIDAL_SURFACE ( 'NONE', #3856, 4.499999999999997335, 0.5000000000000000000 ) ;
#3933 = ORIENTED_EDGE ( 'NONE', *, *, #1754, .T. ) ;
#3934 = CARTESIAN_POINT ( 'NONE',  ( 0.000000000000000000, 0.000000000000000000, 0.000000000000000000 ) ) ;
#3935 = DIRECTION ( 'NONE',  ( 0.000000000000000000, 0.000000000000000000, -1.000000000000000000 ) ) ;
#3936 = AXIS2_PLACEMENT_3D ( 'NONE', #2250, #1781, #966 ) ;
#3937 = AXIS2_PLACEMENT_3D ( 'NONE', #4786, #169, #4812 ) ;
#3938 = VERTEX_POINT ( 'NONE', #4242 ) ;
#3939 = CARTESIAN_POINT ( 'NONE',  ( 84.99999999999997158, 3.000000000000002665, 64.00000000000000000 ) ) ;
#3940 = PLANE ( 'NONE',  #525 ) ;
#3941 = CONICAL_SURFACE ( 'NONE', #4432, 20.00000000000000000, 0.5235987755983048109 ) ;
#3942 = ORIENTED_EDGE ( 'NONE', *, *, #2292, .F. ) ;
#3943 = ADVANCED_FACE ( 'NONE', ( #316 ), #751, .F. ) ;
#3944 = AXIS2_PLACEMENT_3D ( 'NONE', #2975, #1838, #1809 ) ;
#3945 = VECTOR ( 'NONE', #3063, 1000.000000000000000 ) ;
#3946 = EDGE_CURVE ( 'NONE', #2811, #3068, #2251, .T. ) ;
#3947 = CARTESIAN_POINT ( 'NONE',  ( 161.9999999999999716, 3.000000000000002665, -64.00000000000000000 ) ) ;
#3948 = AXIS2_PLACEMENT_3D ( 'NONE', #1812, #4942, #1430 ) ;
#3949 = EDGE_CURVE ( 'NONE', #2182, #1885, #1688, .T. ) ;
#3950 =( BOUNDED_CURVE ( )  B_SPLINE_CURVE ( 3, ( #1148, #773, #1423, #335 ),
 .UNSPECIFIED., .F., .T. ) 
 B_SPLINE_CURVE_WITH_KNOTS ( ( 4, 4 ),
 ( 1.570796326794895670, 3.141592653589793116 ),
 .UNSPECIFIED. ) 
 CURVE ( )  GEOMETRIC_REPRESENTATION_ITEM ( )  RATIONAL_B_SPLINE_CURVE ( ( 1.000000000000000000, 0.8047378541243648264, 0.8047378541243648264, 1.000000000000000000 ) ) 
 REPRESENTATION_ITEM ( '' )  );
#3951 = AXIS2_PLACEMENT_3D ( 'NONE', #4489, #2607, #2106 ) ;
#3952 = LINE ( 'NONE', #3486, #592 ) ;
#3953 = DIRECTION ( 'NONE',  ( -1.000000000000000000, -0.000000000000000000, -0.000000000000000000 ) ) ;
#3954 = ORIENTED_EDGE ( 'NONE', *, *, #4259, .T. ) ;
#3955 = VERTEX_POINT ( 'NONE', #4633 ) ;
#3956 = DIRECTION ( 'NONE',  ( 0.000000000000000000, 0.000000000000000000, -1.000000000000000000 ) ) ;
#3957 = DIRECTION ( 'NONE',  ( -1.000000000000000000, -0.000000000000000000, -0.000000000000000000 ) ) ;
#3958 = FACE_OUTER_BOUND ( 'NONE', #2282, .T. ) ;
#3959 = VERTEX_POINT ( 'NONE', #4936 ) ;
#3960 = CARTESIAN_POINT ( 'NONE',  ( 7.999999999999992895, 3.000000000000002665, 64.00000000000000000 ) ) ;
#3961 = DIRECTION ( 'NONE',  ( -0.000000000000000000, 0.000000000000000000, -1.000000000000000000 ) ) ;
#3962 = FACE_OUTER_BOUND ( 'NONE', #3407, .T. ) ;
#3963 = CIRCLE ( 'NONE', #1759, 1.500000000000003997 ) ;
#3964 = CYLINDRICAL_SURFACE ( 'NONE', #3381, 0.5000000000000004441 ) ;
#3965 = AXIS2_PLACEMENT_3D ( 'NONE', #153, #2437, #3610 ) ;
#3966 = CARTESIAN_POINT ( 'NONE',  ( 157.4999999999999716, 3.000000000000000000, 64.50000000000000000 ) ) ;
#3967 = ADVANCED_FACE ( 'NONE', ( #3099 ), #1836, .T. ) ;
#3968 = LINE ( 'NONE', #1230, #2502 ) ;
#3969 = EDGE_CURVE ( 'NONE', #339, #524, #3881, .T. ) ;
#3970 = ADVANCED_FACE ( 'NONE', ( #2640 ), #841, .T. ) ;
#3971 = EDGE_CURVE ( 'NONE', #2011, #1632, #3608, .T. ) ;
#3972 = APPLICATION_PROTOCOL_DEFINITION ( 'international standard', 'config_control_design', 1994, #1911 ) ;
#3973 = DIRECTION ( 'NONE',  ( 0.000000000000000000, 0.000000000000000000, -1.000000000000000000 ) ) ;
#3974 = DIRECTION ( 'NONE',  ( -0.000000000000000000, 1.000000000000000000, -0.000000000000000000 ) ) ;
#3975 = CARTESIAN_POINT ( 'NONE',  ( 12.85355339059324464, 1.146446609406760020, 59.64644660940672338 ) ) ;
#3976 = EDGE_LOOP ( 'NONE', ( #630, #4563, #3230, #699 ) ) ;
#3977 = ORIENTED_EDGE ( 'NONE', *, *, #4916, .T. ) ;
#3978 = CONICAL_SURFACE ( 'NONE', #160, 23.26794919243110726, 1.047197551196595189 ) ;
#3979 = FACE_OUTER_BOUND ( 'NONE', #173, .T. ) ;
#3980 = CARTESIAN_POINT ( 'NONE',  ( 161.9999999999999716, 3.000000000000002665, -59.50000000000000711 ) ) ;
#3981 = DIRECTION ( 'NONE',  ( 0.000000000000000000, 0.000000000000000000, -1.000000000000000000 ) ) ;
#3982 = CARTESIAN_POINT ( 'NONE',  ( -24.95626663143508139, 10.62180185532525556, 13.32687348075206302 ) ) ;
#3983 = DIRECTION ( 'NONE',  ( -1.000000000000000000, -9.251858538542954867E-15, 0.000000000000000000 ) ) ;
#3984 = CIRCLE ( 'NONE', #2928, 4.000000000000003553 ) ;
#3985 = ORIENTED_EDGE ( 'NONE', *, *, #1504, .F. ) ;
#3986 = ORIENTED_EDGE ( 'NONE', *, *, #394, .T. ) ;
#3987 = AXIS2_PLACEMENT_3D ( 'NONE', #4371, #1958, #4320 ) ;
#3988 = CARTESIAN_POINT ( 'NONE',  ( -29.95626663143508139, 59.75000000000000000, 13.32687348075206302 ) ) ;
#3989 = CARTESIAN_POINT ( 'NONE',  ( 12.49999999999999645, 1.000000000000000888, -64.50000000000000000 ) ) ;
#3990 = ORIENTED_EDGE ( 'NONE', *, *, #4232, .T. ) ;
#3991 = CARTESIAN_POINT ( 'NONE',  ( 157.4999999999999432, 3.000000000000007550, -60.00000000000000711 ) ) ;
#3992 = LINE ( 'NONE', #2903, #636 ) ;
#3993 = EDGE_LOOP ( 'NONE', ( #54, #165, #1265, #3660 ) ) ;
#3994 = PERSON_AND_ORGANIZATION ( #2440, #4600 ) ;
#3995 = FACE_OUTER_BOUND ( 'NONE', #1177, .T. ) ;
#3996 = CARTESIAN_POINT ( 'NONE',  ( 87.49999999999998579, 3.000000000000003109, 64.00000000000000000 ) ) ;
#3997 = EDGE_LOOP ( 'NONE', ( #3236, #1326 ) ) ;
#3998 = ADVANCED_FACE ( 'NONE', ( #362 ), #337, .F. ) ;
#3999 = ORIENTED_EDGE ( 'NONE', *, *, #4344, .T. ) ;
#4000 = ORIENTED_EDGE ( 'NONE', *, *, #2292, .T. ) ;
#4001 = ADVANCED_FACE ( 'NONE', ( #3401 ), #1882, .T. ) ;
#4002 = DIRECTION ( 'NONE',  ( -0.000000000000000000, 1.000000000000000000, -0.000000000000000000 ) ) ;
#4003 = EDGE_LOOP ( 'NONE', ( #4309, #4176, #1125, #3028, #3999, #1233 ) ) ;
#4004 = EDGE_CURVE ( 'NONE', #4538, #393, #140, .T. ) ;
#4005 = ADVANCED_FACE ( 'NONE', ( #2666 ), #4163, .F. ) ;
#4006 = CARTESIAN_POINT ( 'NONE',  ( 177.0000000000000000, 0.000000000000000000, 57.50000000000000000 ) ) ;
#4007 = VERTEX_POINT ( 'NONE', #676 ) ;
#4008 = FACE_BOUND ( 'NONE', #3839, .T. ) ;
#4009 = CARTESIAN_POINT ( 'NONE',  ( 82.99999999999997158, 3.000000000000000444, -59.50000000000000711 ) ) ;
#4010 = CARTESIAN_POINT ( 'NONE',  ( 167.9999999999999716, 0.000000000000000000, 0.000000000000000000 ) ) ;
#4011 = DIRECTION ( 'NONE',  ( 0.000000000000000000, 1.000000000000000000, 0.000000000000000000 ) ) ;
#4012 = ORIENTED_EDGE ( 'NONE', *, *, #4004, .T. ) ;
#4013 = CIRCLE ( 'NONE', #4840, 1.999999999999996669 ) ;
#4014 = CARTESIAN_POINT ( 'NONE',  ( -23.20626663143508495, 10.62180185532525556, 10.32687348075206302 ) ) ;
#4015 = VECTOR ( 'NONE', #3196, 1000.000000000000000 ) ;
#4016 = CIRCLE ( 'NONE', #924, 2.375000000000002220 ) ;
#4017 = DIRECTION ( 'NONE',  ( 1.000000000000000000, 0.000000000000000000, 0.000000000000000000 ) ) ;
#4018 = PLANE ( 'NONE',  #1843 ) ;
#4019 = ORIENTED_EDGE ( 'NONE', *, *, #1967, .T. ) ;
#4020 = AXIS2_PLACEMENT_3D ( 'NONE', #780, #2346, #1151 ) ;
#4021 = AXIS2_PLACEMENT_3D ( 'NONE', #2629, #3892, #738 ) ;
#4022 = DIRECTION ( 'NONE',  ( 0.000000000000000000, 1.000000000000000000, 0.000000000000000000 ) ) ;
#4023 = LINE ( 'NONE', #3542, #3826 ) ;
#4024 = CIRCLE ( 'NONE', #2480, 4.500000000000003553 ) ;
#4025 = EDGE_LOOP ( 'NONE', ( #3431, #4115, #168, #3942 ) ) ;
#4026 = VERTEX_POINT ( 'NONE', #3838 ) ;
#4027 = ORIENTED_EDGE ( 'NONE', *, *, #2823, .T. ) ;
#4028 = CIRCLE ( 'NONE', #4529, 2.499999999999996891 ) ;
#4029 = DIRECTION ( 'NONE',  ( -1.000000000000000000, 0.000000000000000000, 0.000000000000000000 ) ) ;
#4030 = ORIENTED_EDGE ( 'NONE', *, *, #5033, .F. ) ;
#4031 = CIRCLE ( 'NONE', #1831, 2.500000000000002220 ) ;
#4032 = EDGE_CURVE ( 'NONE', #3353, #4376, #4016, .T. ) ;
#4033 = DIRECTION ( 'NONE',  ( -0.000000000000000000, -1.000000000000000000, -0.000000000000000000 ) ) ;
#4034 = VERTEX_POINT ( 'NONE', #3813 ) ;
#4035 = EDGE_CURVE ( 'NONE', #2298, #3641, #2689, .T. ) ;
#4036 = LINE ( 'NONE', #3227, #1971 ) ;
#4037 = EDGE_CURVE ( 'NONE', #3403, #3192, #764, .T. ) ;
#4038 = CARTESIAN_POINT ( 'NONE',  ( 80.49999999999998579, 3.000000000000000444, -59.50000000000000711 ) ) ;
#4039 = DIRECTION ( 'NONE',  ( -0.7071067811865573427, 0.7071067811865376918, 0.000000000000000000 ) ) ;
#4040 = ORIENTED_EDGE ( 'NONE', *, *, #543, .T. ) ;
#4041 = AXIS2_PLACEMENT_3D ( 'NONE', #3126, #3929, #436 ) ;
#4042 = CARTESIAN_POINT ( 'NONE',  ( 89.49999999999998579, 1.000000000000027756, -64.50000000000000000 ) ) ;
#4043 = FACE_OUTER_BOUND ( 'NONE', #3900, .T. ) ;
#4044 = CARTESIAN_POINT ( 'NONE',  ( 89.99999999999997158, 3.000000000000000444, -59.50000000000000711 ) ) ;
#4045 = AXIS2_PLACEMENT_3D ( 'NONE', #4409, #862, #495 ) ;
#4046 = DIRECTION ( 'NONE',  ( -1.000000000000000000, 0.000000000000000000, -0.000000000000000000 ) ) ;
#4047 = DIRECTION ( 'NONE',  ( 0.000000000000000000, -0.000000000000000000, -1.000000000000000000 ) ) ;
#4048 = CARTESIAN_POINT ( 'NONE',  ( -23.20626663143508495, 40.62180185532525201, 13.32687348075206302 ) ) ;
#4049 = EDGE_LOOP ( 'NONE', ( #3464, #4725, #251, #1685, #898, #2364 ) ) ;
#4050 = CARTESIAN_POINT ( 'NONE',  ( 84.99999999999997158, 3.000000000000000444, -59.50000000000000711 ) ) ;
#4051 = ORIENTED_EDGE ( 'NONE', *, *, #1537, .T. ) ;
#4052 = DESIGN_CONTEXT ( 'detailed design', #1911, 'design' ) ;
#4053 = ORIENTED_EDGE ( 'NONE', *, *, #3629, .T. ) ;
#4054 = AXIS2_PLACEMENT_3D ( 'NONE', #1465, #3836, #4187 ) ;
#4055 = EDGE_CURVE ( 'NONE', #3193, #2954, #1366, .T. ) ;
#4056 = PLANE ( 'NONE',  #1733 ) ;
#4057 = CIRCLE ( 'NONE', #2018, 20.00000000000000000 ) ;
#4058 = EDGE_LOOP ( 'NONE', ( #1860, #1231, #3130, #2724 ) ) ;
#4059 = DIRECTION ( 'NONE',  ( 0.000000000000000000, 0.000000000000000000, 1.000000000000000000 ) ) ;
#4060 = VERTEX_POINT ( 'NONE', #2562 ) ;
#4061 = EDGE_CURVE ( 'NONE', #3482, #386, #1026, .T. ) ;
#4062 = ORIENTED_EDGE ( 'NONE', *, *, #86, .F. ) ;
#4063 = ADVANCED_FACE ( 'NONE', ( #3729 ), #239, .T. ) ;
#4064 = EDGE_CURVE ( 'NONE', #3526, #1678, #4430, .T. ) ;
#4065 = CIRCLE ( 'NONE', #2696, 6.999999999999999112 ) ;
#4066 = CARTESIAN_POINT ( 'NONE',  ( 89.49999999999998579, 3.000000000000000444, -60.00000000000000711 ) ) ;
#4067 = ORIENTED_EDGE ( 'NONE', *, *, #4606, .F. ) ;
#4068 = DIRECTION ( 'NONE',  ( 0.000000000000000000, -1.000000000000000000, 0.000000000000000000 ) ) ;
#4069 = CIRCLE ( 'NONE', #3668, 0.5000000000000004441 ) ;
#4070 = ADVANCED_FACE ( 'NONE', ( #3594 ), #4366, .F. ) ;
#4071 = CARTESIAN_POINT ( 'NONE',  ( 177.0010000000000048, 50.62180185532525911, 13.32687348075206302 ) ) ;
#4072 = CARTESIAN_POINT ( 'NONE',  ( 157.4999999999999716, 1.000000000000000888, -59.50000000000000711 ) ) ;
#4073 = ORIENTED_EDGE ( 'NONE', *, *, #4286, .F. ) ;
#4074 = DIRECTION ( 'NONE',  ( 0.000000000000000000, 1.000000000000000000, 0.000000000000000000 ) ) ;
#4075 = ORIENTED_EDGE ( 'NONE', *, *, #2067, .F. ) ;
#4076 = ORIENTED_EDGE ( 'NONE', *, *, #4831, .F. ) ;
#4077 =( BOUNDED_CURVE ( )  B_SPLINE_CURVE ( 3, ( #4662, #486, #2376, #2330 ),
 .UNSPECIFIED., .F., .F. ) 
 B_SPLINE_CURVE_WITH_KNOTS ( ( 4, 4 ),
 ( 3.141592653589792228, 3.926990816987241839 ),
 .UNSPECIFIED. ) 
 CURVE ( )  GEOMETRIC_REPRESENTATION_ITEM ( )  RATIONAL_B_SPLINE_CURVE ( ( 1.000000000000000000, 0.9492530216741910110, 0.9492530216741910110, 1.000000000000000000 ) ) 
 REPRESENTATION_ITEM ( '' )  );
#4078 = DIRECTION ( 'NONE',  ( -0.000000000000000000, -1.000000000000000000, -0.000000000000000000 ) ) ;
#4079 = ORIENTED_EDGE ( 'NONE', *, *, #1411, .T. ) ;
#4080 = LINE ( 'NONE', #1365, #432 ) ;
#4081 = ORIENTED_EDGE ( 'NONE', *, *, #1909, .T. ) ;
#4082 = DIRECTION ( 'NONE',  ( -0.000000000000000000, 1.000000000000000000, -0.000000000000000000 ) ) ;
#4083 = EDGE_LOOP ( 'NONE', ( #3592, #1541 ) ) ;
#4084 = CARTESIAN_POINT ( 'NONE',  ( 79.99999999999998579, 1.000000000000028644, -64.00000000000000000 ) ) ;
#4085 = ORIENTED_EDGE ( 'NONE', *, *, #1280, .T. ) ;
#4086 = VERTEX_POINT ( 'NONE', #1982 ) ;
#4087 = CARTESIAN_POINT ( 'NONE',  ( 12.49999999999999645, 3.000000000000002665, -59.50000000000000711 ) ) ;
#4088 = AXIS2_PLACEMENT_3D ( 'NONE', #2321, #3880, #3019 ) ;
#4089 = CALENDAR_DATE ( 2026, 21, 4 ) ;
#4090 = ORIENTED_EDGE ( 'NONE', *, *, #1589, .F. ) ;
#4091 = CYLINDRICAL_SURFACE ( 'NONE', #3455, 4.000000000000000000 ) ;
#4092 = EDGE_CURVE ( 'NONE', #2650, #1010, #2051, .T. ) ;
#4093 = ORIENTED_EDGE ( 'NONE', *, *, #2266, .F. ) ;
#4094 = AXIS2_PLACEMENT_3D ( 'NONE', #2009, #4420, #538 ) ;
#4095 = CARTESIAN_POINT ( 'NONE',  ( -23.58978532125297534, 0.4601269880709563664, 13.32687348075206657 ) ) ;
#4096 = EDGE_CURVE ( 'NONE', #4128, #3337, #2815, .T. ) ;
#4097 = DIRECTION ( 'NONE',  ( -0.000000000000000000, 1.000000000000000000, 0.000000000000000000 ) ) ;
#4098 = ADVANCED_FACE ( 'NONE', ( #872 ), #3177, .T. ) ;
#4099 = AXIS2_PLACEMENT_3D ( 'NONE', #2714, #2327, #30 ) ;
#4100 = DIRECTION ( 'NONE',  ( 0.000000000000000000, 0.000000000000000000, -1.000000000000000000 ) ) ;
#4101 = VERTEX_POINT ( 'NONE', #3651 ) ;
#4102 = ORIENTED_EDGE ( 'NONE', *, *, #3529, .T. ) ;
#4103 = VECTOR ( 'NONE', #1022, 1000.000000000000000 ) ;
#4104 = AXIS2_PLACEMENT_3D ( 'NONE', #1513, #3458, #3090 ) ;
#4105 = DIRECTION ( 'NONE',  ( 1.000000000000000000, 0.000000000000000000, 0.000000000000000000 ) ) ;
#4106 = LINE ( 'NONE', #616, #565 ) ;
#4107 = DIRECTION ( 'NONE',  ( 0.000000000000000000, 0.000000000000000000, -1.000000000000000000 ) ) ;
#4108 = CARTESIAN_POINT ( 'NONE',  ( 89.99999999999998579, 0.9999999999999408251, 64.00000000000000000 ) ) ;
#4109 = DIRECTION ( 'NONE',  ( -1.000000000000000000, 0.000000000000000000, 0.000000000000000000 ) ) ;
#4110 = AXIS2_PLACEMENT_3D ( 'NONE', #4200, #2649, #1917 ) ;
#4111 = ORIENTED_EDGE ( 'NONE', *, *, #3665, .F. ) ;
#4112 = VERTEX_POINT ( 'NONE', #2032 ) ;
#4113 = VECTOR ( 'NONE', #4437, 1000.000000000000000 ) ;
#4114 = CARTESIAN_POINT ( 'NONE',  ( 164.4999999999999716, 3.000000000000000444, 64.00000000000000000 ) ) ;
#4115 = ORIENTED_EDGE ( 'NONE', *, *, #237, .F. ) ;
#4116 = ORIENTED_EDGE ( 'NONE', *, *, #3113, .T. ) ;
#4117 = DIRECTION ( 'NONE',  ( -0.5773502691896310601, -0.5773502691896151839, -0.5773502691896310601 ) ) ;
#4118 = COORDINATED_UNIVERSAL_TIME_OFFSET ( 6, 0, .BEHIND. ) ;
#4119 = ORIENTED_EDGE ( 'NONE', *, *, #1561, .T. ) ;
#4120 = DIRECTION ( 'NONE',  ( 0.000000000000000000, 0.000000000000000000, 1.000000000000000000 ) ) ;
#4121 = CARTESIAN_POINT ( 'NONE',  ( -24.00027914688778097, 0.2909197312101918786, 13.32687348075206302 ) ) ;
#4122 = EDGE_CURVE ( 'NONE', #4480, #465, #3208, .T. ) ;
#4123 = DIRECTION ( 'NONE',  ( 1.000000000000000000, -0.000000000000000000, 0.000000000000000000 ) ) ;
#4124 = DIRECTION ( 'NONE',  ( -0.5773502691896310601, -0.5773502691896151839, 0.5773502691896310601 ) ) ;
#4125 = CARTESIAN_POINT ( 'NONE',  ( 8.000000000000000000, 3.000000000000002665, -64.00000000000000000 ) ) ;
#4126 = AXIS2_PLACEMENT_3D ( 'NONE', #2632, #4179, #743 ) ;
#4127 = DIRECTION ( 'NONE',  ( 0.000000000000000000, 0.000000000000000000, 1.000000000000000000 ) ) ;
#4128 = VERTEX_POINT ( 'NONE', #4394 ) ;
#4129 = ORIENTED_EDGE ( 'NONE', *, *, #2643, .T. ) ;
#4130 = EDGE_CURVE ( 'NONE', #1957, #2466, #2373, .T. ) ;
#4131 = VECTOR ( 'NONE', #204, 1000.000000000000000 ) ;
#4132 = ADVANCED_FACE ( 'NONE', ( #899 ), #4732, .F. ) ;
#4133 = CARTESIAN_POINT ( 'NONE',  ( 12.49999999999998401, 3.000000000000002665, 60.00000000000000711 ) ) ;
#4134 = CARTESIAN_POINT ( 'NONE',  ( 80.49999999999998579, 1.500000000000008216, -64.50000000000000000 ) ) ;
#4135 = CARTESIAN_POINT ( 'NONE',  ( -38.45626663143507784, 61.75000000000000000, 13.32687348075206302 ) ) ;
#4136 = CARTESIAN_POINT ( 'NONE',  ( 8.000000000000000000, 3.000000000000002665, -59.50000000000000711 ) ) ;
#4137 = CC_DESIGN_PERSON_AND_ORGANIZATION_ASSIGNMENT ( #3214, #3562, ( #4318 ) ) ;
#4138 = DIRECTION ( 'NONE',  ( -0.000000000000000000, -1.000000000000000000, -0.000000000000000000 ) ) ;
#4139 = ORIENTED_EDGE ( 'NONE', *, *, #17, .T. ) ;
#4140 = ORIENTED_EDGE ( 'NONE', *, *, #4795, .F. ) ;
#4141 = DIRECTION ( 'NONE',  ( 0.000000000000000000, 0.000000000000000000, -1.000000000000000000 ) ) ;
#4142 = ORIENTED_EDGE ( 'NONE', *, *, #3386, .F. ) ;
#4143 = DIRECTION ( 'NONE',  ( 0.000000000000000000, 1.000000000000000000, 0.000000000000000000 ) ) ;
#4144 =( BOUNDED_CURVE ( )  B_SPLINE_CURVE ( 3, ( #733, #1506, #4559, #1526 ),
 .UNSPECIFIED., .F., .T. ) 
 B_SPLINE_CURVE_WITH_KNOTS ( ( 4, 4 ),
 ( 2.356194490192367041, 3.141592653589793116 ),
 .UNSPECIFIED. ) 
 CURVE ( )  GEOMETRIC_REPRESENTATION_ITEM ( )  RATIONAL_B_SPLINE_CURVE ( ( 1.000000000000000000, 0.9492530216741938975, 0.9492530216741938975, 1.000000000000000000 ) ) 
 REPRESENTATION_ITEM ( '' )  );
#4145 = CARTESIAN_POINT ( 'NONE',  ( 166.9999999999999716, 0.000000000000000000, -59.50000000000000711 ) ) ;
#4146 = ORIENTED_EDGE ( 'NONE', *, *, #332, .T. ) ;
#4147 = VERTEX_POINT ( 'NONE', #1623 ) ;
#4148 = VECTOR ( 'NONE', #1682, 1000.000000000000000 ) ;
#4149 = EDGE_LOOP ( 'NONE', ( #3385, #3445, #875, #4669, #3809, #1061, #2673 ) ) ;
#4150 = DIRECTION ( 'NONE',  ( 0.000000000000000000, 0.000000000000000000, -1.000000000000000000 ) ) ;
#4151 = ORIENTED_EDGE ( 'NONE', *, *, #3759, .F. ) ;
#4152 = CIRCLE ( 'NONE', #3658, 4.000000000000000000 ) ;
#4153 = DIRECTION ( 'NONE',  ( 0.000000000000000000, 0.000000000000000000, -1.000000000000000000 ) ) ;
#4154 = CARTESIAN_POINT ( 'NONE',  ( -21.41954159403425351, 10.62180185532525556, 13.32687348075206302 ) ) ;
#4155 = CIRCLE ( 'NONE', #4652, 4.999999999999990230 ) ;
#4156 = PLANE ( 'NONE',  #1329 ) ;
#4157 = VERTEX_POINT ( 'NONE', #2534 ) ;
#4158 = CARTESIAN_POINT ( 'NONE',  ( 155.9999999999999716, 0.000000000000000000, 64.50000000000000000 ) ) ;
#4159 = DIRECTION ( 'NONE',  ( 0.000000000000000000, 0.000000000000000000, -1.000000000000000000 ) ) ;
#4160 = CARTESIAN_POINT ( 'NONE',  ( -21.41954159403426416, 40.00000000000000000, 17.32687348075206302 ) ) ;
#4161 = ORIENTED_EDGE ( 'NONE', *, *, #141, .F. ) ;
#4162 = LINE ( 'NONE', #2532, #4184 ) ;
#4163 = PLANE ( 'NONE',  #1164 ) ;
#4164 = EDGE_CURVE ( 'NONE', #4801, #2423, #2621, .T. ) ;
#4165 = ORIENTED_EDGE ( 'NONE', *, *, #2097, .F. ) ;
#4166 = EDGE_CURVE ( 'NONE', #583, #4471, #4497, .T. ) ;
#4167 = DIRECTION ( 'NONE',  ( 0.000000000000000000, -1.000000000000000000, 0.000000000000000000 ) ) ;
#4168 = ORIENTED_EDGE ( 'NONE', *, *, #390, .T. ) ;
#4169 = PLANE ( 'NONE',  #1973 ) ;
#4170 = EDGE_CURVE ( 'NONE', #2095, #2331, #4192, .T. ) ;
#4171 = ADVANCED_FACE ( 'NONE', ( #3423 ), #2592, .T. ) ;
#4172 = DIRECTION ( 'NONE',  ( -1.000000000000000000, 0.000000000000000000, 0.000000000000000000 ) ) ;
#4173 = CARTESIAN_POINT ( 'NONE',  ( 0.000000000000000000, 0.000000000000000000, -64.50000000000000000 ) ) ;
#4174 = ORIENTED_EDGE ( 'NONE', *, *, #2417, .T. ) ;
#4175 = DIRECTION ( 'NONE',  ( 1.000000000000000000, 0.000000000000000000, 0.000000000000000000 ) ) ;
#4176 = ORIENTED_EDGE ( 'NONE', *, *, #1877, .T. ) ;
#4177 = CARTESIAN_POINT ( 'NONE',  ( 0.000000000000000000, 0.000000000000000000, -58.50000000000002842 ) ) ;
#4178 = ORIENTED_EDGE ( 'NONE', *, *, #4513, .T. ) ;
#4179 = DIRECTION ( 'NONE',  ( -0.000000000000000000, -0.000000000000000000, 1.000000000000000000 ) ) ;
#4180 = CARTESIAN_POINT ( 'NONE',  ( 12.99999999999999822, 3.000000000000002665, -64.00000000000000000 ) ) ;
#4181 = AXIS2_PLACEMENT_3D ( 'NONE', #4748, #1236, #4360 ) ;
#4182 = FACE_OUTER_BOUND ( 'NONE', #1595, .T. ) ;
#4183 = VERTEX_POINT ( 'NONE', #1785 ) ;
#4184 = VECTOR ( 'NONE', #2970, 1000.000000000000000 ) ;
#4185 = AXIS2_PLACEMENT_3D ( 'NONE', #4499, #996, #586 ) ;
#4186 = CYLINDRICAL_SURFACE ( 'NONE', #2801, 4.999999999999997335 ) ;
#4187 = DIRECTION ( 'NONE',  ( -4.625929269271481378E-15, -1.000000000000000000, 0.000000000000000000 ) ) ;
#4188 = FACE_OUTER_BOUND ( 'NONE', #818, .T. ) ;
#4189 = LINE ( 'NONE', #2616, #3285 ) ;
#4190 = CARTESIAN_POINT ( 'NONE',  ( 157.2414680083012684, 1.051425210512172415, 59.55142521051217130 ) ) ;
#4191 = AXIS2_PLACEMENT_3D ( 'NONE', #2191, #1389, #2967 ) ;
#4192 = LINE ( 'NONE', #709, #1237 ) ;
#4193 = AXIS2_PLACEMENT_3D ( 'NONE', #4638, #3886, #2742 ) ;
#4194 = CIRCLE ( 'NONE', #2566, 1.500000000000003997 ) ;
#4195 = ORIENTED_EDGE ( 'NONE', *, *, #2485, .F. ) ;
#4196 = FACE_OUTER_BOUND ( 'NONE', #4782, .T. ) ;
#4197 = EDGE_CURVE ( 'NONE', #4183, #1629, #5000, .T. ) ;
#4198 = CARTESIAN_POINT ( 'NONE',  ( -21.41954159403426416, 10.62180185532525556, 17.32687348075206302 ) ) ;
#4199 = DIRECTION ( 'NONE',  ( 0.000000000000000000, 0.000000000000000000, -1.000000000000000000 ) ) ;
#4200 = CARTESIAN_POINT ( 'NONE',  ( -38.45626663143507784, 0.000000000000000000, 13.32687348075206302 ) ) ;
#4201 = ORIENTED_EDGE ( 'NONE', *, *, #4698, .T. ) ;
#4202 = EDGE_CURVE ( 'NONE', #3600, #557, #1811, .T. ) ;
#4203 = CIRCLE ( 'NONE', #4621, 2.000000000000001776 ) ;
#4204 = EDGE_CURVE ( 'NONE', #4208, #3743, #3815, .T. ) ;
#4205 = ORIENTED_EDGE ( 'NONE', *, *, #1224, .F. ) ;
#4206 = CARTESIAN_POINT ( 'NONE',  ( 0.000000000000000000, 40.62180185532525201, 0.000000000000000000 ) ) ;
#4207 = CARTESIAN_POINT ( 'NONE',  ( -26.20626663143508495, 40.00000000000000000, 13.32687348075206302 ) ) ;
#4208 = VERTEX_POINT ( 'NONE', #4985 ) ;
#4209 = VECTOR ( 'NONE', #3433, 1000.000000000000000 ) ;
#4210 = VERTEX_POINT ( 'NONE', #1472 ) ;
#4211 = DIRECTION ( 'NONE',  ( 0.000000000000000000, 0.000000000000000000, 1.000000000000000000 ) ) ;
#4212 = CARTESIAN_POINT ( 'NONE',  ( 12.99999999999998401, 1.000000000000028644, 59.50000000000000711 ) ) ;
#4213 = AXIS2_PLACEMENT_3D ( 'NONE', #3412, #2658, #2289 ) ;
#4214 = DIRECTION ( 'NONE',  ( -0.000000000000000000, 0.000000000000000000, -1.000000000000000000 ) ) ;
#4215 = CARTESIAN_POINT ( 'NONE',  ( 157.3656194489676352, 1.000000000000001332, 59.50000000000000711 ) ) ;
#4216 = AXIS2_PLACEMENT_3D ( 'NONE', #1142, #4327, #1118 ) ;
#4217 = ORIENTED_EDGE ( 'NONE', *, *, #1626, .F. ) ;
#4218 = CARTESIAN_POINT ( 'NONE',  ( 2.571758278209440478E-15, 55.00000000000000000, -20.99999999999998934 ) ) ;
#4219 = DIRECTION ( 'NONE',  ( 0.000000000000000000, 0.000000000000000000, 1.000000000000000000 ) ) ;
#4220 = ORIENTED_EDGE ( 'NONE', *, *, #3264, .T. ) ;
#4221 = CARTESIAN_POINT ( 'NONE',  ( -25.31365017401158823, 40.00000000000000000, 16.41258776646634843 ) ) ;
#4222 = CARTESIAN_POINT ( 'NONE',  ( -23.20626663143508495, 20.62180185532525556, 10.32687348075206302 ) ) ;
#4223 = ORIENTED_EDGE ( 'NONE', *, *, #1309, .F. ) ;
#4224 = CARTESIAN_POINT ( 'NONE',  ( -21.90348152247470637, 0.000000000000000000, 19.00624889857568434 ) ) ;
#4225 = ORIENTED_EDGE ( 'NONE', *, *, #2513, .T. ) ;
#4226 = EDGE_CURVE ( 'NONE', #2744, #819, #4682, .T. ) ;
#4227 = DIRECTION ( 'NONE',  ( -1.000000000000000000, 0.000000000000000000, 0.000000000000000000 ) ) ;
#4228 = ORIENTED_EDGE ( 'NONE', *, *, #2001, .F. ) ;
#4229 = EDGE_CURVE ( 'NONE', #3655, #3574, #1898, .T. ) ;
#4230 = VECTOR ( 'NONE', #1640, 1000.000000000000000 ) ;
#4231 = LINE ( 'NONE', #1826, #1266 ) ;
#4232 = EDGE_CURVE ( 'NONE', #2130, #2466, #4250, .T. ) ;
#4233 = ADVANCED_FACE ( 'NONE', ( #1396, #98 ), #530, .F. ) ;
#4234 = CARTESIAN_POINT ( 'NONE',  ( 89.75853199169870322, 1.051425210512112018, 59.55142521051218552 ) ) ;
#4235 = CIRCLE ( 'NONE', #167, 4.500000000000003553 ) ;
#4236 = ORIENTED_EDGE ( 'NONE', *, *, #2825, .F. ) ;
#4237 = ORIENTED_EDGE ( 'NONE', *, *, #2029, .T. ) ;
#4238 = VECTOR ( 'NONE', #4934, 1000.000000000000000 ) ;
#4239 = DIRECTION ( 'NONE',  ( -1.000000000000000000, 0.000000000000000000, 0.000000000000000000 ) ) ;
#4240 = CARTESIAN_POINT ( 'NONE',  ( -26.20626663143508495, 50.62180185532525911, 13.32687348075206302 ) ) ;
#4241 = DIRECTION ( 'NONE',  ( 1.000000000000000000, 0.000000000000000000, 0.000000000000000000 ) ) ;
#4242 = CARTESIAN_POINT ( 'NONE',  ( 89.99999999999998579, 0.9999999999999408251, 60.00000000000000711 ) ) ;
#4243 = EDGE_LOOP ( 'NONE', ( #1322, #182, #3762, #2770 ) ) ;
#4244 = ORIENTED_EDGE ( 'NONE', *, *, #3732, .F. ) ;
#4245 = FACE_BOUND ( 'NONE', #948, .T. ) ;
#4246 = DIRECTION ( 'NONE',  ( -1.000000000000000000, 0.000000000000000000, 0.000000000000000000 ) ) ;
#4247 = LINE ( 'NONE', #3819, #1528 ) ;
#4248 = CARTESIAN_POINT ( 'NONE',  ( 3.000000000000002665, 1.000000000000028644, 64.00000000000000000 ) ) ;
#4249 = VERTEX_POINT ( 'NONE', #2105 ) ;
#4250 = LINE ( 'NONE', #2332, #3776 ) ;
#4251 = DIRECTION ( 'NONE',  ( -0.7071067811865604513, -0.7071067811865344721, 0.000000000000000000 ) ) ;
#4252 = ORIENTED_EDGE ( 'NONE', *, *, #3694, .T. ) ;
#4253 = FACE_OUTER_BOUND ( 'NONE', #192, .T. ) ;
#4254 = EDGE_CURVE ( 'NONE', #4876, #2700, #3675, .T. ) ;
#4255 = ORIENTED_EDGE ( 'NONE', *, *, #4260, .F. ) ;
#4256 = DIRECTION ( 'NONE',  ( -0.000000000000000000, 1.000000000000000000, -0.000000000000000000 ) ) ;
#4257 = ORIENTED_EDGE ( 'NONE', *, *, #4582, .T. ) ;
#4258 = ORIENTED_EDGE ( 'NONE', *, *, #3264, .F. ) ;
#4259 = EDGE_CURVE ( 'NONE', #1498, #2628, #1565, .T. ) ;
#4260 = EDGE_CURVE ( 'NONE', #120, #3270, #2865, .T. ) ;
#4261 = FACE_BOUND ( 'NONE', #330, .T. ) ;
#4262 = CIRCLE ( 'NONE', #4593, 0.5000000000000004441 ) ;
#4263 = CARTESIAN_POINT ( 'NONE',  ( 157.4999999999999716, 1.000000000000000888, 59.50000000000000711 ) ) ;
#4264 = ORIENTED_EDGE ( 'NONE', *, *, #4916, .F. ) ;
#4265 = ORIENTED_EDGE ( 'NONE', *, *, #2412, .F. ) ;
#4266 = AXIS2_PLACEMENT_3D ( 'NONE', #1295, #4337, #3245 ) ;
#4267 = CARTESIAN_POINT ( 'NONE',  ( 84.99999999999997158, 3.000000000000002665, 64.00000000000000000 ) ) ;
#4268 = DIRECTION ( 'NONE',  ( 0.000000000000000000, 0.000000000000000000, 1.000000000000000000 ) ) ;
#4269 = VECTOR ( 'NONE', #4912, 1000.000000000000000 ) ;
#4270 = CARTESIAN_POINT ( 'NONE',  ( 3.000000000000002665, 1.000000000000028644, 64.00000000000000000 ) ) ;
#4271 = ORIENTED_EDGE ( 'NONE', *, *, #4816, .F. ) ;
#4272 = AXIS2_PLACEMENT_3D ( 'NONE', #1799, #3261, #4120 ) ;
#4273 = CARTESIAN_POINT ( 'NONE',  ( 12.49999999999998401, 1.500000000000014433, 64.50000000000000000 ) ) ;
#4274 = CYLINDRICAL_SURFACE ( 'NONE', #3379, 6.999999999999999112 ) ;
#4275 = ORIENTED_EDGE ( 'NONE', *, *, #2825, .T. ) ;
#4276 = DIRECTION ( 'NONE',  ( -0.000000000000000000, 1.000000000000000000, -0.000000000000000000 ) ) ;
#4277 = VERTEX_POINT ( 'NONE', #1761 ) ;
#4278 =( BOUNDED_CURVE ( )  B_SPLINE_CURVE ( 3, ( #1601, #1578, #3599, #4710 ),
 .UNSPECIFIED., .F., .T. ) 
 B_SPLINE_CURVE_WITH_KNOTS ( ( 4, 4 ),
 ( 3.141592653589793116, 3.926990816987222299 ),
 .UNSPECIFIED. ) 
 CURVE ( )  GEOMETRIC_REPRESENTATION_ITEM ( )  RATIONAL_B_SPLINE_CURVE ( ( 1.000000000000000000, 0.9492530216741936755, 0.9492530216741936755, 1.000000000000000000 ) ) 
 REPRESENTATION_ITEM ( '' )  );
#4279 = AXIS2_PLACEMENT_3D ( 'NONE', #4071, #2104, #4046 ) ;
#4280 = ORIENTED_EDGE ( 'NONE', *, *, #3142, .T. ) ;
#4281 = DIRECTION ( 'NONE',  ( -0.000000000000000000, 1.000000000000000000, 0.000000000000000000 ) ) ;
#4282 = ADVANCED_FACE ( 'NONE', ( #4864 ), #1274, .F. ) ;
#4283 = PLANE ( 'NONE',  #4683 ) ;
#4284 = LINE ( 'NONE', #382, #3488 ) ;
#4285 = DIRECTION ( 'NONE',  ( 0.000000000000000000, 0.000000000000000000, -1.000000000000000000 ) ) ;
#4286 = EDGE_CURVE ( 'NONE', #3765, #2259, #4837, .T. ) ;
#4287 = EDGE_CURVE ( 'NONE', #4376, #2025, #1344, .T. ) ;
#4288 = ORIENTED_EDGE ( 'NONE', *, *, #2157, .T. ) ;
#4289 = DIRECTION ( 'NONE',  ( 0.000000000000000000, 1.000000000000000000, 0.000000000000000000 ) ) ;
#4290 = AXIS2_PLACEMENT_3D ( 'NONE', #2499, #2109, #97 ) ;
#4291 = DIRECTION ( 'NONE',  ( -0.000000000000000000, 1.000000000000000000, -0.000000000000000000 ) ) ;
#4292 = CC_DESIGN_PERSON_AND_ORGANIZATION_ASSIGNMENT ( #2049, #4484, ( #1313 ) ) ;
#4293 = DIRECTION ( 'NONE',  ( -1.000000000000000000, -0.000000000000000000, -0.000000000000000000 ) ) ;
#4294 = FACE_OUTER_BOUND ( 'NONE', #148, .T. ) ;
#4295 = ORIENTED_EDGE ( 'NONE', *, *, #387, .F. ) ;
#4296 = ORIENTED_EDGE ( 'NONE', *, *, #1687, .F. ) ;
#4297 = PLANE ( 'NONE',  #887 ) ;
#4298 = VERTEX_POINT ( 'NONE', #2064 ) ;
#4299 = CARTESIAN_POINT ( 'NONE',  ( 166.4999999999999716, 3.000000000000000000, 64.00000000000000000 ) ) ;
#4300 = DIRECTION ( 'NONE',  ( -1.000000000000000000, 4.336808689942013792E-15, 0.000000000000000000 ) ) ;
#4301 = ORIENTED_EDGE ( 'NONE', *, *, #4822, .T. ) ;
#4302 =( BOUNDED_CURVE ( )  B_SPLINE_CURVE ( 3, ( #4408, #152, #1351, #1741 ),
 .UNSPECIFIED., .F., .F. ) 
 B_SPLINE_CURVE_WITH_KNOTS ( ( 4, 4 ),
 ( 0.000000000000000000, 0.7853981633974433940 ),
 .UNSPECIFIED. ) 
 CURVE ( )  GEOMETRIC_REPRESENTATION_ITEM ( )  RATIONAL_B_SPLINE_CURVE ( ( 1.000000000000000000, 0.9492530216741918991, 0.9492530216741918991, 1.000000000000000000 ) ) 
 REPRESENTATION_ITEM ( '' )  );
#4303 = AXIS2_PLACEMENT_3D ( 'NONE', #51, #2394, #4826 ) ;
#4304 = CARTESIAN_POINT ( 'NONE',  ( 166.9999999999999716, 1.000000000000001332, 64.29289321881346098 ) ) ;
#4305 = CARTESIAN_POINT ( 'NONE',  ( 89.85355339059324820, 1.146446609406746253, -59.64644660940671628 ) ) ;
#4306 = VECTOR ( 'NONE', #4783, 1000.000000000000000 ) ;
#4307 = CIRCLE ( 'NONE', #1449, 1.999999999999996669 ) ;
#4308 = ORIENTED_EDGE ( 'NONE', *, *, #2541, .T. ) ;
#4309 = ORIENTED_EDGE ( 'NONE', *, *, #2269, .F. ) ;
#4310 = TOROIDAL_SURFACE ( 'NONE', #4571, 4.499999999999997335, 0.5000000000000000000 ) ;
#4311 = DIRECTION ( 'NONE',  ( -0.000000000000000000, 0.000000000000000000, -1.000000000000000000 ) ) ;
#4312 = DIRECTION ( 'NONE',  ( -8.737866397512806748E-15, 0.000000000000000000, 1.000000000000000000 ) ) ;
#4313 = EDGE_CURVE ( 'NONE', #3403, #1814, #4601, .T. ) ;
#4314 = AXIS2_PLACEMENT_3D ( 'NONE', #672, #263, #2040 ) ;
#4315 = DIRECTION ( 'NONE',  ( 1.000000000000000000, 0.000000000000000000, 0.000000000000000000 ) ) ;
#4316 = CARTESIAN_POINT ( 'NONE',  ( 0.000000000000000000, 55.00000000000000000, 0.000000000000000000 ) ) ;
#4317 = EDGE_LOOP ( 'NONE', ( #4205, #3083, #3846, #1154 ) ) ;
#4318 = PRODUCT ( 'BoxBase_Default_sldprt', 'BoxBase_Default_sldprt', '', ( #3587 ) ) ;
#4319 = EDGE_CURVE ( 'NONE', #2548, #3207, #4514, .T. ) ;
#4320 = DIRECTION ( 'NONE',  ( 0.000000000000000000, 0.000000000000000000, 1.000000000000000000 ) ) ;
#4321 = ADVANCED_FACE ( 'NONE', ( #2917 ), #1314, .T. ) ;
#4322 = DIRECTION ( 'NONE',  ( -1.000000000000000000, 0.000000000000000000, 0.000000000000000000 ) ) ;
#4323 = ORIENTED_EDGE ( 'NONE', *, *, #1664, .F. ) ;
#4324 = CARTESIAN_POINT ( 'NONE',  ( 90.99999999999995737, 0.000000000000000000, 58.50000000000002842 ) ) ;
#4325 = CARTESIAN_POINT ( 'NONE',  ( 80.14644660940669496, 1.146446609406662986, 59.64644660940672338 ) ) ;
#4326 = CYLINDRICAL_SURFACE ( 'NONE', #2828, 0.5000000000000004441 ) ;
#4327 = DIRECTION ( 'NONE',  ( -0.000000000000000000, 0.000000000000000000, 1.000000000000000000 ) ) ;
#4328 = ORIENTED_EDGE ( 'NONE', *, *, #2957, .T. ) ;
#4329 = DIRECTION ( 'NONE',  ( -0.000000000000000000, -0.000000000000000000, 1.000000000000000000 ) ) ;
#4330 = DIRECTION ( 'NONE',  ( 0.7071067811865573427, -0.7071067811865378028, 0.000000000000000000 ) ) ;
#4331 = DIRECTION ( 'NONE',  ( 0.000000000000000000, 0.000000000000000000, -1.000000000000000000 ) ) ;
#4332 = VERTEX_POINT ( 'NONE', #2454 ) ;
#4333 = ORIENTED_EDGE ( 'NONE', *, *, #2646, .T. ) ;
#4334 = ORIENTED_EDGE ( 'NONE', *, *, #3565, .F. ) ;
#4335 = AXIS2_PLACEMENT_3D ( 'NONE', #4160, #4935, #1122 ) ;
#4336 = CARTESIAN_POINT ( 'NONE',  ( 0.000000000000000000, 0.000000000000000000, 58.49999999999995026 ) ) ;
#4337 = DIRECTION ( 'NONE',  ( 0.000000000000000000, -1.000000000000000000, 0.000000000000000000 ) ) ;
#4338 = CYLINDRICAL_SURFACE ( 'NONE', #2769, 2.374999999999998668 ) ;
#4339 = B_SPLINE_CURVE_WITH_KNOTS ( 'NONE', 3,
 ( #1101, #4095, #4121, #280, #4569, #635, #984, #602 ),
 .UNSPECIFIED., .F., .F.,
 ( 4, 2, 2, 4 ),
 ( -0.001870055109228026822, -0.0005352390572833181336, 0.0001321689686890408725, 0.0007995769946614005291 ),
 .UNSPECIFIED. ) ;
#4340 = DIRECTION ( 'NONE',  ( -1.000000000000000000, 0.000000000000000000, -0.000000000000000000 ) ) ;
#4341 = AXIS2_PLACEMENT_3D ( 'NONE', #582, #4806, #3704 ) ;
#4342 = ORIENTED_EDGE ( 'NONE', *, *, #2096, .F. ) ;
#4343 = ORIENTED_EDGE ( 'NONE', *, *, #1166, .T. ) ;
#4344 = EDGE_CURVE ( 'NONE', #2691, #3673, #4473, .T. ) ;
#4345 = CIRCLE ( 'NONE', #3783, 2.000000000000001776 ) ;
#4346 = DIRECTION ( 'NONE',  ( 0.000000000000000000, -0.000000000000000000, -1.000000000000000000 ) ) ;
#4347 = DIRECTION ( 'NONE',  ( 0.000000000000000000, -0.000000000000000000, -1.000000000000000000 ) ) ;
#4348 = ORIENTED_EDGE ( 'NONE', *, *, #613, .T. ) ;
#4349 = DIRECTION ( 'NONE',  ( 0.000000000000000000, 0.000000000000000000, 1.000000000000000000 ) ) ;
#4350 = EDGE_CURVE ( 'NONE', #4681, #3550, #29, .T. ) ;
#4351 = EDGE_CURVE ( 'NONE', #2921, #3376, #3525, .T. ) ;
#4352 = CIRCLE ( 'NONE', #599, 4.499999999999990230 ) ;
#4353 = AXIS2_PLACEMENT_3D ( 'NONE', #5049, #2725, #1066 ) ;
#4354 = CARTESIAN_POINT ( 'NONE',  ( 166.4999999999999716, 1.500000000000043077, -64.50000000000000000 ) ) ;
#4355 = EDGE_LOOP ( 'NONE', ( #2253, #3003, #4328, #1579, #1334, #4878, #1470, #4399 ) ) ;
#4356 = AXIS2_PLACEMENT_3D ( 'NONE', #3332, #4478, #2977 ) ;
#4357 = AXIS2_PLACEMENT_3D ( 'NONE', #2497, #938, #282 ) ;
#4358 = DIRECTION ( 'NONE',  ( 1.000000000000000000, 0.000000000000000000, 0.000000000000000000 ) ) ;
#4359 = CARTESIAN_POINT ( 'NONE',  ( 90.00000000000000000, 3.000000000000000000, 59.50000000000000711 ) ) ;
#4360 = DIRECTION ( 'NONE',  ( 0.000000000000000000, 0.000000000000000000, -1.000000000000000000 ) ) ;
#4361 = VERTEX_POINT ( 'NONE', #2483 ) ;
#4362 = ORIENTED_EDGE ( 'NONE', *, *, #3171, .T. ) ;
#4363 = ORIENTED_EDGE ( 'NONE', *, *, #1560, .T. ) ;
#4364 = CARTESIAN_POINT ( 'NONE',  ( 3.000000000000002665, 3.000000000000002665, 64.00000000000000000 ) ) ;
#4365 = ORIENTED_EDGE ( 'NONE', *, *, #4202, .T. ) ;
#4366 = PLANE ( 'NONE',  #433 ) ;
#4367 = CARTESIAN_POINT ( 'NONE',  ( 166.4999999999999716, 0.000000000000000000, -60.00000000000000711 ) ) ;
#4368 = LINE ( 'NONE', #3982, #558 ) ;
#4369 = CARTESIAN_POINT ( 'NONE',  ( 0.000000000000000000, 0.000000000000000000, 64.50000000000000000 ) ) ;
#4370 = ORIENTED_EDGE ( 'NONE', *, *, #2266, .T. ) ;
#4371 = CARTESIAN_POINT ( 'NONE',  ( -29.95626663143508139, 61.75000000000000000, 13.32687348075206302 ) ) ;
#4372 = CARTESIAN_POINT ( 'NONE',  ( 157.4999999999999716, 1.500000000000001332, 64.50000000000000000 ) ) ;
#4373 = CARTESIAN_POINT ( 'NONE',  ( 7.999999999999992895, 3.000000000000002665, 60.00000000000000711 ) ) ;
#4374 = AXIS2_PLACEMENT_3D ( 'NONE', #790, #2338, #3582 ) ;
#4375 = LINE ( 'NONE', #3185, #38 ) ;
#4376 = VERTEX_POINT ( 'NONE', #950 ) ;
#4377 = CIRCLE ( 'NONE', #3965, 4.499999999999990230 ) ;
#4378 = FACE_OUTER_BOUND ( 'NONE', #36, .T. ) ;
#4379 = EDGE_CURVE ( 'NONE', #1249, #4034, #4036, .T. ) ;
#4380 = DIRECTION ( 'NONE',  ( 0.000000000000000000, 1.000000000000000000, 0.000000000000000000 ) ) ;
#4381 = EDGE_LOOP ( 'NONE', ( #3356, #569, #2572, #3289, #4557 ) ) ;
#4382 = ADVANCED_FACE ( 'NONE', ( #4008, #2140 ), #4056, .T. ) ;
#4383 = EDGE_CURVE ( 'NONE', #2238, #1308, #4686, .T. ) ;
#4384 = EDGE_CURVE ( 'NONE', #104, #1918, #4435, .T. ) ;
#4385 = CALENDAR_DATE ( 2026, 21, 4 ) ;
#4386 = DIRECTION ( 'NONE',  ( 0.000000000000000000, 0.000000000000000000, 1.000000000000000000 ) ) ;
#4387 = CARTESIAN_POINT ( 'NONE',  ( 89.49999999999998579, 1.499999999999924949, 64.50000000000000000 ) ) ;
#4388 = ORIENTED_EDGE ( 'NONE', *, *, #1189, .F. ) ;
#4389 = VERTEX_POINT ( 'NONE', #3601 ) ;
#4390 = VERTEX_POINT ( 'NONE', #3656 ) ;
#4391 = AXIS2_PLACEMENT_3D ( 'NONE', #1080, #755, #3405 ) ;
#4392 = DIRECTION ( 'NONE',  ( 0.000000000000000000, 0.000000000000000000, -1.000000000000000000 ) ) ;
#4393 = ORIENTED_EDGE ( 'NONE', *, *, #2890, .F. ) ;
#4394 = CARTESIAN_POINT ( 'NONE',  ( -21.41954159403425351, 50.62180185532525911, 13.32687348075206302 ) ) ;
#4395 = CARTESIAN_POINT ( 'NONE',  ( 159.4999999999999716, 3.000000000000000000, 64.50000000000000000 ) ) ;
#4396 = LINE ( 'NONE', #3705, #2190 ) ;
#4397 = DIRECTION ( 'NONE',  ( 0.000000000000000000, 0.000000000000000000, 1.000000000000000000 ) ) ;
#4398 = CIRCLE ( 'NONE', #653, 2.500000000000002220 ) ;
#4399 = ORIENTED_EDGE ( 'NONE', *, *, #2096, .T. ) ;
#4400 = CARTESIAN_POINT ( 'NONE',  ( -46.95626663143507784, 59.75000000000000000, 15.70187348075206479 ) ) ;
#4401 = CIRCLE ( 'NONE', #3495, 4.999999999999990230 ) ;
#4402 = DIRECTION ( 'NONE',  ( 0.7071067811865378028, -0.7071067811865573427, 0.000000000000000000 ) ) ;
#4403 = CARTESIAN_POINT ( 'NONE',  ( 0.000000000000000000, -3.000000000000000000, -20.00000000000000000 ) ) ;
#4404 = VERTEX_POINT ( 'NONE', #1708 ) ;
#4405 = DIRECTION ( 'NONE',  ( 0.000000000000000000, 0.000000000000000000, 1.000000000000000000 ) ) ;
#4406 = CARTESIAN_POINT ( 'NONE',  ( 166.9999999999999716, 1.000000000000000888, 64.00000000000000000 ) ) ;
#4407 = ORIENTED_EDGE ( 'NONE', *, *, #4096, .T. ) ;
#4408 = CARTESIAN_POINT ( 'NONE',  ( 156.9999999999999716, 1.000000000000000888, 60.00000000000000711 ) ) ;
#4409 = CARTESIAN_POINT ( 'NONE',  ( 80.49999999999998579, -3.000000000000000000, -64.00000000000000000 ) ) ;
#4410 = VERTEX_POINT ( 'NONE', #1317 ) ;
#4411 = ADVANCED_FACE ( 'NONE', ( #2895 ), #1732, .F. ) ;
#4412 = CARTESIAN_POINT ( 'NONE',  ( 79.99999999999998579, 3.000000000000002665, 60.00000000000000711 ) ) ;
#4413 = CARTESIAN_POINT ( 'NONE',  ( -55.95626663143507784, 0.000000000000000000, 13.32687348075206302 ) ) ;
#4414 = ORIENTED_EDGE ( 'NONE', *, *, #4344, .F. ) ;
#4415 = EDGE_CURVE ( 'NONE', #2043, #4681, #731, .T. ) ;
#4416 = ORIENTED_EDGE ( 'NONE', *, *, #1285, .T. ) ;
#4417 = EDGE_CURVE ( 'NONE', #3353, #2208, #1789, .T. ) ;
#4418 = CARTESIAN_POINT ( 'NONE',  ( 10.49999999999998934, 3.000000000000003109, 64.00000000000000000 ) ) ;
#4419 = VERTEX_POINT ( 'NONE', #4218 ) ;
#4420 = DIRECTION ( 'NONE',  ( 0.000000000000000000, 0.000000000000000000, -1.000000000000000000 ) ) ;
#4421 = CARTESIAN_POINT ( 'NONE',  ( -24.95626663143508139, 20.62180185532525556, 10.32687348075206302 ) ) ;
#4422 = DIRECTION ( 'NONE',  ( 1.000000000000000000, 0.000000000000000000, 0.000000000000000000 ) ) ;
#4423 = EDGE_LOOP ( 'NONE', ( #158, #2597, #2171, #1241 ) ) ;
#4424 = CARTESIAN_POINT ( 'NONE',  ( 161.9999999999999716, 3.000000000000000000, 64.00000000000000000 ) ) ;
#4425 = LINE ( 'NONE', #992, #4507 ) ;
#4426 = ORIENTED_EDGE ( 'NONE', *, *, #2293, .T. ) ;
#4427 = VECTOR ( 'NONE', #2297, 999.9999999999998863 ) ;
#4428 = CARTESIAN_POINT ( 'NONE',  ( 80.49999999999998579, 1.499999999999904077, 64.50000000000000000 ) ) ;
#4429 = ORIENTED_EDGE ( 'NONE', *, *, #601, .F. ) ;
#4430 = CIRCLE ( 'NONE', #1482, 2.000000000000001776 ) ;
#4431 = DIRECTION ( 'NONE',  ( 0.000000000000000000, 0.000000000000000000, 1.000000000000000000 ) ) ;
#4432 = AXIS2_PLACEMENT_3D ( 'NONE', #3853, #3541, #815 ) ;
#4433 = CARTESIAN_POINT ( 'NONE',  ( 12.99999999999998401, 3.000000000000002665, 64.00000000000000000 ) ) ;
#4434 = CARTESIAN_POINT ( 'NONE',  ( 156.9999999999999716, 1.000000000000000888, -60.00000000000000711 ) ) ;
#4435 = CIRCLE ( 'NONE', #2885, 2.999999999999999112 ) ;
#4436 = VECTOR ( 'NONE', #4486, 1000.000000000000000 ) ;
#4437 = DIRECTION ( 'NONE',  ( -0.000000000000000000, 1.000000000000000000, -0.000000000000000000 ) ) ;
#4438 = DIRECTION ( 'NONE',  ( 0.000000000000000000, 0.000000000000000000, 1.000000000000000000 ) ) ;
#4439 = VECTOR ( 'NONE', #3915, 1000.000000000000000 ) ;
#4440 = ORIENTED_EDGE ( 'NONE', *, *, #302, .F. ) ;
#4441 = CARTESIAN_POINT ( 'NONE',  ( 161.9999999999999716, 1.000000000000000888, 59.50000000000000711 ) ) ;
#4442 = ORIENTED_EDGE ( 'NONE', *, *, #4204, .T. ) ;
#4443 = ADVANCED_FACE ( 'NONE', ( #2693 ), #2279, .T. ) ;
#4444 = ORIENTED_EDGE ( 'NONE', *, *, #2734, .F. ) ;
#4445 = EDGE_LOOP ( 'NONE', ( #2031, #2470, #4195, #1662 ) ) ;
#4446 = ADVANCED_FACE ( 'NONE', ( #4584 ), #2200, .F. ) ;
#4447 = CIRCLE ( 'NONE', #858, 1.500000000000004885 ) ;
#4448 = LINE ( 'NONE', #1725, #1641 ) ;
#4449 = ADVANCED_FACE ( 'NONE', ( #4940 ), #1485, .T. ) ;
#4450 = CARTESIAN_POINT ( 'NONE',  ( 2.449293598294706513E-15, 53.26794919243116055, 20.00000000000000000 ) ) ;
#4451 = EDGE_CURVE ( 'NONE', #1141, #1551, #1428, .T. ) ;
#4452 = VERTEX_POINT ( 'NONE', #1394 ) ;
#4453 = ORIENTED_EDGE ( 'NONE', *, *, #915, .T. ) ;
#4454 = CARTESIAN_POINT ( 'NONE',  ( 0.000000000000000000, 0.000000000000000000, 58.49999999999995026 ) ) ;
#4455 = EDGE_CURVE ( 'NONE', #455, #3823, #199, .T. ) ;
#4456 = ORIENTED_EDGE ( 'NONE', *, *, #4417, .T. ) ;
#4457 = CARTESIAN_POINT ( 'NONE',  ( -38.45626663143507784, 59.75000000000000000, 21.87687348075206017 ) ) ;
#4458 = ORIENTED_EDGE ( 'NONE', *, *, #1403, .F. ) ;
#4459 = ORIENTED_EDGE ( 'NONE', *, *, #3828, .F. ) ;
#4460 = ORIENTED_EDGE ( 'NONE', *, *, #574, .F. ) ;
#4461 = CARTESIAN_POINT ( 'NONE',  ( -21.15170071715339972, 40.62180185532525201, 13.32687348075206302 ) ) ;
#4462 = DIRECTION ( 'NONE',  ( 0.000000000000000000, 0.000000000000000000, 1.000000000000000000 ) ) ;
#4463 = VECTOR ( 'NONE', #940, 1000.000000000000000 ) ;
#4464 = DIRECTION ( 'NONE',  ( 0.000000000000000000, 0.000000000000000000, 1.000000000000000000 ) ) ;
#4465 = DIRECTION ( 'NONE',  ( 0.000000000000000000, 0.000000000000000000, 1.000000000000000000 ) ) ;
#4466 = ORIENTED_EDGE ( 'NONE', *, *, #3756, .F. ) ;
#4467 = PLANE ( 'NONE',  #3814 ) ;
#4468 = ORIENTED_EDGE ( 'NONE', *, *, #4032, .T. ) ;
#4469 = CARTESIAN_POINT ( 'NONE',  ( -38.45626663143507784, 59.75000000000000000, 3.276873480752058310 ) ) ;
#4470 = DIRECTION ( 'NONE',  ( 0.000000000000000000, 0.000000000000000000, -1.000000000000000000 ) ) ;
#4471 = VERTEX_POINT ( 'NONE', #4558 ) ;
#4472 = AXIS2_PLACEMENT_3D ( 'NONE', #750, #2295, #3854 ) ;
#4473 = LINE ( 'NONE', #3680, #111 ) ;
#4474 = EDGE_CURVE ( 'NONE', #1953, #2271, #3840, .T. ) ;
#4475 = CARTESIAN_POINT ( 'NONE',  ( 161.9999999999999716, 3.000000000000002665, -64.00000000000000000 ) ) ;
#4476 = AXIS2_PLACEMENT_3D ( 'NONE', #1676, #3247, #2086 ) ;
#4477 = EDGE_LOOP ( 'NONE', ( #2818, #3339, #1083, #1020, #1440, #3696 ) ) ;
#4478 = DIRECTION ( 'NONE',  ( -0.000000000000000000, 0.000000000000000000, 1.000000000000000000 ) ) ;
#4479 = ORIENTED_EDGE ( 'NONE', *, *, #502, .F. ) ;
#4480 = VERTEX_POINT ( 'NONE', #340 ) ;
#4481 = EDGE_CURVE ( 'NONE', #4452, #4112, #5014, .T. ) ;
#4482 = VECTOR ( 'NONE', #933, 1000.000000000000000 ) ;
#4483 = EDGE_CURVE ( 'NONE', #3604, #3800, #4194, .T. ) ;
#4484 = PERSON_AND_ORGANIZATION_ROLE ( 'creator' ) ;
#4485 = ORIENTED_EDGE ( 'NONE', *, *, #1816, .F. ) ;
#4486 = DIRECTION ( 'NONE',  ( 0.000000000000000000, 0.000000000000000000, -1.000000000000000000 ) ) ;
#4487 = EDGE_LOOP ( 'NONE', ( #4073, #245, #3094, #2371 ) ) ;
#4488 = DIRECTION ( 'NONE',  ( 0.000000000000000000, 0.000000000000000000, 1.000000000000000000 ) ) ;
#4489 = CARTESIAN_POINT ( 'NONE',  ( 0.000000000000000000, 50.62180185532525911, 0.000000000000000000 ) ) ;
#4490 = CARTESIAN_POINT ( 'NONE',  ( 161.9999999999999716, 3.000000000000000000, 64.00000000000000000 ) ) ;
#4491 = VERTEX_POINT ( 'NONE', #3380 ) ;
#4492 = ORIENTED_EDGE ( 'NONE', *, *, #3591, .T. ) ;
#4493 = FACE_OUTER_BOUND ( 'NONE', #2900, .T. ) ;
#4494 = LINE ( 'NONE', #991, #2777 ) ;
#4495 = DIRECTION ( 'NONE',  ( -0.000000000000000000, 1.000000000000000000, 0.000000000000000000 ) ) ;
#4496 = DIRECTION ( 'NONE',  ( 0.000000000000000000, 0.000000000000000000, 1.000000000000000000 ) ) ;
#4497 = LINE ( 'NONE', #1757, #513 ) ;
#4498 = VERTEX_POINT ( 'NONE', #1502 ) ;
#4499 = CARTESIAN_POINT ( 'NONE',  ( 161.9999999999999716, 3.000000000000000000, 64.00000000000000000 ) ) ;
#4500 = DIRECTION ( 'NONE',  ( -0.000000000000000000, -1.000000000000000000, -0.000000000000000000 ) ) ;
#4501 = CARTESIAN_POINT ( 'NONE',  ( -38.45626663143507784, 59.75000000000000000, 13.32687348075206302 ) ) ;
#4502 = ORIENTED_EDGE ( 'NONE', *, *, #796, .F. ) ;
#4503 = CARTESIAN_POINT ( 'NONE',  ( 12.99999999999998401, 0.000000000000000000, 59.50000000000000711 ) ) ;
#4504 = VERTEX_POINT ( 'NONE', #2998 ) ;
#4505 = EDGE_LOOP ( 'NONE', ( #287, #3713, #1514, #4921, #4093, #2432, #902 ) ) ;
#4506 = ADVANCED_FACE ( 'NONE', ( #4196 ), #355, .T. ) ;
#4507 = VECTOR ( 'NONE', #2166, 999.9999999999998863 ) ;
#4508 = SECURITY_CLASSIFICATION_LEVEL ( 'unclassified' ) ;
#4509 = VERTEX_POINT ( 'NONE', #1126 ) ;
#4510 = ADVANCED_FACE ( 'NONE', ( #2623 ), #4169, .F. ) ;
#4511 = CARTESIAN_POINT ( 'NONE',  ( 0.000000000000000000, 10.62180185532525556, 0.000000000000000000 ) ) ;
#4512 = EDGE_LOOP ( 'NONE', ( #1894, #3325, #2062, #4236 ) ) ;
#4513 = EDGE_CURVE ( 'NONE', #2298, #4419, #711, .T. ) ;
#4514 = CIRCLE ( 'NONE', #1723, 4.999999999999990230 ) ;
#4515 = APPROVAL_PERSON_ORGANIZATION ( #1006, #2625, #629 ) ;
#4516 = DIRECTION ( 'NONE',  ( 0.000000000000000000, -1.000000000000000000, -0.000000000000000000 ) ) ;
#4517 = AXIS2_PLACEMENT_3D ( 'NONE', #4267, #3546, #4708 ) ;
#4518 = ORIENTED_EDGE ( 'NONE', *, *, #3561, .T. ) ;
#4519 = DIRECTION ( 'NONE',  ( 0.000000000000000000, 0.000000000000000000, 1.000000000000000000 ) ) ;
#4520 = ORIENTED_EDGE ( 'NONE', *, *, #1074, .T. ) ;
#4521 = VECTOR ( 'NONE', #3042, 1000.000000000000000 ) ;
#4522 = EDGE_LOOP ( 'NONE', ( #3489, #4842, #2369, #2909 ) ) ;
#4523 = VECTOR ( 'NONE', #4276, 1000.000000000000000 ) ;
#4524 = CARTESIAN_POINT ( 'NONE',  ( 12.49999999999998401, 1.000000000000028644, 59.50000000000000711 ) ) ;
#4525 = CARTESIAN_POINT ( 'NONE',  ( -29.95626663143508139, 59.75000000000000000, 10.95187348075206479 ) ) ;
#4526 = DIRECTION ( 'NONE',  ( 0.000000000000000000, 0.000000000000000000, -1.000000000000000000 ) ) ;
#4527 = CARTESIAN_POINT ( 'NONE',  ( 159.9999999999999716, 3.000000000000002665, -59.50000000000000711 ) ) ;
#4528 = ORIENTED_EDGE ( 'NONE', *, *, #883, .T. ) ;
#4529 = AXIS2_PLACEMENT_3D ( 'NONE', #270, #756, #2302 ) ;
#4530 = ORIENTED_EDGE ( 'NONE', *, *, #2892, .F. ) ;
#4531 = DIRECTION ( 'NONE',  ( -1.000000000000000000, -0.000000000000000000, -0.000000000000000000 ) ) ;
#4532 = AXIS2_PLACEMENT_3D ( 'NONE', #1439, #2211, #3224 ) ;
#4533 = CARTESIAN_POINT ( 'NONE',  ( -26.20626663143508495, 20.62180185532525556, 13.32687348075206302 ) ) ;
#4534 = CARTESIAN_POINT ( 'NONE',  ( 89.94857478948780738, 1.051425210512199726, -59.74146800830128257 ) ) ;
#4535 = DIRECTION ( 'NONE',  ( 1.000000000000000000, -0.000000000000000000, 0.000000000000000000 ) ) ;
#4536 = ORIENTED_EDGE ( 'NONE', *, *, #20, .F. ) ;
#4537 = ORIENTED_EDGE ( 'NONE', *, *, #451, .T. ) ;
#4538 = VERTEX_POINT ( 'NONE', #652 ) ;
#4539 = CARTESIAN_POINT ( 'NONE',  ( -38.45626663143507784, 40.62180185532525201, 13.32687348075206302 ) ) ;
#4540 = EDGE_LOOP ( 'NONE', ( #3954, #4466, #2593, #3684 ) ) ;
#4541 = EDGE_CURVE ( 'NONE', #3818, #4404, #1450, .T. ) ;
#4542 = CARTESIAN_POINT ( 'NONE',  ( -26.20626663143508495, 40.00000000000000000, 13.32687348075206302 ) ) ;
#4543 = AXIS2_PLACEMENT_3D ( 'NONE', #1416, #4545, #3807 ) ;
#4544 = ADVANCED_FACE ( 'NONE', ( #621, #4245, #821, #2372 ), #82, .F. ) ;
#4545 = DIRECTION ( 'NONE',  ( 0.000000000000000000, -0.000000000000000000, 1.000000000000000000 ) ) ;
#4546 = DIRECTION ( 'NONE',  ( 0.000000000000000000, -0.000000000000000000, 1.000000000000000000 ) ) ;
#4547 = ORIENTED_EDGE ( 'NONE', *, *, #4035, .F. ) ;
#4548 = VECTOR ( 'NONE', #724, 1000.000000000000000 ) ;
#4549 = ADVANCED_FACE ( 'NONE', ( #434 ), #367, .T. ) ;
#4550 = EDGE_CURVE ( 'NONE', #3921, #323, #388, .T. ) ;
#4551 = DIRECTION ( 'NONE',  ( 0.000000000000000000, 1.000000000000000000, 0.000000000000000000 ) ) ;
#4552 = CARTESIAN_POINT ( 'NONE',  ( 7.999999999999992895, 3.000000000000002665, 59.50000000000000711 ) ) ;
#4553 = DIRECTION ( 'NONE',  ( -0.000000000000000000, -0.000000000000000000, -1.000000000000000000 ) ) ;
#4554 = DIRECTION ( 'NONE',  ( -0.000000000000000000, 1.000000000000000000, -0.000000000000000000 ) ) ;
#4555 = CARTESIAN_POINT ( 'NONE',  ( 166.9999999999999716, 3.000000000000000000, 64.00000000000000000 ) ) ;
#4556 = DIRECTION ( 'NONE',  ( 0.000000000000000000, 0.000000000000000000, -1.000000000000000000 ) ) ;
#4557 = ORIENTED_EDGE ( 'NONE', *, *, #675, .F. ) ;
#4558 = CARTESIAN_POINT ( 'NONE',  ( -51.95626663143507784, 59.75000000000000000, 13.32687348075206302 ) ) ;
#4559 = CARTESIAN_POINT ( 'NONE',  ( 166.9999999999999716, 1.000000000000001332, 59.86561944896766363 ) ) ;
#4560 = DIRECTION ( 'NONE',  ( -1.000000000000000000, 4.336808689942013792E-15, 0.000000000000000000 ) ) ;
#4561 = CIRCLE ( 'NONE', #2345, 4.000000000000000000 ) ;
#4562 = ORIENTED_EDGE ( 'NONE', *, *, #4061, .F. ) ;
#4563 = ORIENTED_EDGE ( 'NONE', *, *, #1441, .F. ) ;
#4564 = VECTOR ( 'NONE', #403, 1000.000000000000000 ) ;
#4565 = CIRCLE ( 'NONE', #3010, 1.999999999999996669 ) ;
#4566 = ORIENTED_EDGE ( 'NONE', *, *, #1940, .T. ) ;
#4567 = CARTESIAN_POINT ( 'NONE',  ( 0.000000000000000000, -3.000000000000000000, -64.50000000000000000 ) ) ;
#4568 = AXIS2_PLACEMENT_3D ( 'NONE', #4789, #2070, #1734 ) ;
#4569 = CARTESIAN_POINT ( 'NONE',  ( -24.86587105935010555, 0.07338362060617853455, 13.32687348075205946 ) ) ;
#4570 = CARTESIAN_POINT ( 'NONE',  ( 12.49999999999998401, 1.500000000000014433, 64.50000000000000000 ) ) ;
#4571 = AXIS2_PLACEMENT_3D ( 'NONE', #3202, #3182, #2745 ) ;
#4572 = CARTESIAN_POINT ( 'NONE',  ( 163.9999999999999716, 3.000000000000000000, 59.50000000000000711 ) ) ;
#4573 = CARTESIAN_POINT ( 'NONE',  ( 13.99999999999997158, 0.000000000000000000, -64.50000000000000000 ) ) ;
#4574 = ORIENTED_EDGE ( 'NONE', *, *, #648, .F. ) ;
#4575 = EDGE_CURVE ( 'NONE', #2271, #1592, #7, .T. ) ;
#4576 = LINE ( 'NONE', #990, #5002 ) ;
#4577 = CARTESIAN_POINT ( 'NONE',  ( 166.9999999999999716, 1.000000000000000888, 59.50000000000000711 ) ) ;
#4578 = LINE ( 'NONE', #4604, #2383 ) ;
#4579 = DIRECTION ( 'NONE',  ( -1.000000000000000000, 0.000000000000000000, 0.000000000000000000 ) ) ;
#4580 = EDGE_CURVE ( 'NONE', #3698, #2941, #5003, .T. ) ;
#4581 = ORIENTED_EDGE ( 'NONE', *, *, #3201, .T. ) ;
#4582 = EDGE_CURVE ( 'NONE', #3871, #338, #1243, .T. ) ;
#4583 = ORIENTED_EDGE ( 'NONE', *, *, #2918, .T. ) ;
#4584 = FACE_OUTER_BOUND ( 'NONE', #1375, .T. ) ;
#4585 = CARTESIAN_POINT ( 'NONE',  ( 12.49999999999998401, 3.000000000000002665, 59.50000000000000711 ) ) ;
#4586 = DIRECTION ( 'NONE',  ( 0.000000000000000000, 0.000000000000000000, -1.000000000000000000 ) ) ;
#4587 = CC_DESIGN_PERSON_AND_ORGANIZATION_ASSIGNMENT ( #2924, #1379, ( #3050 ) ) ;
#4588 = CARTESIAN_POINT ( 'NONE',  ( 82.99999999999997158, 3.000000000000000444, -59.50000000000000711 ) ) ;
#4589 = CARTESIAN_POINT ( 'NONE',  ( 161.9999999999999716, 3.000000000000000000, 59.50000000000000711 ) ) ;
#4590 = ORIENTED_EDGE ( 'NONE', *, *, #574, .T. ) ;
#4591 = VERTEX_POINT ( 'NONE', #1954 ) ;
#4592 = CARTESIAN_POINT ( 'NONE',  ( -24.95626663143508139, 10.62180185532525556, 10.32687348075206302 ) ) ;
#4593 = AXIS2_PLACEMENT_3D ( 'NONE', #2420, #2144, #4219 ) ;
#4594 = CARTESIAN_POINT ( 'NONE',  ( 157.2414680083012115, 1.051425210512164865, -59.55142521051217130 ) ) ;
#4595 = CARTESIAN_POINT ( 'NONE',  ( 166.9999999999999716, 1.000000000000000888, -64.00000000000000000 ) ) ;
#4596 = VECTOR ( 'NONE', #1859, 1000.000000000000000 ) ;
#4597 = FACE_OUTER_BOUND ( 'NONE', #1870, .T. ) ;
#4598 = ORIENTED_EDGE ( 'NONE', *, *, #4260, .T. ) ;
#4599 = ORIENTED_EDGE ( 'NONE', *, *, #2957, .F. ) ;
#4600 = ORGANIZATION ( 'UNSPECIFIED', 'UNSPECIFIED', '' ) ;
#4601 = CIRCLE ( 'NONE', #3937, 29.00000000000000000 ) ;
#4602 = DIRECTION ( 'NONE',  ( 0.000000000000000000, 0.000000000000000000, -1.000000000000000000 ) ) ;
#4603 = LINE ( 'NONE', #4212, #4564 ) ;
#4604 = CARTESIAN_POINT ( 'NONE',  ( 2.449293598294706513E-15, 55.00000000000000000, 20.00000000000000000 ) ) ;
#4605 = DIRECTION ( 'NONE',  ( 0.000000000000000000, 0.000000000000000000, -1.000000000000000000 ) ) ;
#4606 = EDGE_CURVE ( 'NONE', #2126, #1749, #3902, .T. ) ;
#4607 = CARTESIAN_POINT ( 'NONE',  ( 80.14644660940669496, 1.146446609406662986, 59.64644660940672338 ) ) ;
#4608 = AXIS2_PLACEMENT_3D ( 'NONE', #771, #1590, #1519 ) ;
#4609 = ORIENTED_EDGE ( 'NONE', *, *, #1884, .T. ) ;
#4610 = CARTESIAN_POINT ( 'NONE',  ( 161.9999999999999716, 3.000000000000000000, 59.50000000000000711 ) ) ;
#4611 = VECTOR ( 'NONE', #4002, 1000.000000000000000 ) ;
#4612 = ORIENTED_EDGE ( 'NONE', *, *, #2738, .F. ) ;
#4613 = VECTOR ( 'NONE', #1744, 1000.000000000000000 ) ;
#4614 = ADVANCED_FACE ( 'NONE', ( #3102 ), #2741, .T. ) ;
#4615 = DIRECTION ( 'NONE',  ( 0.000000000000000000, 1.000000000000000000, 0.000000000000000000 ) ) ;
#4616 = TOROIDAL_SURFACE ( 'NONE', #932, 4.499999999999997335, 0.5000000000000000000 ) ;
#4617 = EDGE_CURVE ( 'NONE', #1814, #3269, #3784, .T. ) ;
#4618 = CARTESIAN_POINT ( 'NONE',  ( -46.95626663143507784, 61.75000000000000000, 10.95187348075206124 ) ) ;
#4619 = CARTESIAN_POINT ( 'NONE',  ( -38.45626663143507784, 3.999999999999996447, 26.82687348075205946 ) ) ;
#4620 = VERTEX_POINT ( 'NONE', #3861 ) ;
#4621 = AXIS2_PLACEMENT_3D ( 'NONE', #2963, #2839, #1648 ) ;
#4622 = ADVANCED_FACE ( 'NONE', ( #1981 ), #1568, .T. ) ;
#4623 = DIRECTION ( 'NONE',  ( 0.000000000000000000, 0.000000000000000000, -1.000000000000000000 ) ) ;
#4624 = ORIENTED_EDGE ( 'NONE', *, *, #2849, .T. ) ;
#4625 = CARTESIAN_POINT ( 'NONE',  ( 12.99999999999999822, 1.000000000000001110, -59.86561944896764942 ) ) ;
#4626 = DIRECTION ( 'NONE',  ( 0.000000000000000000, 0.000000000000000000, 1.000000000000000000 ) ) ;
#4627 = VERTEX_POINT ( 'NONE', #460 ) ;
#4628 = VECTOR ( 'NONE', #1577, 1000.000000000000000 ) ;
#4629 = FACE_BOUND ( 'NONE', #1384, .T. ) ;
#4630 = DIRECTION ( 'NONE',  ( 0.000000000000000000, 0.000000000000000000, 1.000000000000000000 ) ) ;
#4631 = CIRCLE ( 'NONE', #4374, 7.000000000000006217 ) ;
#4632 = CARTESIAN_POINT ( 'NONE',  ( -21.41954159403426416, 10.62180185532525556, 13.32687348075206302 ) ) ;
#4633 = CARTESIAN_POINT ( 'NONE',  ( 80.49999999999998579, 3.000000000000002665, -59.50000000000000711 ) ) ;
#4634 = ORIENTED_EDGE ( 'NONE', *, *, #975, .T. ) ;
#4635 = AXIS2_PLACEMENT_3D ( 'NONE', #837, #3280, #3235 ) ;
#4636 = ORIENTED_EDGE ( 'NONE', *, *, #1280, .F. ) ;
#4637 = CARTESIAN_POINT ( 'NONE',  ( 2.449293598294706513E-15, 53.26794919243116055, -20.00000000000000000 ) ) ;
#4638 = CARTESIAN_POINT ( 'NONE',  ( 90.99999999999995737, 0.000000000000000000, 0.000000000000000000 ) ) ;
#4639 = CARTESIAN_POINT ( 'NONE',  ( 84.99999999999997158, 3.000000000000000444, -59.50000000000000711 ) ) ;
#4640 = DIRECTION ( 'NONE',  ( 0.000000000000000000, 0.000000000000000000, -1.000000000000000000 ) ) ;
#4641 = VERTEX_POINT ( 'NONE', #4658 ) ;
#4642 = EDGE_CURVE ( 'NONE', #3800, #3604, #3056, .T. ) ;
#4643 = ORIENTED_EDGE ( 'NONE', *, *, #3507, .F. ) ;
#4644 = LINE ( 'NONE', #2703, #4772 ) ;
#4645 = ADVANCED_FACE ( 'NONE', ( #2007 ), #845, .T. ) ;
#4646 = EDGE_CURVE ( 'NONE', #1803, #752, #3865, .T. ) ;
#4647 = AXIS2_PLACEMENT_3D ( 'NONE', #357, #3148, #3 ) ;
#4648 = CARTESIAN_POINT ( 'NONE',  ( 156.9999999999999716, 1.000000000000000888, -60.00000000000000711 ) ) ;
#4649 = CIRCLE ( 'NONE', #810, 4.999999999999990230 ) ;
#4650 = ADVANCED_BREP_SHAPE_REPRESENTATION ( 'BoxBase_Default_sldprt', ( #1768, #2231 ), #2727 ) ;
#4651 = VERTEX_POINT ( 'NONE', #3884 ) ;
#4652 = AXIS2_PLACEMENT_3D ( 'NONE', #2601, #1481, #4175 ) ;
#4653 = LINE ( 'NONE', #50, #354 ) ;
#4654 = DIRECTION ( 'NONE',  ( 0.000000000000000000, 1.000000000000000000, -0.000000000000000000 ) ) ;
#4655 = CARTESIAN_POINT ( 'NONE',  ( 90.99999999999995737, 0.000000000000000000, 64.50000000000000000 ) ) ;
#4656 = CARTESIAN_POINT ( 'NONE',  ( 80.49999999999998579, -2.312964634635740689E-15, 60.00000000000000711 ) ) ;
#4657 = ORIENTED_EDGE ( 'NONE', *, *, #648, .T. ) ;
#4658 = CARTESIAN_POINT ( 'NONE',  ( 12.99999999999998401, 1.000000000000028644, 64.00000000000000000 ) ) ;
#4659 = LINE ( 'NONE', #1548, #769 ) ;
#4660 = VERTEX_POINT ( 'NONE', #1174 ) ;
#4661 = DIRECTION ( 'NONE',  ( -0.000000000000000000, 0.000000000000000000, 1.000000000000000000 ) ) ;
#4662 = CARTESIAN_POINT ( 'NONE',  ( 3.500000000000003109, 1.000000000000000888, -59.50000000000000711 ) ) ;
#4663 = ORIENTED_EDGE ( 'NONE', *, *, #3803, .T. ) ;
#4664 = CARTESIAN_POINT ( 'NONE',  ( 79.99999999999998579, 1.000000000000028644, -64.00000000000000000 ) ) ;
#4665 = EDGE_LOOP ( 'NONE', ( #1851, #1238 ) ) ;
#4666 = CARTESIAN_POINT ( 'NONE',  ( -38.45626663143507784, 59.75000000000000000, 20.37687348075205662 ) ) ;
#4667 = CARTESIAN_POINT ( 'NONE',  ( 12.85355339059327129, 1.146446609406731820, -59.64644660940673049 ) ) ;
#4668 = ADVANCED_FACE ( 'NONE', ( #798 ), #3153, .T. ) ;
#4669 = ORIENTED_EDGE ( 'NONE', *, *, #49, .F. ) ;
#4670 = DIRECTION ( 'NONE',  ( 0.000000000000000000, 0.000000000000000000, -1.000000000000000000 ) ) ;
#4671 = ADVANCED_FACE ( 'NONE', ( #4730 ), #1218, .F. ) ;
#4672 = ADVANCED_FACE ( 'NONE', ( #2911 ), #4832, .T. ) ;
#4673 = ORIENTED_EDGE ( 'NONE', *, *, #1594, .T. ) ;
#4674 = PLANE ( 'NONE',  #1117 ) ;
#4675 =( BOUNDED_CURVE ( )  B_SPLINE_CURVE ( 3, ( #3975, #500, #181, #960 ),
 .UNSPECIFIED., .F., .F. ) 
 B_SPLINE_CURVE_WITH_KNOTS ( ( 4, 4 ),
 ( 2.356194490192322188, 3.141592653589793116 ),
 .UNSPECIFIED. ) 
 CURVE ( )  GEOMETRIC_REPRESENTATION_ITEM ( )  RATIONAL_B_SPLINE_CURVE ( ( 1.000000000000000000, 0.9492530216741883464, 0.9492530216741883464, 1.000000000000000000 ) ) 
 REPRESENTATION_ITEM ( '' )  );
#4676 = CC_DESIGN_PERSON_AND_ORGANIZATION_ASSIGNMENT ( #3715, #1770, ( #1002 ) ) ;
#4677 = DIRECTION ( 'NONE',  ( 1.000000000000000000, 0.000000000000000000, 0.000000000000000000 ) ) ;
#4678 = CARTESIAN_POINT ( 'NONE',  ( 3.207106781186550570, 1.207106781186553901, -64.50000000000000000 ) ) ;
#4679 = AXIS2_PLACEMENT_3D ( 'NONE', #1881, #1100, #729 ) ;
#4680 = ORIENTED_EDGE ( 'NONE', *, *, #2652, .T. ) ;
#4681 = VERTEX_POINT ( 'NONE', #4781 ) ;
#4682 = CIRCLE ( 'NONE', #279, 2.000000000000001776 ) ;
#4683 = AXIS2_PLACEMENT_3D ( 'NONE', #3510, #5030, #2393 ) ;
#4684 = CARTESIAN_POINT ( 'NONE',  ( 3.061616997868383043E-15, 55.00000000000000000, 25.00000000000000000 ) ) ;
#4685 = DIRECTION ( 'NONE',  ( -1.000000000000000000, 0.000000000000000000, 0.000000000000000000 ) ) ;
#4686 = CIRCLE ( 'NONE', #3695, 4.500000000000003553 ) ;
#4687 = CARTESIAN_POINT ( 'NONE',  ( 166.9999999999999716, 3.000000000000002665, -64.00000000000000000 ) ) ;
#4688 = ORIENTED_EDGE ( 'NONE', *, *, #969, .T. ) ;
#4689 = AXIS2_PLACEMENT_3D ( 'NONE', #1944, #2286, #3132 ) ;
#4690 = CARTESIAN_POINT ( 'NONE',  ( 166.9999999999999716, 3.000000000000000000, 60.00000000000000711 ) ) ;
#4691 = FACE_OUTER_BOUND ( 'NONE', #3908, .T. ) ;
#4692 = ORIENTED_EDGE ( 'NONE', *, *, #2579, .T. ) ;
#4693 = CARTESIAN_POINT ( 'NONE',  ( 14.00000000000004086, 0.000000000000000000, 58.49999999999995026 ) ) ;
#4694 = CIRCLE ( 'NONE', #605, 0.5000000000000004441 ) ;
#4695 = VECTOR ( 'NONE', #3311, 1000.000000000000000 ) ;
#4696 = ORIENTED_EDGE ( 'NONE', *, *, #1969, .F. ) ;
#4697 = CARTESIAN_POINT ( 'NONE',  ( 157.4999999999999716, 3.000000000000000000, 59.50000000000000711 ) ) ;
#4698 = EDGE_CURVE ( 'NONE', #1620, #2782, #2055, .T. ) ;
#4699 = CARTESIAN_POINT ( 'NONE',  ( -38.45626663143507784, 59.75000000000000000, 6.276873480752065859 ) ) ;
#4700 = CARTESIAN_POINT ( 'NONE',  ( 89.85355339059324820, 1.146446609406669870, 59.64644660940673759 ) ) ;
#4701 = LINE ( 'NONE', #3924, #2796 ) ;
#4702 = AXIS2_PLACEMENT_3D ( 'NONE', #3718, #4123, #257 ) ;
#4703 = EDGE_CURVE ( 'NONE', #4866, #1065, #2813, .T. ) ;
#4704 = ADVANCED_FACE ( 'NONE', ( #133 ), #1267, .F. ) ;
#4705 = ORIENTED_EDGE ( 'NONE', *, *, #3013, .F. ) ;
#4706 = VECTOR ( 'NONE', #1914, 1000.000000000000000 ) ;
#4707 = EDGE_CURVE ( 'NONE', #4480, #3673, #919, .T. ) ;
#4708 = DIRECTION ( 'NONE',  ( -1.000000000000000000, 0.000000000000000000, 0.000000000000000000 ) ) ;
#4709 = CARTESIAN_POINT ( 'NONE',  ( 177.0010000000000048, 40.62180185532525201, 13.32687348075206302 ) ) ;
#4710 = CARTESIAN_POINT ( 'NONE',  ( 80.14644660940672338, 1.146446609406760020, -59.64644660940672338 ) ) ;
#4711 = ORIENTED_EDGE ( 'NONE', *, *, #4254, .T. ) ;
#4712 = CARTESIAN_POINT ( 'NONE',  ( 80.14644660940669496, 1.146446609406662986, 59.64644660940672338 ) ) ;
#4713 = DIRECTION ( 'NONE',  ( 0.000000000000000000, 0.000000000000000000, 1.000000000000000000 ) ) ;
#4714 = EDGE_LOOP ( 'NONE', ( #1104, #4288, #1264, #4705, #3553, #1382, #223 ) ) ;
#4715 = DIRECTION ( 'NONE',  ( -0.000000000000000000, -1.000000000000000000, -0.000000000000000000 ) ) ;
#4716 = LINE ( 'NONE', #2778, #1116 ) ;
#4717 = CARTESIAN_POINT ( 'NONE',  ( 84.99999999999997158, 3.000000000000000444, -59.50000000000000711 ) ) ;
#4718 = ORIENTED_EDGE ( 'NONE', *, *, #2469, .T. ) ;
#4719 = CIRCLE ( 'NONE', #3654, 25.00000000000000000 ) ;
#4720 = EDGE_LOOP ( 'NONE', ( #2285, #2733, #4737, #1865, #2857, #1988, #1774 ) ) ;
#4721 = FACE_OUTER_BOUND ( 'NONE', #2438, .T. ) ;
#4722 = CARTESIAN_POINT ( 'NONE',  ( 0.000000000000000000, 55.00000000000000000, 0.000000000000000000 ) ) ;
#4723 = VECTOR ( 'NONE', #4199, 1000.000000000000000 ) ;
#4724 = CARTESIAN_POINT ( 'NONE',  ( 1.999999999999946265, 0.000000000000000000, 58.49999999999995026 ) ) ;
#4725 = ORIENTED_EDGE ( 'NONE', *, *, #209, .F. ) ;
#4726 = ORIENTED_EDGE ( 'NONE', *, *, #1619, .F. ) ;
#4727 = EDGE_CURVE ( 'NONE', #715, #3604, #210, .T. ) ;
#4728 = ORIENTED_EDGE ( 'NONE', *, *, #1242, .T. ) ;
#4729 = VECTOR ( 'NONE', #4251, 1000.000000000000114 ) ;
#4730 = FACE_OUTER_BOUND ( 'NONE', #359, .T. ) ;
#4731 = EDGE_CURVE ( 'NONE', #1388, #3526, #33, .T. ) ;
#4732 = CYLINDRICAL_SURFACE ( 'NONE', #4925, 2.000000000000001776 ) ;
#4733 = LINE ( 'NONE', #4684, #4706 ) ;
#4734 = AXIS2_PLACEMENT_3D ( 'NONE', #2165, #3727, #3347 ) ;
#4735 = LINE ( 'NONE', #1937, #294 ) ;
#4736 = ORIENTED_EDGE ( 'NONE', *, *, #4771, .T. ) ;
#4737 = ORIENTED_EDGE ( 'NONE', *, *, #2680, .T. ) ;
#4738 = DIRECTION ( 'NONE',  ( -0.000000000000000000, -0.000000000000000000, -1.000000000000000000 ) ) ;
#4739 = CARTESIAN_POINT ( 'NONE',  ( -21.95016111002095371, -3.389778797525750245E-15, 18.76631866912961755 ) ) ;
#4740 = ORIENTED_EDGE ( 'NONE', *, *, #364, .T. ) ;
#4741 = CARTESIAN_POINT ( 'NONE',  ( 89.49999999999998579, 3.000000000000000444, -59.50000000000000711 ) ) ;
#4742 = CARTESIAN_POINT ( 'NONE',  ( 89.85355339059324820, 1.146446609406746253, -59.64644660940671628 ) ) ;
#4743 = DIRECTION ( 'NONE',  ( 9.251858538542962756E-15, -1.000000000000000000, -0.000000000000000000 ) ) ;
#4744 = DIRECTION ( 'NONE',  ( 0.000000000000000000, 1.000000000000000000, 0.000000000000000000 ) ) ;
#4745 = ORIENTED_EDGE ( 'NONE', *, *, #209, .T. ) ;
#4746 = PERSON_AND_ORGANIZATION ( #2440, #4600 ) ;
#4747 = DIRECTION ( 'NONE',  ( -0.000000000000000000, -0.000000000000000000, 1.000000000000000000 ) ) ;
#4748 = CARTESIAN_POINT ( 'NONE',  ( -38.45626663143507784, 40.00000000000000000, 13.32687348075206302 ) ) ;
#4749 = ORIENTED_EDGE ( 'NONE', *, *, #4286, .T. ) ;
#4750 = DIRECTION ( 'NONE',  ( 0.000000000000000000, 0.000000000000000000, -1.000000000000000000 ) ) ;
#4751 = VERTEX_POINT ( 'NONE', #1724 ) ;
#4752 = ORIENTED_EDGE ( 'NONE', *, *, #1788, .T. ) ;
#4753 = AXIS2_PLACEMENT_3D ( 'NONE', #3812, #3439, #314 ) ;
#4754 = DIRECTION ( 'NONE',  ( -0.7071067811865574537, 0.7071067811865376918, 0.000000000000000000 ) ) ;
#4755 = EDGE_LOOP ( 'NONE', ( #678, #3724, #3566, #4518, #1670, #1402 ) ) ;
#4756 = DIRECTION ( 'NONE',  ( 0.000000000000000000, 1.000000000000000000, 0.000000000000000000 ) ) ;
#4757 = FACE_OUTER_BOUND ( 'NONE', #2630, .T. ) ;
#4758 = DIRECTION ( 'NONE',  ( 0.000000000000000000, -0.000000000000000000, 1.000000000000000000 ) ) ;
#4759 = VECTOR ( 'NONE', #1340, 1000.000000000000000 ) ;
#4760 = ORIENTED_EDGE ( 'NONE', *, *, #1510, .T. ) ;
#4761 = EDGE_LOOP ( 'NONE', ( #3647, #3075, #514, #3514, #1244 ) ) ;
#4762 = EDGE_CURVE ( 'NONE', #670, #1337, #2030, .T. ) ;
#4763 = ADVANCED_FACE ( 'NONE', ( #4804 ), #3377, .T. ) ;
#4764 = DIRECTION ( 'NONE',  ( 0.000000000000000000, 0.000000000000000000, -1.000000000000000000 ) ) ;
#4765 = LINE ( 'NONE', #4788, #4148 ) ;
#4766 = VECTOR ( 'NONE', #369, 1000.000000000000000 ) ;
#4767 = AXIS2_PLACEMENT_3D ( 'NONE', #1291, #2425, #4880 ) ;
#4768 = CARTESIAN_POINT ( 'NONE',  ( 0.000000000000000000, -3.000000000000000000, 0.000000000000000000 ) ) ;
#4769 = EDGE_LOOP ( 'NONE', ( #4871, #4854 ) ) ;
#4770 = EDGE_CURVE ( 'NONE', #596, #4390, #1092, .T. ) ;
#4771 = EDGE_CURVE ( 'NONE', #942, #868, #5011, .T. ) ;
#4772 = VECTOR ( 'NONE', #278, 1000.000000000000000 ) ;
#4773 = CARTESIAN_POINT ( 'NONE',  ( -38.45626663143507784, 20.62180185532525556, 13.32687348075206302 ) ) ;
#4774 = VERTEX_POINT ( 'NONE', #3318 ) ;
#4775 = AXIS2_PLACEMENT_3D ( 'NONE', #4145, #4535, #4640 ) ;
#4776 = VECTOR ( 'NONE', #3093, 1000.000000000000000 ) ;
#4777 = CARTESIAN_POINT ( 'NONE',  ( 84.99999999999997158, 3.000000000000002665, 64.50000000000000000 ) ) ;
#4778 = EDGE_LOOP ( 'NONE', ( #3212, #457, #520, #2038, #536, #2774 ) ) ;
#4779 = ORIENTED_EDGE ( 'NONE', *, *, #3638, .F. ) ;
#4780 = ORIENTED_EDGE ( 'NONE', *, *, #2508, .F. ) ;
#4781 = CARTESIAN_POINT ( 'NONE',  ( 9.999999999999996447, 3.000000000000003109, -64.00000000000000000 ) ) ;
#4782 = EDGE_LOOP ( 'NONE', ( #2434, #989, #139, #1306 ) ) ;
#4783 = DIRECTION ( 'NONE',  ( 0.000000000000000000, 0.000000000000000000, 1.000000000000000000 ) ) ;
#4784 = DIRECTION ( 'NONE',  ( -0.000000000000000000, 1.000000000000000000, -0.000000000000000000 ) ) ;
#4785 = ORIENTED_EDGE ( 'NONE', *, *, #1718, .T. ) ;
#4786 = CARTESIAN_POINT ( 'NONE',  ( 0.000000000000000000, 0.000000000000000000, 0.000000000000000000 ) ) ;
#4787 = FACE_OUTER_BOUND ( 'NONE', #2489, .T. ) ;
#4788 = CARTESIAN_POINT ( 'NONE',  ( 89.99999999999998579, 1.000000000000028644, -59.50000000000000711 ) ) ;
#4789 = CARTESIAN_POINT ( 'NONE',  ( -38.45626663143507784, 59.75000000000000000, 4.776873480752062306 ) ) ;
#4790 = ORIENTED_EDGE ( 'NONE', *, *, #3851, .F. ) ;
#4791 = CARTESIAN_POINT ( 'NONE',  ( 80.14644660940672338, 1.146446609406760020, -59.64644660940672338 ) ) ;
#4792 = AXIS2_PLACEMENT_3D ( 'NONE', #4490, #1093, #987 ) ;
#4793 = ADVANCED_FACE ( 'NONE', ( #3979 ), #3593, .F. ) ;
#4794 = FACE_OUTER_BOUND ( 'NONE', #954, .T. ) ;
#4795 = EDGE_CURVE ( 'NONE', #4034, #4930, #4352, .T. ) ;
#4796 = FACE_OUTER_BOUND ( 'NONE', #3766, .T. ) ;
#4797 = ORIENTED_EDGE ( 'NONE', *, *, #3444, .T. ) ;
#4798 = EDGE_CURVE ( 'NONE', #895, #3893, #2141, .T. ) ;
#4799 = ORIENTED_EDGE ( 'NONE', *, *, #1941, .T. ) ;
#4800 = VERTEX_POINT ( 'NONE', #537 ) ;
#4801 = VERTEX_POINT ( 'NONE', #184 ) ;
#4802 =( BOUNDED_CURVE ( )  B_SPLINE_CURVE ( 3, ( #3008, #377, #2681, #4570 ),
 .UNSPECIFIED., .F., .F. ) 
 B_SPLINE_CURVE_WITH_KNOTS ( ( 4, 4 ),
 ( 0.000000000000000000, 1.570796326794896558 ),
 .UNSPECIFIED. ) 
 CURVE ( )  GEOMETRIC_REPRESENTATION_ITEM ( )  RATIONAL_B_SPLINE_CURVE ( ( 1.000000000000000000, 0.8047378541243649375, 0.8047378541243649375, 1.000000000000000000 ) ) 
 REPRESENTATION_ITEM ( '' )  );
#4803 = CIRCLE ( 'NONE', #2608, 4.499999999999990230 ) ;
#4804 = FACE_OUTER_BOUND ( 'NONE', #4856, .T. ) ;
#4805 = CARTESIAN_POINT ( 'NONE',  ( -21.41954159403426416, 40.62180185532525201, 13.32687348075206302 ) ) ;
#4806 = DIRECTION ( 'NONE',  ( -1.000000000000000000, -0.000000000000000000, -0.000000000000000000 ) ) ;
#4807 = LINE ( 'NONE', #2862, #3101 ) ;
#4808 = LINE ( 'NONE', #2059, #1983 ) ;
#4809 = ORIENTED_EDGE ( 'NONE', *, *, #2097, .T. ) ;
#4810 = VECTOR ( 'NONE', #4293, 1000.000000000000000 ) ;
#4811 = ORIENTED_EDGE ( 'NONE', *, *, #86, .T. ) ;
#4812 = DIRECTION ( 'NONE',  ( 0.000000000000000000, 0.000000000000000000, -1.000000000000000000 ) ) ;
#4813 = AXIS2_PLACEMENT_3D ( 'NONE', #1769, #1325, #4896 ) ;
#4814 = CARTESIAN_POINT ( 'NONE',  ( 13.99999999999997158, 0.000000000000000000, -58.50000000000002842 ) ) ;
#4815 = VERTEX_POINT ( 'NONE', #2083 ) ;
#4816 = EDGE_CURVE ( 'NONE', #3959, #610, #3649, .T. ) ;
#4817 = ORIENTED_EDGE ( 'NONE', *, *, #2951, .T. ) ;
#4818 = LINE ( 'NONE', #589, #3064 ) ;
#4819 = ORIENTED_EDGE ( 'NONE', *, *, #2791, .F. ) ;
#4820 = ORIENTED_EDGE ( 'NONE', *, *, #1165, .F. ) ;
#4821 = CARTESIAN_POINT ( 'NONE',  ( -24.95626663143508139, 50.62180185532525911, 13.32687348075206302 ) ) ;
#4822 = EDGE_CURVE ( 'NONE', #2199, #3871, #3297, .T. ) ;
#4823 = DIRECTION ( 'NONE',  ( 1.224646799147353207E-16, 1.000000000000000000, 0.000000000000000000 ) ) ;
#4824 = CARTESIAN_POINT ( 'NONE',  ( 164.4999999999999716, 3.000000000000002665, -64.00000000000000000 ) ) ;
#4825 = EDGE_CURVE ( 'NONE', #3369, #1994, #848, .T. ) ;
#4826 = DIRECTION ( 'NONE',  ( 0.000000000000000000, 0.000000000000000000, 1.000000000000000000 ) ) ;
#4827 = EDGE_CURVE ( 'NONE', #2864, #1373, #1731, .T. ) ;
#4828 = CARTESIAN_POINT ( 'NONE',  ( -25.31365017401159179, 10.62180185532525556, 16.41258776646634843 ) ) ;
#4829 = ORIENTED_EDGE ( 'NONE', *, *, #3044, .F. ) ;
#4830 = ORIENTED_EDGE ( 'NONE', *, *, #4883, .T. ) ;
#4831 = EDGE_CURVE ( 'NONE', #1171, #1332, #2558, .T. ) ;
#4832 = CYLINDRICAL_SURFACE ( 'NONE', #4767, 25.00000000000000000 ) ;
#4833 = VERTEX_POINT ( 'NONE', #4158 ) ;
#4834 = CARTESIAN_POINT ( 'NONE',  ( 89.99999999999997158, 3.000000000000000444, -60.00000000000000711 ) ) ;
#4835 = ORIENTED_EDGE ( 'NONE', *, *, #3116, .F. ) ;
#4836 =( BOUNDED_CURVE ( )  B_SPLINE_CURVE ( 3, ( #5004, #3167, #3070, #2366 ),
 .UNSPECIFIED., .F., .F. ) 
 B_SPLINE_CURVE_WITH_KNOTS ( ( 4, 4 ),
 ( 0.000000000000000000, 1.570796326794910103 ),
 .UNSPECIFIED. ) 
 CURVE ( )  GEOMETRIC_REPRESENTATION_ITEM ( )  RATIONAL_B_SPLINE_CURVE ( ( 1.000000000000000000, 0.8047378541243618288, 0.8047378541243618288, 1.000000000000000000 ) ) 
 REPRESENTATION_ITEM ( '' )  );
#4837 = LINE ( 'NONE', #2943, #998 ) ;
#4838 = DIRECTION ( 'NONE',  ( -0.000000000000000000, -1.000000000000000000, 0.000000000000000000 ) ) ;
#4839 = ORIENTED_EDGE ( 'NONE', *, *, #1077, .T. ) ;
#4840 = AXIS2_PLACEMENT_3D ( 'NONE', #1496, #1906, #673 ) ;
#4841 = DIRECTION ( 'NONE',  ( -1.224646799147353207E-16, 1.000000000000000000, 0.000000000000000000 ) ) ;
#4842 = ORIENTED_EDGE ( 'NONE', *, *, #2477, .F. ) ;
#4843 = ORIENTED_EDGE ( 'NONE', *, *, #2735, .T. ) ;
#4844 = CIRCLE ( 'NONE', #3936, 0.5000000000000004441 ) ;
#4845 = AXIS2_PLACEMENT_3D ( 'NONE', #3045, #4167, #2219 ) ;
#4846 = CARTESIAN_POINT ( 'NONE',  ( 12.49999999999999645, 3.000000000000002665, -64.00000000000000000 ) ) ;
#4847 = ORIENTED_EDGE ( 'NONE', *, *, #2125, .F. ) ;
#4848 = CARTESIAN_POINT ( 'NONE',  ( 52.66666666666593954, -26.33333333333309412, 32.16666666666609586 ) ) ;
#4849 = DIRECTION ( 'NONE',  ( 0.000000000000000000, 0.000000000000000000, 1.000000000000000000 ) ) ;
#4850 = AXIS2_PLACEMENT_3D ( 'NONE', #1057, #1862, #3404 ) ;
#4851 = LINE ( 'NONE', #575, #531 ) ;
#4852 = CARTESIAN_POINT ( 'NONE',  ( -24.95626663143508139, 50.62180185532525911, 10.32687348075206302 ) ) ;
#4853 = CIRCLE ( 'NONE', #4110, 17.49999999999999645 ) ;
#4854 = ORIENTED_EDGE ( 'NONE', *, *, #3639, .T. ) ;
#4855 = ORIENTED_EDGE ( 'NONE', *, *, #646, .F. ) ;
#4856 = EDGE_LOOP ( 'NONE', ( #4217, #303, #522, #3267 ) ) ;
#4857 = AXIS2_PLACEMENT_3D ( 'NONE', #1386, #511, #2479 ) ;
#4858 = EDGE_CURVE ( 'NONE', #4086, #1297, #2588, .T. ) ;
#4859 = CARTESIAN_POINT ( 'NONE',  ( 1.999999999999946265, 0.000000000000000000, 0.000000000000000000 ) ) ;
#4860 = EDGE_CURVE ( 'NONE', #1432, #3193, #2137, .T. ) ;
#4861 = EDGE_LOOP ( 'NONE', ( #2014, #4688, #1361, #1794 ) ) ;
#4862 = EDGE_CURVE ( 'NONE', #1498, #455, #3210, .T. ) ;
#4863 = ORIENTED_EDGE ( 'NONE', *, *, #2386, .F. ) ;
#4864 = FACE_OUTER_BOUND ( 'NONE', #4505, .T. ) ;
#4865 = PLANE ( 'NONE',  #2979 ) ;
#4866 = VERTEX_POINT ( 'NONE', #671 ) ;
#4867 = ORIENTED_EDGE ( 'NONE', *, *, #776, .F. ) ;
#4868 = AXIS2_PLACEMENT_3D ( 'NONE', #5053, #3117, #4670 ) ;
#4869 = DIRECTION ( 'NONE',  ( 0.000000000000000000, 0.000000000000000000, -1.000000000000000000 ) ) ;
#4870 = PERSON_AND_ORGANIZATION ( #2440, #4600 ) ;
#4871 = ORIENTED_EDGE ( 'NONE', *, *, #3327, .T. ) ;
#4872 = DIRECTION ( 'NONE',  ( 0.000000000000000000, 0.000000000000000000, -1.000000000000000000 ) ) ;
#4873 = VECTOR ( 'NONE', #1563, 1000.000000000000000 ) ;
#4874 = AXIS2_PLACEMENT_3D ( 'NONE', #3947, #1301, #2492 ) ;
#4875 = LINE ( 'NONE', #2930, #2324 ) ;
#4876 = VERTEX_POINT ( 'NONE', #1879 ) ;
#4877 = CARTESIAN_POINT ( 'NONE',  ( 12.99999999999999822, 1.000000000000000888, -60.00000000000000711 ) ) ;
#4878 = ORIENTED_EDGE ( 'NONE', *, *, #1307, .T. ) ;
#4879 = ORIENTED_EDGE ( 'NONE', *, *, #3699, .F. ) ;
#4880 = DIRECTION ( 'NONE',  ( 0.000000000000000000, 0.000000000000000000, -1.000000000000000000 ) ) ;
#4881 = DIRECTION ( 'NONE',  ( 0.000000000000000000, 0.000000000000000000, -1.000000000000000000 ) ) ;
#4882 = CARTESIAN_POINT ( 'NONE',  ( -46.95626663143507784, 59.75000000000000000, 10.95187348075206124 ) ) ;
#4883 = EDGE_CURVE ( 'NONE', #3315, #4157, #1778, .T. ) ;
#4884 = ORIENTED_EDGE ( 'NONE', *, *, #1501, .F. ) ;
#4885 = AXIS2_PLACEMENT_3D ( 'NONE', #3466, #4981, #1495 ) ;
#4886 = ADVANCED_FACE ( 'NONE', ( #2613 ), #1091, .F. ) ;
#4887 = EDGE_CURVE ( 'NONE', #2450, #3062, #4576, .T. ) ;
#4888 = DIRECTION ( 'NONE',  ( 0.000000000000000000, 1.000000000000000000, 0.000000000000000000 ) ) ;
#4889 = EDGE_CURVE ( 'NONE', #1518, #4034, #1566, .T. ) ;
#4890 = LINE ( 'NONE', #4038, #951 ) ;
#4891 = CIRCLE ( 'NONE', #2692, 4.999999999999990230 ) ;
#4892 = CARTESIAN_POINT ( 'NONE',  ( 14.00000000000004086, 0.000000000000000000, 0.000000000000000000 ) ) ;
#4893 = ORIENTED_EDGE ( 'NONE', *, *, #1043, .F. ) ;
#4894 = ORIENTED_EDGE ( 'NONE', *, *, #2645, .F. ) ;
#4895 = AXIS2_PLACEMENT_3D ( 'NONE', #2800, #18, #4300 ) ;
#4896 = DIRECTION ( 'NONE',  ( -0.000000000000000000, 0.000000000000000000, 1.000000000000000000 ) ) ;
#4897 = DATE_TIME_ROLE ( 'classification_date' ) ;
#4898 = ORIENTED_EDGE ( 'NONE', *, *, #1333, .F. ) ;
#4899 = CARTESIAN_POINT ( 'NONE',  ( 3.500000000000003109, 1.000000000000028644, 59.50000000000000711 ) ) ;
#4900 = ORIENTED_EDGE ( 'NONE', *, *, #2699, .T. ) ;
#4901 = FACE_OUTER_BOUND ( 'NONE', #4955, .T. ) ;
#4902 = ORIENTED_EDGE ( 'NONE', *, *, #3361, .T. ) ;
#4903 = CYLINDRICAL_SURFACE ( 'NONE', #3539, 2.375000000000002220 ) ;
#4904 = EDGE_LOOP ( 'NONE', ( #215, #4976, #4817, #4201, #2091, #1392, #4530, #88, #3653, #3273, #4583, #3219, #1786, #2726, #4937, #1932, #5001, #277, #2261, #855, #1555, #3032 ) ) ;
#4905 = CARTESIAN_POINT ( 'NONE',  ( -38.45626663143507784, 61.75000000000000000, 13.32687348075206302 ) ) ;
#4906 = CARTESIAN_POINT ( 'NONE',  ( 0.000000000000000000, 53.99999999999998579, 0.000000000000000000 ) ) ;
#4907 = LINE ( 'NONE', #3989, #5052 ) ;
#4908 = DIRECTION ( 'NONE',  ( -0.000000000000000000, 1.000000000000000000, -0.000000000000000000 ) ) ;
#4909 = DIRECTION ( 'NONE',  ( 0.000000000000000000, 0.000000000000000000, -1.000000000000000000 ) ) ;
#4910 = VERTEX_POINT ( 'NONE', #2164 ) ;
#4911 = VERTEX_POINT ( 'NONE', #3346 ) ;
#4912 = DIRECTION ( 'NONE',  ( 0.000000000000000000, 0.000000000000000000, 1.000000000000000000 ) ) ;
#4913 = CYLINDRICAL_SURFACE ( 'NONE', #3606, 3.750000000000000000 ) ;
#4914 = FACE_OUTER_BOUND ( 'NONE', #4243, .T. ) ;
#4915 = ORIENTED_EDGE ( 'NONE', *, *, #2476, .T. ) ;
#4916 = EDGE_CURVE ( 'NONE', #5057, #4627, #2214, .T. ) ;
#4917 = ORIENTED_EDGE ( 'NONE', *, *, #3197, .T. ) ;
#4918 = EDGE_CURVE ( 'NONE', #3959, #2834, #1896, .T. ) ;
#4919 = DIRECTION ( 'NONE',  ( 0.000000000000000000, 0.000000000000000000, 1.000000000000000000 ) ) ;
#4920 = AXIS2_PLACEMENT_3D ( 'NONE', #2560, #2843, #264 ) ;
#4921 = ORIENTED_EDGE ( 'NONE', *, *, #2357, .T. ) ;
#4922 = LINE ( 'NONE', #2982, #930 ) ;
#4923 = ADVANCED_FACE ( 'NONE', ( #1363 ), #1804, .T. ) ;
#4924 = EDGE_CURVE ( 'NONE', #2744, #2921, #2247, .T. ) ;
#4925 = AXIS2_PLACEMENT_3D ( 'NONE', #2057, #135, #84 ) ;
#4926 = PLANE ( 'NONE',  #3309 ) ;
#4927 = AXIS2_PLACEMENT_3D ( 'NONE', #356, #3878, #1215 ) ;
#4928 = LINE ( 'NONE', #4180, #4548 ) ;
#4929 = DIRECTION ( 'NONE',  ( -0.000000000000000000, 0.000000000000000000, 1.000000000000000000 ) ) ;
#4930 = VERTEX_POINT ( 'NONE', #3419 ) ;
#4931 = TOROIDAL_SURFACE ( 'NONE', #4021, 17.49999999999999645, 4.000000000000000000 ) ;
#4932 = AXIS2_PLACEMENT_3D ( 'NONE', #2309, #2631, #3872 ) ;
#4933 = CARTESIAN_POINT ( 'NONE',  ( 84.99999999999997158, 3.000000000000002665, 60.00000000000000711 ) ) ;
#4934 = DIRECTION ( 'NONE',  ( 4.625929269271481378E-15, 1.000000000000000000, -0.000000000000000000 ) ) ;
#4935 = DIRECTION ( 'NONE',  ( -0.000000000000000000, -1.000000000000000000, -0.000000000000000000 ) ) ;
#4936 = CARTESIAN_POINT ( 'NONE',  ( -38.45626663143507784, 61.75000000000000000, 26.82687348075206302 ) ) ;
#4937 = ORIENTED_EDGE ( 'NONE', *, *, #4971, .T. ) ;
#4938 = CIRCLE ( 'NONE', #203, 1.500000000000004885 ) ;
#4939 = VERTEX_POINT ( 'NONE', #1098 ) ;
#4940 = FACE_OUTER_BOUND ( 'NONE', #4025, .T. ) ;
#4941 = AXIS2_PLACEMENT_3D ( 'NONE', #2128, #986, #202 ) ;
#4942 = DIRECTION ( 'NONE',  ( -0.000000000000000000, 0.000000000000000000, 1.000000000000000000 ) ) ;
#4943 = VERTEX_POINT ( 'NONE', #2991 ) ;
#4944 = ORIENTED_EDGE ( 'NONE', *, *, #2958, .T. ) ;
#4945 = DIRECTION ( 'NONE',  ( 0.000000000000000000, 0.000000000000000000, -1.000000000000000000 ) ) ;
#4946 = ORIENTED_EDGE ( 'NONE', *, *, #4481, .F. ) ;
#4947 = CARTESIAN_POINT ( 'NONE',  ( 6.000000000000003553, 3.000000000000002665, -59.50000000000000711 ) ) ;
#4948 = EDGE_CURVE ( 'NONE', #4249, #4504, #3790, .T. ) ;
#4949 = ORIENTED_EDGE ( 'NONE', *, *, #4971, .F. ) ;
#4950 = CARTESIAN_POINT ( 'NONE',  ( 157.1464466094066950, 1.146446609406735817, -59.64644660940673049 ) ) ;
#4951 = ADVANCED_FACE ( 'NONE', ( #4493 ), #4186, .T. ) ;
#4952 = VECTOR ( 'NONE', #329, 1000.000000000000114 ) ;
#4953 = ADVANCED_FACE ( 'NONE', ( #1904 ), #3941, .F. ) ;
#4954 = CARTESIAN_POINT ( 'NONE',  ( 78.99999999999992895, 0.000000000000000000, -64.50000000000000000 ) ) ;
#4955 = EDGE_LOOP ( 'NONE', ( #2556, #4407, #2447, #1054 ) ) ;
#4956 = DIRECTION ( 'NONE',  ( 0.000000000000000000, 1.000000000000000000, 0.000000000000000000 ) ) ;
#4957 = DIRECTION ( 'NONE',  ( 0.7071067811865344721, 0.7071067811865606734, 0.000000000000000000 ) ) ;
#4958 = CARTESIAN_POINT ( 'NONE',  ( -26.20626663143508495, 40.00000000000000000, 13.32687348075206302 ) ) ;
#4959 = EDGE_LOOP ( 'NONE', ( #3304, #3697 ) ) ;
#4960 = DIRECTION ( 'NONE',  ( 0.000000000000000000, -1.000000000000000000, -0.000000000000000000 ) ) ;
#4961 = CARTESIAN_POINT ( 'NONE',  ( -21.41954159403426416, 40.62180185532525201, 17.32687348075206302 ) ) ;
#4962 = LINE ( 'NONE', #300, #3459 ) ;
#4963 = VECTOR ( 'NONE', #4143, 1000.000000000000000 ) ;
#4964 = ORIENTED_EDGE ( 'NONE', *, *, #1009, .T. ) ;
#4965 =( BOUNDED_CURVE ( )  B_SPLINE_CURVE ( 3, ( #1186, #3136, #1993, #445 ),
 .UNSPECIFIED., .F., .T. ) 
 B_SPLINE_CURVE_WITH_KNOTS ( ( 4, 4 ),
 ( 0.000000000000000000, 0.7853981633974491672 ),
 .UNSPECIFIED. ) 
 CURVE ( )  GEOMETRIC_REPRESENTATION_ITEM ( )  RATIONAL_B_SPLINE_CURVE ( ( 1.000000000000000000, 0.9492530216741910110, 0.9492530216741910110, 1.000000000000000000 ) ) 
 REPRESENTATION_ITEM ( '' )  );
#4966 = CIRCLE ( 'NONE', #2355, 4.499999999999990230 ) ;
#4967 = LINE ( 'NONE', #1005, #774 ) ;
#4968 = ORIENTED_EDGE ( 'NONE', *, *, #2734, .T. ) ;
#4969 = CARTESIAN_POINT ( 'NONE',  ( 89.99999999999998579, 1.000000000000028644, -60.00000000000000711 ) ) ;
#4970 = LINE ( 'NONE', #1413, #2473 ) ;
#4971 = EDGE_CURVE ( 'NONE', #4911, #4833, #4653, .T. ) ;
#4972 = CARTESIAN_POINT ( 'NONE',  ( 89.49999999999998579, 1.000000000000028644, -59.50000000000000711 ) ) ;
#4973 = CIRCLE ( 'NONE', #4314, 13.49999999999999822 ) ;
#4974 = CARTESIAN_POINT ( 'NONE',  ( 3.500000000000002665, 1.500000000000014433, 64.50000000000000000 ) ) ;
#4975 = LINE ( 'NONE', #5028, #4776 ) ;
#4976 = ORIENTED_EDGE ( 'NONE', *, *, #888, .T. ) ;
#4977 = EDGE_CURVE ( 'NONE', #386, #3818, #4836, .T. ) ;
#4978 = ADVANCED_FACE ( 'NONE', ( #4721 ), #1974, .F. ) ;
#4979 = ADVANCED_FACE ( 'NONE', ( #795, #2710, #4261 ), #2002, .T. ) ;
#4980 = DIRECTION ( 'NONE',  ( 0.000000000000000000, 0.000000000000000000, 1.000000000000000000 ) ) ;
#4981 = DIRECTION ( 'NONE',  ( 0.000000000000000000, 0.000000000000000000, 1.000000000000000000 ) ) ;
#4982 = FACE_OUTER_BOUND ( 'NONE', #499, .T. ) ;
#4983 = DIRECTION ( 'NONE',  ( -1.000000000000000000, 0.000000000000000000, -0.000000000000000000 ) ) ;
#4984 = EDGE_CURVE ( 'NONE', #2308, #4498, #2053, .T. ) ;
#4985 = CARTESIAN_POINT ( 'NONE',  ( 89.49999999999997158, 3.000000000000002220, 59.50000000000000711 ) ) ;
#4986 = ORIENTED_EDGE ( 'NONE', *, *, #2579, .F. ) ;
#4987 = CARTESIAN_POINT ( 'NONE',  ( 9.999999999999996447, 3.000000000000003109, -59.50000000000000711 ) ) ;
#4988 = CARTESIAN_POINT ( 'NONE',  ( -29.95626663143508139, 61.75000000000000000, 15.70187348075206124 ) ) ;
#4989 = EDGE_LOOP ( 'NONE', ( #3637, #1462 ) ) ;
#4990 = PLANE ( 'NONE',  #4391 ) ;
#4991 = CARTESIAN_POINT ( 'NONE',  ( 12.85355339059327129, 1.146446609406731820, -59.64644660940673049 ) ) ;
#4992 = ORIENTED_EDGE ( 'NONE', *, *, #2348, .F. ) ;
#4993 = ORIENTED_EDGE ( 'NONE', *, *, #4481, .T. ) ;
#4994 = DIRECTION ( 'NONE',  ( 0.000000000000000000, 0.000000000000000000, 1.000000000000000000 ) ) ;
#4995 =( BOUNDED_CURVE ( )  B_SPLINE_CURVE ( 3, ( #4791, #2410, #1278, #2846 ),
 .UNSPECIFIED., .F., .T. ) 
 B_SPLINE_CURVE_WITH_KNOTS ( ( 4, 4 ),
 ( 2.356194490192319968, 3.141592653589793116 ),
 .UNSPECIFIED. ) 
 CURVE ( )  GEOMETRIC_REPRESENTATION_ITEM ( )  RATIONAL_B_SPLINE_CURVE ( ( 1.000000000000000000, 0.9492530216741880134, 0.9492530216741880134, 1.000000000000000000 ) ) 
 REPRESENTATION_ITEM ( '' )  );
#4996 = CIRCLE ( 'NONE', #4753, 1.999999999999996669 ) ;
#4997 = DIRECTION ( 'NONE',  ( 1.000000000000000000, 0.000000000000000000, 0.000000000000000000 ) ) ;
#4998 = PLANE ( 'NONE',  #4868 ) ;
#4999 = CARTESIAN_POINT ( 'NONE',  ( 166.9999999999999716, 3.000000000000002665, -64.00000000000000000 ) ) ;
#5000 = CIRCLE ( 'NONE', #3370, 0.5000000000000004441 ) ;
#5001 = ORIENTED_EDGE ( 'NONE', *, *, #508, .T. ) ;
#5002 = VECTOR ( 'NONE', #1049, 1000.000000000000000 ) ;
#5003 = CIRCLE ( 'NONE', #4020, 0.5000000000000004441 ) ;
#5004 = CARTESIAN_POINT ( 'NONE',  ( 89.99999999999998579, 0.9999999999999408251, 64.00000000000000000 ) ) ;
#5005 = FACE_OUTER_BOUND ( 'NONE', #4381, .T. ) ;
#5006 = LINE ( 'NONE', #4632, #2554 ) ;
#5007 = CARTESIAN_POINT ( 'NONE',  ( 90.00000000000000000, 3.000000000000000000, 60.00000000000000711 ) ) ;
#5008 = DIRECTION ( 'NONE',  ( 0.000000000000000000, 0.000000000000000000, -1.000000000000000000 ) ) ;
#5009 = ORIENTED_EDGE ( 'NONE', *, *, #683, .F. ) ;
#5010 = ADVANCED_FACE ( 'NONE', ( #1494, #3122, #3465, #4629, #749, #2684 ), #4283, .T. ) ;
#5011 = CIRCLE ( 'NONE', #2805, 13.50000000000000178 ) ;
#5012 = ORIENTED_EDGE ( 'NONE', *, *, #1250, .T. ) ;
#5013 = CIRCLE ( 'NONE', #1901, 0.5000000000000004441 ) ;
#5014 = LINE ( 'NONE', #3817, #3531 ) ;
#5015 = EDGE_CURVE ( 'NONE', #4183, #2948, #4345, .T. ) ;
#5016 = VECTOR ( 'NONE', #322, 1000.000000000000000 ) ;
#5017 = CARTESIAN_POINT ( 'NONE',  ( 0.000000000000000000, 55.00000000000000000, -23.26794919243110726 ) ) ;
#5018 = ORIENTED_EDGE ( 'NONE', *, *, #920, .F. ) ;
#5019 = EDGE_CURVE ( 'NONE', #323, #2641, #794, .T. ) ;
#5020 = CARTESIAN_POINT ( 'NONE',  ( 1.999999999999946265, 0.000000000000000000, 64.50000000000000000 ) ) ;
#5021 = ORIENTED_EDGE ( 'NONE', *, *, #2325, .T. ) ;
#5022 = VECTOR ( 'NONE', #1339, 1000.000000000000000 ) ;
#5023 = CARTESIAN_POINT ( 'NONE',  ( -22.14468220903586371, 0.04169295454957982344, 17.80411825751845001 ) ) ;
#5024 = ORIENTED_EDGE ( 'NONE', *, *, #2508, .T. ) ;
#5025 = PLANE ( 'NONE',  #4932 ) ;
#5026 = CARTESIAN_POINT ( 'NONE',  ( 157.4999999999999716, 1.000000000000000888, 64.50000000000000000 ) ) ;
#5027 = DIRECTION ( 'NONE',  ( 0.000000000000000000, 1.000000000000000000, 0.000000000000000000 ) ) ;
#5028 = CARTESIAN_POINT ( 'NONE',  ( 156.9999999999999716, 0.000000000000000000, 60.00000000000000711 ) ) ;
#5029 = EDGE_LOOP ( 'NONE', ( #3358, #3331 ) ) ;
#5030 = DIRECTION ( 'NONE',  ( 0.000000000000000000, 1.000000000000000000, 0.000000000000000000 ) ) ;
#5031 = CYLINDRICAL_SURFACE ( 'NONE', #2098, 2.000000000000001776 ) ;
#5032 = VECTOR ( 'NONE', #4743, 1000.000000000000000 ) ;
#5033 = EDGE_CURVE ( 'NONE', #12, #3800, #381, .T. ) ;
#5034 = CARTESIAN_POINT ( 'NONE',  ( 161.9999999999999716, 3.000000000000000000, 59.50000000000000711 ) ) ;
#5035 = DIRECTION ( 'NONE',  ( -1.000000000000000000, 0.000000000000000000, 0.000000000000000000 ) ) ;
#5036 = AXIS2_PLACEMENT_3D ( 'NONE', #4773, #4380, #884 ) ;
#5037 = ORIENTED_EDGE ( 'NONE', *, *, #1589, .T. ) ;
#5038 = DIRECTION ( 'NONE',  ( 1.000000000000000000, 0.000000000000000000, 0.000000000000000000 ) ) ;
#5039 = EDGE_CURVE ( 'NONE', #1771, #2577, #3952, .T. ) ;
#5040 = CARTESIAN_POINT ( 'NONE',  ( -38.45626663143507784, 10.62180185532525556, 13.32687348075206302 ) ) ;
#5041 = CYLINDRICAL_SURFACE ( 'NONE', #244, 20.00000000000000000 ) ;
#5042 = DIRECTION ( 'NONE',  ( 4.336808689942013792E-15, 1.000000000000000000, 0.000000000000000000 ) ) ;
#5043 = ORIENTED_EDGE ( 'NONE', *, *, #4351, .F. ) ;
#5044 = EDGE_CURVE ( 'NONE', #719, #4660, #2389, .T. ) ;
#5045 = LINE ( 'NONE', #1203, #2771 ) ;
#5046 = DIRECTION ( 'NONE',  ( 0.000000000000000000, -0.000000000000000000, -1.000000000000000000 ) ) ;
#5047 = ORIENTED_EDGE ( 'NONE', *, *, #3909, .F. ) ;
#5048 = DIRECTION ( 'NONE',  ( 0.000000000000000000, 0.000000000000000000, 1.000000000000000000 ) ) ;
#5049 = CARTESIAN_POINT ( 'NONE',  ( 0.000000000000000000, -3.000000000000000000, 0.000000000000000000 ) ) ;
#5050 = APPROVAL ( #661, 'UNSPECIFIED' ) ;
#5051 = VECTOR ( 'NONE', #2203, 1000.000000000000000 ) ;
#5052 = VECTOR ( 'NONE', #1024, 1000.000000000000000 ) ;
#5053 = CARTESIAN_POINT ( 'NONE',  ( 166.9999999999999716, 0.000000000000000000, 59.50000000000000711 ) ) ;
#5054 = ORIENTED_EDGE ( 'NONE', *, *, #3597, .F. ) ;
#5055 = FACE_OUTER_BOUND ( 'NONE', #2535, .T. ) ;
#5056 = AXIS2_PLACEMENT_3D ( 'NONE', #1606, #3527, #1158 ) ;
#5057 = VERTEX_POINT ( 'NONE', #1168 ) ;
ENDSEC;
END-ISO-10303-21;
