ISO-10303-21;
HEADER;
FILE_DESCRIPTION (( 'STEP AP203' ),
    '1' );
FILE_NAME ('BoxTop_Default_sldprt.STEP',
    '2026-04-21T20:27:17',
    ( '' ),
    ( '' ),
    'SwSTEP 2.0',
    'SolidWorks 2025',
    '' );
FILE_SCHEMA (( 'CONFIG_CONTROL_DESIGN' ));
ENDSEC;

DATA;
#1 = ORIENTED_EDGE ( 'NONE', *, *, #7, .T. ) ;
#2 = VERTEX_POINT ( 'NONE', #929 ) ;
#3 = CARTESIAN_POINT ( 'NONE',  ( 0.000000000000000000, 84.60000000000005116, -64.50000000000000000 ) ) ;
#4 = CARTESIAN_POINT ( 'NONE',  ( 169.0999999999999943, 91.20000000000001705, -49.00000000000001421 ) ) ;
#5 = VERTEX_POINT ( 'NONE', #69 ) ;
#6 = DIRECTION ( 'NONE',  ( -0.000000000000000000, -0.000000000000000000, 1.000000000000000000 ) ) ;
#7 = EDGE_CURVE ( 'NONE', #1156, #778, #344, .T. ) ;
#8 = LINE ( 'NONE', #860, #1218 ) ;
#9 = DIRECTION ( 'NONE',  ( 0.000000000000000000, 0.000000000000000000, 1.000000000000000000 ) ) ;
#10 = DIRECTION ( 'NONE',  ( 0.000000000000000000, 0.000000000000000000, 1.000000000000000000 ) ) ;
#11 = ORIENTED_EDGE ( 'NONE', *, *, #1326, .F. ) ;
#12 = ORIENTED_EDGE ( 'NONE', *, *, #1348, .F. ) ;
#13 = ORIENTED_EDGE ( 'NONE', *, *, #640, .T. ) ;
#14 = DIRECTION ( 'NONE',  ( -1.000000000000000000, 0.000000000000000000, 0.000000000000000000 ) ) ;
#15 = CARTESIAN_POINT ( 'NONE',  ( 139.5999999999999375, 91.20000000000001705, 49.00000000000000000 ) ) ;
#16 = ORIENTED_EDGE ( 'NONE', *, *, #2739, .F. ) ;
#17 = CARTESIAN_POINT ( 'NONE',  ( 143.0999999999999375, 0.000000000000000000, -49.00000000000000000 ) ) ;
#18 = EDGE_CURVE ( 'NONE', #2766, #2759, #714, .T. ) ;
#19 = DIRECTION ( 'NONE',  ( 0.000000000000000000, 0.000000000000000000, 1.000000000000000000 ) ) ;
#20 = EDGE_CURVE ( 'NONE', #2366, #1542, #1926, .T. ) ;
#21 = ORIENTED_EDGE ( 'NONE', *, *, #72, .T. ) ;
#22 = FACE_BOUND ( 'NONE', #1077, .T. ) ;
#23 = CARTESIAN_POINT ( 'NONE',  ( 169.9999999999999716, 91.20000000000001705, 64.50000000000000000 ) ) ;
#24 = ORIENTED_EDGE ( 'NONE', *, *, #1905, .T. ) ;
#25 = EDGE_CURVE ( 'NONE', #1608, #430, #1566, .T. ) ;
#26 = AXIS2_PLACEMENT_3D ( 'NONE', #816, #1677, #660 ) ;
#27 = AXIS2_PLACEMENT_3D ( 'NONE', #2288, #2323, #817 ) ;
#28 = CARTESIAN_POINT ( 'NONE',  ( 136.0999999999999375, 0.000000000000000000, 49.00000000000000000 ) ) ;
#29 = ORIENTED_EDGE ( 'NONE', *, *, #2099, .T. ) ;
#30 = CIRCLE ( 'NONE', #2391, 3.500000000000003109 ) ;
#31 = AXIS2_PLACEMENT_3D ( 'NONE', #64, #954, #1783 ) ;
#32 = AXIS2_PLACEMENT_3D ( 'NONE', #1652, #2106, #1878 ) ;
#33 = VECTOR ( 'NONE', #1155, 1000.000000000000000 ) ;
#34 = VERTEX_POINT ( 'NONE', #105 ) ;
#35 = DIRECTION ( 'NONE',  ( -1.000000000000000000, 0.000000000000000000, 0.000000000000000000 ) ) ;
#36 = VECTOR ( 'NONE', #426, 1000.000000000000000 ) ;
#37 = ORIENTED_EDGE ( 'NONE', *, *, #548, .F. ) ;
#38 = DIRECTION ( 'NONE',  ( 0.000000000000000000, 1.000000000000000000, 0.000000000000000000 ) ) ;
#39 = DIRECTION ( 'NONE',  ( 0.000000000000000000, 0.000000000000000000, 1.000000000000000000 ) ) ;
#40 = ORIENTED_EDGE ( 'NONE', *, *, #310, .T. ) ;
#41 = CARTESIAN_POINT ( 'NONE',  ( 84.99999999999998579, 6.000000000000000000, 74.15685424949238325 ) ) ;
#42 = DIRECTION ( 'NONE',  ( 0.000000000000000000, 1.000000000000000000, 0.000000000000000000 ) ) ;
#43 = LOCAL_TIME ( 14, 27, 16.00000000000000000, #787 ) ;
#44 = LINE ( 'NONE', #2014, #1352 ) ;
#45 = CARTESIAN_POINT ( 'NONE',  ( 8.000000000000021316, 6.000000000000000000, -64.49999999999998579 ) ) ;
#46 = EDGE_CURVE ( 'NONE', #1393, #393, #1355, .T. ) ;
#47 = ORIENTED_EDGE ( 'NONE', *, *, #2428, .F. ) ;
#48 = CARTESIAN_POINT ( 'NONE',  ( 117.5999999999999659, 93.90000000000000568, 49.00000000000000711 ) ) ;
#49 = ORIENTED_EDGE ( 'NONE', *, *, #1489, .F. ) ;
#50 = CARTESIAN_POINT ( 'NONE',  ( 21.84856974723963319, 84.20000000000001705, -64.50000000000000000 ) ) ;
#51 = CARTESIAN_POINT ( 'NONE',  ( 139.5999999999999375, 0.000000000000000000, -49.00000000000000000 ) ) ;
#52 = ORIENTED_EDGE ( 'NONE', *, *, #413, .T. ) ;
#53 = FACE_OUTER_BOUND ( 'NONE', #1145, .T. ) ;
#54 = FACE_OUTER_BOUND ( 'NONE', #2242, .T. ) ;
#55 = ORIENTED_EDGE ( 'NONE', *, *, #166, .F. ) ;
#56 = B_SPLINE_CURVE_WITH_KNOTS ( 'NONE', 3,
 ( #232, #757, #1737, #3 ),
 .UNSPECIFIED., .F., .F.,
 ( 4, 4 ),
 ( 1.734723475976807094E-18, 0.007205553413861128485 ),
 .UNSPECIFIED. ) ;
#57 = DIRECTION ( 'NONE',  ( 0.000000000000000000, 0.000000000000000000, 1.000000000000000000 ) ) ;
#58 = CARTESIAN_POINT ( 'NONE',  ( 161.9999999999999716, 6.000000000000000000, -64.49999999999998579 ) ) ;
#59 = EDGE_CURVE ( 'NONE', #1960, #2656, #1207, .T. ) ;
#60 = EDGE_LOOP ( 'NONE', ( #86, #865, #508, #1252, #936 ) ) ;
#61 = DIRECTION ( 'NONE',  ( -0.000000000000000000, 1.000000000000000000, -0.000000000000000000 ) ) ;
#62 = ORIENTED_EDGE ( 'NONE', *, *, #1506, .F. ) ;
#63 = CARTESIAN_POINT ( 'NONE',  ( 173.9999999999999716, 93.90000000000000568, -61.50000000000006395 ) ) ;
#64 = CARTESIAN_POINT ( 'NONE',  ( 84.99999999999998579, 6.000000000000000000, -68.50000000000002842 ) ) ;
#65 = ORIENTED_EDGE ( 'NONE', *, *, #2714, .T. ) ;
#66 = DIRECTION ( 'NONE',  ( -1.000000000000000000, 0.000000000000000000, 0.000000000000000000 ) ) ;
#67 = CARTESIAN_POINT ( 'NONE',  ( 163.9999999999999716, 6.000000000000000000, -68.50000000000005684 ) ) ;
#68 = VERTEX_POINT ( 'NONE', #2464 ) ;
#69 = CARTESIAN_POINT ( 'NONE',  ( 172.5999999999999943, 91.20000000000001705, 52.50000000000003553 ) ) ;
#70 = PLANE ( 'NONE',  #1668 ) ;
#71 = AXIS2_PLACEMENT_3D ( 'NONE', #1107, #1968, #209 ) ;
#72 = EDGE_CURVE ( 'NONE', #797, #1059, #2197, .T. ) ;
#73 = CIRCLE ( 'NONE', #2120, 6.999999999999999112 ) ;
#74 = AXIS2_PLACEMENT_3D ( 'NONE', #2543, #2728, #153 ) ;
#75 = ORIENTED_EDGE ( 'NONE', *, *, #1090, .T. ) ;
#76 = DIRECTION ( 'NONE',  ( 0.000000000000000000, 0.000000000000000000, 1.000000000000000000 ) ) ;
#77 = EDGE_CURVE ( 'NONE', #1542, #2366, #2562, .T. ) ;
#78 = CIRCLE ( 'NONE', #1399, 6.999999999999999112 ) ;
#79 = VECTOR ( 'NONE', #547, 1000.000000000000000 ) ;
#80 = ORIENTED_EDGE ( 'NONE', *, *, #2271, .T. ) ;
#81 = CIRCLE ( 'NONE', #2167, 3.499999999999989342 ) ;
#82 = CARTESIAN_POINT ( 'NONE',  ( 180.9999999999999716, 0.000000000000000000, -68.50000000000005684 ) ) ;
#83 = CIRCLE ( 'NONE', #1842, 68.50000000000000000 ) ;
#84 = ADVANCED_FACE ( 'NONE', ( #391 ), #2748, .F. ) ;
#85 = DIRECTION ( 'NONE',  ( -1.000000000000000000, 0.000000000000000000, 0.000000000000000000 ) ) ;
#86 = ORIENTED_EDGE ( 'NONE', *, *, #1520, .T. ) ;
#87 = CARTESIAN_POINT ( 'NONE',  ( 172.5999999999999943, 93.90000000000000568, 49.00000000000001421 ) ) ;
#88 = CYLINDRICAL_SURFACE ( 'NONE', #1223, 6.999999999999999112 ) ;
#89 = ORIENTED_EDGE ( 'NONE', *, *, #1131, .F. ) ;
#90 = LINE ( 'NONE', #1775, #2576 ) ;
#91 = VERTEX_POINT ( 'NONE', #2732 ) ;
#92 = AXIS2_PLACEMENT_3D ( 'NONE', #2497, #1682, #821 ) ;
#93 = CARTESIAN_POINT ( 'NONE',  ( 165.1000000000000227, 91.20000000000001705, 49.00000000000000000 ) ) ;
#94 = ORIENTED_EDGE ( 'NONE', *, *, #2764, .F. ) ;
#95 = CARTESIAN_POINT ( 'NONE',  ( 169.0999999999999943, 91.20000000000001705, 0.000000000000000000 ) ) ;
#96 = CARTESIAN_POINT ( 'NONE',  ( 177.0000000000000000, 93.90000000000000568, -64.50000000000000000 ) ) ;
#97 = CYLINDRICAL_SURFACE ( 'NONE', #2793, 2.000000000000001776 ) ;
#98 = EDGE_LOOP ( 'NONE', ( #1049, #1425 ) ) ;
#99 = EDGE_CURVE ( 'NONE', #115, #2229, #1924, .T. ) ;
#100 = CARTESIAN_POINT ( 'NONE',  ( 92.09999999999993747, 93.90000000000000568, 49.00000000000000711 ) ) ;
#101 = DIRECTION ( 'NONE',  ( 0.000000000000000000, 0.000000000000000000, 1.000000000000000000 ) ) ;
#102 = ORIENTED_EDGE ( 'NONE', *, *, #272, .F. ) ;
#103 = ADVANCED_FACE ( 'NONE', ( #1877 ), #824, .T. ) ;
#104 = APPROVAL_DATE_TIME ( #377, #1676 ) ;
#105 = CARTESIAN_POINT ( 'NONE',  ( 176.1000000000000227, 93.90000000000000568, 49.00000000000001421 ) ) ;
#106 = CARTESIAN_POINT ( 'NONE',  ( 143.0999999999999375, 0.000000000000000000, -49.00000000000000000 ) ) ;
#107 = EDGE_LOOP ( 'NONE', ( #1177, #1498 ) ) ;
#108 = CARTESIAN_POINT ( 'NONE',  ( 121.0999999999999801, 93.90000000000000568, -48.99999999999999289 ) ) ;
#109 = LINE ( 'NONE', #2727, #898 ) ;
#110 = CARTESIAN_POINT ( 'NONE',  ( 161.9999999999999716, 6.000000000000000000, 74.15685424949238325 ) ) ;
#111 = CC_DESIGN_PERSON_AND_ORGANIZATION_ASSIGNMENT ( #802, #2547, ( #698 ) ) ;
#112 = ORIENTED_EDGE ( 'NONE', *, *, #686, .T. ) ;
#113 = DIRECTION ( 'NONE',  ( 0.000000000000000000, 1.000000000000000000, 0.000000000000000000 ) ) ;
#114 = CARTESIAN_POINT ( 'NONE',  ( 158.0999999999999943, 0.000000000000000000, -49.00000000000000000 ) ) ;
#115 = VERTEX_POINT ( 'NONE', #1640 ) ;
#116 = EDGE_CURVE ( 'NONE', #520, #1086, #755, .T. ) ;
#117 = CYLINDRICAL_SURFACE ( 'NONE', #1185, 6.999999999999999112 ) ;
#118 = CARTESIAN_POINT ( 'NONE',  ( 161.6000000000000227, 0.000000000000000000, -49.00000000000000000 ) ) ;
#119 = EDGE_CURVE ( 'NONE', #2431, #1515, #2408, .T. ) ;
#120 = ORIENTED_EDGE ( 'NONE', *, *, #59, .F. ) ;
#121 = ORIENTED_EDGE ( 'NONE', *, *, #640, .F. ) ;
#122 = CARTESIAN_POINT ( 'NONE',  ( 143.0999999999999375, 91.20000000000001705, 0.000000000000000000 ) ) ;
#123 = AXIS2_PLACEMENT_3D ( 'NONE', #2415, #1149, #2444 ) ;
#124 = AXIS2_PLACEMENT_3D ( 'NONE', #1279, #2804, #19 ) ;
#125 = CARTESIAN_POINT ( 'NONE',  ( 161.9999999999999716, 6.000000000000000000, 68.50000000000000000 ) ) ;
#126 = LINE ( 'NONE', #1617, #1346 ) ;
#127 = VECTOR ( 'NONE', #545, 1000.000000000000000 ) ;
#128 = AXIS2_PLACEMENT_3D ( 'NONE', #432, #2554, #1037 ) ;
#129 = AXIS2_PLACEMENT_3D ( 'NONE', #1111, #1917, #2136 ) ;
#130 = VECTOR ( 'NONE', #576, 1000.000000000000000 ) ;
#131 = LINE ( 'NONE', #751, #1253 ) ;
#132 = CARTESIAN_POINT ( 'NONE',  ( 92.09999999999993747, 0.000000000000000000, 49.00000000000000711 ) ) ;
#133 = CIRCLE ( 'NONE', #2484, 3.500000000000016875 ) ;
#134 = CARTESIAN_POINT ( 'NONE',  ( 92.09999999999993747, 91.20000000000001705, 49.00000000000000711 ) ) ;
#135 = LINE ( 'NONE', #368, #2027 ) ;
#136 = ORIENTED_EDGE ( 'NONE', *, *, #428, .T. ) ;
#137 = ORIENTED_EDGE ( 'NONE', *, *, #1293, .T. ) ;
#138 = ORIENTED_EDGE ( 'NONE', *, *, #1634, .F. ) ;
#139 = ADVANCED_FACE ( 'NONE', ( #544 ), #117, .T. ) ;
#140 = LINE ( 'NONE', #95, #175 ) ;
#141 = LINE ( 'NONE', #1885, #807 ) ;
#142 = LINE ( 'NONE', #966, #808 ) ;
#143 = ORIENTED_EDGE ( 'NONE', *, *, #1489, .T. ) ;
#144 = CARTESIAN_POINT ( 'NONE',  ( 0.000000000000000000, 84.20000000000001705, 64.50000000000000000 ) ) ;
#145 = CARTESIAN_POINT ( 'NONE',  ( 23.06512518934161804, 91.20000000000001705, -64.50000000000000000 ) ) ;
#146 = DIRECTION ( 'NONE',  ( -0.000000000000000000, 1.000000000000000000, -0.000000000000000000 ) ) ;
#147 = LINE ( 'NONE', #2549, #1445 ) ;
#148 = ORIENTED_EDGE ( 'NONE', *, *, #586, .F. ) ;
#149 = ORIENTED_EDGE ( 'NONE', *, *, #1706, .T. ) ;
#150 = ORIENTED_EDGE ( 'NONE', *, *, #477, .F. ) ;
#151 = ADVANCED_FACE ( 'NONE', ( #590 ), #1664, .F. ) ;
#152 = CARTESIAN_POINT ( 'NONE',  ( 0.000000000000000000, 84.20000000000001705, 0.000000000000000000 ) ) ;
#153 = DIRECTION ( 'NONE',  ( 0.000000000000000000, 0.000000000000000000, 1.000000000000000000 ) ) ;
#154 = VERTEX_POINT ( 'NONE', #1230 ) ;
#155 = DIRECTION ( 'NONE',  ( -0.000000000000000000, 1.000000000000000000, -0.000000000000000000 ) ) ;
#156 = FACE_OUTER_BOUND ( 'NONE', #243, .T. ) ;
#157 = ORIENTED_EDGE ( 'NONE', *, *, #1131, .T. ) ;
#158 = PERSON_AND_ORGANIZATION ( #500, #777 ) ;
#159 = DIRECTION ( 'NONE',  ( 0.000000000000000000, 0.000000000000000000, 1.000000000000000000 ) ) ;
#160 = DIRECTION ( 'NONE',  ( -0.000000000000000000, 1.000000000000000000, -0.000000000000000000 ) ) ;
#161 = VERTEX_POINT ( 'NONE', #134 ) ;
#162 = EDGE_LOOP ( 'NONE', ( #2648, #532, #1931, #2472 ) ) ;
#163 = ADVANCED_FACE ( 'NONE', ( #2536 ), #2280, .F. ) ;
#164 = ORIENTED_EDGE ( 'NONE', *, *, #1520, .F. ) ;
#165 = CARTESIAN_POINT ( 'NONE',  ( 7.194442299442376232, 84.20000000000001705, 64.50000000000000000 ) ) ;
#166 = EDGE_CURVE ( 'NONE', #1068, #2187, #333, .T. ) ;
#167 = DIRECTION ( 'NONE',  ( -1.000000000000000000, 0.000000000000000000, 0.000000000000000000 ) ) ;
#168 = VECTOR ( 'NONE', #1703, 1000.000000000000000 ) ;
#169 = EDGE_CURVE ( 'NONE', #2802, #335, #2105, .T. ) ;
#170 = VECTOR ( 'NONE', #1782, 1000.000000000000000 ) ;
#171 = CARTESIAN_POINT ( 'NONE',  ( 23.06512518934160028, 91.20000000000001705, 64.50000000000000000 ) ) ;
#172 = VECTOR ( 'NONE', #538, 1000.000000000000000 ) ;
#173 = EDGE_CURVE ( 'NONE', #1108, #2649, #823, .T. ) ;
#174 = PLANE ( 'NONE',  #1934 ) ;
#175 = VECTOR ( 'NONE', #1428, 1000.000000000000000 ) ;
#176 = DIRECTION ( 'NONE',  ( 0.000000000000000000, 1.000000000000000000, 0.000000000000000000 ) ) ;
#177 = FACE_BOUND ( 'NONE', #1745, .T. ) ;
#178 = AXIS2_PLACEMENT_3D ( 'NONE', #834, #2361, #1110 ) ;
#179 = VERTEX_POINT ( 'NONE', #2091 ) ;
#180 = EDGE_LOOP ( 'NONE', ( #2363, #189, #2184, #150, #1602, #649 ) ) ;
#181 = DIRECTION ( 'NONE',  ( -0.000000000000000000, -0.000000000000000000, -1.000000000000000000 ) ) ;
#182 = CARTESIAN_POINT ( 'NONE',  ( 132.0999999999999375, 93.90000000000000568, 49.00000000000000711 ) ) ;
#183 = DIRECTION ( 'NONE',  ( 1.000000000000000000, 0.000000000000000000, 0.000000000000000000 ) ) ;
#184 = DIRECTION ( 'NONE',  ( 0.000000000000000000, 1.000000000000000000, 0.000000000000000000 ) ) ;
#185 = EDGE_CURVE ( 'NONE', #2512, #2290, #1181, .T. ) ;
#186 = DIRECTION ( 'NONE',  ( 0.000000000000000000, 0.000000000000000000, 1.000000000000000000 ) ) ;
#187 = FACE_OUTER_BOUND ( 'NONE', #573, .T. ) ;
#188 = ORIENTED_EDGE ( 'NONE', *, *, #2515, .T. ) ;
#189 = ORIENTED_EDGE ( 'NONE', *, *, #967, .T. ) ;
#190 = EDGE_LOOP ( 'NONE', ( #1502, #851, #2481, #1965 ) ) ;
#191 = DIRECTION ( 'NONE',  ( 0.000000000000000000, 0.000000000000000000, 1.000000000000000000 ) ) ;
#192 = FACE_OUTER_BOUND ( 'NONE', #283, .T. ) ;
#193 = EDGE_LOOP ( 'NONE', ( #350, #2247, #2379, #394 ) ) ;
#194 = CARTESIAN_POINT ( 'NONE',  ( 143.0999999999999375, 91.20000000000001705, 49.00000000000000000 ) ) ;
#195 = DIRECTION ( 'NONE',  ( -0.000000000000000000, -0.000000000000000000, -1.000000000000000000 ) ) ;
#196 = CC_DESIGN_PERSON_AND_ORGANIZATION_ASSIGNMENT ( #158, #2291, ( #563 ) ) ;
#197 = DIRECTION ( 'NONE',  ( -1.000000000000000000, 0.000000000000000000, 0.000000000000000000 ) ) ;
#198 = DIRECTION ( 'NONE',  ( 0.000000000000000000, 1.000000000000000000, 0.000000000000000000 ) ) ;
#199 = VERTEX_POINT ( 'NONE', #2722 ) ;
#200 = ADVANCED_FACE ( 'NONE', ( #2510 ), #2548, .F. ) ;
#201 = ORIENTED_EDGE ( 'NONE', *, *, #2160, .F. ) ;
#202 = ORIENTED_EDGE ( 'NONE', *, *, #1591, .F. ) ;
#203 = EDGE_CURVE ( 'NONE', #659, #673, #1215, .T. ) ;
#204 = ORIENTED_EDGE ( 'NONE', *, *, #1417, .T. ) ;
#205 = DIRECTION ( 'NONE',  ( 3.066914432666178346E-16, -0.000000000000000000, 1.000000000000000000 ) ) ;
#206 = CARTESIAN_POINT ( 'NONE',  ( 8.000000000000021316, 6.000000000000000000, 64.50000000000000000 ) ) ;
#207 = ORIENTED_EDGE ( 'NONE', *, *, #2482, .F. ) ;
#208 = CARTESIAN_POINT ( 'NONE',  ( 6.735557395310441826E-15, 93.90000000000000568, -54.99999999999999289 ) ) ;
#209 = DIRECTION ( 'NONE',  ( 0.000000000000000000, 0.000000000000000000, 1.000000000000000000 ) ) ;
#210 = AXIS2_PLACEMENT_3D ( 'NONE', #2333, #982, #2758 ) ;
#211 = VECTOR ( 'NONE', #1516, 1000.000000000000000 ) ;
#212 = CIRCLE ( 'NONE', #2349, 3.500000000000016875 ) ;
#213 = CARTESIAN_POINT ( 'NONE',  ( 0.000000000000000000, 93.90000000000000568, 0.000000000000000000 ) ) ;
#214 = DIRECTION ( 'NONE',  ( 0.000000000000000000, 0.000000000000000000, 1.000000000000000000 ) ) ;
#215 = AXIS2_PLACEMENT_3D ( 'NONE', #2084, #579, #1922 ) ;
#216 = VECTOR ( 'NONE', #2501, 1000.000000000000000 ) ;
#217 = VECTOR ( 'NONE', #1311, 1000.000000000000000 ) ;
#218 = CIRCLE ( 'NONE', #631, 1.999999999999996669 ) ;
#219 = ORIENTED_EDGE ( 'NONE', *, *, #2582, .F. ) ;
#220 = EDGE_CURVE ( 'NONE', #881, #1544, #2313, .T. ) ;
#221 = VERTEX_POINT ( 'NONE', #1017 ) ;
#222 = CARTESIAN_POINT ( 'NONE',  ( 136.0999999999999659, 91.20000000000001705, -49.00000000000000000 ) ) ;
#223 = CARTESIAN_POINT ( 'NONE',  ( 110.0999999999999801, 93.90000000000000568, 49.00000000000000000 ) ) ;
#224 = DIRECTION ( 'NONE',  ( -0.000000000000000000, 1.000000000000000000, -0.000000000000000000 ) ) ;
#225 = CARTESIAN_POINT ( 'NONE',  ( 132.0999999999999375, 93.90000000000000568, -48.99999999999999289 ) ) ;
#226 = APPROVAL_PERSON_ORGANIZATION ( #1214, #1676, #2049 ) ;
#227 = CARTESIAN_POINT ( 'NONE',  ( 92.09999999999993747, 91.20000000000001705, 0.000000000000000000 ) ) ;
#228 = DIRECTION ( 'NONE',  ( 0.000000000000000000, 0.000000000000000000, 1.000000000000000000 ) ) ;
#229 = ORIENTED_EDGE ( 'NONE', *, *, #249, .F. ) ;
#230 = ORIENTED_EDGE ( 'NONE', *, *, #2338, .T. ) ;
#231 = ORIENTED_EDGE ( 'NONE', *, *, #2674, .F. ) ;
#232 = CARTESIAN_POINT ( 'NONE',  ( 7.194442299442376232, 84.20000000000001705, -64.50000000000000000 ) ) ;
#233 = DIRECTION ( 'NONE',  ( 0.000000000000000000, 0.000000000000000000, 1.000000000000000000 ) ) ;
#234 = ADVANCED_FACE ( 'NONE', ( #886 ), #1929, .F. ) ;
#235 = ORIENTED_EDGE ( 'NONE', *, *, #2681, .T. ) ;
#236 = DIRECTION ( 'NONE',  ( 1.000000000000000000, 0.000000000000000000, -0.000000000000000000 ) ) ;
#237 = CARTESIAN_POINT ( 'NONE',  ( 114.0999999999999517, 91.20000000000001705, -48.99999999999999289 ) ) ;
#238 = ORIENTED_EDGE ( 'NONE', *, *, #885, .T. ) ;
#239 = LINE ( 'NONE', #629, #1040 ) ;
#240 = CARTESIAN_POINT ( 'NONE',  ( 161.9999999999999716, 6.000000000000000000, -64.49999999999998579 ) ) ;
#241 = DIRECTION ( 'NONE',  ( 0.000000000000000000, 1.000000000000000000, 0.000000000000000000 ) ) ;
#242 = ORIENTED_EDGE ( 'NONE', *, *, #2160, .T. ) ;
#243 = EDGE_LOOP ( 'NONE', ( #1324, #2148, #2017, #121 ) ) ;
#244 = CARTESIAN_POINT ( 'NONE',  ( 125.0999999999999659, 93.90000000000000568, -48.99999999999999289 ) ) ;
#245 = ORIENTED_EDGE ( 'NONE', *, *, #2660, .T. ) ;
#246 = EDGE_CURVE ( 'NONE', #1569, #645, #2585, .T. ) ;
#247 = CARTESIAN_POINT ( 'NONE',  ( 88.09999999999998010, 0.000000000000000000, 49.00000000000000711 ) ) ;
#248 = FACE_OUTER_BOUND ( 'NONE', #1551, .T. ) ;
#249 = EDGE_CURVE ( 'NONE', #2467, #889, #2597, .T. ) ;
#250 = VERTEX_POINT ( 'NONE', #1479 ) ;
#251 = EDGE_CURVE ( 'NONE', #1544, #1653, #1443, .T. ) ;
#252 = DIRECTION ( 'NONE',  ( 0.000000000000000000, 1.000000000000000000, 0.000000000000000000 ) ) ;
#253 = CARTESIAN_POINT ( 'NONE',  ( 154.0999999999999659, 91.20000000000001705, 0.000000000000000000 ) ) ;
#254 = ORIENTED_EDGE ( 'NONE', *, *, #1503, .T. ) ;
#255 = AXIS2_PLACEMENT_3D ( 'NONE', #2144, #252, #901 ) ;
#256 = CIRCLE ( 'NONE', #1844, 3.500000000000016875 ) ;
#257 =( NAMED_UNIT ( * ) SI_UNIT ( $, .STERADIAN. ) SOLID_ANGLE_UNIT ( ) );
#258 = ORIENTED_EDGE ( 'NONE', *, *, #2625, .F. ) ;
#259 = AXIS2_PLACEMENT_3D ( 'NONE', #1720, #224, #1903 ) ;
#260 = AXIS2_PLACEMENT_3D ( 'NONE', #869, #1923, #2356 ) ;
#261 = AXIS2_PLACEMENT_3D ( 'NONE', #1485, #409, #1674 ) ;
#262 = VERTEX_POINT ( 'NONE', #2406 ) ;
#263 = CARTESIAN_POINT ( 'NONE',  ( 84.99999999999998579, 6.000000000000000000, 68.50000000000000000 ) ) ;
#264 = VECTOR ( 'NONE', #1228, 1000.000000000000000 ) ;
#265 = ORIENTED_EDGE ( 'NONE', *, *, #1712, .F. ) ;
#266 = CARTESIAN_POINT ( 'NONE',  ( 106.5999999999999517, 91.20000000000001705, 49.00000000000000000 ) ) ;
#267 = DIRECTION ( 'NONE',  ( 0.000000000000000000, 0.000000000000000000, 1.000000000000000000 ) ) ;
#268 = EDGE_LOOP ( 'NONE', ( #2546, #2198, #1381, #299 ) ) ;
#269 = CARTESIAN_POINT ( 'NONE',  ( 161.9999999999999716, 6.000000000000000000, 74.15685424949238325 ) ) ;
#270 = CARTESIAN_POINT ( 'NONE',  ( 161.6000000000000227, 93.90000000000000568, 49.00000000000000000 ) ) ;
#271 = VERTEX_POINT ( 'NONE', #1704 ) ;
#272 = EDGE_CURVE ( 'NONE', #1393, #199, #83, .T. ) ;
#273 = DIRECTION ( 'NONE',  ( 1.000000000000000000, 0.000000000000000000, 0.000000000000000000 ) ) ;
#274 = CARTESIAN_POINT ( 'NONE',  ( -2.516649172247810766E-14, 93.90000000000000568, -68.50000000000000000 ) ) ;
#275 = ORIENTED_EDGE ( 'NONE', *, *, #850, .T. ) ;
#276 = DIRECTION ( 'NONE',  ( -1.000000000000000000, 0.000000000000000000, 0.000000000000000000 ) ) ;
#277 = ORIENTED_EDGE ( 'NONE', *, *, #1698, .F. ) ;
#278 = CARTESIAN_POINT ( 'NONE',  ( 125.0999999999999659, 0.000000000000000000, -48.99999999999999289 ) ) ;
#279 = CARTESIAN_POINT ( 'NONE',  ( 169.0999999999999943, 93.90000000000000568, -49.00000000000001421 ) ) ;
#280 = ORIENTED_EDGE ( 'NONE', *, *, #2004, .F. ) ;
#281 = DIRECTION ( 'NONE',  ( -0.000000000000000000, -0.000000000000000000, -1.000000000000000000 ) ) ;
#282 = CARTESIAN_POINT ( 'NONE',  ( 143.0999999999999375, 93.90000000000000568, -49.00000000000000000 ) ) ;
#283 = EDGE_LOOP ( 'NONE', ( #1654, #940, #24, #1220 ) ) ;
#284 = EDGE_CURVE ( 'NONE', #1059, #1724, #2346, .T. ) ;
#285 =( LENGTH_UNIT ( ) NAMED_UNIT ( * ) SI_UNIT ( .MILLI., .METRE. ) );
#286 = ORIENTED_EDGE ( 'NONE', *, *, #1905, .F. ) ;
#287 = EDGE_CURVE ( 'NONE', #805, #292, #239, .T. ) ;
#288 = DIRECTION ( 'NONE',  ( -1.000000000000000000, 0.000000000000000000, 0.000000000000000000 ) ) ;
#289 = ADVANCED_FACE ( 'NONE', ( #1322 ), #863, .F. ) ;
#290 = ORIENTED_EDGE ( 'NONE', *, *, #72, .F. ) ;
#291 = DIRECTION ( 'NONE',  ( -0.000000000000000000, 0.000000000000000000, -1.000000000000000000 ) ) ;
#292 = VERTEX_POINT ( 'NONE', #1916 ) ;
#293 = ORIENTED_EDGE ( 'NONE', *, *, #2672, .T. ) ;
#294 = DIRECTION ( 'NONE',  ( -0.000000000000000000, 0.000000000000000000, -1.000000000000000000 ) ) ;
#295 = CARTESIAN_POINT ( 'NONE',  ( 0.000000000000000000, 84.60000000000005116, -64.50000000000000000 ) ) ;
#296 = ORIENTED_EDGE ( 'NONE', *, *, #2042, .F. ) ;
#297 = CARTESIAN_POINT ( 'NONE',  ( 110.0999999999999659, 93.90000000000000568, -49.00000000000000000 ) ) ;
#298 = FACE_OUTER_BOUND ( 'NONE', #2524, .T. ) ;
#299 = ORIENTED_EDGE ( 'NONE', *, *, #1458, .F. ) ;
#300 = CARTESIAN_POINT ( 'NONE',  ( 0.000000000000000000, 0.000000000000000000, 68.50000000000000000 ) ) ;
#301 = VERTEX_POINT ( 'NONE', #874 ) ;
#302 = CARTESIAN_POINT ( 'NONE',  ( 117.5999999999999659, 91.20000000000001705, 49.00000000000000711 ) ) ;
#303 = AXIS2_PLACEMENT_3D ( 'NONE', #2471, #2241, #1333 ) ;
#304 = AXIS2_PLACEMENT_3D ( 'NONE', #1995, #493, #1117 ) ;
#305 = VECTOR ( 'NONE', #2581, 1000.000000000000000 ) ;
#306 = ORIENTED_EDGE ( 'NONE', *, *, #1679, .F. ) ;
#307 = LINE ( 'NONE', #1655, #1400 ) ;
#308 = CIRCLE ( 'NONE', #2072, 3.499999999999989342 ) ;
#309 = AXIS2_PLACEMENT_3D ( 'NONE', #1115, #1979, #35 ) ;
#310 = EDGE_CURVE ( 'NONE', #1073, #1884, #2188, .T. ) ;
#311 = CARTESIAN_POINT ( 'NONE',  ( 139.5999999999999375, 91.20000000000001705, 52.49999999999999289 ) ) ;
#312 = VECTOR ( 'NONE', #1593, 1000.000000000000000 ) ;
#313 = DIRECTION ( 'NONE',  ( -0.000000000000000000, 1.000000000000000000, -0.000000000000000000 ) ) ;
#314 = ORIENTED_EDGE ( 'NONE', *, *, #1039, .T. ) ;
#315 = DIRECTION ( 'NONE',  ( 0.000000000000000000, 1.000000000000000000, 0.000000000000000000 ) ) ;
#316 = DIRECTION ( 'NONE',  ( 0.000000000000000000, 0.000000000000000000, 1.000000000000000000 ) ) ;
#317 = ORIENTED_EDGE ( 'NONE', *, *, #2480, .F. ) ;
#318 = COORDINATED_UNIVERSAL_TIME_OFFSET ( 6, 0, .BEHIND. ) ;
#319 = DIRECTION ( 'NONE',  ( 3.066914432666178346E-16, -0.000000000000000000, 1.000000000000000000 ) ) ;
#320 = CARTESIAN_POINT ( 'NONE',  ( 177.0000000000000000, 0.000000000000000000, -64.50000000000000000 ) ) ;
#321 = ORIENTED_EDGE ( 'NONE', *, *, #987, .F. ) ;
#322 = CARTESIAN_POINT ( 'NONE',  ( 161.6000000000000227, 93.90000000000000568, 49.00000000000000000 ) ) ;
#323 = ADVANCED_FACE ( 'NONE', ( #1495 ), #653, .F. ) ;
#324 = DIRECTION ( 'NONE',  ( 1.000000000000000000, 0.000000000000000000, 0.000000000000000000 ) ) ;
#325 = EDGE_CURVE ( 'NONE', #292, #345, #585, .T. ) ;
#326 = CARTESIAN_POINT ( 'NONE',  ( 161.6000000000000227, 91.20000000000001705, 52.50000000000002132 ) ) ;
#327 = ORIENTED_EDGE ( 'NONE', *, *, #492, .F. ) ;
#328 = ADVANCED_FACE ( 'NONE', ( #1536, #1066, #453, #1518 ), #1507, .T. ) ;
#329 = CARTESIAN_POINT ( 'NONE',  ( 147.0999999999999943, 93.90000000000000568, -49.00000000000000000 ) ) ;
#330 = CARTESIAN_POINT ( 'NONE',  ( 176.1000000000000512, 0.000000000000000000, -48.99999999999998579 ) ) ;
#331 = ORIENTED_EDGE ( 'NONE', *, *, #2303, .T. ) ;
#332 = DATE_TIME_ROLE ( 'creation_date' ) ;
#333 = LINE ( 'NONE', #1467, #1680 ) ;
#334 = CARTESIAN_POINT ( 'NONE',  ( 136.0999999999999659, 91.20000000000001705, 0.000000000000000000 ) ) ;
#335 = VERTEX_POINT ( 'NONE', #612 ) ;
#336 = DIRECTION ( 'NONE',  ( -1.000000000000000000, 0.000000000000000000, -0.000000000000000000 ) ) ;
#337 = UNCERTAINTY_MEASURE_WITH_UNIT (LENGTH_MEASURE( 1.000000000000000082E-05 ), #285, 'distance_accuracy_value', 'NONE');
#338 = DIRECTION ( 'NONE',  ( 0.000000000000000000, 1.000000000000000000, 0.000000000000000000 ) ) ;
#339 = CARTESIAN_POINT ( 'NONE',  ( 169.9999999999999716, 91.20000000000001705, -64.50000000000000000 ) ) ;
#340 = ORIENTED_EDGE ( 'NONE', *, *, #1540, .F. ) ;
#341 = CARTESIAN_POINT ( 'NONE',  ( 128.5999999999999375, 0.000000000000000000, 52.50000000000000000 ) ) ;
#342 = CARTESIAN_POINT ( 'NONE',  ( 103.0999999999999233, 93.90000000000000568, -48.99999999999998579 ) ) ;
#343 = ORIENTED_EDGE ( 'NONE', *, *, #2177, .T. ) ;
#344 = CIRCLE ( 'NONE', #2296, 1.999999999999996669 ) ;
#345 = VERTEX_POINT ( 'NONE', #1271 ) ;
#346 = EDGE_CURVE ( 'NONE', #2649, #574, #1291, .T. ) ;
#347 = PERSON_AND_ORGANIZATION_ROLE ( 'creator' ) ;
#348 = DIRECTION ( 'NONE',  ( -0.000000000000000000, 0.000000000000000000, 1.000000000000000000 ) ) ;
#349 = PLANE ( 'NONE',  #2440 ) ;
#350 = ORIENTED_EDGE ( 'NONE', *, *, #2133, .T. ) ;
#351 = EDGE_LOOP ( 'NONE', ( #327, #2191 ) ) ;
#352 = ORIENTED_EDGE ( 'NONE', *, *, #905, .F. ) ;
#353 = ORIENTED_EDGE ( 'NONE', *, *, #2342, .T. ) ;
#354 = CARTESIAN_POINT ( 'NONE',  ( 103.0999999999999233, 0.000000000000000000, -48.99999999999998579 ) ) ;
#355 = VECTOR ( 'NONE', #782, 1000.000000000000000 ) ;
#356 = CIRCLE ( 'NONE', #938, 64.50000000000000000 ) ;
#357 = CARTESIAN_POINT ( 'NONE',  ( 172.5999999999999943, 93.90000000000000568, 49.00000000000001421 ) ) ;
#358 = DIRECTION ( 'NONE',  ( -0.000000000000000000, -0.000000000000000000, 1.000000000000000000 ) ) ;
#359 = VECTOR ( 'NONE', #1369, 1000.000000000000000 ) ;
#360 = AXIS2_PLACEMENT_3D ( 'NONE', #1462, #358, #1452 ) ;
#361 = VECTOR ( 'NONE', #843, 1000.000000000000000 ) ;
#362 = DIRECTION ( 'NONE',  ( -1.000000000000000000, 0.000000000000000000, 0.000000000000000000 ) ) ;
#363 = DIRECTION ( 'NONE',  ( 0.000000000000000000, 1.000000000000000000, 0.000000000000000000 ) ) ;
#364 = ORIENTED_EDGE ( 'NONE', *, *, #1918, .F. ) ;
#365 = ORIENTED_EDGE ( 'NONE', *, *, #1762, .T. ) ;
#366 = APPROVAL_STATUS ( 'not_yet_approved' ) ;
#367 = CARTESIAN_POINT ( 'NONE',  ( 88.09999999999998010, 0.000000000000000000, -49.00000000000000000 ) ) ;
#368 = CARTESIAN_POINT ( 'NONE',  ( 99.09999999999993747, 0.000000000000000000, 49.00000000000000711 ) ) ;
#369 = EDGE_CURVE ( 'NONE', #1205, #161, #1310, .T. ) ;
#370 = ORIENTED_EDGE ( 'NONE', *, *, #870, .F. ) ;
#371 = ORIENTED_EDGE ( 'NONE', *, *, #1243, .F. ) ;
#372 = ORIENTED_EDGE ( 'NONE', *, *, #1971, .T. ) ;
#373 = LINE ( 'NONE', #1236, #1980 ) ;
#374 = FACE_OUTER_BOUND ( 'NONE', #604, .T. ) ;
#375 = CARTESIAN_POINT ( 'NONE',  ( 0.000000000000000000, 84.20000000000001705, 0.000000000000000000 ) ) ;
#376 = LINE ( 'NONE', #1890, #1254 ) ;
#377 = DATE_AND_TIME ( #1650, #452 ) ;
#378 = DIRECTION ( 'NONE',  ( -0.000000000000000000, 1.000000000000000000, -0.000000000000000000 ) ) ;
#379 = CARTESIAN_POINT ( 'NONE',  ( 154.0999999999999659, 0.000000000000000000, -49.00000000000000000 ) ) ;
#380 = EDGE_CURVE ( 'NONE', #1370, #1810, #2773, .T. ) ;
#381 = EDGE_CURVE ( 'NONE', #574, #2434, #758, .T. ) ;
#382 = ORIENTED_EDGE ( 'NONE', *, *, #2271, .F. ) ;
#383 = ADVANCED_FACE ( 'NONE', ( #53 ), #1606, .F. ) ;
#384 = ADVANCED_FACE ( 'NONE', ( #1759, #22, #707, #1972 ), #2622, .F. ) ;
#385 = ORIENTED_EDGE ( 'NONE', *, *, #1470, .T. ) ;
#386 = CARTESIAN_POINT ( 'NONE',  ( 110.0999999999999801, 91.20000000000001705, 49.00000000000000000 ) ) ;
#387 = LINE ( 'NONE', #1246, #2257 ) ;
#388 = CARTESIAN_POINT ( 'NONE',  ( 87.00000000000000000, 6.000000000000000000, 68.50000000000000000 ) ) ;
#389 = DIRECTION ( 'NONE',  ( 1.000000000000000000, 0.000000000000000000, -1.416100796715760863E-16 ) ) ;
#390 = PRODUCT_DEFINITION_SHAPE ( 'NONE', 'NONE',  #698 ) ;
#391 = FACE_OUTER_BOUND ( 'NONE', #455, .T. ) ;
#392 = CARTESIAN_POINT ( 'NONE',  ( 150.5999999999999659, 0.000000000000000000, 52.49999999999999289 ) ) ;
#393 = VERTEX_POINT ( 'NONE', #1548 ) ;
#394 = ORIENTED_EDGE ( 'NONE', *, *, #2387, .F. ) ;
#395 = CARTESIAN_POINT ( 'NONE',  ( 161.9999999999999716, 6.000000000000000000, -68.50000000000005684 ) ) ;
#396 = DIRECTION ( 'NONE',  ( -2.025954424498459845E-16, 0.000000000000000000, -1.000000000000000000 ) ) ;
#397 = EDGE_CURVE ( 'NONE', #710, #1997, #2034, .T. ) ;
#398 = AXIS2_PLACEMENT_3D ( 'NONE', #375, #2277, #799 ) ;
#399 = AXIS2_PLACEMENT_3D ( 'NONE', #1860, #2104, #2707 ) ;
#400 = CIRCLE ( 'NONE', #761, 3.500000000000016875 ) ;
#401 = DIRECTION ( 'NONE',  ( -0.000000000000000000, -0.000000000000000000, -1.000000000000000000 ) ) ;
#402 = CIRCLE ( 'NONE', #1034, 1.999999999999996669 ) ;
#403 = LINE ( 'NONE', #884, #2570 ) ;
#404 = VECTOR ( 'NONE', #160, 1000.000000000000000 ) ;
#405 = DIRECTION ( 'NONE',  ( 0.000000000000000000, 1.000000000000000000, 0.000000000000000000 ) ) ;
#406 = FACE_OUTER_BOUND ( 'NONE', #484, .T. ) ;
#407 = VERTEX_POINT ( 'NONE', #937 ) ;
#408 = EDGE_LOOP ( 'NONE', ( #2204, #1171, #2327, #137 ) ) ;
#409 = DIRECTION ( 'NONE',  ( 0.000000000000000000, 1.000000000000000000, 0.000000000000000000 ) ) ;
#410 = CARTESIAN_POINT ( 'NONE',  ( 82.99999999999998579, 6.000000000000000000, 74.15685424949238325 ) ) ;
#411 = CC_DESIGN_DATE_AND_TIME_ASSIGNMENT ( #2710, #332, ( #698 ) ) ;
#412 = VERTEX_POINT ( 'NONE', #466 ) ;
#413 = EDGE_CURVE ( 'NONE', #91, #2725, #1491, .T. ) ;
#414 = DIRECTION ( 'NONE',  ( 0.000000000000000000, 0.000000000000000000, -1.000000000000000000 ) ) ;
#415 = DIRECTION ( 'NONE',  ( 0.000000000000000000, -1.000000000000000000, 0.000000000000000000 ) ) ;
#416 = EDGE_CURVE ( 'NONE', #706, #2417, #2751, .T. ) ;
#417 = CARTESIAN_POINT ( 'NONE',  ( 177.0000000000000000, 91.20000000000001705, -64.50000000000000000 ) ) ;
#418 = CARTESIAN_POINT ( 'NONE',  ( 88.09999999999998010, 91.20000000000001705, 0.000000000000000000 ) ) ;
#419 = ORIENTED_EDGE ( 'NONE', *, *, #1541, .T. ) ;
#420 = VERTEX_POINT ( 'NONE', #1998 ) ;
#421 = CYLINDRICAL_SURFACE ( 'NONE', #2209, 54.99999999999999289 ) ;
#422 = DIRECTION ( 'NONE',  ( 1.000000000000000000, 0.000000000000000000, 0.000000000000000000 ) ) ;
#423 = ORIENTED_EDGE ( 'NONE', *, *, #2183, .F. ) ;
#424 = CARTESIAN_POINT ( 'NONE',  ( 147.0999999999999943, 91.20000000000001705, 0.000000000000000000 ) ) ;
#425 = CARTESIAN_POINT ( 'NONE',  ( 139.5999999999999375, 0.000000000000000000, 49.00000000000000000 ) ) ;
#426 = DIRECTION ( 'NONE',  ( -0.000000000000000000, 1.000000000000000000, -0.000000000000000000 ) ) ;
#427 = CARTESIAN_POINT ( 'NONE',  ( 117.5999999999999659, 93.90000000000000568, 52.50000000000002842 ) ) ;
#428 = EDGE_CURVE ( 'NONE', #1673, #301, #2646, .T. ) ;
#429 = ORIENTED_EDGE ( 'NONE', *, *, #474, .T. ) ;
#430 = VERTEX_POINT ( 'NONE', #1349 ) ;
#431 = CARTESIAN_POINT ( 'NONE',  ( 6.000000000000023981, 6.000000000000000000, -64.49999999999998579 ) ) ;
#432 = CARTESIAN_POINT ( 'NONE',  ( 169.9999999999999716, 0.000000000000000000, 57.50000000000000000 ) ) ;
#433 = ORIENTED_EDGE ( 'NONE', *, *, #1999, .T. ) ;
#434 = CARTESIAN_POINT ( 'NONE',  ( 136.0999999999999659, 93.90000000000000568, -49.00000000000000000 ) ) ;
#435 = DIRECTION ( 'NONE',  ( -1.000000000000000000, 0.000000000000000000, 0.000000000000000000 ) ) ;
#436 = CIRCLE ( 'NONE', #855, 1.999999999999996669 ) ;
#437 = VECTOR ( 'NONE', #518, 1000.000000000000000 ) ;
#438 = DIRECTION ( 'NONE',  ( 0.000000000000000000, 0.000000000000000000, 1.000000000000000000 ) ) ;
#439 = LINE ( 'NONE', #2623, #217 ) ;
#440 = VECTOR ( 'NONE', #688, 1000.000000000000000 ) ;
#441 = CIRCLE ( 'NONE', #2750, 3.500000000000016875 ) ;
#442 = VECTOR ( 'NONE', #1660, 1000.000000000000000 ) ;
#443 = ORIENTED_EDGE ( 'NONE', *, *, #1499, .T. ) ;
#444 = EDGE_CURVE ( 'NONE', #2377, #2107, #1152, .T. ) ;
#445 = ORIENTED_EDGE ( 'NONE', *, *, #905, .T. ) ;
#446 = CARTESIAN_POINT ( 'NONE',  ( 139.5999999999999375, 93.90000000000000568, -49.00000000000000000 ) ) ;
#447 = DIRECTION ( 'NONE',  ( -0.000000000000000000, -0.000000000000000000, -1.000000000000000000 ) ) ;
#448 = AXIS2_PLACEMENT_3D ( 'NONE', #2118, #176, #2711 ) ;
#449 = PLANE ( 'NONE',  #2652 ) ;
#450 = CYLINDRICAL_SURFACE ( 'NONE', #2700, 3.499999999999989342 ) ;
#451 = ORIENTED_EDGE ( 'NONE', *, *, #795, .T. ) ;
#452 = LOCAL_TIME ( 14, 27, 16.00000000000000000, #1663 ) ;
#453 = FACE_BOUND ( 'NONE', #2552, .T. ) ;
#454 = CARTESIAN_POINT ( 'NONE',  ( 172.5999999999999943, 91.20000000000001705, 49.00000000000001421 ) ) ;
#455 = EDGE_LOOP ( 'NONE', ( #2108, #838, #741, #1812 ) ) ;
#456 = ORIENTED_EDGE ( 'NONE', *, *, #1109, .T. ) ;
#457 = EDGE_CURVE ( 'NONE', #1108, #2001, #2678, .T. ) ;
#458 = ADVANCED_FACE ( 'NONE', ( #1376 ), #2448, .F. ) ;
#459 = ORIENTED_EDGE ( 'NONE', *, *, #1243, .T. ) ;
#460 = CARTESIAN_POINT ( 'NONE',  ( 6.000000000000023981, 6.000000000000000000, 64.50000000000000000 ) ) ;
#461 = ADVANCED_FACE ( 'NONE', ( #2217 ), #1140, .F. ) ;
#462 = ADVANCED_FACE ( 'NONE', ( #1363 ), #2230, .F. ) ;
#463 = DIRECTION ( 'NONE',  ( -2.025954424498459845E-16, 0.000000000000000000, -1.000000000000000000 ) ) ;
#464 = CARTESIAN_POINT ( 'NONE',  ( 95.59999999999993747, 0.000000000000000000, 49.00000000000000711 ) ) ;
#465 = EDGE_LOOP ( 'NONE', ( #1410, #1047, #699, #2052 ) ) ;
#466 = CARTESIAN_POINT ( 'NONE',  ( 84.59999999999998010, 93.90000000000000568, 52.50000000000001421 ) ) ;
#467 = CARTESIAN_POINT ( 'NONE',  ( 81.09999999999998010, 93.90000000000000568, -49.00000000000000000 ) ) ;
#468 = DIRECTION ( 'NONE',  ( 0.000000000000000000, 0.000000000000000000, 1.000000000000000000 ) ) ;
#469 = ORIENTED_EDGE ( 'NONE', *, *, #1765, .T. ) ;
#470 = VERTEX_POINT ( 'NONE', #1804 ) ;
#471 = CARTESIAN_POINT ( 'NONE',  ( 180.9999999999999716, 0.000000000000000000, -61.50000000000005684 ) ) ;
#472 = EDGE_LOOP ( 'NONE', ( #2225, #11, #922, #644 ) ) ;
#473 = CARTESIAN_POINT ( 'NONE',  ( 0.000000000000000000, 0.000000000000000000, 64.50000000000000000 ) ) ;
#474 = EDGE_CURVE ( 'NONE', #1125, #2061, #521, .T. ) ;
#475 = CARTESIAN_POINT ( 'NONE',  ( 8.000000000000021316, 6.000000000000000000, 74.15685424949238325 ) ) ;
#476 = EDGE_LOOP ( 'NONE', ( #849, #29, #188, #1334 ) ) ;
#477 = EDGE_CURVE ( 'NONE', #420, #837, #2081, .T. ) ;
#478 = DIRECTION ( 'NONE',  ( 0.000000000000000000, 0.000000000000000000, -1.000000000000000000 ) ) ;
#479 = CARTESIAN_POINT ( 'NONE',  ( 136.0999999999999375, 93.90000000000000568, 49.00000000000000000 ) ) ;
#480 = VERTEX_POINT ( 'NONE', #297 ) ;
#481 = VECTOR ( 'NONE', #401, 1000.000000000000000 ) ;
#482 = AXIS2_PLACEMENT_3D ( 'NONE', #1741, #611, #661 ) ;
#483 = CARTESIAN_POINT ( 'NONE',  ( 158.1000000000000227, 93.90000000000000568, 49.00000000000000000 ) ) ;
#484 = EDGE_LOOP ( 'NONE', ( #499, #2579, #1978, #2796 ) ) ;
#485 = VECTOR ( 'NONE', #2293, 1000.000000000000000 ) ;
#486 = VECTOR ( 'NONE', #2228, 1000.000000000000000 ) ;
#487 = VECTOR ( 'NONE', #2449, 1000.000000000000000 ) ;
#488 = EDGE_LOOP ( 'NONE', ( #2005, #1273, #317, #1372, #2339 ) ) ;
#489 = DIRECTION ( 'NONE',  ( 0.000000000000000000, -0.000000000000000000, 1.000000000000000000 ) ) ;
#490 = VECTOR ( 'NONE', #1281, 1000.000000000000000 ) ;
#491 = VERTEX_POINT ( 'NONE', #2030 ) ;
#492 = EDGE_CURVE ( 'NONE', #1444, #179, #218, .T. ) ;
#493 = DIRECTION ( 'NONE',  ( -0.000000000000000000, 1.000000000000000000, -0.000000000000000000 ) ) ;
#494 = LINE ( 'NONE', #1798, #1624 ) ;
#495 = EDGE_CURVE ( 'NONE', #407, #1718, #1211, .T. ) ;
#496 = ORIENTED_EDGE ( 'NONE', *, *, #880, .T. ) ;
#497 = DIRECTION ( 'NONE',  ( -0.000000000000000000, 0.000000000000000000, 1.000000000000000000 ) ) ;
#498 = CARTESIAN_POINT ( 'NONE',  ( 0.000000000000000000, 93.90000000000000568, 0.000000000000000000 ) ) ;
#499 = ORIENTED_EDGE ( 'NONE', *, *, #1540, .T. ) ;
#500 = PERSON ( 'UNSPECIFIED', 'UNSPECIFIED', 'UNSPECIFIED', ('UNSPECIFIED'), ('UNSPECIFIED'), ('UNSPECIFIED') ) ;
#501 = ORIENTED_EDGE ( 'NONE', *, *, #1731, .F. ) ;
#502 = CARTESIAN_POINT ( 'NONE',  ( 23.06512518934160028, 84.60000000000003695, -64.50000000000000000 ) ) ;
#503 = VERTEX_POINT ( 'NONE', #784 ) ;
#504 = CARTESIAN_POINT ( 'NONE',  ( 143.0999999999999375, 91.20000000000001705, -49.00000000000000000 ) ) ;
#505 = ORIENTED_EDGE ( 'NONE', *, *, #1255, .F. ) ;
#506 = DIRECTION ( 'NONE',  ( 1.000000000000000000, 0.000000000000000000, -0.000000000000000000 ) ) ;
#507 = CARTESIAN_POINT ( 'NONE',  ( 87.00000000000000000, 6.000000000000000000, 74.15685424949238325 ) ) ;
#508 = ORIENTED_EDGE ( 'NONE', *, *, #2482, .T. ) ;
#509 = DIRECTION ( 'NONE',  ( 0.000000000000000000, 1.000000000000000000, 0.000000000000000000 ) ) ;
#510 = CYLINDRICAL_SURFACE ( 'NONE', #1932, 6.999999999999999112 ) ;
#511 = ORIENTED_EDGE ( 'NONE', *, *, #2183, .T. ) ;
#512 = CYLINDRICAL_SURFACE ( 'NONE', #1083, 1.999999999999996669 ) ;
#513 = VERTEX_POINT ( 'NONE', #100 ) ;
#514 = DIRECTION ( 'NONE',  ( 0.000000000000000000, 0.000000000000000000, 1.000000000000000000 ) ) ;
#515 = ADVANCED_FACE ( 'NONE', ( #2530 ), #1619, .F. ) ;
#516 = VERTEX_POINT ( 'NONE', #2103 ) ;
#517 = DIRECTION ( 'NONE',  ( -0.000000000000000000, -0.000000000000000000, -1.000000000000000000 ) ) ;
#518 = DIRECTION ( 'NONE',  ( -0.000000000000000000, 1.000000000000000000, -0.000000000000000000 ) ) ;
#519 = CARTESIAN_POINT ( 'NONE',  ( 0.000000000000000000, 93.90000000000000568, 0.000000000000000000 ) ) ;
#520 = VERTEX_POINT ( 'NONE', #2287 ) ;
#521 = LINE ( 'NONE', #2663, #312 ) ;
#522 = CARTESIAN_POINT ( 'NONE',  ( 110.0999999999999659, 91.20000000000001705, -49.00000000000000000 ) ) ;
#523 = ORIENTED_EDGE ( 'NONE', *, *, #1966, .F. ) ;
#524 = FACE_BOUND ( 'NONE', #1284, .T. ) ;
#525 = CARTESIAN_POINT ( 'NONE',  ( 177.0000000000000000, 91.20000000000001705, 64.50000000000000000 ) ) ;
#526 = CARTESIAN_POINT ( 'NONE',  ( 114.0999999999999517, 91.20000000000001705, 49.00000000000000711 ) ) ;
#527 = EDGE_CURVE ( 'NONE', #271, #1294, #815, .T. ) ;
#528 = CIRCLE ( 'NONE', #662, 3.500000000000003109 ) ;
#529 = EDGE_CURVE ( 'NONE', #430, #2336, #1199, .T. ) ;
#530 = CIRCLE ( 'NONE', #304, 64.90000000000003411 ) ;
#531 = CIRCLE ( 'NONE', #717, 3.500000000000003109 ) ;
#532 = ORIENTED_EDGE ( 'NONE', *, *, #885, .F. ) ;
#533 = DIRECTION ( 'NONE',  ( 0.000000000000000000, -0.000000000000000000, 1.000000000000000000 ) ) ;
#534 = VECTOR ( 'NONE', #2701, 1000.000000000000000 ) ;
#535 = AXIS2_PLACEMENT_3D ( 'NONE', #1206, #2039, #2526 ) ;
#536 = ADVANCED_FACE ( 'NONE', ( #552 ), #969, .F. ) ;
#537 = LINE ( 'NONE', #979, #437 ) ;
#538 = DIRECTION ( 'NONE',  ( -0.000000000000000000, 1.000000000000000000, -0.000000000000000000 ) ) ;
#539 = ORIENTED_EDGE ( 'NONE', *, *, #2309, .T. ) ;
#540 = CARTESIAN_POINT ( 'NONE',  ( 176.1000000000000227, 0.000000000000000000, 49.00000000000001421 ) ) ;
#541 = CARTESIAN_POINT ( 'NONE',  ( 158.0999999999999943, 91.20000000000001705, -49.00000000000000000 ) ) ;
#542 = ORIENTED_EDGE ( 'NONE', *, *, #1920, .F. ) ;
#543 = APPROVAL_ROLE ( '' ) ;
#544 = FACE_OUTER_BOUND ( 'NONE', #1100, .T. ) ;
#545 = DIRECTION ( 'NONE',  ( 1.000000000000000000, 0.000000000000000000, 0.000000000000000000 ) ) ;
#546 = EDGE_LOOP ( 'NONE', ( #290, #2276 ) ) ;
#547 = DIRECTION ( 'NONE',  ( -0.000000000000000000, 0.000000000000000000, -1.000000000000000000 ) ) ;
#548 = EDGE_CURVE ( 'NONE', #1605, #221, #133, .T. ) ;
#549 = CARTESIAN_POINT ( 'NONE',  ( 0.000000000000000000, 93.90000000000000568, -2.775557561562891351E-14 ) ) ;
#550 = DIRECTION ( 'NONE',  ( 0.000000000000000000, 1.000000000000000000, 0.000000000000000000 ) ) ;
#551 = EDGE_CURVE ( 'NONE', #1006, #1559, #1453, .T. ) ;
#552 = FACE_OUTER_BOUND ( 'NONE', #2095, .T. ) ;
#553 = CYLINDRICAL_SURFACE ( 'NONE', #210, 2.000000000000001776 ) ;
#554 = ORIENTED_EDGE ( 'NONE', *, *, #1057, .F. ) ;
#555 = PERSON_AND_ORGANIZATION ( #500, #777 ) ;
#556 = DIRECTION ( 'NONE',  ( -1.000000000000000000, 0.000000000000000000, -0.000000000000000000 ) ) ;
#557 = CARTESIAN_POINT ( 'NONE',  ( 163.9999999999999716, 6.000000000000000000, 68.50000000000000000 ) ) ;
#558 = ORIENTED_EDGE ( 'NONE', *, *, #2019, .T. ) ;
#559 = ORIENTED_EDGE ( 'NONE', *, *, #592, .F. ) ;
#560 = FACE_BOUND ( 'NONE', #98, .T. ) ;
#561 = LINE ( 'NONE', #1430, #534 ) ;
#562 = DIRECTION ( 'NONE',  ( -0.000000000000000000, 1.000000000000000000, -0.000000000000000000 ) ) ;
#563 = PRODUCT ( 'BoxTop_Default_sldprt', 'BoxTop_Default_sldprt', '', ( #2035 ) ) ;
#564 = ORIENTED_EDGE ( 'NONE', *, *, #616, .T. ) ;
#565 = ADVANCED_FACE ( 'NONE', ( #1648 ), #2046, .F. ) ;
#566 = DIRECTION ( 'NONE',  ( 0.000000000000000000, 1.000000000000000000, 0.000000000000000000 ) ) ;
#567 = FACE_OUTER_BOUND ( 'NONE', #1658, .T. ) ;
#568 = ADVANCED_FACE ( 'NONE', ( #2690 ), #2730, .T. ) ;
#569 = SHAPE_DEFINITION_REPRESENTATION ( #390, #1379 ) ;
#570 = DIRECTION ( 'NONE',  ( -0.000000000000000000, 1.000000000000000000, -0.000000000000000000 ) ) ;
#571 = CYLINDRICAL_SURFACE ( 'NONE', #2744, 3.500000000000016875 ) ;
#572 = VERTEX_POINT ( 'NONE', #329 ) ;
#573 = EDGE_LOOP ( 'NONE', ( #2376, #52, #687, #2599 ) ) ;
#574 = VERTEX_POINT ( 'NONE', #2059 ) ;
#575 = CIRCLE ( 'NONE', #712, 3.499999999999989342 ) ;
#576 = DIRECTION ( 'NONE',  ( 0.000000000000000000, 0.000000000000000000, -1.000000000000000000 ) ) ;
#577 = CIRCLE ( 'NONE', #622, 3.500000000000003109 ) ;
#578 = AXIS2_PLACEMENT_3D ( 'NONE', #1558, #2429, #1816 ) ;
#579 = DIRECTION ( 'NONE',  ( 0.000000000000000000, 1.000000000000000000, 0.000000000000000000 ) ) ;
#580 = DIRECTION ( 'NONE',  ( -0.000000000000000000, 1.000000000000000000, -0.000000000000000000 ) ) ;
#581 = CIRCLE ( 'NONE', #1851, 3.499999999999989342 ) ;
#582 = VECTOR ( 'NONE', #2412, 1000.000000000000000 ) ;
#583 = ORIENTED_EDGE ( 'NONE', *, *, #793, .F. ) ;
#584 = AXIS2_PLACEMENT_3D ( 'NONE', #1549, #198, #214 ) ;
#585 = CIRCLE ( 'NONE', #178, 3.499999999999989342 ) ;
#586 = EDGE_CURVE ( 'NONE', #842, #837, #2070, .T. ) ;
#587 = CARTESIAN_POINT ( 'NONE',  ( 172.6000000000000227, 0.000000000000000000, -48.99999999999998579 ) ) ;
#588 = DIRECTION ( 'NONE',  ( 0.000000000000000000, 0.000000000000000000, 1.000000000000000000 ) ) ;
#589 = EDGE_CURVE ( 'NONE', #655, #34, #772, .T. ) ;
#590 = FACE_OUTER_BOUND ( 'NONE', #1460, .T. ) ;
#591 = DIRECTION ( 'NONE',  ( 0.000000000000000000, 1.000000000000000000, 0.000000000000000000 ) ) ;
#592 = EDGE_CURVE ( 'NONE', #1746, #1497, #131, .T. ) ;
#593 = AXIS2_PLACEMENT_3D ( 'NONE', #2075, #1892, #1203 ) ;
#594 = ORIENTED_EDGE ( 'NONE', *, *, #880, .F. ) ;
#595 = ORIENTED_EDGE ( 'NONE', *, *, #1235, .T. ) ;
#596 = CARTESIAN_POINT ( 'NONE',  ( 110.0999999999999659, 0.000000000000000000, -49.00000000000000000 ) ) ;
#597 = CARTESIAN_POINT ( 'NONE',  ( 150.5999999999999659, 91.20000000000001705, 49.00000000000000000 ) ) ;
#598 = VERTEX_POINT ( 'NONE', #1420 ) ;
#599 = DIRECTION ( 'NONE',  ( -1.000000000000000000, -0.000000000000000000, -0.000000000000000000 ) ) ;
#600 = DIRECTION ( 'NONE',  ( -0.000000000000000000, 1.000000000000000000, -0.000000000000000000 ) ) ;
#601 = APPROVAL_DATE_TIME ( #2509, #1290 ) ;
#602 = CARTESIAN_POINT ( 'NONE',  ( 92.09999999999993747, 0.000000000000000000, 49.00000000000000711 ) ) ;
#603 = DIRECTION ( 'NONE',  ( -0.000000000000000000, 1.000000000000000000, -0.000000000000000000 ) ) ;
#604 = EDGE_LOOP ( 'NONE', ( #385, #731, #47, #523 ) ) ;
#605 = EDGE_CURVE ( 'NONE', #2438, #420, #1026, .T. ) ;
#606 = ORIENTED_EDGE ( 'NONE', *, *, #1087, .F. ) ;
#607 = FACE_BOUND ( 'NONE', #1227, .T. ) ;
#608 = DIRECTION ( 'NONE',  ( -0.000000000000000000, 1.000000000000000000, -0.000000000000000000 ) ) ;
#609 = EDGE_LOOP ( 'NONE', ( #2603, #2232, #445, #1535, #2629, #1691 ) ) ;
#610 = CARTESIAN_POINT ( 'NONE',  ( 161.9999999999999716, 6.000000000000000000, -68.50000000000005684 ) ) ;
#611 = DIRECTION ( 'NONE',  ( -0.000000000000000000, -1.000000000000000000, -0.000000000000000000 ) ) ;
#612 = CARTESIAN_POINT ( 'NONE',  ( 174.0000000000000000, 0.000000000000000000, 68.50000000000000000 ) ) ;
#613 = FACE_BOUND ( 'NONE', #488, .T. ) ;
#614 = EDGE_LOOP ( 'NONE', ( #451, #2065, #2455, #809 ) ) ;
#615 = ORIENTED_EDGE ( 'NONE', *, *, #169, .T. ) ;
#616 = EDGE_CURVE ( 'NONE', #1277, #335, #1175, .T. ) ;
#617 = EDGE_CURVE ( 'NONE', #2577, #1817, #1899, .T. ) ;
#618 = VERTEX_POINT ( 'NONE', #2520 ) ;
#619 = DIRECTION ( 'NONE',  ( 0.000000000000000000, 1.000000000000000000, -0.000000000000000000 ) ) ;
#620 = CARTESIAN_POINT ( 'NONE',  ( 84.99999999999998579, 6.000000000000000000, 64.50000000000000000 ) ) ;
#621 = EDGE_CURVE ( 'NONE', #1997, #710, #672, .T. ) ;
#622 = AXIS2_PLACEMENT_3D ( 'NONE', #844, #2803, #872 ) ;
#623 = VECTOR ( 'NONE', #1702, 1000.000000000000000 ) ;
#624 = CARTESIAN_POINT ( 'NONE',  ( 0.000000000000000000, 84.60000000000003695, 0.000000000000000000 ) ) ;
#625 = AXIS2_PLACEMENT_3D ( 'NONE', #51, #313, #1771 ) ;
#626 = LINE ( 'NONE', #2360, #1435 ) ;
#627 = CIRCLE ( 'NONE', #1801, 3.499999999999989342 ) ;
#628 = VECTOR ( 'NONE', #517, 1000.000000000000000 ) ;
#629 = CARTESIAN_POINT ( 'NONE',  ( 147.0999999999999659, 0.000000000000000000, 49.00000000000000000 ) ) ;
#630 = CARTESIAN_POINT ( 'NONE',  ( 10.00000000000001776, 6.000000000000000000, -68.50000000000000000 ) ) ;
#631 = AXIS2_PLACEMENT_3D ( 'NONE', #1165, #956, #362 ) ;
#632 = ORIENTED_EDGE ( 'NONE', *, *, #2286, .F. ) ;
#633 = VECTOR ( 'NONE', #2063, 1000.000000000000000 ) ;
#634 = ORIENTED_EDGE ( 'NONE', *, *, #621, .T. ) ;
#635 = DIRECTION ( 'NONE',  ( -0.000000000000000000, 1.000000000000000000, -0.000000000000000000 ) ) ;
#636 = CARTESIAN_POINT ( 'NONE',  ( 21.84856974723963319, 84.20000000000001705, 64.50000000000000000 ) ) ;
#637 = APPROVAL_PERSON_ORGANIZATION ( #2074, #1709, #543 ) ;
#638 = ORIENTED_EDGE ( 'NONE', *, *, #781, .T. ) ;
#639 = LINE ( 'NONE', #424, #2740 ) ;
#640 = EDGE_CURVE ( 'NONE', #1186, #1605, #1955, .T. ) ;
#641 = CARTESIAN_POINT ( 'NONE',  ( 23.06512518934160028, 84.20000000000001705, -64.50000000000000000 ) ) ;
#642 = DIRECTION ( 'NONE',  ( 0.000000000000000000, 0.000000000000000000, 1.000000000000000000 ) ) ;
#643 = DIRECTION ( 'NONE',  ( -0.000000000000000000, 0.000000000000000000, -1.000000000000000000 ) ) ;
#644 = ORIENTED_EDGE ( 'NONE', *, *, #1506, .T. ) ;
#645 = VERTEX_POINT ( 'NONE', #1740 ) ;
#646 = ORIENTED_EDGE ( 'NONE', *, *, #2739, .T. ) ;
#647 = CARTESIAN_POINT ( 'NONE',  ( 103.0999999999999375, 91.20000000000001705, 49.00000000000000000 ) ) ;
#648 = CARTESIAN_POINT ( 'NONE',  ( 23.06512518934160028, 84.60000000000003695, 64.50000000000000000 ) ) ;
#649 = ORIENTED_EDGE ( 'NONE', *, *, #1571, .F. ) ;
#650 = DIRECTION ( 'NONE',  ( -1.000000000000000000, 0.000000000000000000, 0.000000000000000000 ) ) ;
#651 = CARTESIAN_POINT ( 'NONE',  ( 132.0999999999999375, 91.20000000000001705, 0.000000000000000000 ) ) ;
#652 = ADVANCED_FACE ( 'NONE', ( #1305 ), #1730, .F. ) ;
#653 = CYLINDRICAL_SURFACE ( 'NONE', #1534, 3.500000000000016875 ) ;
#654 = DIRECTION ( 'NONE',  ( 1.000000000000000000, 0.000000000000000000, -3.066914432666178346E-16 ) ) ;
#655 = VERTEX_POINT ( 'NONE', #2604 ) ;
#656 = EDGE_LOOP ( 'NONE', ( #21, #928, #1270, #94 ) ) ;
#657 = CARTESIAN_POINT ( 'NONE',  ( 8.000000000000021316, 6.000000000000000000, 74.15685424949238325 ) ) ;
#658 = CARTESIAN_POINT ( 'NONE',  ( 84.59999999999998010, 0.000000000000000000, 49.00000000000000711 ) ) ;
#659 = VERTEX_POINT ( 'NONE', #2770 ) ;
#660 = DIRECTION ( 'NONE',  ( 0.000000000000000000, 0.000000000000000000, 1.000000000000000000 ) ) ;
#661 = DIRECTION ( 'NONE',  ( 0.000000000000000000, 0.000000000000000000, -1.000000000000000000 ) ) ;
#662 = AXIS2_PLACEMENT_3D ( 'NONE', #2556, #184, #2344 ) ;
#663 = VECTOR ( 'NONE', #2041, 1000.000000000000000 ) ;
#664 = CIRCLE ( 'NONE', #128, 6.999999999999999112 ) ;
#665 = VERTEX_POINT ( 'NONE', #388 ) ;
#666 = DIRECTION ( 'NONE',  ( -0.000000000000000000, 1.000000000000000000, -0.000000000000000000 ) ) ;
#667 = PLANE ( 'NONE',  #2033 ) ;
#668 = EDGE_LOOP ( 'NONE', ( #1567, #65, #2551, #2013 ) ) ;
#669 = EDGE_CURVE ( 'NONE', #5, #655, #2206, .T. ) ;
#670 = VECTOR ( 'NONE', #1204, 1000.000000000000000 ) ;
#671 = AXIS2_PLACEMENT_3D ( 'NONE', #1386, #1615, #336 ) ;
#672 = CIRCLE ( 'NONE', #26, 54.99999999999999289 ) ;
#673 = VERTEX_POINT ( 'NONE', #171 ) ;
#674 = EDGE_CURVE ( 'NONE', #903, #2176, #577, .T. ) ;
#675 = ADVANCED_FACE ( 'NONE', ( #1288 ), #1943, .F. ) ;
#676 = ORIENTED_EDGE ( 'NONE', *, *, #1589, .F. ) ;
#677 = LINE ( 'NONE', #2006, #582 ) ;
#678 = ORIENTED_EDGE ( 'NONE', *, *, #617, .T. ) ;
#679 = DIRECTION ( 'NONE',  ( -1.000000000000000000, 0.000000000000000000, 0.000000000000000000 ) ) ;
#680 = LINE ( 'NONE', #1388, #1257 ) ;
#681 = EDGE_LOOP ( 'NONE', ( #2735, #890, #2174, #2098 ) ) ;
#682 = DIRECTION ( 'NONE',  ( 0.000000000000000000, 1.000000000000000000, 0.000000000000000000 ) ) ;
#683 = CARTESIAN_POINT ( 'NONE',  ( 165.1000000000000227, 91.20000000000001705, 0.000000000000000000 ) ) ;
#684 = CARTESIAN_POINT ( 'NONE',  ( 92.09999999999993747, 93.90000000000000568, -48.99999999999999289 ) ) ;
#685 = ORIENTED_EDGE ( 'NONE', *, *, #1176, .F. ) ;
#686 = EDGE_CURVE ( 'NONE', #733, #665, #711, .T. ) ;
#687 = ORIENTED_EDGE ( 'NONE', *, *, #1382, .F. ) ;
#688 = DIRECTION ( 'NONE',  ( 0.000000000000000000, -1.000000000000000000, 0.000000000000000000 ) ) ;
#689 = VERTEX_POINT ( 'NONE', #208 ) ;
#690 = LINE ( 'NONE', #2210, #2024 ) ;
#691 = LINE ( 'NONE', #1996, #2162 ) ;
#692 = ORIENTED_EDGE ( 'NONE', *, *, #2480, .T. ) ;
#693 = DIRECTION ( 'NONE',  ( -0.000000000000000000, -0.000000000000000000, -1.000000000000000000 ) ) ;
#694 = DIRECTION ( 'NONE',  ( -0.000000000000000000, -1.000000000000000000, -0.000000000000000000 ) ) ;
#695 = CARTESIAN_POINT ( 'NONE',  ( -1.077461759426523482E-14, 91.20000000000001705, 0.000000000000000000 ) ) ;
#696 = CARTESIAN_POINT ( 'NONE',  ( 8.000000000000021316, 6.000000000000000000, -68.50000000000000000 ) ) ;
#697 = ADVANCED_FACE ( 'NONE', ( #883 ), #2114, .F. ) ;
#698 = PRODUCT_DEFINITION ( 'UNKNOWN', '', #2503, #1614 ) ;
#699 = ORIENTED_EDGE ( 'NONE', *, *, #25, .T. ) ;
#700 = DIRECTION ( 'NONE',  ( 0.000000000000000000, 0.000000000000000000, -1.000000000000000000 ) ) ;
#701 = CLOSED_SHELL ( 'NONE', ( #1261, #1184, #462, #2780, #1777, #2249, #1888, #1886, #2390, #1024, #2591, #1834, #697, #323, #2057, #2328, #234, #2640, #328, #2760, #1106, #1630, #1044, #1366, #1434, #1010, #384, #515, #1552, #139, #1757, #1818, #1631, #163, #461, #1295, #2593, #84, #200, #1473, #2215, #565, #1780, #2466, #2713, #1210, #953, #652, #289, #1659, #2040, #1855, #836, #536, #1793, #675, #1317, #2178, #2560, #2763, #2550, #1384, #1538, #1404, #1766, #2093, #819, #2097, #798, #1158, #568, #973, #103, #1647, #458, #383, #2130, #2502, #2275, #151 ) ) ;
#702 = EDGE_CURVE ( 'NONE', #2061, #1736, #2757, .T. ) ;
#703 = ORIENTED_EDGE ( 'NONE', *, *, #381, .T. ) ;
#704 = DIRECTION ( 'NONE',  ( -0.000000000000000000, 0.000000000000000000, -1.000000000000000000 ) ) ;
#705 = CARTESIAN_POINT ( 'NONE',  ( 95.59999999999993747, 93.90000000000000568, 49.00000000000000711 ) ) ;
#706 = VERTEX_POINT ( 'NONE', #1278 ) ;
#707 = FACE_BOUND ( 'NONE', #2123, .T. ) ;
#708 = AXIS2_PLACEMENT_3D ( 'NONE', #1307, #1493, #435 ) ;
#709 = DIRECTION ( 'NONE',  ( 0.000000000000000000, 1.000000000000000000, 0.000000000000000000 ) ) ;
#710 = VERTEX_POINT ( 'NONE', #2555 ) ;
#711 = CIRCLE ( 'NONE', #2569, 2.000000000000001776 ) ;
#712 = AXIS2_PLACEMENT_3D ( 'NONE', #2071, #2507, #2532 ) ;
#713 = FACE_OUTER_BOUND ( 'NONE', #840, .T. ) ;
#714 = LINE ( 'NONE', #2050, #2779 ) ;
#715 = DIRECTION ( 'NONE',  ( -0.000000000000000000, 1.000000000000000000, -0.000000000000000000 ) ) ;
#716 = CIRCLE ( 'NONE', #2258, 3.500000000000016875 ) ;
#717 = AXIS2_PLACEMENT_3D ( 'NONE', #1209, #2285, #1406 ) ;
#718 = CONICAL_SURFACE ( 'NONE', #2315, 64.90000000000003411, 0.7853981633974482790 ) ;
#719 = AXIS2_PLACEMENT_3D ( 'NONE', #1371, #2192, #2181 ) ;
#720 = ORIENTED_EDGE ( 'NONE', *, *, #2717, .T. ) ;
#721 = LINE ( 'NONE', #2670, #2259 ) ;
#722 = EDGE_LOOP ( 'NONE', ( #1688, #2007, #559, #1880 ) ) ;
#723 = FACE_OUTER_BOUND ( 'NONE', #1758, .T. ) ;
#724 = CARTESIAN_POINT ( 'NONE',  ( 99.09999999999993747, 91.20000000000001705, 49.00000000000000711 ) ) ;
#725 = EDGE_LOOP ( 'NONE', ( #1726, #157, #2193, #238, #456 ) ) ;
#726 = EDGE_CURVE ( 'NONE', #1724, #1528, #1441, .T. ) ;
#727 = DIRECTION ( 'NONE',  ( -1.000000000000000000, 0.000000000000000000, -0.000000000000000000 ) ) ;
#728 = DIRECTION ( 'NONE',  ( 0.000000000000000000, 0.000000000000000000, -1.000000000000000000 ) ) ;
#729 = ORIENTED_EDGE ( 'NONE', *, *, #1971, .F. ) ;
#730 = DIRECTION ( 'NONE',  ( 0.000000000000000000, -0.000000000000000000, 1.000000000000000000 ) ) ;
#731 = ORIENTED_EDGE ( 'NONE', *, *, #1837, .T. ) ;
#732 = CARTESIAN_POINT ( 'NONE',  ( 169.0999999999999943, 0.000000000000000000, -49.00000000000001421 ) ) ;
#733 = VERTEX_POINT ( 'NONE', #1096 ) ;
#734 = CARTESIAN_POINT ( 'NONE',  ( 173.9999999999999716, 93.90000000000000568, -68.50000000000005684 ) ) ;
#735 = ORIENTED_EDGE ( 'NONE', *, *, #2342, .F. ) ;
#736 = CARTESIAN_POINT ( 'NONE',  ( 136.0999999999999659, 0.000000000000000000, -49.00000000000000000 ) ) ;
#737 = DIRECTION ( 'NONE',  ( -0.000000000000000000, 1.000000000000000000, -0.000000000000000000 ) ) ;
#738 = EDGE_LOOP ( 'NONE', ( #2169, #202, #2094, #1088 ) ) ;
#739 = DIRECTION ( 'NONE',  ( 0.000000000000000000, 0.000000000000000000, 1.000000000000000000 ) ) ;
#740 = DIRECTION ( 'NONE',  ( 0.000000000000000000, 0.000000000000000000, 1.000000000000000000 ) ) ;
#741 = ORIENTED_EDGE ( 'NONE', *, *, #1872, .T. ) ;
#742 = EDGE_CURVE ( 'NONE', #1881, #2512, #2343, .T. ) ;
#743 = CARTESIAN_POINT ( 'NONE',  ( 158.0999999999999943, 93.90000000000000568, -49.00000000000000000 ) ) ;
#744 = DIRECTION ( 'NONE',  ( 1.000000000000000000, 0.000000000000000000, 0.000000000000000000 ) ) ;
#745 = DIRECTION ( 'NONE',  ( 0.000000000000000000, 0.000000000000000000, 1.000000000000000000 ) ) ;
#746 = ORIENTED_EDGE ( 'NONE', *, *, #1070, .F. ) ;
#747 = CARTESIAN_POINT ( 'NONE',  ( 147.0999999999999943, 91.20000000000001705, -49.00000000000000000 ) ) ;
#748 = DIRECTION ( 'NONE',  ( -1.000000000000000000, 0.000000000000000000, 3.066914432666178346E-16 ) ) ;
#749 = CARTESIAN_POINT ( 'NONE',  ( 150.5999999999999659, 0.000000000000000000, -49.00000000000000000 ) ) ;
#750 = ORIENTED_EDGE ( 'NONE', *, *, #621, .F. ) ;
#751 = CARTESIAN_POINT ( 'NONE',  ( 132.0999999999999375, 0.000000000000000000, -48.99999999999999289 ) ) ;
#752 = DIRECTION ( 'NONE',  ( 0.000000000000000000, 0.000000000000000000, -1.000000000000000000 ) ) ;
#753 = EDGE_LOOP ( 'NONE', ( #678, #1020 ) ) ;
#754 = APPROVAL_ROLE ( '' ) ;
#755 = LINE ( 'NONE', #1250, #2175 ) ;
#756 = EDGE_CURVE ( 'NONE', #903, #412, #1267, .T. ) ;
#757 = CARTESIAN_POINT ( 'NONE',  ( 4.803617176566050695, 84.46503318019402684, -64.50000000000000000 ) ) ;
#758 = CIRCLE ( 'NONE', #255, 3.500000000000016875 ) ;
#759 = CIRCLE ( 'NONE', #71, 3.499999999999989342 ) ;
#760 = EDGE_CURVE ( 'NONE', #301, #2638, #1504, .T. ) ;
#761 = AXIS2_PLACEMENT_3D ( 'NONE', #357, #338, #2718 ) ;
#762 = CIRCLE ( 'NONE', #578, 2.000000000000001776 ) ;
#763 = VERTEX_POINT ( 'NONE', #2170 ) ;
#764 = EDGE_CURVE ( 'NONE', #2107, #706, #1064, .T. ) ;
#765 = VECTOR ( 'NONE', #1958, 1000.000000000000000 ) ;
#766 = DIRECTION ( 'NONE',  ( -0.000000000000000000, -0.000000000000000000, -1.000000000000000000 ) ) ;
#767 = CIRCLE ( 'NONE', #261, 3.499999999999989342 ) ;
#768 = CIRCLE ( 'NONE', #1488, 3.500000000000031086 ) ;
#769 = CARTESIAN_POINT ( 'NONE',  ( 21.84856974723963319, 84.20000000000001705, 64.50000000000000000 ) ) ;
#770 = AXIS2_PLACEMENT_3D ( 'NONE', #1055, #197, #9 ) ;
#771 = DIRECTION ( 'NONE',  ( 0.000000000000000000, 1.000000000000000000, -0.000000000000000000 ) ) ;
#772 = LINE ( 'NONE', #540, #2400 ) ;
#773 = CYLINDRICAL_SURFACE ( 'NONE', #1977, 3.499999999999989342 ) ;
#774 = EDGE_LOOP ( 'NONE', ( #2477, #830, #2395, #583 ) ) ;
#775 = CARTESIAN_POINT ( 'NONE',  ( 161.6000000000000227, 91.20000000000001705, 49.00000000000000000 ) ) ;
#776 = CARTESIAN_POINT ( 'NONE',  ( 136.0999999999999659, 91.20000000000001705, 49.00000000000000000 ) ) ;
#777 = ORGANIZATION ( 'UNSPECIFIED', 'UNSPECIFIED', '' ) ;
#778 = VERTEX_POINT ( 'NONE', #2142 ) ;
#779 = ORIENTED_EDGE ( 'NONE', *, *, #1329, .F. ) ;
#780 = LINE ( 'NONE', #1415, #628 ) ;
#781 = EDGE_CURVE ( 'NONE', #659, #1769, #2611, .T. ) ;
#782 = DIRECTION ( 'NONE',  ( -0.000000000000000000, -0.000000000000000000, -1.000000000000000000 ) ) ;
#783 = DIRECTION ( 'NONE',  ( -0.000000000000000000, -0.000000000000000000, -1.000000000000000000 ) ) ;
#784 = CARTESIAN_POINT ( 'NONE',  ( 117.5999999999999659, 91.20000000000001705, 52.50000000000002842 ) ) ;
#785 = CARTESIAN_POINT ( 'NONE',  ( 10.00000000000001776, 6.000000000000000000, 64.50000000000000000 ) ) ;
#786 = ORIENTED_EDGE ( 'NONE', *, *, #1176, .T. ) ;
#787 = COORDINATED_UNIVERSAL_TIME_OFFSET ( 6, 0, .BEHIND. ) ;
#788 = DIRECTION ( 'NONE',  ( 0.000000000000000000, 0.000000000000000000, 1.000000000000000000 ) ) ;
#789 = PLANE ( 'NONE',  #32 ) ;
#790 = VERTEX_POINT ( 'NONE', #194 ) ;
#791 = ORIENTED_EDGE ( 'NONE', *, *, #674, .T. ) ;
#792 = FACE_OUTER_BOUND ( 'NONE', #668, .T. ) ;
#793 = EDGE_CURVE ( 'NONE', #2627, #805, #639, .T. ) ;
#794 = CARTESIAN_POINT ( 'NONE',  ( 81.09999999999998010, 91.20000000000001705, 49.00000000000000711 ) ) ;
#795 = EDGE_CURVE ( 'NONE', #2176, #1994, #2673, .T. ) ;
#796 = CARTESIAN_POINT ( 'NONE',  ( 121.0999999999999801, 93.90000000000000568, 49.00000000000000711 ) ) ;
#797 = VERTEX_POINT ( 'NONE', #1341 ) ;
#798 = ADVANCED_FACE ( 'NONE', ( #1815 ), #1557, .F. ) ;
#799 = DIRECTION ( 'NONE',  ( 0.000000000000000000, 0.000000000000000000, 1.000000000000000000 ) ) ;
#800 = DIRECTION ( 'NONE',  ( -0.000000000000000000, 1.000000000000000000, -0.000000000000000000 ) ) ;
#801 = VERTEX_POINT ( 'NONE', #2427 ) ;
#802 = PERSON_AND_ORGANIZATION ( #500, #777 ) ;
#803 = CARTESIAN_POINT ( 'NONE',  ( 173.9999999999999716, 93.90000000000000568, -61.50000000000006395 ) ) ;
#804 = CARTESIAN_POINT ( 'NONE',  ( 99.09999999999993747, 93.90000000000000568, 49.00000000000000711 ) ) ;
#805 = VERTEX_POINT ( 'NONE', #952 ) ;
#806 = VECTOR ( 'NONE', #1505, 1000.000000000000000 ) ;
#807 = VECTOR ( 'NONE', #2486, 1000.000000000000000 ) ;
#808 = VECTOR ( 'NONE', #562, 1000.000000000000000 ) ;
#809 = ORIENTED_EDGE ( 'NONE', *, *, #1541, .F. ) ;
#810 = DIRECTION ( 'NONE',  ( 0.000000000000000000, 1.000000000000000000, 0.000000000000000000 ) ) ;
#811 = CARTESIAN_POINT ( 'NONE',  ( 143.0999999999999375, 93.90000000000000568, 49.00000000000000000 ) ) ;
#812 = AXIS2_PLACEMENT_3D ( 'NONE', #868, #715, #2498 ) ;
#813 = VECTOR ( 'NONE', #61, 1000.000000000000000 ) ;
#814 = AXIS2_PLACEMENT_3D ( 'NONE', #2791, #1537, #654 ) ;
#815 = CIRCLE ( 'NONE', #2214, 64.50000000000000000 ) ;
#816 = CARTESIAN_POINT ( 'NONE',  ( 0.000000000000000000, 91.20000000000001705, 0.000000000000000000 ) ) ;
#817 = DIRECTION ( 'NONE',  ( 0.000000000000000000, 0.000000000000000000, 1.000000000000000000 ) ) ;
#818 = ORIENTED_EDGE ( 'NONE', *, *, #1869, .T. ) ;
#819 = ADVANCED_FACE ( 'NONE', ( #2619 ), #449, .F. ) ;
#820 = CALENDAR_DATE ( 2026, 21, 4 ) ;
#821 = DIRECTION ( 'NONE',  ( -1.000000000000000000, 0.000000000000000000, 0.000000000000000000 ) ) ;
#822 = LINE ( 'NONE', #392, #1982 ) ;
#823 = CIRCLE ( 'NONE', #2404, 3.500000000000016875 ) ;
#824 = CONICAL_SURFACE ( 'NONE', #448, 68.09999999999996589, 0.7853981633974657095 ) ;
#825 = ORIENTED_EDGE ( 'NONE', *, *, #2112, .F. ) ;
#826 = LOCAL_TIME ( 14, 27, 16.00000000000000000, #318 ) ;
#827 = ORIENTED_EDGE ( 'NONE', *, *, #2608, .T. ) ;
#828 = FACE_OUTER_BOUND ( 'NONE', #1471, .T. ) ;
#829 = LINE ( 'NONE', #1690, #1669 ) ;
#830 = ORIENTED_EDGE ( 'NONE', *, *, #1634, .T. ) ;
#831 = DIRECTION ( 'NONE',  ( 0.000000000000000000, 0.000000000000000000, 1.000000000000000000 ) ) ;
#832 = DIRECTION ( 'NONE',  ( 0.000000000000000000, 0.000000000000000000, 1.000000000000000000 ) ) ;
#833 = CC_DESIGN_PERSON_AND_ORGANIZATION_ASSIGNMENT ( #555, #1190, ( #2223 ) ) ;
#834 = CARTESIAN_POINT ( 'NONE',  ( 150.5999999999999659, 93.90000000000000568, 49.00000000000000000 ) ) ;
#835 = FACE_BOUND ( 'NONE', #1005, .T. ) ;
#836 = ADVANCED_FACE ( 'NONE', ( #1319 ), #2194, .F. ) ;
#837 = VERTEX_POINT ( 'NONE', #473 ) ;
#838 = ORIENTED_EDGE ( 'NONE', *, *, #1041, .F. ) ;
#839 = EDGE_CURVE ( 'NONE', #1277, #2561, #894, .T. ) ;
#840 = EDGE_LOOP ( 'NONE', ( #2326, #1091 ) ) ;
#841 = PLANE ( 'NONE',  #1752 ) ;
#842 = VERTEX_POINT ( 'NONE', #1373 ) ;
#843 = DIRECTION ( 'NONE',  ( -0.000000000000000000, 1.000000000000000000, -0.000000000000000000 ) ) ;
#844 = CARTESIAN_POINT ( 'NONE',  ( 84.59999999999998010, 91.20000000000001705, 49.00000000000000711 ) ) ;
#845 = CARTESIAN_POINT ( 'NONE',  ( 132.0999999999999375, 0.000000000000000000, 49.00000000000000711 ) ) ;
#846 = CARTESIAN_POINT ( 'NONE',  ( 176.1000000000000512, 0.000000000000000000, -48.99999999999998579 ) ) ;
#847 = DIRECTION ( 'NONE',  ( -0.000000000000000000, 0.000000000000000000, -1.000000000000000000 ) ) ;
#848 = AXIS2_PLACEMENT_3D ( 'NONE', #696, #319, #960 ) ;
#849 = ORIENTED_EDGE ( 'NONE', *, *, #2338, .F. ) ;
#850 = EDGE_CURVE ( 'NONE', #1949, #1925, #1967, .T. ) ;
#851 = ORIENTED_EDGE ( 'NONE', *, *, #166, .T. ) ;
#852 = LINE ( 'NONE', #2110, #990 ) ;
#853 = LINE ( 'NONE', #2566, #361 ) ;
#854 = CIRCLE ( 'NONE', #941, 3.499999999999989342 ) ;
#855 = AXIS2_PLACEMENT_3D ( 'NONE', #873, #2143, #1065 ) ;
#856 = ORIENTED_EDGE ( 'NONE', *, *, #1087, .T. ) ;
#857 = VECTOR ( 'NONE', #2180, 1000.000000000000000 ) ;
#858 = DIRECTION ( 'NONE',  ( 3.066914432666178346E-16, -0.000000000000000000, 1.000000000000000000 ) ) ;
#859 = CIRCLE ( 'NONE', #260, 3.500000000000016875 ) ;
#860 = CARTESIAN_POINT ( 'NONE',  ( 165.1000000000000227, 0.000000000000000000, 49.00000000000000000 ) ) ;
#861 = CIRCLE ( 'NONE', #129, 68.50000000000000000 ) ;
#862 = AXIS2_PLACEMENT_3D ( 'NONE', #2439, #1543, #1160 ) ;
#863 = PLANE ( 'NONE',  #770 ) ;
#864 = DIRECTION ( 'NONE',  ( 0.000000000000000000, 1.000000000000000000, 0.000000000000000000 ) ) ;
#865 = ORIENTED_EDGE ( 'NONE', *, *, #1909, .T. ) ;
#866 = VERTEX_POINT ( 'NONE', #1983 ) ;
#867 = ORIENTED_EDGE ( 'NONE', *, *, #1472, .T. ) ;
#868 = CARTESIAN_POINT ( 'NONE',  ( 117.5999999999999659, 0.000000000000000000, -48.99999999999999289 ) ) ;
#869 = CARTESIAN_POINT ( 'NONE',  ( 117.5999999999999659, 91.20000000000001705, 49.00000000000000711 ) ) ;
#870 = EDGE_CURVE ( 'NONE', #2290, #2512, #2436, .T. ) ;
#871 = ORIENTED_EDGE ( 'NONE', *, *, #203, .T. ) ;
#872 = DIRECTION ( 'NONE',  ( 0.000000000000000000, 0.000000000000000000, 1.000000000000000000 ) ) ;
#873 = CARTESIAN_POINT ( 'NONE',  ( 8.000000000000021316, 6.000000000000000000, -64.49999999999998579 ) ) ;
#874 = CARTESIAN_POINT ( 'NONE',  ( 121.0999999999999801, 91.20000000000001705, -48.99999999999999289 ) ) ;
#875 = CARTESIAN_POINT ( 'NONE',  ( 181.0000000000000000, 93.90000000000000568, 61.50000000000000711 ) ) ;
#876 = EDGE_LOOP ( 'NONE', ( #908, #2020, #2610, #1104, #1764, #554 ) ) ;
#877 = ORIENTED_EDGE ( 'NONE', *, *, #2273, .F. ) ;
#878 = DIRECTION ( 'NONE',  ( -0.000000000000000000, -1.000000000000000000, -0.000000000000000000 ) ) ;
#879 = CARTESIAN_POINT ( 'NONE',  ( 169.9999999999999716, 0.000000000000000000, -64.50000000000000000 ) ) ;
#880 = EDGE_CURVE ( 'NONE', #1559, #2467, #530, .T. ) ;
#881 = VERTEX_POINT ( 'NONE', #1753 ) ;
#882 = EDGE_CURVE ( 'NONE', #689, #516, #2348, .T. ) ;
#883 = FACE_OUTER_BOUND ( 'NONE', #476, .T. ) ;
#884 = CARTESIAN_POINT ( 'NONE',  ( 125.0999999999999659, 91.20000000000001705, 0.000000000000000000 ) ) ;
#885 = EDGE_CURVE ( 'NONE', #618, #407, #854, .T. ) ;
#886 = FACE_OUTER_BOUND ( 'NONE', #180, .T. ) ;
#887 = DIRECTION ( 'NONE',  ( -0.000000000000000000, 1.000000000000000000, -0.000000000000000000 ) ) ;
#888 = ORIENTED_EDGE ( 'NONE', *, *, #2375, .T. ) ;
#889 = VERTEX_POINT ( 'NONE', #50 ) ;
#890 = ORIENTED_EDGE ( 'NONE', *, *, #251, .T. ) ;
#891 = CARTESIAN_POINT ( 'NONE',  ( 0.000000000000000000, 93.90000000000000568, -64.50000000000000000 ) ) ;
#892 = CARTESIAN_POINT ( 'NONE',  ( 82.99999999999998579, 6.000000000000000000, -68.50000000000002842 ) ) ;
#893 = EDGE_LOOP ( 'NONE', ( #2631, #2689, #2234, #735 ) ) ;
#894 = LINE ( 'NONE', #1105, #2161 ) ;
#895 = PLANE ( 'NONE',  #303 ) ;
#896 = AXIS2_PLACEMENT_3D ( 'NONE', #587, #1889, #2544 ) ;
#897 = CIRCLE ( 'NONE', #708, 2.000000000000001776 ) ;
#898 = VECTOR ( 'NONE', #324, 1000.000000000000000 ) ;
#899 = AXIS2_PLACEMENT_3D ( 'NONE', #2801, #2140, #1276 ) ;
#900 = ORIENTED_EDGE ( 'NONE', *, *, #882, .T. ) ;
#901 = DIRECTION ( 'NONE',  ( 0.000000000000000000, 0.000000000000000000, 1.000000000000000000 ) ) ;
#902 = LINE ( 'NONE', #418, #1449 ) ;
#903 = VERTEX_POINT ( 'NONE', #934 ) ;
#904 = CIRCLE ( 'NONE', #2490, 3.500000000000016875 ) ;
#905 = EDGE_CURVE ( 'NONE', #250, #1393, #2022, .T. ) ;
#906 = CARTESIAN_POINT ( 'NONE',  ( 161.6000000000000227, 93.90000000000000568, -49.00000000000000000 ) ) ;
#907 = EDGE_LOOP ( 'NONE', ( #1539, #1021, #1058, #277 ) ) ;
#908 = ORIENTED_EDGE ( 'NONE', *, *, #1503, .F. ) ;
#909 = FACE_OUTER_BOUND ( 'NONE', #1219, .T. ) ;
#910 = ORIENTED_EDGE ( 'NONE', *, *, #416, .F. ) ;
#911 = DIRECTION ( 'NONE',  ( 0.000000000000000000, 0.000000000000000000, 1.000000000000000000 ) ) ;
#912 = FACE_OUTER_BOUND ( 'NONE', #1556, .T. ) ;
#913 = ORIENTED_EDGE ( 'NONE', *, *, #1329, .T. ) ;
#914 = CARTESIAN_POINT ( 'NONE',  ( 0.000000000000000000, 93.90000000000000568, 68.50000000000000000 ) ) ;
#915 = DIRECTION ( 'NONE',  ( 0.000000000000000000, 0.000000000000000000, -1.000000000000000000 ) ) ;
#916 = DIRECTION ( 'NONE',  ( 0.000000000000000000, 0.000000000000000000, -1.000000000000000000 ) ) ;
#917 = DIRECTION ( 'NONE',  ( 1.000000000000000000, 0.000000000000000000, 0.000000000000000000 ) ) ;
#918 = EDGE_CURVE ( 'NONE', #618, #1725, #690, .T. ) ;
#919 = EDGE_CURVE ( 'NONE', #2649, #1186, #1217, .T. ) ;
#920 = ORIENTED_EDGE ( 'NONE', *, *, #287, .T. ) ;
#921 = LINE ( 'NONE', #1328, #813 ) ;
#922 = ORIENTED_EDGE ( 'NONE', *, *, #2252, .T. ) ;
#923 = CARTESIAN_POINT ( 'NONE',  ( 180.9999999999999716, 93.90000000000000568, -68.50000000000005684 ) ) ;
#924 = CYLINDRICAL_SURFACE ( 'NONE', #1080, 1.999999999999996669 ) ;
#925 = ORIENTED_EDGE ( 'NONE', *, *, #1969, .F. ) ;
#926 = CARTESIAN_POINT ( 'NONE',  ( 95.59999999999993747, 93.90000000000000568, -48.99999999999999289 ) ) ;
#927 = CARTESIAN_POINT ( 'NONE',  ( 0.000000000000000000, 84.20000000000001705, 0.000000000000000000 ) ) ;
#928 = ORIENTED_EDGE ( 'NONE', *, *, #284, .T. ) ;
#929 = CARTESIAN_POINT ( 'NONE',  ( 132.0999999999999375, 91.20000000000001705, 49.00000000000000711 ) ) ;
#930 = ORIENTED_EDGE ( 'NONE', *, *, #2410, .T. ) ;
#931 = DIRECTION ( 'NONE',  ( -0.000000000000000000, 1.000000000000000000, -0.000000000000000000 ) ) ;
#932 = EDGE_CURVE ( 'NONE', #2426, #250, #73, .T. ) ;
#933 = ORIENTED_EDGE ( 'NONE', *, *, #993, .F. ) ;
#934 = CARTESIAN_POINT ( 'NONE',  ( 84.59999999999998010, 91.20000000000001705, 52.50000000000001421 ) ) ;
#935 = CYLINDRICAL_SURFACE ( 'NONE', #625, 3.499999999999989342 ) ;
#936 = ORIENTED_EDGE ( 'NONE', *, *, #2286, .T. ) ;
#937 = CARTESIAN_POINT ( 'NONE',  ( 128.5999999999999375, 91.20000000000001705, 52.50000000000000000 ) ) ;
#938 = AXIS2_PLACEMENT_3D ( 'NONE', #1000, #363, #832 ) ;
#939 = CARTESIAN_POINT ( 'NONE',  ( 125.0999999999999375, 93.90000000000000568, 49.00000000000000711 ) ) ;
#940 = ORIENTED_EDGE ( 'NONE', *, *, #756, .T. ) ;
#941 = AXIS2_PLACEMENT_3D ( 'NONE', #1770, #2632, #1359 ) ;
#942 = FACE_OUTER_BOUND ( 'NONE', #2141, .T. ) ;
#943 = DIRECTION ( 'NONE',  ( 0.000000000000000000, 0.000000000000000000, 1.000000000000000000 ) ) ;
#944 = CARTESIAN_POINT ( 'NONE',  ( 22.25503851571184910, 84.33040765400939165, -64.50000000000000000 ) ) ;
#945 = AXIS2_PLACEMENT_3D ( 'NONE', #1475, #619, #2126 ) ;
#946 = AXIS2_PLACEMENT_3D ( 'NONE', #906, #1367, #468 ) ;
#947 = AXIS2_PLACEMENT_3D ( 'NONE', #1153, #1621, #915 ) ;
#948 = AXIS2_PLACEMENT_3D ( 'NONE', #1819, #682, #2418 ) ;
#949 = ORIENTED_EDGE ( 'NONE', *, *, #1685, .T. ) ;
#950 = PLANE ( 'NONE',  #2659 ) ;
#951 = ORIENTED_EDGE ( 'NONE', *, *, #2582, .T. ) ;
#952 = CARTESIAN_POINT ( 'NONE',  ( 147.0999999999999943, 91.20000000000001705, 49.00000000000000000 ) ) ;
#953 = ADVANCED_FACE ( 'NONE', ( #723 ), #1588, .F. ) ;
#954 = DIRECTION ( 'NONE',  ( 3.066914432666178346E-16, -0.000000000000000000, 1.000000000000000000 ) ) ;
#955 = EDGE_LOOP ( 'NONE', ( #632, #143, #2389, #1987 ) ) ;
#956 = DIRECTION ( 'NONE',  ( -0.000000000000000000, -0.000000000000000000, 1.000000000000000000 ) ) ;
#957 = FACE_OUTER_BOUND ( 'NONE', #1992, .T. ) ;
#958 = ORIENTED_EDGE ( 'NONE', *, *, #2519, .T. ) ;
#959 =( NAMED_UNIT ( * ) PLANE_ANGLE_UNIT ( ) SI_UNIT ( $, .RADIAN. ) );
#960 = DIRECTION ( 'NONE',  ( 1.000000000000000000, 0.000000000000000000, 0.000000000000000000 ) ) ;
#961 = LINE ( 'NONE', #334, #670 ) ;
#962 = ORIENTED_EDGE ( 'NONE', *, *, #2019, .F. ) ;
#963 = LINE ( 'NONE', #2066, #1130 ) ;
#964 = DIRECTION ( 'NONE',  ( 0.000000000000000000, 0.000000000000000000, 1.000000000000000000 ) ) ;
#965 = EDGE_CURVE ( 'NONE', #1523, #393, #1162, .T. ) ;
#966 = CARTESIAN_POINT ( 'NONE',  ( 0.000000000000000000, 0.000000000000000000, 54.99999999999999289 ) ) ;
#967 = EDGE_CURVE ( 'NONE', #1294, #842, #1840, .T. ) ;
#968 = ORIENTED_EDGE ( 'NONE', *, *, #1041, .T. ) ;
#969 = CYLINDRICAL_SURFACE ( 'NONE', #896, 3.500000000000031086 ) ;
#970 = LINE ( 'NONE', #253, #2203 ) ;
#971 = EDGE_LOOP ( 'NONE', ( #933, #1814, #2159, #962, #1362 ) ) ;
#972 = EDGE_CURVE ( 'NONE', #335, #2431, #373, .T. ) ;
#973 = ADVANCED_FACE ( 'NONE', ( #1451 ), #1011, .T. ) ;
#974 = CALENDAR_DATE ( 2026, 21, 4 ) ;
#975 = EDGE_LOOP ( 'NONE', ( #827, #1910, #2600, #2368, #958 ) ) ;
#976 = DIRECTION ( 'NONE',  ( -0.000000000000000000, -0.000000000000000000, -1.000000000000000000 ) ) ;
#977 = ORIENTED_EDGE ( 'NONE', *, *, #99, .F. ) ;
#978 = DIRECTION ( 'NONE',  ( 1.416100796715761110E-16, 0.000000000000000000, 1.000000000000000000 ) ) ;
#979 = CARTESIAN_POINT ( 'NONE',  ( 81.09999999999998010, 0.000000000000000000, -49.00000000000000000 ) ) ;
#980 = DIRECTION ( 'NONE',  ( -1.000000000000000000, 0.000000000000000000, 0.000000000000000000 ) ) ;
#981 = DIRECTION ( 'NONE',  ( -1.000000000000000000, -0.000000000000000000, -0.000000000000000000 ) ) ;
#982 = DIRECTION ( 'NONE',  ( -0.000000000000000000, -0.000000000000000000, -1.000000000000000000 ) ) ;
#983 = ORIENTED_EDGE ( 'NONE', *, *, #2794, .T. ) ;
#984 = PERSON_AND_ORGANIZATION_ROLE ( 'design_supplier' ) ;
#985 = CARTESIAN_POINT ( 'NONE',  ( 106.5999999999999517, 91.20000000000001705, 49.00000000000000000 ) ) ;
#986 = FACE_BOUND ( 'NONE', #1921, .T. ) ;
#987 = EDGE_CURVE ( 'NONE', #2434, #480, #141, .T. ) ;
#988 = AXIS2_PLACEMENT_3D ( 'NONE', #2594, #2358, #2382 ) ;
#989 = AXIS2_PLACEMENT_3D ( 'NONE', #2115, #2521, #2605 ) ;
#990 = VECTOR ( 'NONE', #2542, 1000.000000000000000 ) ;
#991 = AXIS2_PLACEMENT_3D ( 'NONE', #1226, #2300, #2688 ) ;
#992 = ORIENTED_EDGE ( 'NONE', *, *, #1332, .F. ) ;
#993 = EDGE_CURVE ( 'NONE', #1447, #91, #1225, .T. ) ;
#994 = FACE_OUTER_BOUND ( 'NONE', #1714, .T. ) ;
#995 = CIRCLE ( 'NONE', #945, 6.999999999999999112 ) ;
#996 = AXIS2_PLACEMENT_3D ( 'NONE', #15, #2224, #1601 ) ;
#997 = CARTESIAN_POINT ( 'NONE',  ( 150.5999999999999659, 0.000000000000000000, 49.00000000000000000 ) ) ;
#998 = CYLINDRICAL_SURFACE ( 'NONE', #2392, 3.499999999999989342 ) ;
#999 = DIRECTION ( 'NONE',  ( 3.066914432666178346E-16, -0.000000000000000000, 1.000000000000000000 ) ) ;
#1000 = CARTESIAN_POINT ( 'NONE',  ( -1.077461759426523482E-14, 91.20000000000001705, 0.000000000000000000 ) ) ;
#1001 = ORIENTED_EDGE ( 'NONE', *, *, #2220, .F. ) ;
#1002 = DIRECTION ( 'NONE',  ( 0.000000000000000000, 0.000000000000000000, 1.000000000000000000 ) ) ;
#1003 = FACE_BOUND ( 'NONE', #2038, .T. ) ;
#1004 = CC_DESIGN_SECURITY_CLASSIFICATION ( #2223, ( #2503 ) ) ;
#1005 = EDGE_LOOP ( 'NONE', ( #1639, #2435, #280, #2414, #910 ) ) ;
#1006 = VERTEX_POINT ( 'NONE', #769 ) ;
#1007 = EDGE_CURVE ( 'NONE', #179, #1867, #2504, .T. ) ;
#1008 = ORIENTED_EDGE ( 'NONE', *, *, #1837, .F. ) ;
#1009 = PLANE ( 'NONE',  #1446 ) ;
#1010 = ADVANCED_FACE ( 'NONE', ( #1870 ), #1857, .T. ) ;
#1011 = PLANE ( 'NONE',  #1033 ) ;
#1012 = DIRECTION ( 'NONE',  ( -1.000000000000000000, 0.000000000000000000, 0.000000000000000000 ) ) ;
#1013 = ORIENTED_EDGE ( 'NONE', *, *, #1990, .T. ) ;
#1014 = DIRECTION ( 'NONE',  ( 2.025954424498459845E-16, 0.000000000000000000, 1.000000000000000000 ) ) ;
#1015 = CARTESIAN_POINT ( 'NONE',  ( 110.0999999999999659, 0.000000000000000000, -49.00000000000000000 ) ) ;
#1016 = ORIENTED_EDGE ( 'NONE', *, *, #2413, .T. ) ;
#1017 = CARTESIAN_POINT ( 'NONE',  ( 103.0999999999999233, 91.20000000000001705, -48.99999999999998579 ) ) ;
#1018 = CARTESIAN_POINT ( 'NONE',  ( 169.9999999999999716, 91.20000000000001705, 57.50000000000000000 ) ) ;
#1019 = EDGE_LOOP ( 'NONE', ( #1747, #685, #102, #2401 ) ) ;
#1020 = ORIENTED_EDGE ( 'NONE', *, *, #2146, .T. ) ;
#1021 = ORIENTED_EDGE ( 'NONE', *, *, #781, .F. ) ;
#1022 = DIRECTION ( 'NONE',  ( 0.000000000000000000, -1.000000000000000000, 0.000000000000000000 ) ) ;
#1023 = FACE_OUTER_BOUND ( 'NONE', #2781, .T. ) ;
#1024 = ADVANCED_FACE ( 'NONE', ( #1603 ), #2470, .F. ) ;
#1025 = ORIENTED_EDGE ( 'NONE', *, *, #2628, .F. ) ;
#1026 = LINE ( 'NONE', #2741, #1120 ) ;
#1027 = DIRECTION ( 'NONE',  ( 0.000000000000000000, -1.000000000000000000, 0.000000000000000000 ) ) ;
#1028 = DATE_TIME_ROLE ( 'classification_date' ) ;
#1029 = DIRECTION ( 'NONE',  ( -1.000000000000000000, 0.000000000000000000, 0.000000000000000000 ) ) ;
#1030 = CARTESIAN_POINT ( 'NONE',  ( 125.0999999999999659, 0.000000000000000000, -48.99999999999999289 ) ) ;
#1031 = ORIENTED_EDGE ( 'NONE', *, *, #1591, .T. ) ;
#1032 = CIRCLE ( 'NONE', #2485, 3.500000000000003109 ) ;
#1033 = AXIS2_PLACEMENT_3D ( 'NONE', #152, #1022, #1616 ) ;
#1034 = AXIS2_PLACEMENT_3D ( 'NONE', #206, #2590, #2398 ) ;
#1035 = ORIENTED_EDGE ( 'NONE', *, *, #18, .T. ) ;
#1036 = FACE_BOUND ( 'NONE', #2221, .T. ) ;
#1037 = DIRECTION ( 'NONE',  ( 0.000000000000000000, 0.000000000000000000, -1.000000000000000000 ) ) ;
#1038 = CIRCLE ( 'NONE', #2393, 3.499999999999989342 ) ;
#1039 = EDGE_CURVE ( 'NONE', #520, #1653, #537, .T. ) ;
#1040 = VECTOR ( 'NONE', #2761, 1000.000000000000000 ) ;
#1041 = EDGE_CURVE ( 'NONE', #161, #1073, #30, .T. ) ;
#1042 = DIRECTION ( 'NONE',  ( 0.000000000000000000, 0.000000000000000000, 1.000000000000000000 ) ) ;
#1043 = DIRECTION ( 'NONE',  ( -1.416100796715760863E-16, 0.000000000000000000, -1.000000000000000000 ) ) ;
#1044 = ADVANCED_FACE ( 'NONE', ( #1416 ), #1387, .T. ) ;
#1045 = DIRECTION ( 'NONE',  ( 0.000000000000000000, 0.000000000000000000, 1.000000000000000000 ) ) ;
#1046 = FACE_BOUND ( 'NONE', #971, .T. ) ;
#1047 = ORIENTED_EDGE ( 'NONE', *, *, #1348, .T. ) ;
#1048 = LOCAL_TIME ( 14, 27, 16.00000000000000000, #2693 ) ;
#1049 = ORIENTED_EDGE ( 'NONE', *, *, #2371, .F. ) ;
#1050 = FACE_BOUND ( 'NONE', #1991, .T. ) ;
#1051 = DIRECTION ( 'NONE',  ( 0.000000000000000000, 0.000000000000000000, 1.000000000000000000 ) ) ;
#1052 = DIRECTION ( 'NONE',  ( -0.000000000000000000, 1.000000000000000000, -0.000000000000000000 ) ) ;
#1053 = DIRECTION ( 'NONE',  ( 0.000000000000000000, -0.000000000000000000, 1.000000000000000000 ) ) ;
#1054 = EDGE_CURVE ( 'NONE', #1787, #1205, #2256, .T. ) ;
#1055 = CARTESIAN_POINT ( 'NONE',  ( 114.0999999999999517, 0.000000000000000000, -48.99999999999999289 ) ) ;
#1056 = LINE ( 'NONE', #1973, #1533 ) ;
#1057 = EDGE_CURVE ( 'NONE', #673, #1553, #109, .T. ) ;
#1058 = ORIENTED_EDGE ( 'NONE', *, *, #2375, .F. ) ;
#1059 = VERTEX_POINT ( 'NONE', #2254 ) ;
#1060 = DIRECTION ( 'NONE',  ( 0.000000000000000000, 0.000000000000000000, 1.000000000000000000 ) ) ;
#1061 = ORIENTED_EDGE ( 'NONE', *, *, #669, .T. ) ;
#1062 = CYLINDRICAL_SURFACE ( 'NONE', #2534, 3.500000000000016875 ) ;
#1063 = EDGE_LOOP ( 'NONE', ( #149, #2491, #2677, #1385, #331 ) ) ;
#1064 = LINE ( 'NONE', #1914, #623 ) ;
#1065 = DIRECTION ( 'NONE',  ( 1.000000000000000000, 0.000000000000000000, 0.000000000000000000 ) ) ;
#1066 = FACE_BOUND ( 'NONE', #546, .T. ) ;
#1067 = CARTESIAN_POINT ( 'NONE',  ( 161.6000000000000227, 0.000000000000000000, 52.50000000000002132 ) ) ;
#1068 = VERTEX_POINT ( 'NONE', #311 ) ;
#1069 = ORIENTED_EDGE ( 'NONE', *, *, #457, .T. ) ;
#1070 = EDGE_CURVE ( 'NONE', #1414, #1881, #2488, .T. ) ;
#1071 = EDGE_CURVE ( 'NONE', #2417, #34, #400, .T. ) ;
#1072 = CIRCLE ( 'NONE', #2117, 3.500000000000016875 ) ;
#1073 = VERTEX_POINT ( 'NONE', #1645 ) ;
#1074 = CARTESIAN_POINT ( 'NONE',  ( 92.09999999999993747, 91.20000000000001705, -48.99999999999999289 ) ) ;
#1075 = CARTESIAN_POINT ( 'NONE',  ( 177.0000000000000000, 0.000000000000000000, -57.50000000000000000 ) ) ;
#1076 = AXIS2_PLACEMENT_3D ( 'NONE', #1636, #550, #1675 ) ;
#1077 = EDGE_LOOP ( 'NONE', ( #219, #746 ) ) ;
#1078 = CIRCLE ( 'NONE', #1263, 3.500000000000003109 ) ;
#1079 = DIRECTION ( 'NONE',  ( -0.000000000000000000, 1.000000000000000000, -0.000000000000000000 ) ) ;
#1080 = AXIS2_PLACEMENT_3D ( 'NONE', #475, #2023, #85 ) ;
#1081 = CARTESIAN_POINT ( 'NONE',  ( 103.0999999999999375, 93.90000000000000568, 49.00000000000000000 ) ) ;
#1082 = VECTOR ( 'NONE', #1607, 1000.000000000000000 ) ;
#1083 = AXIS2_PLACEMENT_3D ( 'NONE', #1822, #1380, #1609 ) ;
#1084 = CARTESIAN_POINT ( 'NONE',  ( 0.000000000000000000, 84.20000000000001705, -64.50000000000000000 ) ) ;
#1085 = LINE ( 'NONE', #683, #2443 ) ;
#1086 = VERTEX_POINT ( 'NONE', #794 ) ;
#1087 = EDGE_CURVE ( 'NONE', #866, #1838, #561, .T. ) ;
#1088 = ORIENTED_EDGE ( 'NONE', *, *, #416, .T. ) ;
#1089 = CC_DESIGN_PERSON_AND_ORGANIZATION_ASSIGNMENT ( #1862, #984, ( #2503 ) ) ;
#1090 = EDGE_CURVE ( 'NONE', #1569, #2377, #2575, .T. ) ;
#1091 = ORIENTED_EDGE ( 'NONE', *, *, #1762, .F. ) ;
#1092 = FACE_OUTER_BOUND ( 'NONE', #876, .T. ) ;
#1093 = CARTESIAN_POINT ( 'NONE',  ( 0.000000000000000000, 93.90000000000000568, 68.50000000000000000 ) ) ;
#1094 = EDGE_CURVE ( 'NONE', #1605, #480, #2754, .T. ) ;
#1095 = ORIENTED_EDGE ( 'NONE', *, *, #369, .F. ) ;
#1096 = CARTESIAN_POINT ( 'NONE',  ( 82.99999999999998579, 6.000000000000000000, 68.50000000000000000 ) ) ;
#1097 = CARTESIAN_POINT ( 'NONE',  ( 176.1000000000000512, 93.90000000000000568, -48.99999999999998579 ) ) ;
#1098 = CARTESIAN_POINT ( 'NONE',  ( 84.59999999999998010, 93.90000000000000568, -49.00000000000000000 ) ) ;
#1099 = CARTESIAN_POINT ( 'NONE',  ( 125.0999999999999659, 91.20000000000001705, -48.99999999999999289 ) ) ;
#1100 = EDGE_LOOP ( 'NONE', ( #1911, #1426, #1161, #2137 ) ) ;
#1101 = ORIENTED_EDGE ( 'NONE', *, *, #1612, .F. ) ;
#1102 = CARTESIAN_POINT ( 'NONE',  ( 169.9999999999999716, 91.20000000000001705, -57.50000000000000000 ) ) ;
#1103 = CYLINDRICAL_SURFACE ( 'NONE', #862, 3.500000000000016875 ) ;
#1104 = ORIENTED_EDGE ( 'NONE', *, *, #25, .F. ) ;
#1105 = CARTESIAN_POINT ( 'NONE',  ( 181.0000000000000000, 0.000000000000000000, 68.50000000000000000 ) ) ;
#1106 = ADVANCED_FACE ( 'NONE', ( #1050, #1298, #1036, #1260, #1700, #607, #2553, #2365, #2355, #1092 ), #841, .F. ) ;
#1107 = CARTESIAN_POINT ( 'NONE',  ( 150.5999999999999659, 91.20000000000001705, -49.00000000000000000 ) ) ;
#1108 = VERTEX_POINT ( 'NONE', #647 ) ;
#1109 = EDGE_CURVE ( 'NONE', #407, #2, #1935, .T. ) ;
#1110 = DIRECTION ( 'NONE',  ( 0.000000000000000000, 0.000000000000000000, 1.000000000000000000 ) ) ;
#1111 = CARTESIAN_POINT ( 'NONE',  ( 0.000000000000000000, 91.20000000000001705, 0.000000000000000000 ) ) ;
#1112 = CYLINDRICAL_SURFACE ( 'NONE', #2351, 3.499999999999989342 ) ;
#1113 = ORIENTED_EDGE ( 'NONE', *, *, #1293, .F. ) ;
#1114 = ORIENTED_EDGE ( 'NONE', *, *, #2596, .F. ) ;
#1115 = CARTESIAN_POINT ( 'NONE',  ( 161.9999999999999716, 6.000000000000000000, 68.50000000000000000 ) ) ;
#1116 = EDGE_LOOP ( 'NONE', ( #1481, #2450, #1587, #229, #459, #1642, #1547, #2082 ) ) ;
#1117 = DIRECTION ( 'NONE',  ( 0.000000000000000000, 0.000000000000000000, -1.000000000000000000 ) ) ;
#1118 = EDGE_CURVE ( 'NONE', #345, #866, #767, .T. ) ;
#1119 = DIRECTION ( 'NONE',  ( 0.000000000000000000, 0.000000000000000000, 1.000000000000000000 ) ) ;
#1120 = VECTOR ( 'NONE', #981, 1000.000000000000000 ) ;
#1121 = VECTOR ( 'NONE', #1517, 1000.000000000000000 ) ;
#1122 = EDGE_CURVE ( 'NONE', #2494, #1125, #627, .T. ) ;
#1123 = VECTOR ( 'NONE', #831, 1000.000000000000000 ) ;
#1124 = AXIS2_PLACEMENT_3D ( 'NONE', #110, #2505, #980 ) ;
#1125 = VERTEX_POINT ( 'NONE', #222 ) ;
#1126 = CARTESIAN_POINT ( 'NONE',  ( 121.0999999999999801, 91.20000000000001705, 0.000000000000000000 ) ) ;
#1127 = DIRECTION ( 'NONE',  ( 0.000000000000000000, 1.000000000000000000, 0.000000000000000000 ) ) ;
#1128 = ORIENTED_EDGE ( 'NONE', *, *, #1094, .T. ) ;
#1129 = AXIS2_PLACEMENT_3D ( 'NONE', #2267, #1962, #745 ) ;
#1130 = VECTOR ( 'NONE', #533, 1000.000000000000000 ) ;
#1131 = EDGE_CURVE ( 'NONE', #1746, #1583, #308, .T. ) ;
#1132 = VECTOR ( 'NONE', #1464, 1000.000000000000000 ) ;
#1133 = EDGE_LOOP ( 'NONE', ( #501, #40, #949, #1861 ) ) ;
#1134 = ORIENTED_EDGE ( 'NONE', *, *, #2337, .T. ) ;
#1135 = LINE ( 'NONE', #734, #440 ) ;
#1136 = EDGE_LOOP ( 'NONE', ( #2697, #638, #433, #254 ) ) ;
#1137 = CARTESIAN_POINT ( 'NONE',  ( 114.0999999999999517, 0.000000000000000000, -48.99999999999999289 ) ) ;
#1138 = DIRECTION ( 'NONE',  ( 0.000000000000000000, 1.000000000000000000, 0.000000000000000000 ) ) ;
#1139 = EDGE_LOOP ( 'NONE', ( #1772, #729 ) ) ;
#1140 = PLANE ( 'NONE',  #1672 ) ;
#1141 = CARTESIAN_POINT ( 'NONE',  ( 117.5999999999999659, 93.90000000000000568, 49.00000000000000711 ) ) ;
#1142 = EDGE_LOOP ( 'NONE', ( #1509, #558, #2029, #1095 ) ) ;
#1143 = DIRECTION ( 'NONE',  ( -0.000000000000000000, -1.000000000000000000, -0.000000000000000000 ) ) ;
#1144 = EDGE_CURVE ( 'NONE', #2336, #2438, #995, .T. ) ;
#1145 = EDGE_LOOP ( 'NONE', ( #1854, #2053, #1882, #1846 ) ) ;
#1146 = DIRECTION ( 'NONE',  ( 0.000000000000000000, 1.000000000000000000, 0.000000000000000000 ) ) ;
#1147 = B_SPLINE_CURVE_WITH_KNOTS ( 'NONE', 3,
 ( #502, #1157, #944, #2396 ),
 .UNSPECIFIED., .F., .F.,
 ( 4, 4 ),
 ( 0.000000000000000000, 0.001280627636632886927 ),
 .UNSPECIFIED. ) ;
#1148 = ORIENTED_EDGE ( 'NONE', *, *, #965, .T. ) ;
#1149 = DIRECTION ( 'NONE',  ( 0.000000000000000000, 0.000000000000000000, -1.000000000000000000 ) ) ;
#1150 = DIRECTION ( 'NONE',  ( -0.000000000000000000, -0.000000000000000000, -1.000000000000000000 ) ) ;
#1151 = ORIENTED_EDGE ( 'NONE', *, *, #116, .F. ) ;
#1152 = LINE ( 'NONE', #1390, #1719 ) ;
#1153 = CARTESIAN_POINT ( 'NONE',  ( 0.000000000000000000, 0.000000000000000000, -2.775557561562891351E-14 ) ) ;
#1154 = ORIENTED_EDGE ( 'NONE', *, *, #46, .F. ) ;
#1155 = DIRECTION ( 'NONE',  ( -0.000000000000000000, 1.000000000000000000, -0.000000000000000000 ) ) ;
#1156 = VERTEX_POINT ( 'NONE', #431 ) ;
#1157 = CARTESIAN_POINT ( 'NONE',  ( 22.66056773209296438, 84.46377856353696245, -64.50000000000000000 ) ) ;
#1158 = ADVANCED_FACE ( 'NONE', ( #2589 ), #421, .F. ) ;
#1159 = ORIENTED_EDGE ( 'NONE', *, *, #1179, .F. ) ;
#1160 = DIRECTION ( 'NONE',  ( 0.000000000000000000, 0.000000000000000000, 1.000000000000000000 ) ) ;
#1161 = ORIENTED_EDGE ( 'NONE', *, *, #2729, .F. ) ;
#1162 = LINE ( 'NONE', #82, #2788 ) ;
#1163 = DIRECTION ( 'NONE',  ( -0.000000000000000000, 1.000000000000000000, -0.000000000000000000 ) ) ;
#1164 = ORIENTED_EDGE ( 'NONE', *, *, #251, .F. ) ;
#1165 = CARTESIAN_POINT ( 'NONE',  ( 8.000000000000021316, 6.000000000000000000, 68.50000000000000000 ) ) ;
#1166 = VECTOR ( 'NONE', #1249, 1000.000000000000000 ) ;
#1167 = DIRECTION ( 'NONE',  ( 1.000000000000000000, 0.000000000000000000, 0.000000000000000000 ) ) ;
#1168 = EDGE_LOOP ( 'NONE', ( #258, #1327, #2469, #1134 ) ) ;
#1169 = AXIS2_PLACEMENT_3D ( 'NONE', #96, #2284, #2516 ) ;
#1170 = AXIS2_PLACEMENT_3D ( 'NONE', #658, #1486, #1728 ) ;
#1171 = ORIENTED_EDGE ( 'NONE', *, *, #2128, .T. ) ;
#1172 = CYLINDRICAL_SURFACE ( 'NONE', #2310, 1.999999999999996669 ) ;
#1173 = CIRCLE ( 'NONE', #1629, 2.000000000000001776 ) ;
#1174 = AXIS2_PLACEMENT_3D ( 'NONE', #2572, #1946, #2173 ) ;
#1175 = CIRCLE ( 'NONE', #2495, 6.999999999999999112 ) ;
#1176 = EDGE_CURVE ( 'NONE', #199, #2802, #852, .T. ) ;
#1177 = ORIENTED_EDGE ( 'NONE', *, *, #2337, .F. ) ;
#1178 = CARTESIAN_POINT ( 'NONE',  ( 82.99999999999998579, 6.000000000000000000, -64.49999999999998579 ) ) ;
#1179 = EDGE_CURVE ( 'NONE', #1718, #2411, #581, .T. ) ;
#1180 = DIRECTION ( 'NONE',  ( -0.000000000000000000, -0.000000000000000000, 1.000000000000000000 ) ) ;
#1181 = CIRCLE ( 'NONE', #1522, 2.000000000000001776 ) ;
#1182 = EDGE_CURVE ( 'NONE', #842, #1559, #2226, .T. ) ;
#1183 = DIRECTION ( 'NONE',  ( 0.000000000000000000, 1.000000000000000000, 0.000000000000000000 ) ) ;
#1184 = ADVANCED_FACE ( 'NONE', ( #828 ), #1286, .F. ) ;
#1185 = AXIS2_PLACEMENT_3D ( 'NONE', #803, #2522, #1626 ) ;
#1186 = VERTEX_POINT ( 'NONE', #386 ) ;
#1187 = CARTESIAN_POINT ( 'NONE',  ( -1.077461759426523482E-14, 91.20000000000001705, 0.000000000000000000 ) ) ;
#1188 = DIRECTION ( 'NONE',  ( -0.000000000000000000, -1.000000000000000000, -0.000000000000000000 ) ) ;
#1189 = ORIENTED_EDGE ( 'NONE', *, *, #882, .F. ) ;
#1190 = PERSON_AND_ORGANIZATION_ROLE ( 'classification_officer' ) ;
#1191 = ORIENTED_EDGE ( 'NONE', *, *, #839, .F. ) ;
#1192 = DIRECTION ( 'NONE',  ( 0.000000000000000000, 0.000000000000000000, 1.000000000000000000 ) ) ;
#1193 = ORIENTED_EDGE ( 'NONE', *, *, #1956, .T. ) ;
#1194 = DIRECTION ( 'NONE',  ( 0.000000000000000000, 0.000000000000000000, 1.000000000000000000 ) ) ;
#1195 = DIRECTION ( 'NONE',  ( -1.000000000000000000, 0.000000000000000000, 0.000000000000000000 ) ) ;
#1196 = DIRECTION ( 'NONE',  ( 0.000000000000000000, 0.000000000000000000, 1.000000000000000000 ) ) ;
#1197 = EDGE_LOOP ( 'NONE', ( #352, #2453, #1148, #1154 ) ) ;
#1198 = EDGE_CURVE ( 'NONE', #1528, #1724, #1345, .T. ) ;
#1199 = LINE ( 'NONE', #2332, #264 ) ;
#1200 = CARTESIAN_POINT ( 'NONE',  ( 165.1000000000000227, 93.90000000000000568, -49.00000000000000000 ) ) ;
#1201 = EDGE_LOOP ( 'NONE', ( #49, #977, #469, #1474 ) ) ;
#1202 = SECURITY_CLASSIFICATION_LEVEL ( 'unclassified' ) ;
#1203 = DIRECTION ( 'NONE',  ( 0.000000000000000000, 0.000000000000000000, -1.000000000000000000 ) ) ;
#1204 = DIRECTION ( 'NONE',  ( 0.000000000000000000, -0.000000000000000000, 1.000000000000000000 ) ) ;
#1205 = VERTEX_POINT ( 'NONE', #1074 ) ;
#1206 = CARTESIAN_POINT ( 'NONE',  ( 117.5999999999999659, 93.90000000000000568, -48.99999999999999289 ) ) ;
#1207 = CIRCLE ( 'NONE', #1429, 2.000000000000001776 ) ;
#1208 = DIRECTION ( 'NONE',  ( 0.000000000000000000, 0.000000000000000000, -1.000000000000000000 ) ) ;
#1209 = CARTESIAN_POINT ( 'NONE',  ( 84.59999999999998010, 91.20000000000001705, -49.00000000000000000 ) ) ;
#1210 = ADVANCED_FACE ( 'NONE', ( #1939 ), #2799, .F. ) ;
#1211 = LINE ( 'NONE', #341, #1132 ) ;
#1212 = CARTESIAN_POINT ( 'NONE',  ( 163.9999999999999716, 6.000000000000000000, 74.15685424949238325 ) ) ;
#1213 = EDGE_CURVE ( 'NONE', #1787, #91, #2695, .T. ) ;
#1214 = PERSON_AND_ORGANIZATION ( #500, #777 ) ;
#1215 = LINE ( 'NONE', #1651, #1394 ) ;
#1216 = DIRECTION ( 'NONE',  ( -0.000000000000000000, 1.000000000000000000, -0.000000000000000000 ) ) ;
#1217 = CIRCLE ( 'NONE', #2529, 3.500000000000016875 ) ;
#1218 = VECTOR ( 'NONE', #1928, 1000.000000000000000 ) ;
#1219 = EDGE_LOOP ( 'NONE', ( #2216, #235, #1761, #2587 ) ) ;
#1220 = ORIENTED_EDGE ( 'NONE', *, *, #795, .F. ) ;
#1221 = VERTEX_POINT ( 'NONE', #93 ) ;
#1222 = DIRECTION ( 'NONE',  ( 1.416100796715761110E-16, 0.000000000000000000, 1.000000000000000000 ) ) ;
#1223 = AXIS2_PLACEMENT_3D ( 'NONE', #2218, #2231, #740 ) ;
#1224 =( GEOMETRIC_REPRESENTATION_CONTEXT ( 3 ) GLOBAL_UNCERTAINTY_ASSIGNED_CONTEXT ( ( #337 ) ) GLOBAL_UNIT_ASSIGNED_CONTEXT ( ( #285, #959, #257 ) ) REPRESENTATION_CONTEXT ( 'NONE', 'WORKASPACE' ) );
#1225 = LINE ( 'NONE', #2055, #1301 ) ;
#1226 = CARTESIAN_POINT ( 'NONE',  ( 99.09999999999993747, 0.000000000000000000, 49.00000000000000711 ) ) ;
#1227 = EDGE_LOOP ( 'NONE', ( #2559, #75, #293, #1031, #1061 ) ) ;
#1228 = DIRECTION ( 'NONE',  ( 0.000000000000000000, -1.000000000000000000, 0.000000000000000000 ) ) ;
#1229 = DIRECTION ( 'NONE',  ( 0.000000000000000000, 0.000000000000000000, -1.000000000000000000 ) ) ;
#1230 = CARTESIAN_POINT ( 'NONE',  ( 114.0999999999999517, 93.90000000000000568, 49.00000000000000711 ) ) ;
#1231 = CARTESIAN_POINT ( 'NONE',  ( -2.516649172247810766E-14, 93.90000000000000568, -68.50000000000000000 ) ) ;
#1232 = VERTEX_POINT ( 'NONE', #1627 ) ;
#1233 = ORIENTED_EDGE ( 'NONE', *, *, #1179, .T. ) ;
#1234 = EDGE_LOOP ( 'NONE', ( #1340, #2451, #1330, #496 ) ) ;
#1235 = EDGE_CURVE ( 'NONE', #1325, #503, #716, .T. ) ;
#1236 = CARTESIAN_POINT ( 'NONE',  ( 174.0000000000000000, 93.90000000000000568, 68.50000000000000000 ) ) ;
#1237 = DIRECTION ( 'NONE',  ( 0.000000000000000000, 1.000000000000000000, 0.000000000000000000 ) ) ;
#1238 = DIRECTION ( 'NONE',  ( -0.000000000000000000, 1.000000000000000000, -0.000000000000000000 ) ) ;
#1239 = CYLINDRICAL_SURFACE ( 'NONE', #27, 3.499999999999989342 ) ;
#1240 = CARTESIAN_POINT ( 'NONE',  ( 0.000000000000000000, 0.000000000000000000, 68.50000000000000000 ) ) ;
#1241 = FACE_OUTER_BOUND ( 'NONE', #609, .T. ) ;
#1242 = ORIENTED_EDGE ( 'NONE', *, *, #2099, .F. ) ;
#1243 = EDGE_CURVE ( 'NONE', #2467, #2124, #56, .T. ) ;
#1244 = ORIENTED_EDGE ( 'NONE', *, *, #2563, .F. ) ;
#1245 = CARTESIAN_POINT ( 'NONE',  ( 0.000000000000000000, 84.60000000000005116, 64.50000000000000000 ) ) ;
#1246 = CARTESIAN_POINT ( 'NONE',  ( 99.09999999999993747, 91.20000000000001705, 0.000000000000000000 ) ) ;
#1247 = EDGE_CURVE ( 'NONE', #1125, #1375, #961, .T. ) ;
#1248 = CARTESIAN_POINT ( 'NONE',  ( 172.5999999999999943, 91.20000000000001705, 49.00000000000001421 ) ) ;
#1249 = DIRECTION ( 'NONE',  ( -0.000000000000000000, -0.000000000000000000, -1.000000000000000000 ) ) ;
#1250 = CARTESIAN_POINT ( 'NONE',  ( 81.09999999999998010, 91.20000000000001705, 0.000000000000000000 ) ) ;
#1251 = FACE_BOUND ( 'NONE', #2615, .T. ) ;
#1252 = ORIENTED_EDGE ( 'NONE', *, *, #99, .T. ) ;
#1253 = VECTOR ( 'NONE', #155, 1000.000000000000000 ) ;
#1254 = VECTOR ( 'NONE', #600, 1000.000000000000000 ) ;
#1255 = EDGE_CURVE ( 'NONE', #1370, #430, #1529, .T. ) ;
#1256 = AXIS2_PLACEMENT_3D ( 'NONE', #125, #1180, #1195 ) ;
#1257 = VECTOR ( 'NONE', #1572, 1000.000000000000000 ) ;
#1258 = MANIFOLD_SOLID_BREP ( 'Cut-Extrude3', #701 ) ;
#1259 = ORIENTED_EDGE ( 'NONE', *, *, #1266, .F. ) ;
#1260 = FACE_BOUND ( 'NONE', #2150, .T. ) ;
#1261 = ADVANCED_FACE ( 'NONE', ( #2601 ), #1172, .F. ) ;
#1262 = LINE ( 'NONE', #410, #2441 ) ;
#1263 = AXIS2_PLACEMENT_3D ( 'NONE', #1599, #2248, #1192 ) ;
#1264 = VECTOR ( 'NONE', #1222, 1000.000000000000000 ) ;
#1265 = AXIS2_PLACEMENT_3D ( 'NONE', #2506, #999, #2720 ) ;
#1266 = EDGE_CURVE ( 'NONE', #837, #2671, #1383, .T. ) ;
#1267 = LINE ( 'NONE', #2131, #211 ) ;
#1268 = EDGE_CURVE ( 'NONE', #2124, #420, #2668, .T. ) ;
#1269 = CARTESIAN_POINT ( 'NONE',  ( 87.00000000000000000, 6.000000000000000000, 64.50000000000000000 ) ) ;
#1270 = ORIENTED_EDGE ( 'NONE', *, *, #1198, .F. ) ;
#1271 = CARTESIAN_POINT ( 'NONE',  ( 150.5999999999999659, 93.90000000000000568, 52.49999999999999289 ) ) ;
#1272 = CYLINDRICAL_SURFACE ( 'NONE', #1174, 3.500000000000003109 ) ;
#1273 = ORIENTED_EDGE ( 'NONE', *, *, #2746, .F. ) ;
#1274 = ORIENTED_EDGE ( 'NONE', *, *, #1883, .T. ) ;
#1275 = DIRECTION ( 'NONE',  ( -0.000000000000000000, 1.000000000000000000, -0.000000000000000000 ) ) ;
#1276 = DIRECTION ( 'NONE',  ( 0.000000000000000000, 0.000000000000000000, 1.000000000000000000 ) ) ;
#1277 = VERTEX_POINT ( 'NONE', #2650 ) ;
#1278 = CARTESIAN_POINT ( 'NONE',  ( 169.0999999999999659, 93.90000000000000568, 49.00000000000001421 ) ) ;
#1279 = CARTESIAN_POINT ( 'NONE',  ( 0.000000000000000000, 0.000000000000000000, 0.000000000000000000 ) ) ;
#1280 = EDGE_CURVE ( 'NONE', #1314, #2061, #1038, .T. ) ;
#1281 = DIRECTION ( 'NONE',  ( -1.000000000000000000, 0.000000000000000000, 0.000000000000000000 ) ) ;
#1282 = FACE_BOUND ( 'NONE', #1866, .T. ) ;
#1283 = EDGE_CURVE ( 'NONE', #1769, #889, #1147, .T. ) ;
#1284 = EDGE_LOOP ( 'NONE', ( #2263, #634 ) ) ;
#1285 = ORIENTED_EDGE ( 'NONE', *, *, #2090, .F. ) ;
#1286 = CYLINDRICAL_SURFACE ( 'NONE', #2573, 2.000000000000001776 ) ;
#1287 = LINE ( 'NONE', #2151, #1450 ) ;
#1288 = FACE_OUTER_BOUND ( 'NONE', #738, .T. ) ;
#1289 = CARTESIAN_POINT ( 'NONE',  ( 6.735557395310441826E-15, 91.20000000000001705, -54.99999999999999289 ) ) ;
#1290 = APPROVAL ( #366, 'UNSPECIFIED' ) ;
#1291 = LINE ( 'NONE', #2155, #2539 ) ;
#1292 = CARTESIAN_POINT ( 'NONE',  ( 159.9999999999999716, 6.000000000000000000, -68.50000000000005684 ) ) ;
#1293 = EDGE_CURVE ( 'NONE', #1515, #1277, #2684, .T. ) ;
#1294 = VERTEX_POINT ( 'NONE', #2465 ) ;
#1295 = ADVANCED_FACE ( 'NONE', ( #1315 ), #1824, .F. ) ;
#1296 = VECTOR ( 'NONE', #195, 1000.000000000000000 ) ;
#1297 = ORIENTED_EDGE ( 'NONE', *, *, #1182, .F. ) ;
#1298 = FACE_BOUND ( 'NONE', #2179, .T. ) ;
#1299 = ORIENTED_EDGE ( 'NONE', *, *, #2425, .F. ) ;
#1300 = CARTESIAN_POINT ( 'NONE',  ( 161.6000000000000227, 0.000000000000000000, 49.00000000000000000 ) ) ;
#1301 = VECTOR ( 'NONE', #1635, 1000.000000000000000 ) ;
#1302 = CIRCLE ( 'NONE', #74, 3.500000000000016875 ) ;
#1303 = ORIENTED_EDGE ( 'NONE', *, *, #2146, .F. ) ;
#1304 = AXIS2_PLACEMENT_3D ( 'NONE', #2511, #1216, #2076 ) ;
#1305 = FACE_OUTER_BOUND ( 'NONE', #2129, .T. ) ;
#1306 = CIRCLE ( 'NONE', #996, 3.499999999999989342 ) ;
#1307 = CARTESIAN_POINT ( 'NONE',  ( 84.99999999999998579, 6.000000000000000000, 64.50000000000000000 ) ) ;
#1308 = CIRCLE ( 'NONE', #584, 3.500000000000003109 ) ;
#1309 = AXIS2_PLACEMENT_3D ( 'NONE', #87, #2199, #2261 ) ;
#1310 = LINE ( 'NONE', #227, #1853 ) ;
#1311 = DIRECTION ( 'NONE',  ( -0.000000000000000000, -1.000000000000000000, -0.000000000000000000 ) ) ;
#1312 = ORIENTED_EDGE ( 'NONE', *, *, #59, .T. ) ;
#1313 = EDGE_CURVE ( 'NONE', #1356, #2336, #1611, .T. ) ;
#1314 = VERTEX_POINT ( 'NONE', #2016 ) ;
#1315 = FACE_OUTER_BOUND ( 'NONE', #681, .T. ) ;
#1316 = FACE_OUTER_BOUND ( 'NONE', #774, .T. ) ;
#1317 = ADVANCED_FACE ( 'NONE', ( #1413 ), #70, .F. ) ;
#1318 = ORIENTED_EDGE ( 'NONE', *, *, #972, .T. ) ;
#1319 = FACE_OUTER_BOUND ( 'NONE', #1948, .T. ) ;
#1320 = LINE ( 'NONE', #651, #1620 ) ;
#1321 = ORIENTED_EDGE ( 'NONE', *, *, #686, .F. ) ;
#1322 = FACE_OUTER_BOUND ( 'NONE', #2734, .T. ) ;
#1323 = DIRECTION ( 'NONE',  ( 0.000000000000000000, 1.000000000000000000, 0.000000000000000000 ) ) ;
#1324 = ORIENTED_EDGE ( 'NONE', *, *, #2090, .T. ) ;
#1325 = VERTEX_POINT ( 'NONE', #526 ) ;
#1326 = EDGE_CURVE ( 'NONE', #1086, #903, #1078, .T. ) ;
#1327 = ORIENTED_EDGE ( 'NONE', *, *, #2478, .T. ) ;
#1328 = CARTESIAN_POINT ( 'NONE',  ( 6.735557395310441826E-15, 0.000000000000000000, -54.99999999999999289 ) ) ;
#1329 = EDGE_CURVE ( 'NONE', #2494, #1314, #2051, .T. ) ;
#1330 = ORIENTED_EDGE ( 'NONE', *, *, #551, .T. ) ;
#1331 = CARTESIAN_POINT ( 'NONE',  ( 0.000000000000000000, 93.90000000000000568, 0.000000000000000000 ) ) ;
#1332 = EDGE_CURVE ( 'NONE', #1583, #598, #2762, .T. ) ;
#1333 = DIRECTION ( 'NONE',  ( -0.000000000000000000, 0.000000000000000000, -1.000000000000000000 ) ) ;
#1334 = ORIENTED_EDGE ( 'NONE', *, *, #2079, .F. ) ;
#1335 = DIRECTION ( 'NONE',  ( -1.000000000000000000, 0.000000000000000000, 0.000000000000000000 ) ) ;
#1336 = CARTESIAN_POINT ( 'NONE',  ( 169.0999999999999943, 91.20000000000001705, 49.00000000000001421 ) ) ;
#1337 = EDGE_LOOP ( 'NONE', ( #2500, #2753, #1751, #2768 ) ) ;
#1338 = ORIENTED_EDGE ( 'NONE', *, *, #2003, .F. ) ;
#1339 = CYLINDRICAL_SURFACE ( 'NONE', #1852, 3.500000000000016875 ) ;
#1340 = ORIENTED_EDGE ( 'NONE', *, *, #249, .T. ) ;
#1341 = CARTESIAN_POINT ( 'NONE',  ( 159.9999999999999716, 6.000000000000000000, -64.49999999999998579 ) ) ;
#1342 = CARTESIAN_POINT ( 'NONE',  ( 154.0999999999999659, 91.20000000000001705, -49.00000000000000000 ) ) ;
#1343 = AXIS2_PLACEMENT_3D ( 'NONE', #610, #858, #183 ) ;
#1344 = VECTOR ( 'NONE', #1678, 1000.000000000000000 ) ;
#1345 = CIRCLE ( 'NONE', #2350, 2.000000000000001776 ) ;
#1346 = VECTOR ( 'NONE', #2487, 1000.000000000000000 ) ;
#1347 = ORIENTED_EDGE ( 'NONE', *, *, #2182, .F. ) ;
#1348 = EDGE_CURVE ( 'NONE', #1356, #1608, #1424, .T. ) ;
#1349 = CARTESIAN_POINT ( 'NONE',  ( 177.0000000000000000, 91.20000000000001705, -57.49999999999999289 ) ) ;
#1350 = FACE_OUTER_BOUND ( 'NONE', #1378, .T. ) ;
#1351 = ORIENTED_EDGE ( 'NONE', *, *, #369, .T. ) ;
#1352 = VECTOR ( 'NONE', #2233, 1000.000000000000000 ) ;
#1353 = DIRECTION ( 'NONE',  ( 0.000000000000000000, 0.000000000000000000, 1.000000000000000000 ) ) ;
#1354 = VECTOR ( 'NONE', #2432, 1000.000000000000000 ) ;
#1355 = LINE ( 'NONE', #274, #2430 ) ;
#1356 = VERTEX_POINT ( 'NONE', #2523 ) ;
#1357 = DIRECTION ( 'NONE',  ( 0.000000000000000000, 0.000000000000000000, 1.000000000000000000 ) ) ;
#1358 = ORIENTED_EDGE ( 'NONE', *, *, #2794, .F. ) ;
#1359 = DIRECTION ( 'NONE',  ( 0.000000000000000000, 0.000000000000000000, 1.000000000000000000 ) ) ;
#1360 = DIRECTION ( 'NONE',  ( 0.000000000000000000, 0.000000000000000000, 1.000000000000000000 ) ) ;
#1361 = APPROVAL_PERSON_ORGANIZATION ( #1422, #1290, #754 ) ;
#1362 = ORIENTED_EDGE ( 'NONE', *, *, #413, .F. ) ;
#1363 = FACE_OUTER_BOUND ( 'NONE', #2513, .T. ) ;
#1364 = DIRECTION ( 'NONE',  ( 0.000000000000000000, 0.000000000000000000, -1.000000000000000000 ) ) ;
#1365 = ORIENTED_EDGE ( 'NONE', *, *, #2273, .T. ) ;
#1366 = ADVANCED_FACE ( 'NONE', ( #1251, #2347, #613, #2119, #835, #177, #2712, #1683, #1046, #986, #1241 ), #349, .F. ) ;
#1367 = DIRECTION ( 'NONE',  ( 0.000000000000000000, 1.000000000000000000, 0.000000000000000000 ) ) ;
#1368 = ORIENTED_EDGE ( 'NONE', *, *, #2359, .T. ) ;
#1369 = DIRECTION ( 'NONE',  ( -0.000000000000000000, 1.000000000000000000, -0.000000000000000000 ) ) ;
#1370 = VERTEX_POINT ( 'NONE', #1850 ) ;
#1371 = CARTESIAN_POINT ( 'NONE',  ( 147.0999999999999943, 0.000000000000000000, -49.00000000000000000 ) ) ;
#1372 = ORIENTED_EDGE ( 'NONE', *, *, #2696, .F. ) ;
#1373 = CARTESIAN_POINT ( 'NONE',  ( 0.000000000000000000, 84.60000000000005116, 64.50000000000000000 ) ) ;
#1374 = LINE ( 'NONE', #2196, #1750 ) ;
#1375 = VERTEX_POINT ( 'NONE', #776 ) ;
#1376 = FACE_OUTER_BOUND ( 'NONE', #2446, .T. ) ;
#1377 = CARTESIAN_POINT ( 'NONE',  ( 174.0000000000000000, 93.90000000000000568, 61.50000000000000711 ) ) ;
#1378 = EDGE_LOOP ( 'NONE', ( #1610, #365, #1577, #1699 ) ) ;
#1379 = ADVANCED_BREP_SHAPE_REPRESENTATION ( 'BoxTop_Default_sldprt', ( #1258, #2087 ), #1224 ) ;
#1380 = DIRECTION ( 'NONE',  ( -0.000000000000000000, -0.000000000000000000, -1.000000000000000000 ) ) ;
#1381 = ORIENTED_EDGE ( 'NONE', *, *, #246, .F. ) ;
#1382 = EDGE_CURVE ( 'NONE', #1205, #2725, #147, .T. ) ;
#1383 = LINE ( 'NONE', #1524, #127 ) ;
#1384 = ADVANCED_FACE ( 'NONE', ( #406 ), #571, .F. ) ;
#1385 = ORIENTED_EDGE ( 'NONE', *, *, #1589, .T. ) ;
#1386 = CARTESIAN_POINT ( 'NONE',  ( 0.000000000000000000, 93.90000000000000568, 64.50000000000000000 ) ) ;
#1387 = PLANE ( 'NONE',  #1169 ) ;
#1388 = CARTESIAN_POINT ( 'NONE',  ( 110.0999999999999801, 0.000000000000000000, 49.00000000000000000 ) ) ;
#1389 = EDGE_LOOP ( 'NONE', ( #314, #2250, #1595, #1151 ) ) ;
#1390 = CARTESIAN_POINT ( 'NONE',  ( 169.0999999999999943, 0.000000000000000000, -49.00000000000001421 ) ) ;
#1391 = AXIS2_PLACEMENT_3D ( 'NONE', #1805, #1127, #1989 ) ;
#1392 = CARTESIAN_POINT ( 'NONE',  ( 0.000000000000000000, 84.20000000000001705, 0.000000000000000000 ) ) ;
#1393 = VERTEX_POINT ( 'NONE', #1231 ) ;
#1394 = VECTOR ( 'NONE', #1438, 1000.000000000000000 ) ;
#1395 = VECTOR ( 'NONE', #1545, 1000.000000000000000 ) ;
#1396 = CARTESIAN_POINT ( 'NONE',  ( 150.5999999999999659, 0.000000000000000000, 49.00000000000000000 ) ) ;
#1397 = CARTESIAN_POINT ( 'NONE',  ( 8.000000000000021316, 6.000000000000000000, -68.50000000000000000 ) ) ;
#1398 = CARTESIAN_POINT ( 'NONE',  ( 99.09999999999993747, 0.000000000000000000, -48.99999999999999289 ) ) ;
#1399 = AXIS2_PLACEMENT_3D ( 'NONE', #1018, #1440, #1893 ) ;
#1400 = VECTOR ( 'NONE', #766, 1000.000000000000000 ) ;
#1401 = AXIS2_PLACEMENT_3D ( 'NONE', #926, #315, #739 ) ;
#1402 = ORIENTED_EDGE ( 'NONE', *, *, #444, .T. ) ;
#1403 = CARTESIAN_POINT ( 'NONE',  ( 88.09999999999998010, 93.90000000000000568, 49.00000000000000711 ) ) ;
#1404 = ADVANCED_FACE ( 'NONE', ( #2092 ), #1641, .F. ) ;
#1405 = CARTESIAN_POINT ( 'NONE',  ( 10.00000000000001776, 6.000000000000000000, 74.15685424949238325 ) ) ;
#1406 = DIRECTION ( 'NONE',  ( 0.000000000000000000, 0.000000000000000000, 1.000000000000000000 ) ) ;
#1407 = ORIENTED_EDGE ( 'NONE', *, *, #1144, .T. ) ;
#1408 = DIRECTION ( 'NONE',  ( 0.000000000000000000, 0.000000000000000000, 1.000000000000000000 ) ) ;
#1409 = CARTESIAN_POINT ( 'NONE',  ( 99.09999999999993747, 91.20000000000001705, -48.99999999999999289 ) ) ;
#1410 = ORIENTED_EDGE ( 'NONE', *, *, #1313, .F. ) ;
#1411 = DATE_AND_TIME ( #2496, #826 ) ;
#1412 = DIRECTION ( 'NONE',  ( 0.000000000000000000, 0.000000000000000000, 1.000000000000000000 ) ) ;
#1413 = FACE_OUTER_BOUND ( 'NONE', #2685, .T. ) ;
#1414 = VERTEX_POINT ( 'NONE', #557 ) ;
#1415 = CARTESIAN_POINT ( 'NONE',  ( 87.00000000000000000, 6.000000000000000000, 74.15685424949238325 ) ) ;
#1416 = FACE_OUTER_BOUND ( 'NONE', #465, .T. ) ;
#1417 = EDGE_CURVE ( 'NONE', #2164, #1447, #135, .T. ) ;
#1418 = LINE ( 'NONE', #2321, #172 ) ;
#1419 = EDGE_CURVE ( 'NONE', #1608, #1553, #78, .T. ) ;
#1420 = CARTESIAN_POINT ( 'NONE',  ( 125.0999999999999659, 93.90000000000000568, -48.99999999999999289 ) ) ;
#1421 = CARTESIAN_POINT ( 'NONE',  ( 154.0999999999999659, 93.90000000000000568, -49.00000000000000000 ) ) ;
#1422 = PERSON_AND_ORGANIZATION ( #500, #777 ) ;
#1423 = DIRECTION ( 'NONE',  ( 1.000000000000000000, 0.000000000000000000, 0.000000000000000000 ) ) ;
#1424 = LINE ( 'NONE', #2749, #485 ) ;
#1425 = ORIENTED_EDGE ( 'NONE', *, *, #1883, .F. ) ;
#1426 = ORIENTED_EDGE ( 'NONE', *, *, #2128, .F. ) ;
#1427 = ORIENTED_EDGE ( 'NONE', *, *, #605, .T. ) ;
#1428 = DIRECTION ( 'NONE',  ( 0.000000000000000000, -0.000000000000000000, 1.000000000000000000 ) ) ;
#1429 = AXIS2_PLACEMENT_3D ( 'NONE', #2002, #1823, #1598 ) ;
#1430 = CARTESIAN_POINT ( 'NONE',  ( 154.0999999999999659, 93.90000000000000568, -49.00000000000000000 ) ) ;
#1431 = CYLINDRICAL_SURFACE ( 'NONE', #1124, 2.000000000000001776 ) ;
#1432 = CARTESIAN_POINT ( 'NONE',  ( 106.5999999999999517, 0.000000000000000000, -49.00000000000000000 ) ) ;
#1433 = PLANE ( 'NONE',  #2021 ) ;
#1434 = ADVANCED_FACE ( 'NONE', ( #2723, #1003 ), #789, .T. ) ;
#1435 = VECTOR ( 'NONE', #415, 1000.000000000000000 ) ;
#1436 = APPLICATION_CONTEXT ( 'configuration controlled 3d designs of mechanical parts and assemblies' ) ;
#1437 = COORDINATED_UNIVERSAL_TIME_OFFSET ( 6, 0, .BEHIND. ) ;
#1438 = DIRECTION ( 'NONE',  ( -0.000000000000000000, 1.000000000000000000, -0.000000000000000000 ) ) ;
#1439 = AXIS2_PLACEMENT_3D ( 'NONE', #213, #2172, #2805 ) ;
#1440 = DIRECTION ( 'NONE',  ( -0.000000000000000000, -1.000000000000000000, -0.000000000000000000 ) ) ;
#1441 = CIRCLE ( 'NONE', #1343, 2.000000000000001776 ) ;
#1442 = VECTOR ( 'NONE', #580, 1000.000000000000000 ) ;
#1443 = CIRCLE ( 'NONE', #2026, 3.500000000000003109 ) ;
#1444 = VERTEX_POINT ( 'NONE', #2335 ) ;
#1445 = VECTOR ( 'NONE', #1695, 1000.000000000000000 ) ;
#1446 = AXIS2_PLACEMENT_3D ( 'NONE', #354, #2686, #978 ) ;
#1447 = VERTEX_POINT ( 'NONE', #804 ) ;
#1448 = DIRECTION ( 'NONE',  ( 0.000000000000000000, 1.000000000000000000, 0.000000000000000000 ) ) ;
#1449 = VECTOR ( 'NONE', #1496, 1000.000000000000000 ) ;
#1450 = VECTOR ( 'NONE', #931, 1000.000000000000000 ) ;
#1451 = FACE_OUTER_BOUND ( 'NONE', #1234, .T. ) ;
#1452 = DIRECTION ( 'NONE',  ( -1.000000000000000000, 0.000000000000000000, 0.000000000000000000 ) ) ;
#1453 = LINE ( 'NONE', #144, #1808 ) ;
#1454 = LINE ( 'NONE', #132, #1344 ) ;
#1455 = ORIENTED_EDGE ( 'NONE', *, *, #760, .F. ) ;
#1456 = CARTESIAN_POINT ( 'NONE',  ( 84.59999999999998010, 0.000000000000000000, 49.00000000000000711 ) ) ;
#1457 = DIRECTION ( 'NONE',  ( 0.000000000000000000, 0.000000000000000000, 1.000000000000000000 ) ) ;
#1458 = EDGE_CURVE ( 'NONE', #655, #1569, #2733, .T. ) ;
#1459 = ORIENTED_EDGE ( 'NONE', *, *, #1280, .T. ) ;
#1460 = EDGE_LOOP ( 'NONE', ( #1618, #343, #720, #2405 ) ) ;
#1461 = CARTESIAN_POINT ( 'NONE',  ( 128.5999999999999375, 91.20000000000001705, -48.99999999999999289 ) ) ;
#1462 = CARTESIAN_POINT ( 'NONE',  ( 8.000000000000021316, 6.000000000000000000, 68.50000000000000000 ) ) ;
#1463 = ORIENTED_EDGE ( 'NONE', *, *, #1469, .F. ) ;
#1464 = DIRECTION ( 'NONE',  ( -0.000000000000000000, 1.000000000000000000, -0.000000000000000000 ) ) ;
#1465 = CARTESIAN_POINT ( 'NONE',  ( 23.06512518934160028, 84.60000000000003695, -64.50000000000000000 ) ) ;
#1466 = ORIENTED_EDGE ( 'NONE', *, *, #492, .T. ) ;
#1467 = CARTESIAN_POINT ( 'NONE',  ( 139.5999999999999375, 0.000000000000000000, 52.49999999999999289 ) ) ;
#1468 = CARTESIAN_POINT ( 'NONE',  ( 139.5999999999999375, 93.90000000000000568, 49.00000000000000000 ) ) ;
#1469 = EDGE_CURVE ( 'NONE', #2187, #2297, #1487, .T. ) ;
#1470 = EDGE_CURVE ( 'NONE', #2138, #1838, #2325, .T. ) ;
#1471 = EDGE_LOOP ( 'NONE', ( #951, #818, #2048, #2190 ) ) ;
#1472 = EDGE_CURVE ( 'NONE', #68, #345, #822, .T. ) ;
#1473 = ADVANCED_FACE ( 'NONE', ( #187 ), #1272, .F. ) ;
#1474 = ORIENTED_EDGE ( 'NONE', *, *, #1684, .T. ) ;
#1475 = CARTESIAN_POINT ( 'NONE',  ( 169.9999999999999716, 0.000000000000000000, -57.50000000000000000 ) ) ;
#1476 = DIRECTION ( 'NONE',  ( 0.000000000000000000, 1.000000000000000000, 0.000000000000000000 ) ) ;
#1477 = DIRECTION ( 'NONE',  ( -1.416100796715760863E-16, 0.000000000000000000, -1.000000000000000000 ) ) ;
#1478 = DIRECTION ( 'NONE',  ( -0.000000000000000000, 0.000000000000000000, -1.000000000000000000 ) ) ;
#1479 = CARTESIAN_POINT ( 'NONE',  ( 173.9999999999999716, 93.90000000000000568, -68.50000000000005684 ) ) ;
#1480 = DIRECTION ( 'NONE',  ( 0.000000000000000000, -0.000000000000000000, -1.000000000000000000 ) ) ;
#1481 = ORIENTED_EDGE ( 'NONE', *, *, #380, .T. ) ;
#1482 = AXIS2_PLACEMENT_3D ( 'NONE', #2011, #281, #66 ) ;
#1483 = AXIS2_PLACEMENT_3D ( 'NONE', #278, #2240, #2185 ) ;
#1484 = EDGE_LOOP ( 'NONE', ( #1016, #2302, #779, #2458 ) ) ;
#1485 = CARTESIAN_POINT ( 'NONE',  ( 150.5999999999999659, 93.90000000000000568, 49.00000000000000000 ) ) ;
#1486 = DIRECTION ( 'NONE',  ( -0.000000000000000000, 1.000000000000000000, -0.000000000000000000 ) ) ;
#1487 = CIRCLE ( 'NONE', #1628, 3.499999999999989342 ) ;
#1488 = AXIS2_PLACEMENT_3D ( 'NONE', #1597, #2463, #2246 ) ;
#1489 = EDGE_CURVE ( 'NONE', #2229, #262, #1744, .T. ) ;
#1490 = ORIENTED_EDGE ( 'NONE', *, *, #1326, .T. ) ;
#1491 = CIRCLE ( 'NONE', #1401, 3.500000000000003109 ) ;
#1492 = DIRECTION ( 'NONE',  ( 0.000000000000000000, 1.000000000000000000, 0.000000000000000000 ) ) ;
#1493 = DIRECTION ( 'NONE',  ( 0.000000000000000000, 0.000000000000000000, -1.000000000000000000 ) ) ;
#1494 = AXIS2_PLACEMENT_3D ( 'NONE', #1456, #378, #788 ) ;
#1495 = FACE_OUTER_BOUND ( 'NONE', #2116, .T. ) ;
#1496 = DIRECTION ( 'NONE',  ( 0.000000000000000000, 0.000000000000000000, -1.000000000000000000 ) ) ;
#1497 = VERTEX_POINT ( 'NONE', #2607 ) ;
#1498 = ORIENTED_EDGE ( 'NONE', *, *, #1956, .F. ) ;
#1499 = EDGE_CURVE ( 'NONE', #1778, #2766, #1056, .T. ) ;
#1500 = DIRECTION ( 'NONE',  ( 0.000000000000000000, -0.000000000000000000, 1.000000000000000000 ) ) ;
#1501 = CARTESIAN_POINT ( 'NONE',  ( 154.0999999999999659, 0.000000000000000000, 49.00000000000000000 ) ) ;
#1502 = ORIENTED_EDGE ( 'NONE', *, *, #2519, .F. ) ;
#1503 = EDGE_CURVE ( 'NONE', #1810, #673, #861, .T. ) ;
#1504 = LINE ( 'NONE', #2369, #1710 ) ;
#1505 = DIRECTION ( 'NONE',  ( -0.000000000000000000, 1.000000000000000000, -0.000000000000000000 ) ) ;
#1506 = EDGE_CURVE ( 'NONE', #801, #412, #1308, .T. ) ;
#1507 = PLANE ( 'NONE',  #2168 ) ;
#1508 = FACE_OUTER_BOUND ( 'NONE', #2202, .T. ) ;
#1509 = ORIENTED_EDGE ( 'NONE', *, *, #1382, .T. ) ;
#1510 = ORIENTED_EDGE ( 'NONE', *, *, #1313, .T. ) ;
#1511 = EDGE_LOOP ( 'NONE', ( #2641, #2152, #306, #1463, #2680 ) ) ;
#1512 = CARTESIAN_POINT ( 'NONE',  ( -1.077461759426523482E-14, 91.20000000000001705, 0.000000000000000000 ) ) ;
#1513 = EDGE_LOOP ( 'NONE', ( #750, #2352, #900, #877 ) ) ;
#1514 = DIRECTION ( 'NONE',  ( -0.000000000000000000, 1.000000000000000000, -0.000000000000000000 ) ) ;
#1515 = VERTEX_POINT ( 'NONE', #875 ) ;
#1516 = DIRECTION ( 'NONE',  ( -0.000000000000000000, 1.000000000000000000, -0.000000000000000000 ) ) ;
#1517 = DIRECTION ( 'NONE',  ( -0.000000000000000000, 1.000000000000000000, -0.000000000000000000 ) ) ;
#1518 = FACE_OUTER_BOUND ( 'NONE', #1116, .T. ) ;
#1519 = CARTESIAN_POINT ( 'NONE',  ( 128.5999999999999375, 93.90000000000000568, -48.99999999999999289 ) ) ;
#1520 = EDGE_CURVE ( 'NONE', #1221, #470, #1085, .T. ) ;
#1521 = ORIENTED_EDGE ( 'NONE', *, *, #2563, .T. ) ;
#1522 = AXIS2_PLACEMENT_3D ( 'NONE', #2292, #1849, #1029 ) ;
#1523 = VERTEX_POINT ( 'NONE', #1734 ) ;
#1524 = CARTESIAN_POINT ( 'NONE',  ( 0.000000000000000000, 0.000000000000000000, 64.50000000000000000 ) ) ;
#1525 = CARTESIAN_POINT ( 'NONE',  ( 22.66056773209296082, 84.46377856353696245, 64.50000000000000000 ) ) ;
#1526 = AXIS2_PLACEMENT_3D ( 'NONE', #624, #1492, #414 ) ;
#1527 = CIRCLE ( 'NONE', #360, 1.999999999999996669 ) ;
#1528 = VERTEX_POINT ( 'NONE', #1292 ) ;
#1529 = CIRCLE ( 'NONE', #1713, 6.999999999999999112 ) ;
#1530 = CARTESIAN_POINT ( 'NONE',  ( 110.0999999999999659, 91.20000000000001705, -1.559126977184052596E-14 ) ) ;
#1531 = AXIS2_PLACEMENT_3D ( 'NONE', #2454, #1779, #291 ) ;
#1532 = LINE ( 'NONE', #225, #1296 ) ;
#1533 = VECTOR ( 'NONE', #2586, 1000.000000000000000 ) ;
#1534 = AXIS2_PLACEMENT_3D ( 'NONE', #1722, #666, #642 ) ;
#1535 = ORIENTED_EDGE ( 'NONE', *, *, #272, .T. ) ;
#1536 = FACE_BOUND ( 'NONE', #1139, .T. ) ;
#1537 = DIRECTION ( 'NONE',  ( 3.066914432666178346E-16, -0.000000000000000000, 1.000000000000000000 ) ) ;
#1538 = ADVANCED_FACE ( 'NONE', ( #1508 ), #667, .F. ) ;
#1539 = ORIENTED_EDGE ( 'NONE', *, *, #1283, .F. ) ;
#1540 = EDGE_CURVE ( 'NONE', #470, #1806, #2373, .T. ) ;
#1541 = EDGE_CURVE ( 'NONE', #2176, #881, #902, .T. ) ;
#1542 = VERTEX_POINT ( 'NONE', #630 ) ;
#1543 = DIRECTION ( 'NONE',  ( -0.000000000000000000, 1.000000000000000000, -0.000000000000000000 ) ) ;
#1544 = VERTEX_POINT ( 'NONE', #2362 ) ;
#1545 = DIRECTION ( 'NONE',  ( -0.000000000000000000, 1.000000000000000000, -0.000000000000000000 ) ) ;
#1546 = DIRECTION ( 'NONE',  ( -0.000000000000000000, 1.000000000000000000, -0.000000000000000000 ) ) ;
#1547 = ORIENTED_EDGE ( 'NONE', *, *, #605, .F. ) ;
#1548 = CARTESIAN_POINT ( 'NONE',  ( -2.516649172247810766E-14, 0.000000000000000000, -68.50000000000000000 ) ) ;
#1549 = CARTESIAN_POINT ( 'NONE',  ( 84.59999999999998010, 93.90000000000000568, 49.00000000000000711 ) ) ;
#1550 = FACE_OUTER_BOUND ( 'NONE', #1898, .T. ) ;
#1551 = EDGE_LOOP ( 'NONE', ( #1803, #372, #242, #2665 ) ) ;
#1552 = ADVANCED_FACE ( 'NONE', ( #1760, #1282, #1723, #2145 ), #1930, .F. ) ;
#1553 = VERTEX_POINT ( 'NONE', #23 ) ;
#1554 = PLANE ( 'NONE',  #719 ) ;
#1555 = EDGE_CURVE ( 'NONE', #1497, #598, #81, .T. ) ;
#1556 = EDGE_LOOP ( 'NONE', ( #913, #1459, #1875, #2354 ) ) ;
#1557 = PLANE ( 'NONE',  #1666 ) ;
#1558 = CARTESIAN_POINT ( 'NONE',  ( 84.99999999999998579, 6.000000000000000000, -64.49999999999998579 ) ) ;
#1559 = VERTEX_POINT ( 'NONE', #2386 ) ;
#1560 = DIRECTION ( 'NONE',  ( -1.000000000000000000, 0.000000000000000000, 0.000000000000000000 ) ) ;
#1561 = CARTESIAN_POINT ( 'NONE',  ( 95.59999999999993747, 93.90000000000000568, 49.00000000000000711 ) ) ;
#1562 = VERTEX_POINT ( 'NONE', #427 ) ;
#1563 = AXIS2_PLACEMENT_3D ( 'NONE', #1397, #2266, #1423 ) ;
#1564 = CARTESIAN_POINT ( 'NONE',  ( 0.000000000000000000, 0.000000000000000000, 0.000000000000000000 ) ) ;
#1565 = VECTOR ( 'NONE', #2036, 1000.000000000000000 ) ;
#1566 = LINE ( 'NONE', #525, #1565 ) ;
#1567 = ORIENTED_EDGE ( 'NONE', *, *, #2212, .T. ) ;
#1568 = CARTESIAN_POINT ( 'NONE',  ( 172.5999999999999943, 0.000000000000000000, 49.00000000000001421 ) ) ;
#1569 = VERTEX_POINT ( 'NONE', #2156 ) ;
#1570 = DIRECTION ( 'NONE',  ( 0.000000000000000000, 0.000000000000000000, 1.000000000000000000 ) ) ;
#1571 = EDGE_CURVE ( 'NONE', #271, #2124, #439, .T. ) ;
#1572 = DIRECTION ( 'NONE',  ( -0.000000000000000000, 1.000000000000000000, -0.000000000000000000 ) ) ;
#1573 = AXIS2_PLACEMENT_3D ( 'NONE', #1248, #2583, #2786 ) ;
#1574 = AXIS2_PLACEMENT_3D ( 'NONE', #927, #1832, #728 ) ;
#1575 = AXIS2_PLACEMENT_3D ( 'NONE', #1950, #810, #191 ) ;
#1576 = VECTOR ( 'NONE', #1902, 1000.000000000000000 ) ;
#1577 = ORIENTED_EDGE ( 'NONE', *, *, #1571, .T. ) ;
#1578 = DIRECTION ( 'NONE',  ( -0.000000000000000000, 1.000000000000000000, -0.000000000000000000 ) ) ;
#1579 = DIRECTION ( 'NONE',  ( 0.000000000000000000, 0.000000000000000000, 1.000000000000000000 ) ) ;
#1580 = ORIENTED_EDGE ( 'NONE', *, *, #116, .T. ) ;
#1581 = AXIS2_PLACEMENT_3D ( 'NONE', #240, #2012, #1167 ) ;
#1582 = AXIS2_PLACEMENT_3D ( 'NONE', #695, #241, #730 ) ;
#1583 = VERTEX_POINT ( 'NONE', #1099 ) ;
#1584 = DIRECTION ( 'NONE',  ( -0.000000000000000000, -0.000000000000000000, -1.000000000000000000 ) ) ;
#1585 = ORIENTED_EDGE ( 'NONE', *, *, #965, .F. ) ;
#1586 = FACE_OUTER_BOUND ( 'NONE', #1168, .T. ) ;
#1587 = ORIENTED_EDGE ( 'NONE', *, *, #1283, .T. ) ;
#1588 = PLANE ( 'NONE',  #1894 ) ;
#1589 = EDGE_CURVE ( 'NONE', #805, #68, #1717, .T. ) ;
#1590 = CARTESIAN_POINT ( 'NONE',  ( 136.0999999999999659, 93.90000000000000568, -49.00000000000000000 ) ) ;
#1591 = EDGE_CURVE ( 'NONE', #1622, #5, #441, .T. ) ;
#1592 = ORIENTED_EDGE ( 'NONE', *, *, #2195, .T. ) ;
#1593 = DIRECTION ( 'NONE',  ( -0.000000000000000000, 1.000000000000000000, -0.000000000000000000 ) ) ;
#1594 = CARTESIAN_POINT ( 'NONE',  ( 132.0999999999999375, 91.20000000000001705, -48.99999999999999289 ) ) ;
#1595 = ORIENTED_EDGE ( 'NONE', *, *, #2252, .F. ) ;
#1596 = EDGE_CURVE ( 'NONE', #1059, #797, #2399, .T. ) ;
#1597 = CARTESIAN_POINT ( 'NONE',  ( 172.6000000000000227, 93.90000000000000568, -48.99999999999998579 ) ) ;
#1598 = DIRECTION ( 'NONE',  ( 1.000000000000000000, 0.000000000000000000, 0.000000000000000000 ) ) ;
#1599 = CARTESIAN_POINT ( 'NONE',  ( 84.59999999999998010, 91.20000000000001705, 49.00000000000000711 ) ) ;
#1600 = ORIENTED_EDGE ( 'NONE', *, *, #1266, .T. ) ;
#1601 = DIRECTION ( 'NONE',  ( 0.000000000000000000, 0.000000000000000000, 1.000000000000000000 ) ) ;
#1602 = ORIENTED_EDGE ( 'NONE', *, *, #1268, .F. ) ;
#1603 = FACE_OUTER_BOUND ( 'NONE', #2102, .T. ) ;
#1604 = FACE_OUTER_BOUND ( 'NONE', #2475, .T. ) ;
#1605 = VERTEX_POINT ( 'NONE', #522 ) ;
#1606 = CYLINDRICAL_SURFACE ( 'NONE', #1986, 2.000000000000001776 ) ;
#1607 = DIRECTION ( 'NONE',  ( -0.000000000000000000, -0.000000000000000000, -1.000000000000000000 ) ) ;
#1608 = VERTEX_POINT ( 'NONE', #1774 ) ;
#1609 = DIRECTION ( 'NONE',  ( -1.000000000000000000, 0.000000000000000000, 0.000000000000000000 ) ) ;
#1610 = ORIENTED_EDGE ( 'NONE', *, *, #967, .F. ) ;
#1611 = LINE ( 'NONE', #320, #1896 ) ;
#1612 = EDGE_CURVE ( 'NONE', #393, #2802, #1807, .T. ) ;
#1613 = ORIENTED_EDGE ( 'NONE', *, *, #20, .T. ) ;
#1614 = DESIGN_CONTEXT ( 'detailed design', #1436, 'design' ) ;
#1615 = DIRECTION ( 'NONE',  ( 0.000000000000000000, 0.000000000000000000, -1.000000000000000000 ) ) ;
#1616 = DIRECTION ( 'NONE',  ( 0.000000000000000000, -0.000000000000000000, -1.000000000000000000 ) ) ;
#1617 = CARTESIAN_POINT ( 'NONE',  ( 81.09999999999998010, 93.90000000000000568, 49.00000000000000711 ) ) ;
#1618 = ORIENTED_EDGE ( 'NONE', *, *, #1007, .F. ) ;
#1619 = PLANE ( 'NONE',  #2353 ) ;
#1620 = VECTOR ( 'NONE', #1478, 1000.000000000000000 ) ;
#1621 = DIRECTION ( 'NONE',  ( 0.000000000000000000, 1.000000000000000000, -0.000000000000000000 ) ) ;
#1622 = VERTEX_POINT ( 'NONE', #1336 ) ;
#1623 = AXIS2_PLACEMENT_3D ( 'NONE', #2272, #2100, #964 ) ;
#1624 = VECTOR ( 'NONE', #2661, 1000.000000000000000 ) ;
#1625 = APPROVAL_STATUS ( 'not_yet_approved' ) ;
#1626 = DIRECTION ( 'NONE',  ( 0.000000000000000000, 0.000000000000000000, -1.000000000000000000 ) ) ;
#1627 = CARTESIAN_POINT ( 'NONE',  ( 165.1000000000000227, 93.90000000000000568, 49.00000000000000000 ) ) ;
#1628 = AXIS2_PLACEMENT_3D ( 'NONE', #1468, #591, #1457 ) ;
#1629 = AXIS2_PLACEMENT_3D ( 'NONE', #263, #2630, #276 ) ;
#1630 = ADVANCED_FACE ( 'NONE', ( #1350 ), #2031, .F. ) ;
#1631 = ADVANCED_FACE ( 'NONE', ( #2636 ), #88, .F. ) ;
#1632 = ORIENTED_EDGE ( 'NONE', *, *, #2236, .T. ) ;
#1633 = PLANE ( 'NONE',  #671 ) ;
#1634 = EDGE_CURVE ( 'NONE', #572, #292, #2200, .T. ) ;
#1635 = DIRECTION ( 'NONE',  ( 0.000000000000000000, 0.000000000000000000, -1.000000000000000000 ) ) ;
#1636 = CARTESIAN_POINT ( 'NONE',  ( 106.5999999999999517, 93.90000000000000568, -49.00000000000000000 ) ) ;
#1637 = DIRECTION ( 'NONE',  ( 0.000000000000000000, 0.000000000000000000, -1.000000000000000000 ) ) ;
#1638 = DIRECTION ( 'NONE',  ( 0.000000000000000000, 0.000000000000000000, 1.000000000000000000 ) ) ;
#1639 = ORIENTED_EDGE ( 'NONE', *, *, #764, .F. ) ;
#1640 = CARTESIAN_POINT ( 'NONE',  ( 158.0999999999999943, 91.20000000000001705, 49.00000000000000000 ) ) ;
#1641 = CYLINDRICAL_SURFACE ( 'NONE', #1304, 3.500000000000016875 ) ;
#1642 = ORIENTED_EDGE ( 'NONE', *, *, #1268, .T. ) ;
#1643 = ORIENTED_EDGE ( 'NONE', *, *, #325, .F. ) ;
#1644 = CARTESIAN_POINT ( 'NONE',  ( 103.0999999999999233, 91.20000000000001705, -1.459999921413948837E-14 ) ) ;
#1645 = CARTESIAN_POINT ( 'NONE',  ( 95.59999999999993747, 91.20000000000001705, 52.50000000000001421 ) ) ;
#1646 = CARTESIAN_POINT ( 'NONE',  ( 139.5999999999999375, 93.90000000000000568, 52.49999999999999289 ) ) ;
#1647 = ADVANCED_FACE ( 'NONE', ( #54 ), #718, .F. ) ;
#1648 = FACE_OUTER_BOUND ( 'NONE', #2775, .T. ) ;
#1649 = LINE ( 'NONE', #1212, #1166 ) ;
#1650 = CALENDAR_DATE ( 2026, 21, 4 ) ;
#1651 = CARTESIAN_POINT ( 'NONE',  ( 23.06512518934160028, 84.20000000000001705, 64.50000000000000000 ) ) ;
#1652 = CARTESIAN_POINT ( 'NONE',  ( 0.000000000000000000, 0.000000000000000000, -2.775557561562891351E-14 ) ) ;
#1653 = VERTEX_POINT ( 'NONE', #467 ) ;
#1654 = ORIENTED_EDGE ( 'NONE', *, *, #674, .F. ) ;
#1655 = CARTESIAN_POINT ( 'NONE',  ( 82.99999999999998579, 6.000000000000000000, 74.15685424949238325 ) ) ;
#1656 = DIRECTION ( 'NONE',  ( 0.000000000000000000, 1.000000000000000000, 0.000000000000000000 ) ) ;
#1657 = DIRECTION ( 'NONE',  ( 0.000000000000000000, 1.000000000000000000, 0.000000000000000000 ) ) ;
#1658 = EDGE_LOOP ( 'NONE', ( #443, #1035, #2752, #207 ) ) ;
#1659 = ADVANCED_FACE ( 'NONE', ( #957 ), #2474, .F. ) ;
#1660 = DIRECTION ( 'NONE',  ( -0.000000000000000000, -1.000000000000000000, -0.000000000000000000 ) ) ;
#1661 = DIRECTION ( 'NONE',  ( 1.000000000000000000, 0.000000000000000000, 2.832201593431521726E-16 ) ) ;
#1662 = CIRCLE ( 'NONE', #2738, 3.500000000000003109 ) ;
#1663 = COORDINATED_UNIVERSAL_TIME_OFFSET ( 6, 0, .BEHIND. ) ;
#1664 = CYLINDRICAL_SURFACE ( 'NONE', #92, 1.999999999999996669 ) ;
#1665 = CARTESIAN_POINT ( 'NONE',  ( 176.1000000000000512, 91.20000000000001705, 4.987507006032911167E-14 ) ) ;
#1666 = AXIS2_PLACEMENT_3D ( 'NONE', #736, #679, #1570 ) ;
#1667 = CIRCLE ( 'NONE', #1076, 3.500000000000016875 ) ;
#1668 = AXIS2_PLACEMENT_3D ( 'NONE', #732, #14, #514 ) ;
#1669 = VECTOR ( 'NONE', #608, 1000.000000000000000 ) ;
#1670 = ORIENTED_EDGE ( 'NONE', *, *, #2410, .F. ) ;
#1671 = AXIS2_PLACEMENT_3D ( 'NONE', #2407, #1959, #10 ) ;
#1672 = AXIS2_PLACEMENT_3D ( 'NONE', #1785, #2473, #497 ) ;
#1673 = VERTEX_POINT ( 'NONE', #2047 ) ;
#1674 = DIRECTION ( 'NONE',  ( 0.000000000000000000, 0.000000000000000000, 1.000000000000000000 ) ) ;
#1675 = DIRECTION ( 'NONE',  ( 0.000000000000000000, 0.000000000000000000, 1.000000000000000000 ) ) ;
#1676 = APPROVAL ( #1625, 'UNSPECIFIED' ) ;
#1677 = DIRECTION ( 'NONE',  ( 0.000000000000000000, 1.000000000000000000, 0.000000000000000000 ) ) ;
#1678 = DIRECTION ( 'NONE',  ( -0.000000000000000000, 1.000000000000000000, -0.000000000000000000 ) ) ;
#1679 = EDGE_CURVE ( 'NONE', #2297, #1314, #2244, .T. ) ;
#1680 = VECTOR ( 'NONE', #1863, 1000.000000000000000 ) ;
#1681 = APPROVAL_STATUS ( 'not_yet_approved' ) ;
#1682 = DIRECTION ( 'NONE',  ( -0.000000000000000000, -0.000000000000000000, -1.000000000000000000 ) ) ;
#1683 = FACE_BOUND ( 'NONE', #2319, .T. ) ;
#1684 = EDGE_CURVE ( 'NONE', #2759, #262, #256, .T. ) ;
#1685 = EDGE_CURVE ( 'NONE', #1884, #1447, #1032, .T. ) ;
#1686 = CC_DESIGN_APPROVAL ( #1290, ( #2503 ) ) ;
#1687 = ORIENTED_EDGE ( 'NONE', *, *, #1742, .T. ) ;
#1688 = ORIENTED_EDGE ( 'NONE', *, *, #1964, .T. ) ;
#1689 = DIRECTION ( 'NONE',  ( -1.000000000000000000, 0.000000000000000000, 0.000000000000000000 ) ) ;
#1690 = CARTESIAN_POINT ( 'NONE',  ( 143.0999999999999375, 0.000000000000000000, 49.00000000000000000 ) ) ;
#1691 = ORIENTED_EDGE ( 'NONE', *, *, #119, .T. ) ;
#1692 = CARTESIAN_POINT ( 'NONE',  ( 84.99999999999998579, 6.000000000000000000, 68.50000000000000000 ) ) ;
#1693 = CARTESIAN_POINT ( 'NONE',  ( 95.59999999999993747, 93.90000000000000568, 52.50000000000001421 ) ) ;
#1694 = DIRECTION ( 'NONE',  ( 0.000000000000000000, 0.000000000000000000, 1.000000000000000000 ) ) ;
#1695 = DIRECTION ( 'NONE',  ( -0.000000000000000000, 1.000000000000000000, -0.000000000000000000 ) ) ;
#1696 = ORIENTED_EDGE ( 'NONE', *, *, #918, .F. ) ;
#1697 = ORIENTED_EDGE ( 'NONE', *, *, #77, .T. ) ;
#1698 = EDGE_CURVE ( 'NONE', #889, #1006, #1795, .T. ) ;
#1699 = ORIENTED_EDGE ( 'NONE', *, *, #1937, .T. ) ;
#1700 = FACE_BOUND ( 'NONE', #725, .T. ) ;
#1701 = CARTESIAN_POINT ( 'NONE',  ( 174.0000000000000000, 93.90000000000000568, 68.50000000000000000 ) ) ;
#1702 = DIRECTION ( 'NONE',  ( 0.000000000000000000, 0.000000000000000000, 1.000000000000000000 ) ) ;
#1703 = DIRECTION ( 'NONE',  ( -0.000000000000000000, 1.000000000000000000, -0.000000000000000000 ) ) ;
#1704 = CARTESIAN_POINT ( 'NONE',  ( 0.000000000000000000, 91.20000000000001705, -64.50000000000000000 ) ) ;
#1705 = DIRECTION ( 'NONE',  ( -0.000000000000000000, 1.000000000000000000, -0.000000000000000000 ) ) ;
#1706 = EDGE_CURVE ( 'NONE', #491, #2138, #970, .T. ) ;
#1707 = VECTOR ( 'NONE', #146, 1000.000000000000000 ) ;
#1708 = ORIENTED_EDGE ( 'NONE', *, *, #20, .F. ) ;
#1709 = APPROVAL ( #1681, 'UNSPECIFIED' ) ;
#1710 = VECTOR ( 'NONE', #1052, 1000.000000000000000 ) ;
#1711 = CIRCLE ( 'NONE', #482, 64.50000000000000000 ) ;
#1712 = EDGE_CURVE ( 'NONE', #1375, #1068, #2345, .T. ) ;
#1713 = AXIS2_PLACEMENT_3D ( 'NONE', #1102, #878, #1790 ) ;
#1714 = EDGE_LOOP ( 'NONE', ( #1938, #888, #871, #1933, #2540, #1259, #148, #2089 ) ) ;
#1715 = DIRECTION ( 'NONE',  ( 0.000000000000000000, 1.000000000000000000, 0.000000000000000000 ) ) ;
#1716 = LINE ( 'NONE', #1093, #2705 ) ;
#1717 = CIRCLE ( 'NONE', #1671, 3.499999999999989342 ) ;
#1718 = VERTEX_POINT ( 'NONE', #2460 ) ;
#1719 = VECTOR ( 'NONE', #1988, 1000.000000000000000 ) ;
#1720 = CARTESIAN_POINT ( 'NONE',  ( 117.5999999999999659, 0.000000000000000000, 49.00000000000000711 ) ) ;
#1721 = FACE_OUTER_BOUND ( 'NONE', #1513, .T. ) ;
#1722 = CARTESIAN_POINT ( 'NONE',  ( 106.5999999999999517, 0.000000000000000000, 49.00000000000000000 ) ) ;
#1723 = FACE_BOUND ( 'NONE', #753, .T. ) ;
#1724 = VERTEX_POINT ( 'NONE', #67 ) ;
#1725 = VERTEX_POINT ( 'NONE', #939 ) ;
#1726 = ORIENTED_EDGE ( 'NONE', *, *, #1953, .T. ) ;
#1727 = CARTESIAN_POINT ( 'NONE',  ( 0.000000000000000000, 0.000000000000000000, 0.000000000000000000 ) ) ;
#1728 = DIRECTION ( 'NONE',  ( 0.000000000000000000, 0.000000000000000000, 1.000000000000000000 ) ) ;
#1729 = ORIENTED_EDGE ( 'NONE', *, *, #972, .F. ) ;
#1730 = CYLINDRICAL_SURFACE ( 'NONE', #2703, 3.500000000000016875 ) ;
#1731 = EDGE_CURVE ( 'NONE', #1073, #2164, #1662, .T. ) ;
#1732 = LINE ( 'NONE', #2595, #1121 ) ;
#1733 = DIRECTION ( 'NONE',  ( -0.000000000000000000, 1.000000000000000000, -0.000000000000000000 ) ) ;
#1734 = CARTESIAN_POINT ( 'NONE',  ( 173.9999999999999716, 0.000000000000000000, -68.50000000000005684 ) ) ;
#1735 = EDGE_LOOP ( 'NONE', ( #1613, #1697 ) ) ;
#1736 = VERTEX_POINT ( 'NONE', #479 ) ;
#1737 = CARTESIAN_POINT ( 'NONE',  ( 2.405560562770789002, 84.60000000000005116, -64.50000000000000000 ) ) ;
#1738 = CARTESIAN_POINT ( 'NONE',  ( 6.000000000000023981, 6.000000000000000000, -68.50000000000000000 ) ) ;
#1739 = ORIENTED_EDGE ( 'NONE', *, *, #169, .F. ) ;
#1740 = CARTESIAN_POINT ( 'NONE',  ( 176.1000000000000512, 93.90000000000000568, -48.99999999999998579 ) ) ;
#1741 = CARTESIAN_POINT ( 'NONE',  ( 0.000000000000000000, 84.60000000000005116, 0.000000000000000000 ) ) ;
#1742 = EDGE_CURVE ( 'NONE', #154, #1562, #2301, .T. ) ;
#1743 = CARTESIAN_POINT ( 'NONE',  ( 95.59999999999993747, 0.000000000000000000, 52.50000000000001421 ) ) ;
#1744 = LINE ( 'NONE', #1067, #2538 ) ;
#1745 = EDGE_LOOP ( 'NONE', ( #1244, #1975, #364, #1159, #1299 ) ) ;
#1746 = VERTEX_POINT ( 'NONE', #1594 ) ;
#1747 = ORIENTED_EDGE ( 'NONE', *, *, #1612, .T. ) ;
#1748 = DIRECTION ( 'NONE',  ( -0.000000000000000000, -0.000000000000000000, -1.000000000000000000 ) ) ;
#1749 = AXIS2_PLACEMENT_3D ( 'NONE', #997, #2067, #2320 ) ;
#1750 = VECTOR ( 'NONE', #1163, 1000.000000000000000 ) ;
#1751 = ORIENTED_EDGE ( 'NONE', *, *, #742, .T. ) ;
#1752 = AXIS2_PLACEMENT_3D ( 'NONE', #1512, #2565, #1500 ) ;
#1753 = CARTESIAN_POINT ( 'NONE',  ( 88.09999999999998010, 91.20000000000001705, -49.00000000000000000 ) ) ;
#1754 = VECTOR ( 'NONE', #233, 1000.000000000000000 ) ;
#1755 = FACE_OUTER_BOUND ( 'NONE', #1133, .T. ) ;
#1756 = AXIS2_PLACEMENT_3D ( 'NONE', #41, #693, #1560 ) ;
#1757 = ADVANCED_FACE ( 'NONE', ( #298 ), #510, .T. ) ;
#1758 = EDGE_LOOP ( 'NONE', ( #2237, #983, #1455, #2409 ) ) ;
#1759 = FACE_BOUND ( 'NONE', #351, .T. ) ;
#1760 = FACE_BOUND ( 'NONE', #1735, .T. ) ;
#1761 = ORIENTED_EDGE ( 'NONE', *, *, #1071, .T. ) ;
#1762 = EDGE_CURVE ( 'NONE', #1294, #271, #356, .T. ) ;
#1763 = LINE ( 'NONE', #28, #33 ) ;
#1764 = ORIENTED_EDGE ( 'NONE', *, *, #1419, .T. ) ;
#1765 = EDGE_CURVE ( 'NONE', #115, #2759, #376, .T. ) ;
#1766 = ADVANCED_FACE ( 'NONE', ( #567 ), #2493, .F. ) ;
#1767 = ORIENTED_EDGE ( 'NONE', *, *, #2717, .F. ) ;
#1768 = LINE ( 'NONE', #244, #1754 ) ;
#1769 = VERTEX_POINT ( 'NONE', #1465 ) ;
#1770 = CARTESIAN_POINT ( 'NONE',  ( 128.5999999999999375, 91.20000000000001705, 49.00000000000000711 ) ) ;
#1771 = DIRECTION ( 'NONE',  ( 0.000000000000000000, 0.000000000000000000, 1.000000000000000000 ) ) ;
#1772 = ORIENTED_EDGE ( 'NONE', *, *, #7, .F. ) ;
#1773 = CARTESIAN_POINT ( 'NONE',  ( 103.0999999999999375, 0.000000000000000000, 49.00000000000000000 ) ) ;
#1774 = CARTESIAN_POINT ( 'NONE',  ( 177.0000000000000000, 91.20000000000001705, 57.50000000000000000 ) ) ;
#1775 = CARTESIAN_POINT ( 'NONE',  ( 121.0999999999999801, 93.90000000000000568, -48.99999999999999289 ) ) ;
#1776 = ORIENTED_EDGE ( 'NONE', *, *, #702, .T. ) ;
#1777 = ADVANCED_FACE ( 'NONE', ( #1904 ), #553, .F. ) ;
#1778 = VERTEX_POINT ( 'NONE', #541 ) ;
#1779 = DIRECTION ( 'NONE',  ( 1.000000000000000000, 0.000000000000000000, -0.000000000000000000 ) ) ;
#1780 = ADVANCED_FACE ( 'NONE', ( #156 ), #174, .F. ) ;
#1781 = ORIENTED_EDGE ( 'NONE', *, *, #2220, .T. ) ;
#1782 = DIRECTION ( 'NONE',  ( -1.000000000000000000, 0.000000000000000000, 3.066914432666178346E-16 ) ) ;
#1783 = DIRECTION ( 'NONE',  ( 1.000000000000000000, 0.000000000000000000, 0.000000000000000000 ) ) ;
#1784 = ORIENTED_EDGE ( 'NONE', *, *, #1054, .T. ) ;
#1785 = CARTESIAN_POINT ( 'NONE',  ( 81.09999999999998010, 0.000000000000000000, 49.00000000000000711 ) ) ;
#1786 = CARTESIAN_POINT ( 'NONE',  ( 147.0999999999999943, 93.90000000000000568, -49.00000000000000000 ) ) ;
#1787 = VERTEX_POINT ( 'NONE', #1409 ) ;
#1788 = CARTESIAN_POINT ( 'NONE',  ( 159.9999999999999716, 6.000000000000000000, 74.15685424949238325 ) ) ;
#1789 = ORIENTED_EDGE ( 'NONE', *, *, #548, .T. ) ;
#1790 = DIRECTION ( 'NONE',  ( 0.000000000000000000, 0.000000000000000000, 1.000000000000000000 ) ) ;
#1791 = ORIENTED_EDGE ( 'NONE', *, *, #529, .F. ) ;
#1792 = FACE_OUTER_BOUND ( 'NONE', #1833, .T. ) ;
#1793 = ADVANCED_FACE ( 'NONE', ( #2278 ), #1433, .F. ) ;
#1794 = ORIENTED_EDGE ( 'NONE', *, *, #2303, .F. ) ;
#1795 = CIRCLE ( 'NONE', #1574, 68.09999999999996589 ) ;
#1796 = AXIS2_PLACEMENT_3D ( 'NONE', #602, #556, #348 ) ;
#1797 = DIRECTION ( 'NONE',  ( 0.000000000000000000, 1.000000000000000000, -0.000000000000000000 ) ) ;
#1798 = CARTESIAN_POINT ( 'NONE',  ( 6.000000000000023981, 6.000000000000000000, 74.15685424949238325 ) ) ;
#1799 = VECTOR ( 'NONE', #2402, 1000.000000000000000 ) ;
#1800 = CIRCLE ( 'NONE', #2207, 3.499999999999989342 ) ;
#1801 = AXIS2_PLACEMENT_3D ( 'NONE', #2165, #2139, #2378 ) ;
#1802 = AXIS2_PLACEMENT_3D ( 'NONE', #48, #1146, #1357 ) ;
#1803 = ORIENTED_EDGE ( 'NONE', *, *, #2797, .F. ) ;
#1804 = CARTESIAN_POINT ( 'NONE',  ( 165.1000000000000227, 91.20000000000001705, -49.00000000000000000 ) ) ;
#1805 = CARTESIAN_POINT ( 'NONE',  ( 139.5999999999999375, 91.20000000000001705, 49.00000000000000000 ) ) ;
#1806 = VERTEX_POINT ( 'NONE', #1200 ) ;
#1807 = CIRCLE ( 'NONE', #947, 68.50000000000000000 ) ;
#1808 = VECTOR ( 'NONE', #599, 1000.000000000000000 ) ;
#1809 = DIRECTION ( 'NONE',  ( -0.000000000000000000, 1.000000000000000000, -0.000000000000000000 ) ) ;
#1810 = VERTEX_POINT ( 'NONE', #145 ) ;
#1811 = DIRECTION ( 'NONE',  ( 0.000000000000000000, 1.000000000000000000, 0.000000000000000000 ) ) ;
#1812 = ORIENTED_EDGE ( 'NONE', *, *, #2062, .T. ) ;
#1813 = FACE_OUTER_BOUND ( 'NONE', #2282, .T. ) ;
#1814 = ORIENTED_EDGE ( 'NONE', *, *, #1685, .F. ) ;
#1815 = FACE_OUTER_BOUND ( 'NONE', #2208, .T. ) ;
#1816 = DIRECTION ( 'NONE',  ( 1.000000000000000000, 0.000000000000000000, 0.000000000000000000 ) ) ;
#1817 = VERTEX_POINT ( 'NONE', #1874 ) ;
#1818 = ADVANCED_FACE ( 'NONE', ( #2743 ), #2060, .F. ) ;
#1819 = CARTESIAN_POINT ( 'NONE',  ( 0.000000000000000000, 91.20000000000001705, 0.000000000000000000 ) ) ;
#1820 = CARTESIAN_POINT ( 'NONE',  ( 128.5999999999999375, 0.000000000000000000, -48.99999999999999289 ) ) ;
#1821 = EDGE_LOOP ( 'NONE', ( #505, #1347, #2245, #1791 ) ) ;
#1822 = CARTESIAN_POINT ( 'NONE',  ( 8.000000000000021316, 6.000000000000000000, 74.15685424949238325 ) ) ;
#1823 = DIRECTION ( 'NONE',  ( 0.000000000000000000, 0.000000000000000000, 1.000000000000000000 ) ) ;
#1824 = CYLINDRICAL_SURFACE ( 'NONE', #1129, 3.500000000000003109 ) ;
#1825 = ORIENTED_EDGE ( 'NONE', *, *, #397, .F. ) ;
#1826 = LINE ( 'NONE', #1403, #130 ) ;
#1827 = DIRECTION ( 'NONE',  ( -0.000000000000000000, 1.000000000000000000, -0.000000000000000000 ) ) ;
#1828 = FACE_OUTER_BOUND ( 'NONE', #193, .T. ) ;
#1829 = CC_DESIGN_PERSON_AND_ORGANIZATION_ASSIGNMENT ( #2265, #347, ( #2503 ) ) ;
#1830 = ORIENTED_EDGE ( 'NONE', *, *, #2212, .F. ) ;
#1831 = DIRECTION ( 'NONE',  ( 0.000000000000000000, 0.000000000000000000, 1.000000000000000000 ) ) ;
#1832 = DIRECTION ( 'NONE',  ( 0.000000000000000000, -1.000000000000000000, 0.000000000000000000 ) ) ;
#1833 = EDGE_LOOP ( 'NONE', ( #930, #856, #2080, #2289 ) ) ;
#1834 = ADVANCED_FACE ( 'NONE', ( #1845 ), #773, .F. ) ;
#1835 = VERTEX_POINT ( 'NONE', #342 ) ;
#1836 = DIRECTION ( 'NONE',  ( -0.000000000000000000, 1.000000000000000000, -0.000000000000000000 ) ) ;
#1837 = EDGE_CURVE ( 'NONE', #1838, #572, #575, .T. ) ;
#1838 = VERTEX_POINT ( 'NONE', #1421 ) ;
#1839 = LINE ( 'NONE', #2698, #1264 ) ;
#1840 = LINE ( 'NONE', #2687, #663 ) ;
#1841 = DIRECTION ( 'NONE',  ( 0.000000000000000000, 1.000000000000000000, 0.000000000000000000 ) ) ;
#1842 = AXIS2_PLACEMENT_3D ( 'NONE', #2385, #2571, #2790 ) ;
#1843 = CARTESIAN_POINT ( 'NONE',  ( 174.0000000000000000, 0.000000000000000000, 61.50000000000000711 ) ) ;
#1844 = AXIS2_PLACEMENT_3D ( 'NONE', #270, #2262, #316 ) ;
#1845 = FACE_OUTER_BOUND ( 'NONE', #2109, .T. ) ;
#1846 = ORIENTED_EDGE ( 'NONE', *, *, #726, .F. ) ;
#1847 = CIRCLE ( 'NONE', #2612, 3.500000000000003109 ) ;
#1848 = DATE_AND_TIME ( #820, #2134 ) ;
#1849 = DIRECTION ( 'NONE',  ( 0.000000000000000000, 0.000000000000000000, -1.000000000000000000 ) ) ;
#1850 = CARTESIAN_POINT ( 'NONE',  ( 169.9999999999999716, 91.20000000000001705, -64.50000000000000000 ) ) ;
#1851 = AXIS2_PLACEMENT_3D ( 'NONE', #2330, #1715, #2149 ) ;
#1852 = AXIS2_PLACEMENT_3D ( 'NONE', #1568, #2018, #76 ) ;
#1853 = VECTOR ( 'NONE', #186, 1000.000000000000000 ) ;
#1854 = ORIENTED_EDGE ( 'NONE', *, *, #284, .F. ) ;
#1855 = ADVANCED_FACE ( 'NONE', ( #2721 ), #1239, .F. ) ;
#1856 = CARTESIAN_POINT ( 'NONE',  ( 106.5999999999999517, 91.20000000000001705, 52.50000000000002132 ) ) ;
#1857 = CYLINDRICAL_SURFACE ( 'NONE', #2304, 68.50000000000000000 ) ;
#1858 = DIRECTION ( 'NONE',  ( 0.000000000000000000, 0.000000000000000000, 1.000000000000000000 ) ) ;
#1859 = CARTESIAN_POINT ( 'NONE',  ( 181.0000000000000000, 93.90000000000000568, 68.50000000000000000 ) ) ;
#1860 = CARTESIAN_POINT ( 'NONE',  ( 169.9999999999999716, 93.90000000000000568, 57.50000000000000000 ) ) ;
#1861 = ORIENTED_EDGE ( 'NONE', *, *, #1417, .F. ) ;
#1862 = PERSON_AND_ORGANIZATION ( #500, #777 ) ;
#1863 = DIRECTION ( 'NONE',  ( -0.000000000000000000, 1.000000000000000000, -0.000000000000000000 ) ) ;
#1864 = DIRECTION ( 'NONE',  ( -0.000000000000000000, 1.000000000000000000, -0.000000000000000000 ) ) ;
#1865 = ORIENTED_EDGE ( 'NONE', *, *, #2042, .T. ) ;
#1866 = EDGE_LOOP ( 'NONE', ( #1919, #2618 ) ) ;
#1867 = VERTEX_POINT ( 'NONE', #785 ) ;
#1868 = LINE ( 'NONE', #2726, #216 ) ;
#1869 = EDGE_CURVE ( 'NONE', #1414, #2290, #1649, .T. ) ;
#1870 = FACE_OUTER_BOUND ( 'NONE', #1019, .T. ) ;
#1871 = FACE_OUTER_BOUND ( 'NONE', #1337, .T. ) ;
#1872 = EDGE_CURVE ( 'NONE', #161, #513, #1454, .T. ) ;
#1873 = DIRECTION ( 'NONE',  ( 0.000000000000000000, 0.000000000000000000, 1.000000000000000000 ) ) ;
#1874 = CARTESIAN_POINT ( 'NONE',  ( 87.00000000000000000, 6.000000000000000000, -68.50000000000002842 ) ) ;
#1875 = ORIENTED_EDGE ( 'NONE', *, *, #474, .F. ) ;
#1876 = CALENDAR_DATE ( 2026, 21, 4 ) ;
#1877 = FACE_OUTER_BOUND ( 'NONE', #907, .T. ) ;
#1878 = DIRECTION ( 'NONE',  ( 0.000000000000000000, -0.000000000000000000, -1.000000000000000000 ) ) ;
#1879 = ORIENTED_EDGE ( 'NONE', *, *, #2778, .T. ) ;
#1880 = ORIENTED_EDGE ( 'NONE', *, *, #1953, .F. ) ;
#1881 = VERTEX_POINT ( 'NONE', #2545 ) ;
#1882 = ORIENTED_EDGE ( 'NONE', *, *, #2764, .T. ) ;
#1883 = EDGE_CURVE ( 'NONE', #1867, #2508, #2158, .T. ) ;
#1884 = VERTEX_POINT ( 'NONE', #1693 ) ;
#1885 = CARTESIAN_POINT ( 'NONE',  ( 110.0999999999999659, 93.90000000000000568, -49.00000000000000000 ) ) ;
#1886 = ADVANCED_FACE ( 'NONE', ( #2132 ), #450, .F. ) ;
#1887 = CARTESIAN_POINT ( 'NONE',  ( 163.9999999999999716, 6.000000000000000000, 64.50000000000000000 ) ) ;
#1888 = ADVANCED_FACE ( 'NONE', ( #1721 ), #2186, .F. ) ;
#1889 = DIRECTION ( 'NONE',  ( -0.000000000000000000, 1.000000000000000000, -0.000000000000000000 ) ) ;
#1890 = CARTESIAN_POINT ( 'NONE',  ( 158.1000000000000227, 0.000000000000000000, 49.00000000000000000 ) ) ;
#1891 = AXIS2_PLACEMENT_3D ( 'NONE', #1141, #2000, #1579 ) ;
#1892 = DIRECTION ( 'NONE',  ( 0.000000000000000000, 1.000000000000000000, -0.000000000000000000 ) ) ;
#1893 = DIRECTION ( 'NONE',  ( 0.000000000000000000, 0.000000000000000000, 1.000000000000000000 ) ) ;
#1894 = AXIS2_PLACEMENT_3D ( 'NONE', #2456, #506, #294 ) ;
#1895 = CIRCLE ( 'NONE', #899, 3.500000000000016875 ) ;
#1896 = VECTOR ( 'NONE', #976, 1000.000000000000000 ) ;
#1897 = AXIS2_PLACEMENT_3D ( 'NONE', #2127, #1476, #1051 ) ;
#1898 = EDGE_LOOP ( 'NONE', ( #1, #2329, #1708, #201 ) ) ;
#1899 = CIRCLE ( 'NONE', #1265, 2.000000000000001776 ) ;
#1900 = ORIENTED_EDGE ( 'NONE', *, *, #1118, .F. ) ;
#1901 = DIRECTION ( 'NONE',  ( 0.000000000000000000, 0.000000000000000000, 1.000000000000000000 ) ) ;
#1902 = DIRECTION ( 'NONE',  ( -0.000000000000000000, 1.000000000000000000, -0.000000000000000000 ) ) ;
#1903 = DIRECTION ( 'NONE',  ( 0.000000000000000000, 0.000000000000000000, 1.000000000000000000 ) ) ;
#1904 = FACE_OUTER_BOUND ( 'NONE', #656, .T. ) ;
#1905 = EDGE_CURVE ( 'NONE', #412, #1994, #528, .T. ) ;
#1906 = DIRECTION ( 'NONE',  ( 0.000000000000000000, 1.000000000000000000, 0.000000000000000000 ) ) ;
#1907 = DIRECTION ( 'NONE',  ( 0.000000000000000000, -1.000000000000000000, 0.000000000000000000 ) ) ;
#1908 = CC_DESIGN_APPROVAL ( #1709, ( #698 ) ) ;
#1909 = EDGE_CURVE ( 'NONE', #470, #1778, #1072, .T. ) ;
#1910 = ORIENTED_EDGE ( 'NONE', *, *, #1122, .T. ) ;
#1911 = ORIENTED_EDGE ( 'NONE', *, *, #932, .F. ) ;
#1912 = CARTESIAN_POINT ( 'NONE',  ( 161.9999999999999716, 6.000000000000000000, 74.15685424949238325 ) ) ;
#1913 = CYLINDRICAL_SURFACE ( 'NONE', #1170, 3.500000000000003109 ) ;
#1914 = CARTESIAN_POINT ( 'NONE',  ( 169.0999999999999943, 93.90000000000000568, -49.00000000000001421 ) ) ;
#1915 = CARTESIAN_POINT ( 'NONE',  ( 161.6000000000000227, 91.20000000000001705, -49.00000000000000000 ) ) ;
#1916 = CARTESIAN_POINT ( 'NONE',  ( 147.0999999999999659, 93.90000000000000568, 49.00000000000000000 ) ) ;
#1917 = DIRECTION ( 'NONE',  ( 0.000000000000000000, -1.000000000000000000, 0.000000000000000000 ) ) ;
#1918 = EDGE_CURVE ( 'NONE', #2411, #1497, #1532, .T. ) ;
#1919 = ORIENTED_EDGE ( 'NONE', *, *, #1198, .T. ) ;
#1920 = EDGE_CURVE ( 'NONE', #1583, #618, #403, .T. ) ;
#1921 = EDGE_LOOP ( 'NONE', ( #231, #286, #62, #2015, #1164 ) ) ;
#1922 = DIRECTION ( 'NONE',  ( 0.000000000000000000, 0.000000000000000000, 1.000000000000000000 ) ) ;
#1923 = DIRECTION ( 'NONE',  ( 0.000000000000000000, 1.000000000000000000, 0.000000000000000000 ) ) ;
#1924 = CIRCLE ( 'NONE', #2642, 3.500000000000016875 ) ;
#1925 = VERTEX_POINT ( 'NONE', #2403 ) ;
#1926 = CIRCLE ( 'NONE', #848, 1.999999999999996669 ) ;
#1927 = CARTESIAN_POINT ( 'NONE',  ( 117.5999999999999659, 0.000000000000000000, 49.00000000000000711 ) ) ;
#1928 = DIRECTION ( 'NONE',  ( -0.000000000000000000, 1.000000000000000000, -0.000000000000000000 ) ) ;
#1929 = CYLINDRICAL_SURFACE ( 'NONE', #1439, 64.50000000000000000 ) ;
#1930 = PLANE ( 'NONE',  #814 ) ;
#1931 = ORIENTED_EDGE ( 'NONE', *, *, #918, .T. ) ;
#1932 = AXIS2_PLACEMENT_3D ( 'NONE', #1377, #1027, #1229 ) ;
#1933 = ORIENTED_EDGE ( 'NONE', *, *, #1057, .T. ) ;
#1934 = AXIS2_PLACEMENT_3D ( 'NONE', #1015, #389, #1043 ) ;
#1935 = CIRCLE ( 'NONE', #1575, 3.499999999999989342 ) ;
#1936 = CIRCLE ( 'NONE', #31, 2.000000000000001776 ) ;
#1937 = EDGE_CURVE ( 'NONE', #2124, #842, #1711, .T. ) ;
#1938 = ORIENTED_EDGE ( 'NONE', *, *, #551, .F. ) ;
#1939 = FACE_OUTER_BOUND ( 'NONE', #893, .T. ) ;
#1940 = DIRECTION ( 'NONE',  ( 0.000000000000000000, 0.000000000000000000, -1.000000000000000000 ) ) ;
#1941 = AXIS2_PLACEMENT_3D ( 'NONE', #498, #1188, #1364 ) ;
#1942 = EDGE_LOOP ( 'NONE', ( #2525, #12, #2357, #925 ) ) ;
#1943 = CYLINDRICAL_SURFACE ( 'NONE', #988, 3.500000000000016875 ) ;
#1944 = DIRECTION ( 'NONE',  ( 0.000000000000000000, 0.000000000000000000, 1.000000000000000000 ) ) ;
#1945 = DIRECTION ( 'NONE',  ( -0.000000000000000000, -0.000000000000000000, -1.000000000000000000 ) ) ;
#1946 = DIRECTION ( 'NONE',  ( -0.000000000000000000, 1.000000000000000000, -0.000000000000000000 ) ) ;
#1947 = ORIENTED_EDGE ( 'NONE', *, *, #346, .T. ) ;
#1948 = EDGE_LOOP ( 'NONE', ( #2667, #1521, #1696, #542 ) ) ;
#1949 = VERTEX_POINT ( 'NONE', #237 ) ;
#1950 = CARTESIAN_POINT ( 'NONE',  ( 128.5999999999999375, 91.20000000000001705, 49.00000000000000711 ) ) ;
#1951 = ORIENTED_EDGE ( 'NONE', *, *, #477, .T. ) ;
#1952 = CARTESIAN_POINT ( 'NONE',  ( 181.0000000000000000, 93.90000000000000568, 68.50000000000000000 ) ) ;
#1953 = EDGE_CURVE ( 'NONE', #2, #1746, #1320, .T. ) ;
#1954 = VERTEX_POINT ( 'NONE', #1269 ) ;
#1955 = LINE ( 'NONE', #1530, #2264 ) ;
#1956 = EDGE_CURVE ( 'NONE', #1954, #763, #897, .T. ) ;
#1957 = DIRECTION ( 'NONE',  ( 2.832201593431521726E-16, -0.000000000000000000, -1.000000000000000000 ) ) ;
#1958 = DIRECTION ( 'NONE',  ( 1.000000000000000000, 0.000000000000000000, 0.000000000000000000 ) ) ;
#1959 = DIRECTION ( 'NONE',  ( 0.000000000000000000, 1.000000000000000000, 0.000000000000000000 ) ) ;
#1960 = VERTEX_POINT ( 'NONE', #2154 ) ;
#1961 = EDGE_LOOP ( 'NONE', ( #615, #1318, #2592, #786 ) ) ;
#1962 = DIRECTION ( 'NONE',  ( -0.000000000000000000, 1.000000000000000000, -0.000000000000000000 ) ) ;
#1963 = DIRECTION ( 'NONE',  ( -1.000000000000000000, 0.000000000000000000, 0.000000000000000000 ) ) ;
#1964 = EDGE_CURVE ( 'NONE', #2, #2411, #2568, .T. ) ;
#1965 = ORIENTED_EDGE ( 'NONE', *, *, #2413, .F. ) ;
#1966 = EDGE_CURVE ( 'NONE', #2138, #2627, #759, .T. ) ;
#1967 = LINE ( 'NONE', #1137, #1395 ) ;
#1968 = DIRECTION ( 'NONE',  ( 0.000000000000000000, 1.000000000000000000, 0.000000000000000000 ) ) ;
#1969 = EDGE_CURVE ( 'NONE', #1553, #2671, #626, .T. ) ;
#1970 = ORIENTED_EDGE ( 'NONE', *, *, #2714, .F. ) ;
#1971 = EDGE_CURVE ( 'NONE', #778, #1156, #436, .T. ) ;
#1972 = FACE_OUTER_BOUND ( 'NONE', #1961, .T. ) ;
#1973 = CARTESIAN_POINT ( 'NONE',  ( 158.0999999999999943, 0.000000000000000000, -49.00000000000000000 ) ) ;
#1974 = DIRECTION ( 'NONE',  ( -0.000000000000000000, -0.000000000000000000, -1.000000000000000000 ) ) ;
#1975 = ORIENTED_EDGE ( 'NONE', *, *, #1555, .F. ) ;
#1976 = AXIS2_PLACEMENT_3D ( 'NONE', #914, #478, #727 ) ;
#1977 = AXIS2_PLACEMENT_3D ( 'NONE', #2731, #800, #1638 ) ;
#1978 = ORIENTED_EDGE ( 'NONE', *, *, #1499, .F. ) ;
#1979 = DIRECTION ( 'NONE',  ( -0.000000000000000000, -0.000000000000000000, 1.000000000000000000 ) ) ;
#1980 = VECTOR ( 'NONE', #1827, 1000.000000000000000 ) ;
#1981 = ORIENTED_EDGE ( 'NONE', *, *, #173, .F. ) ;
#1982 = VECTOR ( 'NONE', #1705, 1000.000000000000000 ) ;
#1983 = CARTESIAN_POINT ( 'NONE',  ( 154.0999999999999659, 93.90000000000000568, 49.00000000000000000 ) ) ;
#1984 = CIRCLE ( 'NONE', #946, 3.500000000000016875 ) ;
#1985 = FACE_OUTER_BOUND ( 'NONE', #722, .T. ) ;
#1986 = AXIS2_PLACEMENT_3D ( 'NONE', #269, #2635, #1335 ) ;
#1987 = ORIENTED_EDGE ( 'NONE', *, *, #1990, .F. ) ;
#1988 = DIRECTION ( 'NONE',  ( -0.000000000000000000, 1.000000000000000000, -0.000000000000000000 ) ) ;
#1989 = DIRECTION ( 'NONE',  ( 0.000000000000000000, 0.000000000000000000, 1.000000000000000000 ) ) ;
#1990 = EDGE_CURVE ( 'NONE', #1221, #1232, #8, .T. ) ;
#1991 = EDGE_LOOP ( 'NONE', ( #1580, #1490, #791, #419, #1632 ) ) ;
#1992 = EDGE_LOOP ( 'NONE', ( #2318, #2096, #992, #89 ) ) ;
#1993 = CYLINDRICAL_SURFACE ( 'NONE', #2614, 2.000000000000001776 ) ;
#1994 = VERTEX_POINT ( 'NONE', #2787 ) ;
#1995 = CARTESIAN_POINT ( 'NONE',  ( 0.000000000000000000, 84.20000000000001705, 0.000000000000000000 ) ) ;
#1996 = CARTESIAN_POINT ( 'NONE',  ( 117.5999999999999659, 0.000000000000000000, 52.50000000000002842 ) ) ;
#1997 = VERTEX_POINT ( 'NONE', #1289 ) ;
#1998 = CARTESIAN_POINT ( 'NONE',  ( 0.000000000000000000, 0.000000000000000000, -64.50000000000000000 ) ) ;
#1999 = EDGE_CURVE ( 'NONE', #1769, #1810, #2584, .T. ) ;
#2000 = DIRECTION ( 'NONE',  ( 0.000000000000000000, 1.000000000000000000, 0.000000000000000000 ) ) ;
#2001 = VERTEX_POINT ( 'NONE', #1081 ) ;
#2002 = CARTESIAN_POINT ( 'NONE',  ( 84.99999999999998579, 6.000000000000000000, -64.49999999999998579 ) ) ;
#2003 = EDGE_CURVE ( 'NONE', #1325, #154, #1732, .T. ) ;
#2004 = EDGE_CURVE ( 'NONE', #34, #645, #2171, .T. ) ;
#2005 = ORIENTED_EDGE ( 'NONE', *, *, #18, .F. ) ;
#2006 = CARTESIAN_POINT ( 'NONE',  ( 165.1000000000000227, 93.90000000000000568, -49.00000000000000000 ) ) ;
#2007 = ORIENTED_EDGE ( 'NONE', *, *, #1918, .T. ) ;
#2008 = DIRECTION ( 'NONE',  ( -0.000000000000000000, 1.000000000000000000, -0.000000000000000000 ) ) ;
#2009 = CARTESIAN_POINT ( 'NONE',  ( 92.09999999999993747, 93.90000000000000568, 49.00000000000000711 ) ) ;
#2010 = ORIENTED_EDGE ( 'NONE', *, *, #2672, .F. ) ;
#2011 = CARTESIAN_POINT ( 'NONE',  ( 84.99999999999998579, 6.000000000000000000, 74.15685424949238325 ) ) ;
#2012 = DIRECTION ( 'NONE',  ( 0.000000000000000000, 0.000000000000000000, 1.000000000000000000 ) ) ;
#2013 = ORIENTED_EDGE ( 'NONE', *, *, #2676, .F. ) ;
#2014 = CARTESIAN_POINT ( 'NONE',  ( 10.00000000000001776, 6.000000000000000000, 74.15685424949238325 ) ) ;
#2015 = ORIENTED_EDGE ( 'NONE', *, *, #2268, .F. ) ;
#2016 = CARTESIAN_POINT ( 'NONE',  ( 143.0999999999999375, 93.90000000000000568, -49.00000000000000000 ) ) ;
#2017 = ORIENTED_EDGE ( 'NONE', *, *, #1094, .F. ) ;
#2018 = DIRECTION ( 'NONE',  ( -0.000000000000000000, 1.000000000000000000, -0.000000000000000000 ) ) ;
#2019 = EDGE_CURVE ( 'NONE', #2725, #513, #2213, .T. ) ;
#2020 = ORIENTED_EDGE ( 'NONE', *, *, #380, .F. ) ;
#2021 = AXIS2_PLACEMENT_3D ( 'NONE', #330, #1661, #2307 ) ;
#2022 = LINE ( 'NONE', #923, #170 ) ;
#2023 = DIRECTION ( 'NONE',  ( -0.000000000000000000, -0.000000000000000000, -1.000000000000000000 ) ) ;
#2024 = VECTOR ( 'NONE', #2008, 1000.000000000000000 ) ;
#2025 = AXIS2_PLACEMENT_3D ( 'NONE', #464, #2644, #39 ) ;
#2026 = AXIS2_PLACEMENT_3D ( 'NONE', #1098, #405, #1694 ) ;
#2027 = VECTOR ( 'NONE', #1864, 1000.000000000000000 ) ;
#2028 = CIRCLE ( 'NONE', #1802, 3.500000000000016875 ) ;
#2029 = ORIENTED_EDGE ( 'NONE', *, *, #1872, .F. ) ;
#2030 = CARTESIAN_POINT ( 'NONE',  ( 154.0999999999999659, 91.20000000000001705, 49.00000000000000000 ) ) ;
#2031 = CYLINDRICAL_SURFACE ( 'NONE', #1941, 64.50000000000000000 ) ;
#2032 = ORIENTED_EDGE ( 'NONE', *, *, #2729, .T. ) ;
#2033 = AXIS2_PLACEMENT_3D ( 'NONE', #2598, #2774, #847 ) ;
#2034 = CIRCLE ( 'NONE', #948, 54.99999999999999289 ) ;
#2035 = MECHANICAL_CONTEXT ( 'NONE', #2125, 'mechanical' ) ;
#2036 = DIRECTION ( 'NONE',  ( 0.000000000000000000, 0.000000000000000000, -1.000000000000000000 ) ) ;
#2037 = CARTESIAN_POINT ( 'NONE',  ( 181.0000000000000000, 93.90000000000000568, 61.50000000000000711 ) ) ;
#2038 = EDGE_LOOP ( 'NONE', ( #1510, #1407, #1427, #1951, #1600, #1368 ) ) ;
#2039 = DIRECTION ( 'NONE',  ( 0.000000000000000000, 1.000000000000000000, 0.000000000000000000 ) ) ;
#2040 = ADVANCED_FACE ( 'NONE', ( #1985 ), #895, .F. ) ;
#2041 = DIRECTION ( 'NONE',  ( -0.000000000000000000, -1.000000000000000000, -0.000000000000000000 ) ) ;
#2042 = EDGE_CURVE ( 'NONE', #516, #689, #2253, .T. ) ;
#2043 = DIRECTION ( 'NONE',  ( -0.000000000000000000, -0.000000000000000000, 1.000000000000000000 ) ) ;
#2044 = CC_DESIGN_APPROVAL ( #1676, ( #2223 ) ) ;
#2045 = ORIENTED_EDGE ( 'NONE', *, *, #1742, .F. ) ;
#2046 = CYLINDRICAL_SURFACE ( 'NONE', #2578, 3.500000000000016875 ) ;
#2047 = CARTESIAN_POINT ( 'NONE',  ( 121.0999999999999801, 91.20000000000001705, 49.00000000000000711 ) ) ;
#2048 = ORIENTED_EDGE ( 'NONE', *, *, #870, .T. ) ;
#2049 = APPROVAL_ROLE ( '' ) ;
#2050 = CARTESIAN_POINT ( 'NONE',  ( 158.0999999999999943, 93.90000000000000568, -49.00000000000000000 ) ) ;
#2051 = LINE ( 'NONE', #106, #2655 ) ;
#2052 = ORIENTED_EDGE ( 'NONE', *, *, #529, .T. ) ;
#2053 = ORIENTED_EDGE ( 'NONE', *, *, #1596, .T. ) ;
#2054 = CARTESIAN_POINT ( 'NONE',  ( 172.5999999999999943, 0.000000000000000000, 52.50000000000003553 ) ) ;
#2055 = CARTESIAN_POINT ( 'NONE',  ( 99.09999999999993747, 93.90000000000000568, 49.00000000000000711 ) ) ;
#2056 = DIRECTION ( 'NONE',  ( 0.000000000000000000, 0.000000000000000000, -1.000000000000000000 ) ) ;
#2057 = ADVANCED_FACE ( 'NONE', ( #1755 ), #2445, .F. ) ;
#2058 = ORIENTED_EDGE ( 'NONE', *, *, #2462, .F. ) ;
#2059 = CARTESIAN_POINT ( 'NONE',  ( 106.5999999999999517, 93.90000000000000568, 52.50000000000002132 ) ) ;
#2060 = CYLINDRICAL_SURFACE ( 'NONE', #399, 6.999999999999999112 ) ;
#2061 = VERTEX_POINT ( 'NONE', #1590 ) ;
#2062 = EDGE_CURVE ( 'NONE', #513, #1884, #1847, .T. ) ;
#2063 = DIRECTION ( 'NONE',  ( 1.000000000000000000, 0.000000000000000000, 0.000000000000000000 ) ) ;
#2064 = DIRECTION ( 'NONE',  ( -0.000000000000000000, 1.000000000000000000, -0.000000000000000000 ) ) ;
#2065 = ORIENTED_EDGE ( 'NONE', *, *, #2674, .T. ) ;
#2066 = CARTESIAN_POINT ( 'NONE',  ( 114.0999999999999517, 91.20000000000001705, 0.000000000000000000 ) ) ;
#2067 = DIRECTION ( 'NONE',  ( -0.000000000000000000, 1.000000000000000000, -0.000000000000000000 ) ) ;
#2068 = CARTESIAN_POINT ( 'NONE',  ( 81.09999999999998010, 0.000000000000000000, 49.00000000000000711 ) ) ;
#2069 = AXIS2_PLACEMENT_3D ( 'NONE', #1331, #38, #911 ) ;
#2070 = LINE ( 'NONE', #2492, #442 ) ;
#2071 = CARTESIAN_POINT ( 'NONE',  ( 150.5999999999999659, 93.90000000000000568, -49.00000000000000000 ) ) ;
#2072 = AXIS2_PLACEMENT_3D ( 'NONE', #1461, #2782, #1901 ) ;
#2073 = VECTOR ( 'NONE', #1150, 1000.000000000000000 ) ;
#2074 = PERSON_AND_ORGANIZATION ( #500, #777 ) ;
#2075 = CARTESIAN_POINT ( 'NONE',  ( 174.0000000000000000, 93.90000000000000568, 61.50000000000000711 ) ) ;
#2076 = DIRECTION ( 'NONE',  ( 0.000000000000000000, 0.000000000000000000, 1.000000000000000000 ) ) ;
#2077 = VECTOR ( 'NONE', #887, 1000.000000000000000 ) ;
#2078 = CIRCLE ( 'NONE', #1897, 3.499999999999989342 ) ;
#2079 = EDGE_CURVE ( 'NONE', #1673, #2295, #2620, .T. ) ;
#2080 = ORIENTED_EDGE ( 'NONE', *, *, #1470, .F. ) ;
#2081 = CIRCLE ( 'NONE', #2699, 64.50000000000000000 ) ;
#2082 = ORIENTED_EDGE ( 'NONE', *, *, #2182, .T. ) ;
#2083 = FACE_BOUND ( 'NONE', #2113, .T. ) ;
#2084 = CARTESIAN_POINT ( 'NONE',  ( 172.6000000000000227, 91.20000000000001705, -48.99999999999998579 ) ) ;
#2085 = DIRECTION ( 'NONE',  ( -0.000000000000000000, 1.000000000000000000, -0.000000000000000000 ) ) ;
#2086 = DIRECTION ( 'NONE',  ( -1.000000000000000000, 0.000000000000000000, 2.025954424498459845E-16 ) ) ;
#2087 = AXIS2_PLACEMENT_3D ( 'NONE', #1564, #1353, #273 ) ;
#2088 = DIRECTION ( 'NONE',  ( -1.000000000000000000, 0.000000000000000000, 0.000000000000000000 ) ) ;
#2089 = ORIENTED_EDGE ( 'NONE', *, *, #1182, .T. ) ;
#2090 = EDGE_CURVE ( 'NONE', #1186, #2434, #680, .T. ) ;
#2091 = CARTESIAN_POINT ( 'NONE',  ( 10.00000000000001776, 6.000000000000000000, 68.50000000000000000 ) ) ;
#2092 = FACE_OUTER_BOUND ( 'NONE', #1201, .T. ) ;
#2093 = ADVANCED_FACE ( 'NONE', ( #912 ), #935, .F. ) ;
#2094 = ORIENTED_EDGE ( 'NONE', *, *, #2462, .T. ) ;
#2095 = EDGE_LOOP ( 'NONE', ( #2219, #1879, #2260, #2147 ) ) ;
#2096 = ORIENTED_EDGE ( 'NONE', *, *, #1555, .T. ) ;
#2097 = ADVANCED_FACE ( 'NONE', ( #1604 ), #2255, .F. ) ;
#2098 = ORIENTED_EDGE ( 'NONE', *, *, #2236, .F. ) ;
#2099 = EDGE_CURVE ( 'NONE', #503, #1562, #691, .T. ) ;
#2100 = DIRECTION ( 'NONE',  ( 0.000000000000000000, 1.000000000000000000, 0.000000000000000000 ) ) ;
#2101 = CARTESIAN_POINT ( 'NONE',  ( 139.5999999999999375, 93.90000000000000568, 49.00000000000000000 ) ) ;
#2102 = EDGE_LOOP ( 'NONE', ( #1794, #867, #2381, #1670 ) ) ;
#2103 = CARTESIAN_POINT ( 'NONE',  ( 0.000000000000000000, 93.90000000000000568, 54.99999999999999289 ) ) ;
#2104 = DIRECTION ( 'NONE',  ( 0.000000000000000000, 1.000000000000000000, 0.000000000000000000 ) ) ;
#2105 = LINE ( 'NONE', #1240, #633 ) ;
#2106 = DIRECTION ( 'NONE',  ( 0.000000000000000000, -1.000000000000000000, 0.000000000000000000 ) ) ;
#2107 = VERTEX_POINT ( 'NONE', #279 ) ;
#2108 = ORIENTED_EDGE ( 'NONE', *, *, #310, .F. ) ;
#2109 = EDGE_LOOP ( 'NONE', ( #2374, #2442, #1233, #2541 ) ) ;
#2110 = CARTESIAN_POINT ( 'NONE',  ( 0.000000000000000000, 93.90000000000000568, 68.50000000000000000 ) ) ;
#2111 = CARTESIAN_POINT ( 'NONE',  ( 22.25503851571184555, 84.33040765400939165, 64.50000000000000000 ) ) ;
#2112 = EDGE_CURVE ( 'NONE', #1960, #1817, #2416, .T. ) ;
#2113 = EDGE_LOOP ( 'NONE', ( #2239, #370 ) ) ;
#2114 = CYLINDRICAL_SURFACE ( 'NONE', #259, 3.500000000000016875 ) ;
#2115 = CARTESIAN_POINT ( 'NONE',  ( 8.000000000000021316, 6.000000000000000000, 64.50000000000000000 ) ) ;
#2116 = EDGE_LOOP ( 'NONE', ( #2461, #1947, #703, #1285 ) ) ;
#2117 = AXIS2_PLACEMENT_3D ( 'NONE', #1915, #2771, #1944 ) ;
#2118 = CARTESIAN_POINT ( 'NONE',  ( 0.000000000000000000, 84.20000000000001705, 0.000000000000000000 ) ) ;
#2119 = FACE_BOUND ( 'NONE', #2777, .T. ) ;
#2120 = AXIS2_PLACEMENT_3D ( 'NONE', #63, #1797, #2658 ) ;
#2121 = CIRCLE ( 'NONE', #2742, 2.000000000000001776 ) ;
#2122 = VECTOR ( 'NONE', #2270, 1000.000000000000000 ) ;
#2123 = EDGE_LOOP ( 'NONE', ( #1321, #2423 ) ) ;
#2124 = VERTEX_POINT ( 'NONE', #295 ) ;
#2125 = APPLICATION_CONTEXT ( 'configuration controlled 3d designs of mechanical parts and assemblies' ) ;
#2126 = DIRECTION ( 'NONE',  ( 0.000000000000000000, 0.000000000000000000, -1.000000000000000000 ) ) ;
#2127 = CARTESIAN_POINT ( 'NONE',  ( 128.5999999999999375, 93.90000000000000568, 49.00000000000000711 ) ) ;
#2128 = EDGE_CURVE ( 'NONE', #2561, #2426, #1374, .T. ) ;
#2129 = EDGE_LOOP ( 'NONE', ( #1242, #2308, #2621, #1687 ) ) ;
#2130 = ADVANCED_FACE ( 'NONE', ( #248 ), #924, .F. ) ;
#2131 = CARTESIAN_POINT ( 'NONE',  ( 84.59999999999998010, 0.000000000000000000, 52.50000000000001421 ) ) ;
#2132 = FACE_OUTER_BOUND ( 'NONE', #190, .T. ) ;
#2133 = EDGE_CURVE ( 'NONE', #2656, #1960, #762, .T. ) ;
#2134 = LOCAL_TIME ( 14, 27, 16.00000000000000000, #1437 ) ;
#2135 = DIRECTION ( 'NONE',  ( -0.000000000000000000, 1.000000000000000000, -0.000000000000000000 ) ) ;
#2136 = DIRECTION ( 'NONE',  ( 0.000000000000000000, 0.000000000000000000, -1.000000000000000000 ) ) ;
#2137 = ORIENTED_EDGE ( 'NONE', *, *, #2517, .F. ) ;
#2138 = VERTEX_POINT ( 'NONE', #1342 ) ;
#2139 = DIRECTION ( 'NONE',  ( 0.000000000000000000, 1.000000000000000000, 0.000000000000000000 ) ) ;
#2140 = DIRECTION ( 'NONE',  ( 0.000000000000000000, 1.000000000000000000, 0.000000000000000000 ) ) ;
#2141 = EDGE_LOOP ( 'NONE', ( #2653, #676, #920, #2279 ) ) ;
#2142 = CARTESIAN_POINT ( 'NONE',  ( 10.00000000000001776, 6.000000000000000000, -64.49999999999998579 ) ) ;
#2143 = DIRECTION ( 'NONE',  ( 0.000000000000000000, 0.000000000000000000, 1.000000000000000000 ) ) ;
#2144 = CARTESIAN_POINT ( 'NONE',  ( 106.5999999999999517, 93.90000000000000568, 49.00000000000000000 ) ) ;
#2145 = FACE_OUTER_BOUND ( 'NONE', #1197, .T. ) ;
#2146 = EDGE_CURVE ( 'NONE', #1817, #2577, #1936, .T. ) ;
#2147 = ORIENTED_EDGE ( 'NONE', *, *, #1090, .F. ) ;
#2148 = ORIENTED_EDGE ( 'NONE', *, *, #987, .T. ) ;
#2149 = DIRECTION ( 'NONE',  ( 0.000000000000000000, 0.000000000000000000, 1.000000000000000000 ) ) ;
#2150 = EDGE_LOOP ( 'NONE', ( #136, #353, #245, #595, #230 ) ) ;
#2151 = CARTESIAN_POINT ( 'NONE',  ( 169.0999999999999659, 0.000000000000000000, 49.00000000000001421 ) ) ;
#2152 = ORIENTED_EDGE ( 'NONE', *, *, #1280, .F. ) ;
#2153 = DIRECTION ( 'NONE',  ( 0.000000000000000000, -0.000000000000000000, 1.000000000000000000 ) ) ;
#2154 = CARTESIAN_POINT ( 'NONE',  ( 87.00000000000000000, 6.000000000000000000, -64.49999999999998579 ) ) ;
#2155 = CARTESIAN_POINT ( 'NONE',  ( 106.5999999999999517, 0.000000000000000000, 52.50000000000002132 ) ) ;
#2156 = CARTESIAN_POINT ( 'NONE',  ( 176.1000000000000512, 91.20000000000001705, -48.99999999999998579 ) ) ;
#2157 = EDGE_LOOP ( 'NONE', ( #2692, #1025, #1358, #2756, #2045 ) ) ;
#2158 = CIRCLE ( 'NONE', #989, 1.999999999999996669 ) ;
#2159 = ORIENTED_EDGE ( 'NONE', *, *, #2062, .F. ) ;
#2160 = EDGE_CURVE ( 'NONE', #1156, #2366, #494, .T. ) ;
#2161 = VECTOR ( 'NONE', #463, 1000.000000000000000 ) ;
#2162 = VECTOR ( 'NONE', #1546, 1000.000000000000000 ) ;
#2163 = AXIS2_PLACEMENT_3D ( 'NONE', #2476, #2201, #916 ) ;
#2164 = VERTEX_POINT ( 'NONE', #724 ) ;
#2165 = CARTESIAN_POINT ( 'NONE',  ( 139.5999999999999375, 91.20000000000001705, -49.00000000000000000 ) ) ;
#2166 = DIRECTION ( 'NONE',  ( 0.000000000000000000, 0.000000000000000000, 1.000000000000000000 ) ) ;
#2167 = AXIS2_PLACEMENT_3D ( 'NONE', #1519, #864, #228 ) ;
#2168 = AXIS2_PLACEMENT_3D ( 'NONE', #2372, #438, #2606 ) ;
#2169 = ORIENTED_EDGE ( 'NONE', *, *, #2681, .F. ) ;
#2170 = CARTESIAN_POINT ( 'NONE',  ( 82.99999999999998579, 6.000000000000000000, 64.50000000000000000 ) ) ;
#2171 = LINE ( 'NONE', #1097, #2789 ) ;
#2172 = DIRECTION ( 'NONE',  ( -0.000000000000000000, -1.000000000000000000, -0.000000000000000000 ) ) ;
#2173 = DIRECTION ( 'NONE',  ( 0.000000000000000000, 0.000000000000000000, 1.000000000000000000 ) ) ;
#2174 = ORIENTED_EDGE ( 'NONE', *, *, #1039, .F. ) ;
#2175 = VECTOR ( 'NONE', #1412, 1000.000000000000000 ) ;
#2176 = VERTEX_POINT ( 'NONE', #2675 ) ;
#2177 = EDGE_CURVE ( 'NONE', #179, #1444, #1527, .T. ) ;
#2178 = ADVANCED_FACE ( 'NONE', ( #374 ), #998, .F. ) ;
#2179 = EDGE_LOOP ( 'NONE', ( #1351, #968, #2669, #511, #1784 ) ) ;
#2180 = DIRECTION ( 'NONE',  ( -0.000000000000000000, -1.000000000000000000, -0.000000000000000000 ) ) ;
#2181 = DIRECTION ( 'NONE',  ( 0.000000000000000000, 0.000000000000000000, 1.000000000000000000 ) ) ;
#2182 = EDGE_CURVE ( 'NONE', #2438, #1370, #2331, .T. ) ;
#2183 = EDGE_CURVE ( 'NONE', #2164, #1787, #387, .T. ) ;
#2184 = ORIENTED_EDGE ( 'NONE', *, *, #586, .T. ) ;
#2185 = DIRECTION ( 'NONE',  ( 0.000000000000000000, 0.000000000000000000, 1.000000000000000000 ) ) ;
#2186 = CYLINDRICAL_SURFACE ( 'NONE', #124, 54.99999999999999289 ) ;
#2187 = VERTEX_POINT ( 'NONE', #1646 ) ;
#2188 = LINE ( 'NONE', #1743, #36 ) ;
#2189 = DIRECTION ( 'NONE',  ( 0.000000000000000000, 0.000000000000000000, 1.000000000000000000 ) ) ;
#2190 = ORIENTED_EDGE ( 'NONE', *, *, #742, .F. ) ;
#2191 = ORIENTED_EDGE ( 'NONE', *, *, #2177, .F. ) ;
#2192 = DIRECTION ( 'NONE',  ( -1.000000000000000000, 0.000000000000000000, 0.000000000000000000 ) ) ;
#2193 = ORIENTED_EDGE ( 'NONE', *, *, #1920, .T. ) ;
#2194 = PLANE ( 'NONE',  #1483 ) ;
#2195 = EDGE_CURVE ( 'NONE', #1736, #2187, #2306, .T. ) ;
#2196 = CARTESIAN_POINT ( 'NONE',  ( 180.9999999999999716, 93.90000000000000568, -61.50000000000005684 ) ) ;
#2197 = CIRCLE ( 'NONE', #2776, 2.000000000000001776 ) ;
#2198 = ORIENTED_EDGE ( 'NONE', *, *, #2004, .T. ) ;
#2199 = DIRECTION ( 'NONE',  ( 0.000000000000000000, 1.000000000000000000, 0.000000000000000000 ) ) ;
#2200 = LINE ( 'NONE', #1786, #487 ) ;
#2201 = DIRECTION ( 'NONE',  ( -0.000000000000000000, -1.000000000000000000, 0.000000000000000000 ) ) ;
#2202 = EDGE_LOOP ( 'NONE', ( #1013, #692, #340, #164 ) ) ;
#2203 = VECTOR ( 'NONE', #2691, 1000.000000000000000 ) ;
#2204 = ORIENTED_EDGE ( 'NONE', *, *, #839, .T. ) ;
#2205 = DIRECTION ( 'NONE',  ( 1.000000000000000000, 0.000000000000000000, 0.000000000000000000 ) ) ;
#2206 = CIRCLE ( 'NONE', #1573, 3.500000000000016875 ) ;
#2207 = AXIS2_PLACEMENT_3D ( 'NONE', #597, #1841, #2702 ) ;
#2208 = EDGE_LOOP ( 'NONE', ( #429, #1776, #16, #2715 ) ) ;
#2209 = AXIS2_PLACEMENT_3D ( 'NONE', #1727, #1275, #1060 ) ;
#2210 = CARTESIAN_POINT ( 'NONE',  ( 125.0999999999999375, 0.000000000000000000, 49.00000000000000711 ) ) ;
#2211 = VECTOR ( 'NONE', #1974, 1000.000000000000000 ) ;
#2212 = EDGE_CURVE ( 'NONE', #221, #1835, #1418, .T. ) ;
#2213 = LINE ( 'NONE', #2009, #2388 ) ;
#2214 = AXIS2_PLACEMENT_3D ( 'NONE', #1187, #113, #1873 ) ;
#2215 = ADVANCED_FACE ( 'NONE', ( #1023 ), #2528, .F. ) ;
#2216 = ORIENTED_EDGE ( 'NONE', *, *, #669, .F. ) ;
#2217 = FACE_OUTER_BOUND ( 'NONE', #1389, .T. ) ;
#2218 = CARTESIAN_POINT ( 'NONE',  ( 169.9999999999999716, 93.90000000000000568, -57.50000000000000000 ) ) ;
#2219 = ORIENTED_EDGE ( 'NONE', *, *, #246, .T. ) ;
#2220 = EDGE_CURVE ( 'NONE', #480, #1835, #1667, .T. ) ;
#2221 = EDGE_LOOP ( 'NONE', ( #13, #1789, #2624, #2724, #2421 ) ) ;
#2222 = ORIENTED_EDGE ( 'NONE', *, *, #1007, .T. ) ;
#2223 = SECURITY_CLASSIFICATION ( '', '', #1202 ) ;
#2224 = DIRECTION ( 'NONE',  ( 0.000000000000000000, 1.000000000000000000, 0.000000000000000000 ) ) ;
#2225 = ORIENTED_EDGE ( 'NONE', *, *, #756, .F. ) ;
#2226 = B_SPLINE_CURVE_WITH_KNOTS ( 'NONE', 3,
 ( #1245, #2580, #2340, #165 ),
 .UNSPECIFIED., .F., .F.,
 ( 4, 4 ),
 ( 0.000000000000000000, 0.007205553413861126751 ),
 .UNSPECIFIED. ) ;
#2227 = DIRECTION ( 'NONE',  ( 0.000000000000000000, 0.000000000000000000, 1.000000000000000000 ) ) ;
#2228 = DIRECTION ( 'NONE',  ( -0.000000000000000000, 1.000000000000000000, -0.000000000000000000 ) ) ;
#2229 = VERTEX_POINT ( 'NONE', #326 ) ;
#2230 = CYLINDRICAL_SURFACE ( 'NONE', #1482, 2.000000000000001776 ) ;
#2231 = DIRECTION ( 'NONE',  ( 0.000000000000000000, 1.000000000000000000, -0.000000000000000000 ) ) ;
#2232 = ORIENTED_EDGE ( 'NONE', *, *, #932, .T. ) ;
#2233 = DIRECTION ( 'NONE',  ( -0.000000000000000000, -0.000000000000000000, -1.000000000000000000 ) ) ;
#2234 = ORIENTED_EDGE ( 'NONE', *, *, #850, .F. ) ;
#2235 = DIRECTION ( 'NONE',  ( 0.000000000000000000, -1.000000000000000000, 0.000000000000000000 ) ) ;
#2236 = EDGE_CURVE ( 'NONE', #881, #520, #531, .T. ) ;
#2237 = ORIENTED_EDGE ( 'NONE', *, *, #2079, .T. ) ;
#2238 = PLANE ( 'NONE',  #1531 ) ;
#2239 = ORIENTED_EDGE ( 'NONE', *, *, #185, .F. ) ;
#2240 = DIRECTION ( 'NONE',  ( -1.000000000000000000, 0.000000000000000000, 0.000000000000000000 ) ) ;
#2241 = DIRECTION ( 'NONE',  ( 1.000000000000000000, 0.000000000000000000, -0.000000000000000000 ) ) ;
#2242 = EDGE_LOOP ( 'NONE', ( #1297, #2765, #371, #594 ) ) ;
#2243 = DIRECTION ( 'NONE',  ( 0.000000000000000000, 0.000000000000000000, 1.000000000000000000 ) ) ;
#2244 = LINE ( 'NONE', #282, #1082 ) ;
#2245 = ORIENTED_EDGE ( 'NONE', *, *, #1144, .F. ) ;
#2246 = DIRECTION ( 'NONE',  ( 0.000000000000000000, 0.000000000000000000, 1.000000000000000000 ) ) ;
#2247 = ORIENTED_EDGE ( 'NONE', *, *, #2112, .T. ) ;
#2248 = DIRECTION ( 'NONE',  ( 0.000000000000000000, 1.000000000000000000, 0.000000000000000000 ) ) ;
#2249 = ADVANCED_FACE ( 'NONE', ( #1828 ), #97, .F. ) ;
#2250 = ORIENTED_EDGE ( 'NONE', *, *, #2268, .T. ) ;
#2251 = FACE_BOUND ( 'NONE', #107, .T. ) ;
#2252 = EDGE_CURVE ( 'NONE', #1086, #801, #2737, .T. ) ;
#2253 = CIRCLE ( 'NONE', #2609, 54.99999999999999289 ) ;
#2254 = CARTESIAN_POINT ( 'NONE',  ( 163.9999999999999716, 6.000000000000000000, -64.49999999999998579 ) ) ;
#2255 = CYLINDRICAL_SURFACE ( 'NONE', #2489, 3.499999999999989342 ) ;
#2256 = CIRCLE ( 'NONE', #1623, 3.500000000000003109 ) ;
#2257 = VECTOR ( 'NONE', #2056, 1000.000000000000000 ) ;
#2258 = AXIS2_PLACEMENT_3D ( 'NONE', #302, #1811, #2281 ) ;
#2259 = VECTOR ( 'NONE', #489, 1000.000000000000000 ) ;
#2260 = ORIENTED_EDGE ( 'NONE', *, *, #444, .F. ) ;
#2261 = DIRECTION ( 'NONE',  ( 0.000000000000000000, 0.000000000000000000, 1.000000000000000000 ) ) ;
#2262 = DIRECTION ( 'NONE',  ( 0.000000000000000000, 1.000000000000000000, 0.000000000000000000 ) ) ;
#2263 = ORIENTED_EDGE ( 'NONE', *, *, #397, .T. ) ;
#2264 = VECTOR ( 'NONE', #1477, 1000.000000000000000 ) ;
#2265 = PERSON_AND_ORGANIZATION ( #500, #777 ) ;
#2266 = DIRECTION ( 'NONE',  ( 3.066914432666178346E-16, -0.000000000000000000, 1.000000000000000000 ) ) ;
#2267 = CARTESIAN_POINT ( 'NONE',  ( 84.59999999999998010, 0.000000000000000000, -49.00000000000000000 ) ) ;
#2268 = EDGE_CURVE ( 'NONE', #1653, #801, #126, .T. ) ;
#2269 = ORIENTED_EDGE ( 'NONE', *, *, #381, .F. ) ;
#2270 = DIRECTION ( 'NONE',  ( 1.416100796715761110E-16, -0.000000000000000000, 1.000000000000000000 ) ) ;
#2271 = EDGE_CURVE ( 'NONE', #2001, #574, #212, .T. ) ;
#2272 = CARTESIAN_POINT ( 'NONE',  ( 95.59999999999993747, 91.20000000000001705, -48.99999999999999289 ) ) ;
#2273 = EDGE_CURVE ( 'NONE', #710, #516, #142, .T. ) ;
#2274 = CARTESIAN_POINT ( 'NONE',  ( 84.99999999999998579, 6.000000000000000000, 74.15685424949238325 ) ) ;
#2275 = ADVANCED_FACE ( 'NONE', ( #1871 ), #1431, .F. ) ;
#2276 = ORIENTED_EDGE ( 'NONE', *, *, #1596, .F. ) ;
#2277 = DIRECTION ( 'NONE',  ( -0.000000000000000000, 1.000000000000000000, -0.000000000000000000 ) ) ;
#2278 = FACE_OUTER_BOUND ( 'NONE', #268, .T. ) ;
#2279 = ORIENTED_EDGE ( 'NONE', *, *, #325, .T. ) ;
#2280 = CYLINDRICAL_SURFACE ( 'NONE', #1494, 3.500000000000003109 ) ;
#2281 = DIRECTION ( 'NONE',  ( 0.000000000000000000, 0.000000000000000000, 1.000000000000000000 ) ) ;
#2282 = EDGE_LOOP ( 'NONE', ( #2694, #1981, #1069, #80 ) ) ;
#2283 = CARTESIAN_POINT ( 'NONE',  ( 169.9999999999999716, 0.000000000000000000, 64.50000000000000000 ) ) ;
#2284 = DIRECTION ( 'NONE',  ( -1.000000000000000000, 0.000000000000000000, 0.000000000000000000 ) ) ;
#2285 = DIRECTION ( 'NONE',  ( 0.000000000000000000, 1.000000000000000000, 0.000000000000000000 ) ) ;
#2286 = EDGE_CURVE ( 'NONE', #2229, #1221, #1302, .T. ) ;
#2287 = CARTESIAN_POINT ( 'NONE',  ( 81.09999999999998010, 91.20000000000001705, -49.00000000000000000 ) ) ;
#2288 = CARTESIAN_POINT ( 'NONE',  ( 128.5999999999999375, 0.000000000000000000, 49.00000000000000711 ) ) ;
#2289 = ORIENTED_EDGE ( 'NONE', *, *, #1706, .F. ) ;
#2290 = VERTEX_POINT ( 'NONE', #1887 ) ;
#2291 = PERSON_AND_ORGANIZATION_ROLE ( 'design_owner' ) ;
#2292 = CARTESIAN_POINT ( 'NONE',  ( 161.9999999999999716, 6.000000000000000000, 64.50000000000000000 ) ) ;
#2293 = DIRECTION ( 'NONE',  ( -0.000000000000000000, 1.000000000000000000, -0.000000000000000000 ) ) ;
#2294 = AXIS2_PLACEMENT_3D ( 'NONE', #2324, #570, #1002 ) ;
#2295 = VERTEX_POINT ( 'NONE', #796 ) ;
#2296 = AXIS2_PLACEMENT_3D ( 'NONE', #45, #943, #917 ) ;
#2297 = VERTEX_POINT ( 'NONE', #811 ) ;
#2298 = DIRECTION ( 'NONE',  ( -0.000000000000000000, 1.000000000000000000, -0.000000000000000000 ) ) ;
#2299 = CARTESIAN_POINT ( 'NONE',  ( 95.59999999999993747, 91.20000000000001705, 49.00000000000000711 ) ) ;
#2300 = DIRECTION ( 'NONE',  ( 1.000000000000000000, 0.000000000000000000, 0.000000000000000000 ) ) ;
#2301 = CIRCLE ( 'NONE', #1891, 3.500000000000016875 ) ;
#2302 = ORIENTED_EDGE ( 'NONE', *, *, #1679, .T. ) ;
#2303 = EDGE_CURVE ( 'NONE', #68, #491, #1800, .T. ) ;
#2304 = AXIS2_PLACEMENT_3D ( 'NONE', #549, #2736, #1208 ) ;
#2305 = CARTESIAN_POINT ( 'NONE',  ( 106.5999999999999517, 91.20000000000001705, -49.00000000000000000 ) ) ;
#2306 = CIRCLE ( 'NONE', #2574, 3.499999999999989342 ) ;
#2307 = DIRECTION ( 'NONE',  ( 2.832201593431521726E-16, 0.000000000000000000, -1.000000000000000000 ) ) ;
#2308 = ORIENTED_EDGE ( 'NONE', *, *, #1235, .F. ) ;
#2309 = EDGE_CURVE ( 'NONE', #1925, #154, #2341, .T. ) ;
#2310 = AXIS2_PLACEMENT_3D ( 'NONE', #657, #1584, #288 ) ;
#2311 = VECTOR ( 'NONE', #771, 1000.000000000000000 ) ;
#2312 = APPLICATION_PROTOCOL_DEFINITION ( 'international standard', 'config_control_design', 1994, #1436 ) ;
#2313 = LINE ( 'NONE', #367, #1707 ) ;
#2314 = CARTESIAN_POINT ( 'NONE',  ( 0.000000000000000000, 93.90000000000000568, -2.775557561562891351E-14 ) ) ;
#2315 = AXIS2_PLACEMENT_3D ( 'NONE', #1392, #694, #752 ) ;
#2316 = CIRCLE ( 'NONE', #2163, 6.999999999999999112 ) ;
#2317 = EDGE_CURVE ( 'NONE', #1515, #2426, #2367, .T. ) ;
#2318 = ORIENTED_EDGE ( 'NONE', *, *, #592, .T. ) ;
#2319 = EDGE_LOOP ( 'NONE', ( #1970, #1001, #321, #2269, #382 ) ) ;
#2320 = DIRECTION ( 'NONE',  ( 0.000000000000000000, 0.000000000000000000, 1.000000000000000000 ) ) ;
#2321 = CARTESIAN_POINT ( 'NONE',  ( 103.0999999999999233, 0.000000000000000000, -48.99999999999998579 ) ) ;
#2322 = DIRECTION ( 'NONE',  ( -0.000000000000000000, 1.000000000000000000, -0.000000000000000000 ) ) ;
#2323 = DIRECTION ( 'NONE',  ( -0.000000000000000000, 1.000000000000000000, -0.000000000000000000 ) ) ;
#2324 = CARTESIAN_POINT ( 'NONE',  ( 95.59999999999993747, 0.000000000000000000, 49.00000000000000711 ) ) ;
#2325 = LINE ( 'NONE', #379, #404 ) ;
#2326 = ORIENTED_EDGE ( 'NONE', *, *, #527, .F. ) ;
#2327 = ORIENTED_EDGE ( 'NONE', *, *, #2317, .F. ) ;
#2328 = ADVANCED_FACE ( 'NONE', ( #192 ), #1913, .F. ) ;
#2329 = ORIENTED_EDGE ( 'NONE', *, *, #2797, .T. ) ;
#2330 = CARTESIAN_POINT ( 'NONE',  ( 128.5999999999999375, 93.90000000000000568, 49.00000000000000711 ) ) ;
#2331 = LINE ( 'NONE', #339, #2311 ) ;
#2332 = CARTESIAN_POINT ( 'NONE',  ( 177.0000000000000000, 0.000000000000000000, -57.50000000000000000 ) ) ;
#2333 = CARTESIAN_POINT ( 'NONE',  ( 161.9999999999999716, 6.000000000000000000, 74.15685424949238325 ) ) ;
#2334 = DIRECTION ( 'NONE',  ( 0.000000000000000000, 1.000000000000000000, 0.000000000000000000 ) ) ;
#2335 = CARTESIAN_POINT ( 'NONE',  ( 6.000000000000023981, 6.000000000000000000, 68.50000000000000000 ) ) ;
#2336 = VERTEX_POINT ( 'NONE', #1075 ) ;
#2337 = EDGE_CURVE ( 'NONE', #763, #1954, #2121, .T. ) ;
#2338 = EDGE_CURVE ( 'NONE', #503, #1673, #859, .T. ) ;
#2339 = ORIENTED_EDGE ( 'NONE', *, *, #1684, .F. ) ;
#2340 = CARTESIAN_POINT ( 'NONE',  ( 4.803617176566050695, 84.46503318019402684, 64.50000000000000000 ) ) ;
#2341 = LINE ( 'NONE', #2755, #305 ) ;
#2342 = EDGE_CURVE ( 'NONE', #301, #1949, #1895, .T. ) ;
#2343 = LINE ( 'NONE', #2567, #481 ) ;
#2344 = DIRECTION ( 'NONE',  ( 0.000000000000000000, 0.000000000000000000, 1.000000000000000000 ) ) ;
#2345 = CIRCLE ( 'NONE', #1391, 3.499999999999989342 ) ;
#2346 = LINE ( 'NONE', #2557, #2709 ) ;
#2347 = FACE_BOUND ( 'NONE', #1511, .T. ) ;
#2348 = CIRCLE ( 'NONE', #2069, 54.99999999999999289 ) ;
#2349 = AXIS2_PLACEMENT_3D ( 'NONE', #2518, #1237, #1196 ) ;
#2350 = AXIS2_PLACEMENT_3D ( 'NONE', #395, #205, #2767 ) ;
#2351 = AXIS2_PLACEMENT_3D ( 'NONE', #1396, #1809, #57 ) ;
#2352 = ORIENTED_EDGE ( 'NONE', *, *, #2535, .T. ) ;
#2353 = AXIS2_PLACEMENT_3D ( 'NONE', #1859, #2086, #1014 ) ;
#2354 = ORIENTED_EDGE ( 'NONE', *, *, #1122, .F. ) ;
#2355 = FACE_BOUND ( 'NONE', #975, .T. ) ;
#2356 = DIRECTION ( 'NONE',  ( 0.000000000000000000, 0.000000000000000000, 1.000000000000000000 ) ) ;
#2357 = ORIENTED_EDGE ( 'NONE', *, *, #2359, .F. ) ;
#2358 = DIRECTION ( 'NONE',  ( -0.000000000000000000, 1.000000000000000000, -0.000000000000000000 ) ) ;
#2359 = EDGE_CURVE ( 'NONE', #2671, #1356, #664, .T. ) ;
#2360 = CARTESIAN_POINT ( 'NONE',  ( 169.9999999999999716, 0.000000000000000000, 64.50000000000000000 ) ) ;
#2361 = DIRECTION ( 'NONE',  ( 0.000000000000000000, 1.000000000000000000, 0.000000000000000000 ) ) ;
#2362 = CARTESIAN_POINT ( 'NONE',  ( 88.09999999999998010, 93.90000000000000568, -49.00000000000000000 ) ) ;
#2363 = ORIENTED_EDGE ( 'NONE', *, *, #527, .T. ) ;
#2364 = ORIENTED_EDGE ( 'NONE', *, *, #616, .F. ) ;
#2365 = FACE_BOUND ( 'NONE', #60, .T. ) ;
#2366 = VERTEX_POINT ( 'NONE', #1738 ) ;
#2367 = LINE ( 'NONE', #1952, #2531 ) ;
#2368 = ORIENTED_EDGE ( 'NONE', *, *, #1712, .T. ) ;
#2369 = CARTESIAN_POINT ( 'NONE',  ( 121.0999999999999801, 0.000000000000000000, -48.99999999999999289 ) ) ;
#2370 = DIRECTION ( 'NONE',  ( 0.000000000000000000, 0.000000000000000000, 1.000000000000000000 ) ) ;
#2371 = EDGE_CURVE ( 'NONE', #2508, #1867, #402, .T. ) ;
#2372 = CARTESIAN_POINT ( 'NONE',  ( 0.000000000000000000, 93.90000000000000568, -64.50000000000000000 ) ) ;
#2373 = LINE ( 'NONE', #2419, #2077 ) ;
#2374 = ORIENTED_EDGE ( 'NONE', *, *, #1109, .F. ) ;
#2375 = EDGE_CURVE ( 'NONE', #1006, #659, #2397, .T. ) ;
#2376 = ORIENTED_EDGE ( 'NONE', *, *, #1213, .T. ) ;
#2377 = VERTEX_POINT ( 'NONE', #4 ) ;
#2378 = DIRECTION ( 'NONE',  ( 0.000000000000000000, 0.000000000000000000, 1.000000000000000000 ) ) ;
#2379 = ORIENTED_EDGE ( 'NONE', *, *, #617, .F. ) ;
#2380 = CARTESIAN_POINT ( 'NONE',  ( 172.5999999999999943, 93.90000000000000568, 52.50000000000003553 ) ) ;
#2381 = ORIENTED_EDGE ( 'NONE', *, *, #1118, .T. ) ;
#2382 = DIRECTION ( 'NONE',  ( 0.000000000000000000, 0.000000000000000000, 1.000000000000000000 ) ) ;
#2383 = DIRECTION ( 'NONE',  ( -0.000000000000000000, 1.000000000000000000, -0.000000000000000000 ) ) ;
#2384 = PRODUCT_RELATED_PRODUCT_CATEGORY ( 'detail', '', ( #563 ) ) ;
#2385 = CARTESIAN_POINT ( 'NONE',  ( 0.000000000000000000, 93.90000000000000568, -2.775557561562891351E-14 ) ) ;
#2386 = CARTESIAN_POINT ( 'NONE',  ( 7.194442299442376232, 84.20000000000001705, 64.50000000000000000 ) ) ;
#2387 = EDGE_CURVE ( 'NONE', #2656, #2577, #1262, .T. ) ;
#2388 = VECTOR ( 'NONE', #2043, 1000.000000000000000 ) ;
#2389 = ORIENTED_EDGE ( 'NONE', *, *, #2696, .T. ) ;
#2390 = ADVANCED_FACE ( 'NONE', ( #2602 ), #1062, .F. ) ;
#2391 = AXIS2_PLACEMENT_3D ( 'NONE', #2299, #1656, #2527 ) ;
#2392 = AXIS2_PLACEMENT_3D ( 'NONE', #749, #2085, #1858 ) ;
#2393 = AXIS2_PLACEMENT_3D ( 'NONE', #446, #2479, #2452 ) ;
#2394 = CIRCLE ( 'NONE', #535, 3.500000000000016875 ) ;
#2395 = ORIENTED_EDGE ( 'NONE', *, *, #287, .F. ) ;
#2396 = CARTESIAN_POINT ( 'NONE',  ( 21.84856974723963319, 84.20000000000001705, -64.50000000000000000 ) ) ;
#2397 = B_SPLINE_CURVE_WITH_KNOTS ( 'NONE', 3,
 ( #636, #2111, #1525, #648 ),
 .UNSPECIFIED., .F., .F.,
 ( 4, 4 ),
 ( 6.938893903907228378E-18, 0.001280627636632879988 ),
 .UNSPECIFIED. ) ;
#2398 = DIRECTION ( 'NONE',  ( -1.000000000000000000, 0.000000000000000000, 0.000000000000000000 ) ) ;
#2399 = CIRCLE ( 'NONE', #1581, 2.000000000000001776 ) ;
#2400 = VECTOR ( 'NONE', #1238, 1000.000000000000000 ) ;
#2401 = ORIENTED_EDGE ( 'NONE', *, *, #46, .T. ) ;
#2402 = DIRECTION ( 'NONE',  ( -0.000000000000000000, 1.000000000000000000, -0.000000000000000000 ) ) ;
#2403 = CARTESIAN_POINT ( 'NONE',  ( 114.0999999999999517, 93.90000000000000568, -48.99999999999999289 ) ) ;
#2404 = AXIS2_PLACEMENT_3D ( 'NONE', #985, #2334, #159 ) ;
#2405 = ORIENTED_EDGE ( 'NONE', *, *, #2371, .T. ) ;
#2406 = CARTESIAN_POINT ( 'NONE',  ( 161.6000000000000227, 93.90000000000000568, 52.50000000000002132 ) ) ;
#2407 = CARTESIAN_POINT ( 'NONE',  ( 150.5999999999999659, 91.20000000000001705, 49.00000000000000000 ) ) ;
#2408 = CIRCLE ( 'NONE', #593, 6.999999999999999112 ) ;
#2409 = ORIENTED_EDGE ( 'NONE', *, *, #428, .F. ) ;
#2410 = EDGE_CURVE ( 'NONE', #491, #866, #2784, .T. ) ;
#2411 = VERTEX_POINT ( 'NONE', #182 ) ;
#2412 = DIRECTION ( 'NONE',  ( -0.000000000000000000, -0.000000000000000000, -1.000000000000000000 ) ) ;
#2413 = EDGE_CURVE ( 'NONE', #790, #2297, #829, .T. ) ;
#2414 = ORIENTED_EDGE ( 'NONE', *, *, #1071, .F. ) ;
#2415 = CARTESIAN_POINT ( 'NONE',  ( 161.9999999999999716, 6.000000000000000000, 64.50000000000000000 ) ) ;
#2416 = LINE ( 'NONE', #507, #2073 ) ;
#2417 = VERTEX_POINT ( 'NONE', #2380 ) ;
#2418 = DIRECTION ( 'NONE',  ( 0.000000000000000000, 0.000000000000000000, 1.000000000000000000 ) ) ;
#2419 = CARTESIAN_POINT ( 'NONE',  ( 165.1000000000000227, 0.000000000000000000, -49.00000000000000000 ) ) ;
#2420 = DIRECTION ( 'NONE',  ( -0.000000000000000000, -0.000000000000000000, -1.000000000000000000 ) ) ;
#2421 = ORIENTED_EDGE ( 'NONE', *, *, #919, .T. ) ;
#2422 = CC_DESIGN_DATE_AND_TIME_ASSIGNMENT ( #1411, #1028, ( #2223 ) ) ;
#2423 = ORIENTED_EDGE ( 'NONE', *, *, #2478, .F. ) ;
#2424 = CARTESIAN_POINT ( 'NONE',  ( 88.09999999999998010, 0.000000000000000000, 49.00000000000000711 ) ) ;
#2425 = EDGE_CURVE ( 'NONE', #1725, #1718, #2078, .T. ) ;
#2426 = VERTEX_POINT ( 'NONE', #2769 ) ;
#2427 = CARTESIAN_POINT ( 'NONE',  ( 81.09999999999998010, 93.90000000000000568, 49.00000000000000711 ) ) ;
#2428 = EDGE_CURVE ( 'NONE', #2627, #572, #853, .T. ) ;
#2429 = DIRECTION ( 'NONE',  ( 0.000000000000000000, 0.000000000000000000, 1.000000000000000000 ) ) ;
#2430 = VECTOR ( 'NONE', #1143, 1000.000000000000000 ) ;
#2431 = VERTEX_POINT ( 'NONE', #1701 ) ;
#2432 = DIRECTION ( 'NONE',  ( -0.000000000000000000, 0.000000000000000000, -1.000000000000000000 ) ) ;
#2433 = DIRECTION ( 'NONE',  ( 0.000000000000000000, 0.000000000000000000, 1.000000000000000000 ) ) ;
#2434 = VERTEX_POINT ( 'NONE', #223 ) ;
#2435 = ORIENTED_EDGE ( 'NONE', *, *, #2778, .F. ) ;
#2436 = CIRCLE ( 'NONE', #123, 2.000000000000001776 ) ;
#2437 = AXIS2_PLACEMENT_3D ( 'NONE', #114, #2088, #588 ) ;
#2438 = VERTEX_POINT ( 'NONE', #879 ) ;
#2439 = CARTESIAN_POINT ( 'NONE',  ( 106.5999999999999517, 0.000000000000000000, 49.00000000000000000 ) ) ;
#2440 = AXIS2_PLACEMENT_3D ( 'NONE', #2314, #1907, #1480 ) ;
#2441 = VECTOR ( 'NONE', #447, 1000.000000000000000 ) ;
#2442 = ORIENTED_EDGE ( 'NONE', *, *, #495, .T. ) ;
#2443 = VECTOR ( 'NONE', #643, 1000.000000000000000 ) ;
#2444 = DIRECTION ( 'NONE',  ( -1.000000000000000000, 0.000000000000000000, 0.000000000000000000 ) ) ;
#2445 = CYLINDRICAL_SURFACE ( 'NONE', #2025, 3.500000000000003109 ) ;
#2446 = EDGE_LOOP ( 'NONE', ( #825, #1312, #2662, #1303 ) ) ;
#2447 = EDGE_CURVE ( 'NONE', #199, #2431, #1716, .T. ) ;
#2448 = CYLINDRICAL_SURFACE ( 'NONE', #1756, 2.000000000000001776 ) ;
#2449 = DIRECTION ( 'NONE',  ( 0.000000000000000000, 0.000000000000000000, 1.000000000000000000 ) ) ;
#2450 = ORIENTED_EDGE ( 'NONE', *, *, #1999, .F. ) ;
#2451 = ORIENTED_EDGE ( 'NONE', *, *, #1698, .T. ) ;
#2452 = DIRECTION ( 'NONE',  ( 0.000000000000000000, 0.000000000000000000, 1.000000000000000000 ) ) ;
#2453 = ORIENTED_EDGE ( 'NONE', *, *, #2517, .T. ) ;
#2454 = CARTESIAN_POINT ( 'NONE',  ( 154.0999999999999659, 0.000000000000000000, -49.00000000000000000 ) ) ;
#2455 = ORIENTED_EDGE ( 'NONE', *, *, #220, .F. ) ;
#2456 = CARTESIAN_POINT ( 'NONE',  ( 121.0999999999999801, 0.000000000000000000, -48.99999999999999289 ) ) ;
#2457 = CARTESIAN_POINT ( 'NONE',  ( 121.0999999999999801, 0.000000000000000000, 49.00000000000000711 ) ) ;
#2458 = ORIENTED_EDGE ( 'NONE', *, *, #2608, .F. ) ;
#2459 = CARTESIAN_POINT ( 'NONE',  ( 0.000000000000000000, 0.000000000000000000, 0.000000000000000000 ) ) ;
#2460 = CARTESIAN_POINT ( 'NONE',  ( 128.5999999999999375, 93.90000000000000568, 52.50000000000000000 ) ) ;
#2461 = ORIENTED_EDGE ( 'NONE', *, *, #919, .F. ) ;
#2462 = EDGE_CURVE ( 'NONE', #1622, #706, #1287, .T. ) ;
#2463 = DIRECTION ( 'NONE',  ( 0.000000000000000000, 1.000000000000000000, 0.000000000000000000 ) ) ;
#2464 = CARTESIAN_POINT ( 'NONE',  ( 150.5999999999999659, 91.20000000000001705, 52.49999999999999289 ) ) ;
#2465 = CARTESIAN_POINT ( 'NONE',  ( 7.898971854500428100E-15, 91.20000000000001705, 64.50000000000000000 ) ) ;
#2466 = ADVANCED_FACE ( 'NONE', ( #1813 ), #1103, .F. ) ;
#2467 = VERTEX_POINT ( 'NONE', #2654 ) ;
#2468 = CARTESIAN_POINT ( 'NONE',  ( 84.99999999999998579, 6.000000000000000000, 74.15685424949238325 ) ) ;
#2469 = ORIENTED_EDGE ( 'NONE', *, *, #2596, .T. ) ;
#2470 = CYLINDRICAL_SURFACE ( 'NONE', #1749, 3.499999999999989342 ) ;
#2471 = CARTESIAN_POINT ( 'NONE',  ( 132.0999999999999375, 0.000000000000000000, -48.99999999999999289 ) ) ;
#2472 = ORIENTED_EDGE ( 'NONE', *, *, #2425, .T. ) ;
#2473 = DIRECTION ( 'NONE',  ( -1.000000000000000000, 0.000000000000000000, -0.000000000000000000 ) ) ;
#2474 = CYLINDRICAL_SURFACE ( 'NONE', #2657, 3.499999999999989342 ) ;
#2475 = EDGE_LOOP ( 'NONE', ( #55, #265, #646, #1592 ) ) ;
#2476 = CARTESIAN_POINT ( 'NONE',  ( 173.9999999999999716, 0.000000000000000000, -61.50000000000006395 ) ) ;
#2477 = ORIENTED_EDGE ( 'NONE', *, *, #2428, .T. ) ;
#2478 = EDGE_CURVE ( 'NONE', #665, #733, #1173, .T. ) ;
#2479 = DIRECTION ( 'NONE',  ( 0.000000000000000000, 1.000000000000000000, 0.000000000000000000 ) ) ;
#2480 = EDGE_CURVE ( 'NONE', #1232, #1806, #677, .T. ) ;
#2481 = ORIENTED_EDGE ( 'NONE', *, *, #1469, .T. ) ;
#2482 = EDGE_CURVE ( 'NONE', #1778, #115, #721, .T. ) ;
#2483 = LINE ( 'NONE', #122, #79 ) ;
#2484 = AXIS2_PLACEMENT_3D ( 'NONE', #2305, #566, #1831 ) ;
#2485 = AXIS2_PLACEMENT_3D ( 'NONE', #1561, #709, #101 ) ;
#2486 = DIRECTION ( 'NONE',  ( -1.416100796715760863E-16, -0.000000000000000000, -1.000000000000000000 ) ) ;
#2487 = DIRECTION ( 'NONE',  ( -0.000000000000000000, -0.000000000000000000, 1.000000000000000000 ) ) ;
#2488 = CIRCLE ( 'NONE', #1256, 2.000000000000001776 ) ;
#2489 = AXIS2_PLACEMENT_3D ( 'NONE', #2633, #737, #1360 ) ;
#2490 = AXIS2_PLACEMENT_3D ( 'NONE', #322, #1448, #1194 ) ;
#2491 = ORIENTED_EDGE ( 'NONE', *, *, #1966, .T. ) ;
#2492 = CARTESIAN_POINT ( 'NONE',  ( 0.000000000000000000, 93.90000000000000568, 64.50000000000000000 ) ) ;
#2493 = PLANE ( 'NONE',  #2437 ) ;
#2494 = VERTEX_POINT ( 'NONE', #504 ) ;
#2495 = AXIS2_PLACEMENT_3D ( 'NONE', #1843, #2706, #1637 ) ;
#2496 = CALENDAR_DATE ( 2026, 21, 4 ) ;
#2497 = CARTESIAN_POINT ( 'NONE',  ( 8.000000000000021316, 6.000000000000000000, 74.15685424949238325 ) ) ;
#2498 = DIRECTION ( 'NONE',  ( 0.000000000000000000, 0.000000000000000000, 1.000000000000000000 ) ) ;
#2499 = ORIENTED_EDGE ( 'NONE', *, *, #119, .F. ) ;
#2500 = ORIENTED_EDGE ( 'NONE', *, *, #1869, .F. ) ;
#2501 = DIRECTION ( 'NONE',  ( -0.000000000000000000, -0.000000000000000000, -1.000000000000000000 ) ) ;
#2502 = ADVANCED_FACE ( 'NONE', ( #1586 ), #1993, .F. ) ;
#2503 = PRODUCT_DEFINITION_FORMATION_WITH_SPECIFIED_SOURCE ( 'ANY', '', #563, .NOT_KNOWN. ) ;
#2504 = LINE ( 'NONE', #1405, #355 ) ;
#2505 = DIRECTION ( 'NONE',  ( -0.000000000000000000, -0.000000000000000000, -1.000000000000000000 ) ) ;
#2506 = CARTESIAN_POINT ( 'NONE',  ( 84.99999999999998579, 6.000000000000000000, -68.50000000000002842 ) ) ;
#2507 = DIRECTION ( 'NONE',  ( 0.000000000000000000, 1.000000000000000000, 0.000000000000000000 ) ) ;
#2508 = VERTEX_POINT ( 'NONE', #460 ) ;
#2509 = DATE_AND_TIME ( #974, #43 ) ;
#2510 = FACE_OUTER_BOUND ( 'NONE', #1142, .T. ) ;
#2511 = CARTESIAN_POINT ( 'NONE',  ( 161.6000000000000227, 0.000000000000000000, 49.00000000000000000 ) ) ;
#2512 = VERTEX_POINT ( 'NONE', #2616 ) ;
#2513 = EDGE_LOOP ( 'NONE', ( #112, #2783, #1193, #1114 ) ) ;
#2514 = LINE ( 'NONE', #2054, #2745 ) ;
#2515 = EDGE_CURVE ( 'NONE', #1562, #2295, #2028, .T. ) ;
#2516 = DIRECTION ( 'NONE',  ( 0.000000000000000000, 0.000000000000000000, 1.000000000000000000 ) ) ;
#2517 = EDGE_CURVE ( 'NONE', #250, #1523, #1135, .T. ) ;
#2518 = CARTESIAN_POINT ( 'NONE',  ( 106.5999999999999517, 93.90000000000000568, 49.00000000000000000 ) ) ;
#2519 = EDGE_CURVE ( 'NONE', #1068, #790, #1306, .T. ) ;
#2520 = CARTESIAN_POINT ( 'NONE',  ( 125.0999999999999659, 91.20000000000001705, 49.00000000000000711 ) ) ;
#2521 = DIRECTION ( 'NONE',  ( 0.000000000000000000, 0.000000000000000000, -1.000000000000000000 ) ) ;
#2522 = DIRECTION ( 'NONE',  ( 0.000000000000000000, -1.000000000000000000, 0.000000000000000000 ) ) ;
#2523 = CARTESIAN_POINT ( 'NONE',  ( 177.0000000000000000, 0.000000000000000000, 57.49999999999999289 ) ) ;
#2524 = EDGE_LOOP ( 'NONE', ( #2499, #1729, #2364, #1113 ) ) ;
#2525 = ORIENTED_EDGE ( 'NONE', *, *, #1419, .F. ) ;
#2526 = DIRECTION ( 'NONE',  ( 0.000000000000000000, 0.000000000000000000, 1.000000000000000000 ) ) ;
#2527 = DIRECTION ( 'NONE',  ( 0.000000000000000000, 0.000000000000000000, 1.000000000000000000 ) ) ;
#2528 = PLANE ( 'NONE',  #991 ) ;
#2529 = AXIS2_PLACEMENT_3D ( 'NONE', #266, #2643, #2227 ) ;
#2530 = FACE_OUTER_BOUND ( 'NONE', #408, .T. ) ;
#2531 = VECTOR ( 'NONE', #396, 1000.000000000000000 ) ;
#2532 = DIRECTION ( 'NONE',  ( 0.000000000000000000, 0.000000000000000000, 1.000000000000000000 ) ) ;
#2533 = VECTOR ( 'NONE', #2235, 1000.000000000000000 ) ;
#2534 = AXIS2_PLACEMENT_3D ( 'NONE', #1300, #1514, #2166 ) ;
#2535 = EDGE_CURVE ( 'NONE', #1997, #689, #921, .T. ) ;
#2536 = FACE_OUTER_BOUND ( 'NONE', #472, .T. ) ;
#2537 = DIRECTION ( 'NONE',  ( 2.832201593431521726E-16, 0.000000000000000000, -1.000000000000000000 ) ) ;
#2538 = VECTOR ( 'NONE', #2806, 1000.000000000000000 ) ;
#2539 = VECTOR ( 'NONE', #1733, 1000.000000000000000 ) ;
#2540 = ORIENTED_EDGE ( 'NONE', *, *, #1969, .T. ) ;
#2541 = ORIENTED_EDGE ( 'NONE', *, *, #1964, .F. ) ;
#2542 = DIRECTION ( 'NONE',  ( -0.000000000000000000, -1.000000000000000000, -0.000000000000000000 ) ) ;
#2543 = CARTESIAN_POINT ( 'NONE',  ( 161.6000000000000227, 91.20000000000001705, 49.00000000000000000 ) ) ;
#2544 = DIRECTION ( 'NONE',  ( 0.000000000000000000, 0.000000000000000000, 1.000000000000000000 ) ) ;
#2545 = CARTESIAN_POINT ( 'NONE',  ( 159.9999999999999716, 6.000000000000000000, 68.50000000000000000 ) ) ;
#2546 = ORIENTED_EDGE ( 'NONE', *, *, #589, .T. ) ;
#2547 = PERSON_AND_ORGANIZATION_ROLE ( 'creator' ) ;
#2548 = PLANE ( 'NONE',  #1796 ) ;
#2549 = CARTESIAN_POINT ( 'NONE',  ( 92.09999999999993747, 0.000000000000000000, -48.99999999999999289 ) ) ;
#2550 = ADVANCED_FACE ( 'NONE', ( #1316 ), #1554, .F. ) ;
#2551 = ORIENTED_EDGE ( 'NONE', *, *, #457, .F. ) ;
#2552 = EDGE_LOOP ( 'NONE', ( #2708, #120 ) ) ;
#2553 = FACE_BOUND ( 'NONE', #1063, .T. ) ;
#2554 = DIRECTION ( 'NONE',  ( 0.000000000000000000, 1.000000000000000000, -0.000000000000000000 ) ) ;
#2555 = CARTESIAN_POINT ( 'NONE',  ( 0.000000000000000000, 91.20000000000001705, 54.99999999999999289 ) ) ;
#2556 = CARTESIAN_POINT ( 'NONE',  ( 84.59999999999998010, 93.90000000000000568, 49.00000000000000711 ) ) ;
#2557 = CARTESIAN_POINT ( 'NONE',  ( 163.9999999999999716, 6.000000000000000000, 74.15685424949238325 ) ) ;
#2558 = DIRECTION ( 'NONE',  ( 0.000000000000000000, 0.000000000000000000, 1.000000000000000000 ) ) ;
#2559 = ORIENTED_EDGE ( 'NONE', *, *, #1458, .T. ) ;
#2560 = ADVANCED_FACE ( 'NONE', ( #1792 ), #2238, .F. ) ;
#2561 = VERTEX_POINT ( 'NONE', #471 ) ;
#2562 = CIRCLE ( 'NONE', #1563, 1.999999999999996669 ) ;
#2563 = EDGE_CURVE ( 'NONE', #598, #1725, #1768, .T. ) ;
#2564 = EDGE_LOOP ( 'NONE', ( #1585, #2032, #1191, #564, #1739, #1101 ) ) ;
#2565 = DIRECTION ( 'NONE',  ( 0.000000000000000000, 1.000000000000000000, 0.000000000000000000 ) ) ;
#2566 = CARTESIAN_POINT ( 'NONE',  ( 147.0999999999999943, 0.000000000000000000, -49.00000000000000000 ) ) ;
#2567 = CARTESIAN_POINT ( 'NONE',  ( 159.9999999999999716, 6.000000000000000000, 74.15685424949238325 ) ) ;
#2568 = LINE ( 'NONE', #845, #168 ) ;
#2569 = AXIS2_PLACEMENT_3D ( 'NONE', #1692, #6, #650 ) ;
#2570 = VECTOR ( 'NONE', #1053, 1000.000000000000000 ) ;
#2571 = DIRECTION ( 'NONE',  ( 0.000000000000000000, 1.000000000000000000, -0.000000000000000000 ) ) ;
#2572 = CARTESIAN_POINT ( 'NONE',  ( 95.59999999999993747, 0.000000000000000000, -48.99999999999999289 ) ) ;
#2573 = AXIS2_PLACEMENT_3D ( 'NONE', #1912, #181, #1689 ) ;
#2574 = AXIS2_PLACEMENT_3D ( 'NONE', #2101, #1657, #2719 ) ;
#2575 = CIRCLE ( 'NONE', #215, 3.500000000000031086 ) ;
#2576 = VECTOR ( 'NONE', #2420, 1000.000000000000000 ) ;
#2577 = VERTEX_POINT ( 'NONE', #892 ) ;
#2578 = AXIS2_PLACEMENT_3D ( 'NONE', #1432, #2322, #1408 ) ;
#2579 = ORIENTED_EDGE ( 'NONE', *, *, #2746, .T. ) ;
#2580 = CARTESIAN_POINT ( 'NONE',  ( 2.405560562770789890, 84.60000000000005116, 64.50000000000000000 ) ) ;
#2581 = DIRECTION ( 'NONE',  ( 0.000000000000000000, 0.000000000000000000, 1.000000000000000000 ) ) ;
#2582 = EDGE_CURVE ( 'NONE', #1881, #1414, #2795, .T. ) ;
#2583 = DIRECTION ( 'NONE',  ( 0.000000000000000000, 1.000000000000000000, 0.000000000000000000 ) ) ;
#2584 = LINE ( 'NONE', #641, #806 ) ;
#2585 = LINE ( 'NONE', #846, #2651 ) ;
#2586 = DIRECTION ( 'NONE',  ( -0.000000000000000000, 1.000000000000000000, -0.000000000000000000 ) ) ;
#2587 = ORIENTED_EDGE ( 'NONE', *, *, #589, .F. ) ;
#2588 = ORIENTED_EDGE ( 'NONE', *, *, #764, .T. ) ;
#2589 = FACE_OUTER_BOUND ( 'NONE', #2785, .T. ) ;
#2590 = DIRECTION ( 'NONE',  ( 0.000000000000000000, 0.000000000000000000, -1.000000000000000000 ) ) ;
#2591 = ADVANCED_FACE ( 'NONE', ( #909 ), #1339, .F. ) ;
#2592 = ORIENTED_EDGE ( 'NONE', *, *, #2447, .F. ) ;
#2593 = ADVANCED_FACE ( 'NONE', ( #2639 ), #950, .F. ) ;
#2594 = CARTESIAN_POINT ( 'NONE',  ( 172.5999999999999943, 0.000000000000000000, 49.00000000000001421 ) ) ;
#2595 = CARTESIAN_POINT ( 'NONE',  ( 114.0999999999999517, 0.000000000000000000, 49.00000000000000711 ) ) ;
#2596 = EDGE_CURVE ( 'NONE', #733, #763, #307, .T. ) ;
#2597 = LINE ( 'NONE', #1084, #765 ) ;
#2598 = CARTESIAN_POINT ( 'NONE',  ( 165.1000000000000227, 0.000000000000000000, -49.00000000000000000 ) ) ;
#2599 = ORIENTED_EDGE ( 'NONE', *, *, #1054, .F. ) ;
#2600 = ORIENTED_EDGE ( 'NONE', *, *, #1247, .T. ) ;
#2601 = FACE_OUTER_BOUND ( 'NONE', #2634, .T. ) ;
#2602 = FACE_OUTER_BOUND ( 'NONE', #955, .T. ) ;
#2603 = ORIENTED_EDGE ( 'NONE', *, *, #2317, .T. ) ;
#2604 = CARTESIAN_POINT ( 'NONE',  ( 176.1000000000000227, 91.20000000000001705, 49.00000000000001421 ) ) ;
#2605 = DIRECTION ( 'NONE',  ( -1.000000000000000000, 0.000000000000000000, 0.000000000000000000 ) ) ;
#2606 = DIRECTION ( 'NONE',  ( 1.000000000000000000, 0.000000000000000000, -0.000000000000000000 ) ) ;
#2607 = CARTESIAN_POINT ( 'NONE',  ( 132.0999999999999375, 93.90000000000000568, -48.99999999999999289 ) ) ;
#2608 = EDGE_CURVE ( 'NONE', #790, #2494, #2483, .T. ) ;
#2609 = AXIS2_PLACEMENT_3D ( 'NONE', #519, #1183, #1119 ) ;
#2610 = ORIENTED_EDGE ( 'NONE', *, *, #1255, .T. ) ;
#2611 = CIRCLE ( 'NONE', #1526, 68.50000000000000000 ) ;
#2612 = AXIS2_PLACEMENT_3D ( 'NONE', #705, #1138, #267 ) ;
#2613 = VECTOR ( 'NONE', #2064, 1000.000000000000000 ) ;
#2614 = AXIS2_PLACEMENT_3D ( 'NONE', #2468, #1748, #1963 ) ;
#2615 = EDGE_LOOP ( 'NONE', ( #296, #1189 ) ) ;
#2616 = CARTESIAN_POINT ( 'NONE',  ( 159.9999999999999716, 6.000000000000000000, 64.50000000000000000 ) ) ;
#2617 = VECTOR ( 'NONE', #1578, 1000.000000000000000 ) ;
#2618 = ORIENTED_EDGE ( 'NONE', *, *, #726, .T. ) ;
#2619 = FACE_OUTER_BOUND ( 'NONE', #1484, .T. ) ;
#2620 = LINE ( 'NONE', #2457, #486 ) ;
#2621 = ORIENTED_EDGE ( 'NONE', *, *, #2003, .T. ) ;
#2622 = PLANE ( 'NONE',  #1976 ) ;
#2623 = CARTESIAN_POINT ( 'NONE',  ( 0.000000000000000000, 93.90000000000000568, -64.50000000000000000 ) ) ;
#2624 = ORIENTED_EDGE ( 'NONE', *, *, #2676, .T. ) ;
#2625 = EDGE_CURVE ( 'NONE', #665, #1954, #780, .T. ) ;
#2626 = PLANE ( 'NONE',  #1582 ) ;
#2627 = VERTEX_POINT ( 'NONE', #747 ) ;
#2628 = EDGE_CURVE ( 'NONE', #2638, #1925, #2394, .T. ) ;
#2629 = ORIENTED_EDGE ( 'NONE', *, *, #2447, .T. ) ;
#2630 = DIRECTION ( 'NONE',  ( -0.000000000000000000, -0.000000000000000000, 1.000000000000000000 ) ) ;
#2631 = ORIENTED_EDGE ( 'NONE', *, *, #760, .T. ) ;
#2632 = DIRECTION ( 'NONE',  ( 0.000000000000000000, 1.000000000000000000, 0.000000000000000000 ) ) ;
#2633 = CARTESIAN_POINT ( 'NONE',  ( 139.5999999999999375, 0.000000000000000000, 49.00000000000000000 ) ) ;
#2634 = EDGE_LOOP ( 'NONE', ( #1466, #2222, #1274, #1767 ) ) ;
#2635 = DIRECTION ( 'NONE',  ( -0.000000000000000000, -0.000000000000000000, -1.000000000000000000 ) ) ;
#2636 = FACE_OUTER_BOUND ( 'NONE', #1821, .T. ) ;
#2637 = DIRECTION ( 'NONE',  ( 0.000000000000000000, 0.000000000000000000, 1.000000000000000000 ) ) ;
#2638 = VERTEX_POINT ( 'NONE', #108 ) ;
#2639 = FACE_OUTER_BOUND ( 'NONE', #614, .T. ) ;
#2640 = ADVANCED_FACE ( 'NONE', ( #560, #2083, #2251, #994 ), #1633, .T. ) ;
#2641 = ORIENTED_EDGE ( 'NONE', *, *, #702, .F. ) ;
#2642 = AXIS2_PLACEMENT_3D ( 'NONE', #775, #1906, #1045 ) ;
#2643 = DIRECTION ( 'NONE',  ( 0.000000000000000000, 1.000000000000000000, 0.000000000000000000 ) ) ;
#2644 = DIRECTION ( 'NONE',  ( -0.000000000000000000, 1.000000000000000000, -0.000000000000000000 ) ) ;
#2645 = ORIENTED_EDGE ( 'NONE', *, *, #993, .T. ) ;
#2646 = LINE ( 'NONE', #1126, #1354 ) ;
#2647 = DIRECTION ( 'NONE',  ( -0.000000000000000000, 1.000000000000000000, -0.000000000000000000 ) ) ;
#2648 = ORIENTED_EDGE ( 'NONE', *, *, #495, .F. ) ;
#2649 = VERTEX_POINT ( 'NONE', #1856 ) ;
#2650 = CARTESIAN_POINT ( 'NONE',  ( 181.0000000000000000, 0.000000000000000000, 61.50000000000000711 ) ) ;
#2651 = VECTOR ( 'NONE', #2135, 1000.000000000000000 ) ;
#2652 = AXIS2_PLACEMENT_3D ( 'NONE', #17, #236, #704 ) ;
#2653 = ORIENTED_EDGE ( 'NONE', *, *, #1472, .F. ) ;
#2654 = CARTESIAN_POINT ( 'NONE',  ( 7.194442299442376232, 84.20000000000001705, -64.50000000000000000 ) ) ;
#2655 = VECTOR ( 'NONE', #1836, 1000.000000000000000 ) ;
#2656 = VERTEX_POINT ( 'NONE', #1178 ) ;
#2657 = AXIS2_PLACEMENT_3D ( 'NONE', #1820, #2647, #2679 ) ;
#2658 = DIRECTION ( 'NONE',  ( 0.000000000000000000, 0.000000000000000000, -1.000000000000000000 ) ) ;
#2659 = AXIS2_PLACEMENT_3D ( 'NONE', #2424, #2205, #700 ) ;
#2660 = EDGE_CURVE ( 'NONE', #1949, #1325, #963, .T. ) ;
#2661 = DIRECTION ( 'NONE',  ( -0.000000000000000000, -0.000000000000000000, -1.000000000000000000 ) ) ;
#2662 = ORIENTED_EDGE ( 'NONE', *, *, #2387, .T. ) ;
#2663 = CARTESIAN_POINT ( 'NONE',  ( 136.0999999999999659, 0.000000000000000000, -49.00000000000000000 ) ) ;
#2664 = CARTESIAN_POINT ( 'NONE',  ( 95.59999999999993747, 91.20000000000001705, 49.00000000000000711 ) ) ;
#2665 = ORIENTED_EDGE ( 'NONE', *, *, #77, .F. ) ;
#2666 = LINE ( 'NONE', #1788, #2211 ) ;
#2667 = ORIENTED_EDGE ( 'NONE', *, *, #1332, .T. ) ;
#2668 = LINE ( 'NONE', #891, #857 ) ;
#2669 = ORIENTED_EDGE ( 'NONE', *, *, #1731, .T. ) ;
#2670 = CARTESIAN_POINT ( 'NONE',  ( 158.0999999999999943, 91.20000000000001705, 0.000000000000000000 ) ) ;
#2671 = VERTEX_POINT ( 'NONE', #2283 ) ;
#2672 = EDGE_CURVE ( 'NONE', #2377, #1622, #140, .T. ) ;
#2673 = LINE ( 'NONE', #247, #1799 ) ;
#2674 = EDGE_CURVE ( 'NONE', #1994, #1544, #1826, .T. ) ;
#2675 = CARTESIAN_POINT ( 'NONE',  ( 88.09999999999998010, 91.20000000000001705, 49.00000000000000711 ) ) ;
#2676 = EDGE_CURVE ( 'NONE', #221, #1108, #2716, .T. ) ;
#2677 = ORIENTED_EDGE ( 'NONE', *, *, #793, .T. ) ;
#2678 = LINE ( 'NONE', #1773, #2617 ) ;
#2679 = DIRECTION ( 'NONE',  ( 0.000000000000000000, 0.000000000000000000, 1.000000000000000000 ) ) ;
#2680 = ORIENTED_EDGE ( 'NONE', *, *, #2195, .F. ) ;
#2681 = EDGE_CURVE ( 'NONE', #5, #2417, #2514, .T. ) ;
#2682 = APPLICATION_PROTOCOL_DEFINITION ( 'international standard', 'config_control_design', 1994, #2125 ) ;
#2683 = DIRECTION ( 'NONE',  ( 0.000000000000000000, 0.000000000000000000, 1.000000000000000000 ) ) ;
#2684 = LINE ( 'NONE', #2037, #2533 ) ;
#2685 = EDGE_LOOP ( 'NONE', ( #1402, #2588, #2058, #2010 ) ) ;
#2686 = DIRECTION ( 'NONE',  ( -1.000000000000000000, 0.000000000000000000, 1.416100796715761110E-16 ) ) ;
#2687 = CARTESIAN_POINT ( 'NONE',  ( 7.898971854500428100E-15, 93.90000000000000568, 64.50000000000000000 ) ) ;
#2688 = DIRECTION ( 'NONE',  ( 0.000000000000000000, 0.000000000000000000, -1.000000000000000000 ) ) ;
#2689 = ORIENTED_EDGE ( 'NONE', *, *, #2628, .T. ) ;
#2690 = FACE_OUTER_BOUND ( 'NONE', #1136, .T. ) ;
#2691 = DIRECTION ( 'NONE',  ( -0.000000000000000000, 0.000000000000000000, -1.000000000000000000 ) ) ;
#2692 = ORIENTED_EDGE ( 'NONE', *, *, #2309, .F. ) ;
#2693 = COORDINATED_UNIVERSAL_TIME_OFFSET ( 6, 0, .BEHIND. ) ;
#2694 = ORIENTED_EDGE ( 'NONE', *, *, #346, .F. ) ;
#2695 = LINE ( 'NONE', #1398, #359 ) ;
#2696 = EDGE_CURVE ( 'NONE', #262, #1232, #904, .T. ) ;
#2697 = ORIENTED_EDGE ( 'NONE', *, *, #203, .F. ) ;
#2698 = CARTESIAN_POINT ( 'NONE',  ( 103.0999999999999233, 93.90000000000000568, -48.99999999999998579 ) ) ;
#2699 = AXIS2_PLACEMENT_3D ( 'NONE', #2459, #509, #2243 ) ;
#2700 = AXIS2_PLACEMENT_3D ( 'NONE', #425, #2383, #2370 ) ;
#2701 = DIRECTION ( 'NONE',  ( -0.000000000000000000, -0.000000000000000000, -1.000000000000000000 ) ) ;
#2702 = DIRECTION ( 'NONE',  ( 0.000000000000000000, 0.000000000000000000, 1.000000000000000000 ) ) ;
#2703 = AXIS2_PLACEMENT_3D ( 'NONE', #1927, #1079, #1042 ) ;
#2704 = VECTOR ( 'NONE', #2537, 1000.000000000000000 ) ;
#2705 = VECTOR ( 'NONE', #422, 1000.000000000000000 ) ;
#2706 = DIRECTION ( 'NONE',  ( -0.000000000000000000, -1.000000000000000000, 0.000000000000000000 ) ) ;
#2707 = DIRECTION ( 'NONE',  ( 0.000000000000000000, 0.000000000000000000, 1.000000000000000000 ) ) ;
#2708 = ORIENTED_EDGE ( 'NONE', *, *, #2133, .F. ) ;
#2709 = VECTOR ( 'NONE', #1945, 1000.000000000000000 ) ;
#2710 = DATE_AND_TIME ( #1876, #1048 ) ;
#2711 = DIRECTION ( 'NONE',  ( 0.000000000000000000, 0.000000000000000000, 1.000000000000000000 ) ) ;
#2712 = FACE_BOUND ( 'NONE', #2157, .T. ) ;
#2713 = ADVANCED_FACE ( 'NONE', ( #792 ), #1009, .F. ) ;
#2714 = EDGE_CURVE ( 'NONE', #1835, #2001, #1839, .T. ) ;
#2715 = ORIENTED_EDGE ( 'NONE', *, *, #1247, .F. ) ;
#2716 = LINE ( 'NONE', #1644, #2122 ) ;
#2717 = EDGE_CURVE ( 'NONE', #1444, #2508, #1868, .T. ) ;
#2718 = DIRECTION ( 'NONE',  ( 0.000000000000000000, 0.000000000000000000, 1.000000000000000000 ) ) ;
#2719 = DIRECTION ( 'NONE',  ( 0.000000000000000000, 0.000000000000000000, 1.000000000000000000 ) ) ;
#2720 = DIRECTION ( 'NONE',  ( 1.000000000000000000, 0.000000000000000000, 0.000000000000000000 ) ) ;
#2721 = FACE_OUTER_BOUND ( 'NONE', #162, .T. ) ;
#2722 = CARTESIAN_POINT ( 'NONE',  ( 0.000000000000000000, 93.90000000000000568, 68.50000000000000000 ) ) ;
#2723 = FACE_OUTER_BOUND ( 'NONE', #2564, .T. ) ;
#2724 = ORIENTED_EDGE ( 'NONE', *, *, #173, .T. ) ;
#2725 = VERTEX_POINT ( 'NONE', #684 ) ;
#2726 = CARTESIAN_POINT ( 'NONE',  ( 6.000000000000023981, 6.000000000000000000, 74.15685424949238325 ) ) ;
#2727 = CARTESIAN_POINT ( 'NONE',  ( 0.000000000000000000, 91.20000000000001705, 64.50000000000000000 ) ) ;
#2728 = DIRECTION ( 'NONE',  ( 0.000000000000000000, 1.000000000000000000, 0.000000000000000000 ) ) ;
#2729 = EDGE_CURVE ( 'NONE', #1523, #2561, #2316, .T. ) ;
#2730 = CYLINDRICAL_SURFACE ( 'NONE', #398, 68.50000000000000000 ) ;
#2731 = CARTESIAN_POINT ( 'NONE',  ( 128.5999999999999375, 0.000000000000000000, 49.00000000000000711 ) ) ;
#2732 = CARTESIAN_POINT ( 'NONE',  ( 99.09999999999993747, 93.90000000000000568, -48.99999999999999289 ) ) ;
#2733 = LINE ( 'NONE', #1665, #2704 ) ;
#2734 = EDGE_LOOP ( 'NONE', ( #275, #539, #1338, #2798 ) ) ;
#2735 = ORIENTED_EDGE ( 'NONE', *, *, #220, .T. ) ;
#2736 = DIRECTION ( 'NONE',  ( -0.000000000000000000, -1.000000000000000000, -0.000000000000000000 ) ) ;
#2737 = LINE ( 'NONE', #2068, #1442 ) ;
#2738 = AXIS2_PLACEMENT_3D ( 'NONE', #2664, #42, #2433 ) ;
#2739 = EDGE_CURVE ( 'NONE', #1375, #1736, #1763, .T. ) ;
#2740 = VECTOR ( 'NONE', #2153, 1000.000000000000000 ) ;
#2741 = CARTESIAN_POINT ( 'NONE',  ( 0.000000000000000000, 0.000000000000000000, -64.50000000000000000 ) ) ;
#2742 = AXIS2_PLACEMENT_3D ( 'NONE', #620, #1940, #167 ) ;
#2743 = FACE_OUTER_BOUND ( 'NONE', #1942, .T. ) ;
#2744 = AXIS2_PLACEMENT_3D ( 'NONE', #118, #603, #2558 ) ;
#2745 = VECTOR ( 'NONE', #2298, 1000.000000000000000 ) ;
#2746 = EDGE_CURVE ( 'NONE', #1806, #2766, #1984, .T. ) ;
#2747 = APPROVAL_DATE_TIME ( #1848, #1709 ) ;
#2748 = CYLINDRICAL_SURFACE ( 'NONE', #2294, 3.500000000000003109 ) ;
#2749 = CARTESIAN_POINT ( 'NONE',  ( 177.0000000000000000, 91.20000000000001705, 57.50000000000000000 ) ) ;
#2750 = AXIS2_PLACEMENT_3D ( 'NONE', #454, #1323, #2189 ) ;
#2751 = CIRCLE ( 'NONE', #1309, 3.500000000000016875 ) ;
#2752 = ORIENTED_EDGE ( 'NONE', *, *, #1765, .F. ) ;
#2753 = ORIENTED_EDGE ( 'NONE', *, *, #1070, .T. ) ;
#2754 = LINE ( 'NONE', #596, #2792 ) ;
#2755 = CARTESIAN_POINT ( 'NONE',  ( 114.0999999999999517, 93.90000000000000568, -48.99999999999999289 ) ) ;
#2756 = ORIENTED_EDGE ( 'NONE', *, *, #2515, .F. ) ;
#2757 = LINE ( 'NONE', #434, #1123 ) ;
#2758 = DIRECTION ( 'NONE',  ( -1.000000000000000000, 0.000000000000000000, 0.000000000000000000 ) ) ;
#2759 = VERTEX_POINT ( 'NONE', #483 ) ;
#2760 = ADVANCED_FACE ( 'NONE', ( #524, #713 ), #2626, .F. ) ;
#2761 = DIRECTION ( 'NONE',  ( -0.000000000000000000, 1.000000000000000000, -0.000000000000000000 ) ) ;
#2762 = LINE ( 'NONE', #1030, #2613 ) ;
#2763 = ADVANCED_FACE ( 'NONE', ( #942 ), #1112, .F. ) ;
#2764 = EDGE_CURVE ( 'NONE', #797, #1528, #2666, .T. ) ;
#2765 = ORIENTED_EDGE ( 'NONE', *, *, #1937, .F. ) ;
#2766 = VERTEX_POINT ( 'NONE', #743 ) ;
#2767 = DIRECTION ( 'NONE',  ( 1.000000000000000000, 0.000000000000000000, 0.000000000000000000 ) ) ;
#2768 = ORIENTED_EDGE ( 'NONE', *, *, #185, .T. ) ;
#2769 = CARTESIAN_POINT ( 'NONE',  ( 180.9999999999999716, 93.90000000000000568, -61.50000000000005684 ) ) ;
#2770 = CARTESIAN_POINT ( 'NONE',  ( 23.06512518934160028, 84.60000000000003695, 64.50000000000000000 ) ) ;
#2771 = DIRECTION ( 'NONE',  ( 0.000000000000000000, 1.000000000000000000, 0.000000000000000000 ) ) ;
#2772 = ORIENTED_EDGE ( 'NONE', *, *, #1213, .F. ) ;
#2773 = LINE ( 'NONE', #417, #490 ) ;
#2774 = DIRECTION ( 'NONE',  ( 1.000000000000000000, 0.000000000000000000, -0.000000000000000000 ) ) ;
#2775 = EDGE_LOOP ( 'NONE', ( #1128, #1781, #1830, #37 ) ) ;
#2776 = AXIS2_PLACEMENT_3D ( 'NONE', #58, #2683, #744 ) ;
#2777 = EDGE_LOOP ( 'NONE', ( #138, #1008, #606, #1900, #1643 ) ) ;
#2778 = EDGE_CURVE ( 'NONE', #645, #2107, #768, .T. ) ;
#2779 = VECTOR ( 'NONE', #2637, 1000.000000000000000 ) ;
#2780 = ADVANCED_FACE ( 'NONE', ( #1550 ), #512, .F. ) ;
#2781 = EDGE_LOOP ( 'NONE', ( #204, #2645, #2772, #423 ) ) ;
#2782 = DIRECTION ( 'NONE',  ( 0.000000000000000000, 1.000000000000000000, 0.000000000000000000 ) ) ;
#2783 = ORIENTED_EDGE ( 'NONE', *, *, #2625, .T. ) ;
#2784 = LINE ( 'NONE', #1501, #1576 ) ;
#2785 = EDGE_LOOP ( 'NONE', ( #2800, #1825, #1365, #1865 ) ) ;
#2786 = DIRECTION ( 'NONE',  ( 0.000000000000000000, 0.000000000000000000, 1.000000000000000000 ) ) ;
#2787 = CARTESIAN_POINT ( 'NONE',  ( 88.09999999999998010, 93.90000000000000568, 49.00000000000000711 ) ) ;
#2788 = VECTOR ( 'NONE', #748, 1000.000000000000000 ) ;
#2789 = VECTOR ( 'NONE', #1957, 1000.000000000000000 ) ;
#2790 = DIRECTION ( 'NONE',  ( 0.000000000000000000, 0.000000000000000000, -1.000000000000000000 ) ) ;
#2791 = CARTESIAN_POINT ( 'NONE',  ( 180.9999999999999716, 93.90000000000000568, -68.50000000000005684 ) ) ;
#2792 = VECTOR ( 'NONE', #635, 1000.000000000000000 ) ;
#2793 = AXIS2_PLACEMENT_3D ( 'NONE', #2274, #783, #1012 ) ;
#2794 = EDGE_CURVE ( 'NONE', #2295, #2638, #90, .T. ) ;
#2795 = CIRCLE ( 'NONE', #309, 2.000000000000001776 ) ;
#2796 = ORIENTED_EDGE ( 'NONE', *, *, #1909, .F. ) ;
#2797 = EDGE_CURVE ( 'NONE', #778, #1542, #44, .T. ) ;
#2798 = ORIENTED_EDGE ( 'NONE', *, *, #2660, .F. ) ;
#2799 = CYLINDRICAL_SURFACE ( 'NONE', #812, 3.500000000000016875 ) ;
#2800 = ORIENTED_EDGE ( 'NONE', *, *, #2535, .F. ) ;
#2801 = CARTESIAN_POINT ( 'NONE',  ( 117.5999999999999659, 91.20000000000001705, -48.99999999999999289 ) ) ;
#2802 = VERTEX_POINT ( 'NONE', #300 ) ;
#2803 = DIRECTION ( 'NONE',  ( 0.000000000000000000, 1.000000000000000000, 0.000000000000000000 ) ) ;
#2804 = DIRECTION ( 'NONE',  ( -0.000000000000000000, 1.000000000000000000, -0.000000000000000000 ) ) ;
#2805 = DIRECTION ( 'NONE',  ( 0.000000000000000000, 0.000000000000000000, -1.000000000000000000 ) ) ;
#2806 = DIRECTION ( 'NONE',  ( -0.000000000000000000, 1.000000000000000000, -0.000000000000000000 ) ) ;
ENDSEC;
END-ISO-10303-21;
